minute,time,jirama_index_mwh,nea_index_mwh,ppc_index_mwh,jirama_energie_cum_mwh,nea_energie_cum_mwh,ppc_energie_cum_mwh,onduleurs_ac_energie_cum_mwh,ecart_nea_jirama_mwh,ecart_nea_jirama_pct,ecart_ppc_jirama_mwh,ecart_ppc_jirama_pct,ecart_onduleurs_jirama_mwh,ecart_onduleurs_jirama_pct,pr_jirama_pct,pr_nea_pct,pr_ppc_pct,pr_onduleurs_ac_pct
0,00:00,40373.528,233111.434,50794.048,0.0,0.0,0.0,0.0,0.0,,0.0,,0.0,,,,,
1,00:01,40373.528,233111.434,50794.048,0.0,0.0,0.0,0.0,0.0,,0.0,,0.0,,,,,
2,00:02,40373.528,233111.434,50794.048,0.0,0.0,0.0,0.0,0.0,,0.0,,0.0,,,,,
3,00:03,40373.528,233111.434,50794.048,0.0,0.0,0.0,0.0,0.0,,0.0,,0.0,,,,,
4,00:04,40373.528,233111.434,50794.048,0.0,0.0,0.0,0.0,0.0,,0.0,,0.0,,,,,
5,00:05,40373.528,233111.434,50794.048,0.0,0.0,0.0,0.0,0.0,,0.0,,0.0,,,,,
6,00:06,40373.528,233111.434,50794.048,0.0,0.0,0.0,0.0,0.0,,0.0,,0.0,,,,,
7,00:07,40373.528,233111.434,50794.048,0.0,0.0,0.0,0.0,0.0,,0.0,,0.0,,,,,
8,00:08,40373.528,233111.434,50794.048,0.0,0.0,0.0,0.0,0.0,,0.0,,0.0,,,,,
9,00:09,40373.528,233111.434,50794.048,0.0,0.0,0.0,0.0,0.0,,0.0,,0.0,,,,,
10,00:10,40373.528,233111.434,50794.048,0.0,0.0,0.0,0.0,0.0,,0.0,,0.0,,,,,
11,00:11,40373.528,233111.434,50794.048,0.0,0.0,0.0,0.0,0.0,,0.0,,0.0,,,,,
12,00:12,40373.528,233111.434,50794.048,0.0,0.0,0.0,0.0,0.0,,0.0,,0.0,,,,,
13,00:13,40373.528,233111.434,50794.048,0.0,0.0,0.0,0.0,0.0,,0.0,,0.0,,,,,
14,00:14,40373.528,233111.434,50794.048,0.0,0.0,0.0,0.0,0.0,,0.0,,0.0,,,,,
15,00:15,40373.528,233111.434,50794.048,0.0,0.0,0.0,0.0,0.0,,0.0,,0.0,,,,,
16,00:16,40373.528,233111.434,50794.048,0.0,0.0,0.0,0.0,0.0,,0.0,,0.0,,,,,
17,00:17,40373.528,233111.434,50794.048,0.0,0.0,0.0,0.0,0.0,,0.0,,0.0,,,,,
18,00:18,40373.528,233111.434,50794.048,0.0,0.0,0.0,0.0,0.0,,0.0,,0.0,,,,,
19,00:19,40373.528,233111.434,50794.048,0.0,0.0,0.0,0.0,0.0,,0.0,,0.0,,,,,
20,00:20,40373.528,233111.434,50794.048,0.0,0.0,0.0,0.0,0.0,,0.0,,0.0,,,,,
21,00:21,40373.528,233111.434,50794.048,0.0,0.0,0.0,0.0,0.0,,0.0,,0.0,,,,,
22,00:22,40373.528,233111.434,50794.048,0.0,0.0,0.0,0.0,0.0,,0.0,,0.0,,,,,
23,00:23,40373.528,233111.434,50794.048,0.0,0.0,0.0,0.0,0.0,,0.0,,0.0,,,,,
24,00:24,40373.528,233111.434,50794.048,0.0,0.0,0.0,0.0,0.0,,0.0,,0.0,,,,,
25,00:25,40373.528,233111.434,50794.048,0.0,0.0,0.0,0.0,0.0,,0.0,,0.0,,,,,
26,00:26,40373.528,233111.434,50794.048,0.0,0.0,0.0,0.0,0.0,,0.0,,0.0,,,,,
27,00:27,40373.528,233111.434,50794.048,0.0,0.0,0.0,0.0,0.0,,0.0,,0.0,,,,,
28,00:28,40373.528,233111.434,50794.048,0.0,0.0,0.0,0.0,0.0,,0.0,,0.0,,,,,
29,00:29,40373.528,233111.434,50794.048,0.0,0.0,0.0,0.0,0.0,,0.0,,0.0,,,,,
30,00:30,40373.528,233111.434,50794.048,0.0,0.0,0.0,0.0,0.0,,0.0,,0.0,,,,,
31,00:31,40373.528,233111.434,50794.048,0.0,0.0,0.0,0.0,0.0,,0.0,,0.0,,,,,
32,00:32,40373.528,233111.434,50794.048,0.0,0.0,0.0,0.0,0.0,,0.0,,0.0,,,,,
33,00:33,40373.528,233111.434,50794.048,0.0,0.0,0.0,0.0,0.0,,0.0,,0.0,,,,,
34,00:34,40373.528,233111.434,50794.048,0.0,0.0,0.0,0.0,0.0,,0.0,,0.0,,,,,
35,00:35,40373.528,233111.434,50794.048,0.0,0.0,0.0,0.0,0.0,,0.0,,0.0,,,,,
36,00:36,40373.528,233111.434,50794.048,0.0,0.0,0.0,0.0,0.0,,0.0,,0.0,,,,,
37,00:37,40373.528,233111.434,50794.048,0.0,0.0,0.0,0.0,0.0,,0.0,,0.0,,,,,
38,00:38,40373.528,233111.434,50794.048,0.0,0.0,0.0,0.0,0.0,,0.0,,0.0,,,,,
39,00:39,40373.528,233111.434,50794.048,0.0,0.0,0.0,0.0,0.0,,0.0,,0.0,,,,,
40,00:40,40373.528,233111.434,50794.048,0.0,0.0,0.0,0.0,0.0,,0.0,,0.0,,,,,
41,00:41,40373.528,233111.434,50794.048,0.0,0.0,0.0,0.0,0.0,,0.0,,0.0,,,,,
42,00:42,40373.528,233111.434,50794.048,0.0,0.0,0.0,0.0,0.0,,0.0,,0.0,,,,,
43,00:43,40373.528,233111.434,50794.048,0.0,0.0,0.0,0.0,0.0,,0.0,,0.0,,,,,
44,00:44,40373.528,233111.434,50794.048,0.0,0.0,0.0,0.0,0.0,,0.0,,0.0,,,,,
45,00:45,40373.528,233111.434,50794.048,0.0,0.0,0.0,0.0,0.0,,0.0,,0.0,,,,,
46,00:46,40373.528,233111.434,50794.048,0.0,0.0,0.0,0.0,0.0,,0.0,,0.0,,,,,
47,00:47,40373.528,233111.434,50794.048,0.0,0.0,0.0,0.0,0.0,,0.0,,0.0,,,,,
48,00:48,40373.528,233111.434,50794.048,0.0,0.0,0.0,0.0,0.0,,0.0,,0.0,,,,,
49,00:49,40373.528,233111.434,50794.048,0.0,0.0,0.0,0.0,0.0,,0.0,,0.0,,,,,
50,00:50,40373.528,233111.434,50794.048,0.0,0.0,0.0,0.0,0.0,,0.0,,0.0,,,,,
51,00:51,40373.528,233111.434,50794.048,0.0,0.0,0.0,0.0,0.0,,0.0,,0.0,,,,,
52,00:52,40373.528,233111.434,50794.048,0.0,0.0,0.0,0.0,0.0,,0.0,,0.0,,,,,
53,00:53,40373.528,233111.434,50794.048,0.0,0.0,0.0,0.0,0.0,,0.0,,0.0,,,,,
54,00:54,40373.528,233111.434,50794.048,0.0,0.0,0.0,0.0,0.0,,0.0,,0.0,,,,,
55,00:55,40373.528,233111.434,50794.048,0.0,0.0,0.0,0.0,0.0,,0.0,,0.0,,,,,
56,00:56,40373.528,233111.434,50794.048,0.0,0.0,0.0,0.0,0.0,,0.0,,0.0,,,,,
57,00:57,40373.528,233111.434,50794.048,0.0,0.0,0.0,0.0,0.0,,0.0,,0.0,,,,,
58,00:58,40373.528,233111.434,50794.048,0.0,0.0,0.0,0.0,0.0,,0.0,,0.0,,,,,
59,00:59,40373.528,233111.434,50794.048,0.0,0.0,0.0,0.0,0.0,,0.0,,0.0,,,,,
60,01:00,40373.528,233111.434,50794.048,0.0,0.0,0.0,0.0,0.0,,0.0,,0.0,,,,,
61,01:01,40373.528,233111.434,50794.048,0.0,0.0,0.0,0.0,0.0,,0.0,,0.0,,,,,
62,01:02,40373.528,233111.434,50794.048,0.0,0.0,0.0,0.0,0.0,,0.0,,0.0,,,,,
63,01:03,40373.528,233111.434,50794.048,0.0,0.0,0.0,0.0,0.0,,0.0,,0.0,,,,,
64,01:04,40373.528,233111.434,50794.048,0.0,0.0,0.0,0.0,0.0,,0.0,,0.0,,,,,
65,01:05,40373.528,233111.434,50794.048,0.0,0.0,0.0,0.0,0.0,,0.0,,0.0,,,,,
66,01:06,40373.528,233111.434,50794.048,0.0,0.0,0.0,0.0,0.0,,0.0,,0.0,,,,,
67,01:07,40373.528,233111.434,50794.048,0.0,0.0,0.0,0.0,0.0,,0.0,,0.0,,,,,
68,01:08,40373.528,233111.434,50794.048,0.0,0.0,0.0,0.0,0.0,,0.0,,0.0,,,,,
69,01:09,40373.528,233111.434,50794.048,0.0,0.0,0.0,0.0,0.0,,0.0,,0.0,,,,,
70,01:10,40373.528,233111.434,50794.048,0.0,0.0,0.0,0.0,0.0,,0.0,,0.0,,,,,
71,01:11,40373.528,233111.434,50794.048,0.0,0.0,0.0,0.0,0.0,,0.0,,0.0,,,,,
72,01:12,40373.528,233111.434,50794.048,0.0,0.0,0.0,0.0,0.0,,0.0,,0.0,,,,,
73,01:13,40373.528,233111.434,50794.048,0.0,0.0,0.0,0.0,0.0,,0.0,,0.0,,,,,
74,01:14,40373.528,233111.434,50794.048,0.0,0.0,0.0,0.0,0.0,,0.0,,0.0,,,,,
75,01:15,40373.528,233111.434,50794.048,0.0,0.0,0.0,0.0,0.0,,0.0,,0.0,,,,,
76,01:16,40373.528,233111.434,50794.048,0.0,0.0,0.0,0.0,0.0,,0.0,,0.0,,,,,
77,01:17,40373.528,233111.434,50794.048,0.0,0.0,0.0,0.0,0.0,,0.0,,0.0,,,,,
78,01:18,40373.528,233111.434,50794.048,0.0,0.0,0.0,0.0,0.0,,0.0,,0.0,,,,,
79,01:19,40373.528,233111.434,50794.048,0.0,0.0,0.0,0.0,0.0,,0.0,,0.0,,,,,
80,01:20,40373.528,233111.434,50794.048,0.0,0.0,0.0,0.0,0.0,,0.0,,0.0,,,,,
81,01:21,40373.528,233111.434,50794.048,0.0,0.0,0.0,0.0,0.0,,0.0,,0.0,,,,,
82,01:22,40373.528,233111.434,50794.048,0.0,0.0,0.0,0.0,0.0,,0.0,,0.0,,,,,
83,01:23,40373.528,233111.434,50794.048,0.0,0.0,0.0,0.0,0.0,,0.0,,0.0,,,,,
84,01:24,40373.528,233111.434,50794.048,0.0,0.0,0.0,0.0,0.0,,0.0,,0.0,,,,,
85,01:25,40373.528,233111.434,50794.048,0.0,0.0,0.0,0.0,0.0,,0.0,,0.0,,,,,
86,01:26,40373.528,233111.434,50794.048,0.0,0.0,0.0,0.0,0.0,,0.0,,0.0,,,,,
87,01:27,40373.528,233111.434,50794.048,0.0,0.0,0.0,0.0,0.0,,0.0,,0.0,,,,,
88,01:28,40373.528,233111.434,50794.048,0.0,0.0,0.0,0.0,0.0,,0.0,,0.0,,,,,
89,01:29,40373.528,233111.434,50794.048,0.0,0.0,0.0,0.0,0.0,,0.0,,0.0,,,,,
90,01:30,40373.528,233111.434,50794.048,0.0,0.0,0.0,0.0,0.0,,0.0,,0.0,,,,,
91,01:31,40373.528,233111.434,50794.048,0.0,0.0,0.0,0.0,0.0,,0.0,,0.0,,,,,
92,01:32,40373.528,233111.434,50794.048,0.0,0.0,0.0,0.0,0.0,,0.0,,0.0,,,,,
93,01:33,40373.528,233111.434,50794.048,0.0,0.0,0.0,0.0,0.0,,0.0,,0.0,,,,,
94,01:34,40373.528,233111.434,50794.048,0.0,0.0,0.0,0.0,0.0,,0.0,,0.0,,,,,
95,01:35,40373.528,233111.434,50794.048,0.0,0.0,0.0,0.0,0.0,,0.0,,0.0,,,,,
96,01:36,40373.528,233111.434,50794.048,0.0,0.0,0.0,0.0,0.0,,0.0,,0.0,,,,,
97,01:37,40373.528,233111.434,50794.048,0.0,0.0,0.0,0.0,0.0,,0.0,,0.0,,,,,
98,01:38,40373.528,233111.434,50794.048,0.0,0.0,0.0,0.0,0.0,,0.0,,0.0,,,,,
99,01:39,40373.528,233111.434,50794.048,0.0,0.0,0.0,0.0,0.0,,0.0,,0.0,,,,,
100,01:40,40373.528,233111.434,50794.048,0.0,0.0,0.0,0.0,0.0,,0.0,,0.0,,,,,
101,01:41,40373.528,233111.434,50794.048,0.0,0.0,0.0,0.0,0.0,,0.0,,0.0,,,,,
102,01:42,40373.528,233111.434,50794.048,0.0,0.0,0.0,0.0,0.0,,0.0,,0.0,,,,,
103,01:43,40373.528,233111.434,50794.048,0.0,0.0,0.0,0.0,0.0,,0.0,,0.0,,,,,
104,01:44,40373.528,233111.434,50794.048,0.0,0.0,0.0,0.0,0.0,,0.0,,0.0,,,,,
105,01:45,40373.528,233111.434,50794.048,0.0,0.0,0.0,0.0,0.0,,0.0,,0.0,,,,,
106,01:46,40373.528,233111.434,50794.048,0.0,0.0,0.0,0.0,0.0,,0.0,,0.0,,,,,
107,01:47,40373.528,233111.434,50794.048,0.0,0.0,0.0,0.0,0.0,,0.0,,0.0,,,,,
108,01:48,40373.528,233111.434,50794.048,0.0,0.0,0.0,0.0,0.0,,0.0,,0.0,,,,,
109,01:49,40373.528,233111.434,50794.048,0.0,0.0,0.0,0.0,0.0,,0.0,,0.0,,,,,
110,01:50,40373.528,233111.434,50794.048,0.0,0.0,0.0,0.0,0.0,,0.0,,0.0,,,,,
111,01:51,40373.528,233111.434,50794.048,0.0,0.0,0.0,0.0,0.0,,0.0,,0.0,,,,,
112,01:52,40373.528,233111.434,50794.048,0.0,0.0,0.0,0.0,0.0,,0.0,,0.0,,,,,
113,01:53,40373.528,233111.434,50794.048,0.0,0.0,0.0,0.0,0.0,,0.0,,0.0,,,,,
114,01:54,40373.528,233111.434,50794.048,0.0,0.0,0.0,0.0,0.0,,0.0,,0.0,,,,,
115,01:55,40373.528,233111.434,50794.048,0.0,0.0,0.0,0.0,0.0,,0.0,,0.0,,,,,
116,01:56,40373.528,233111.434,50794.048,0.0,0.0,0.0,0.0,0.0,,0.0,,0.0,,,,,
117,01:57,40373.528,233111.434,50794.048,0.0,0.0,0.0,0.0,0.0,,0.0,,0.0,,,,,
118,01:58,40373.528,233111.434,50794.048,0.0,0.0,0.0,0.0,0.0,,0.0,,0.0,,,,,
119,01:59,40373.528,233111.434,50794.048,0.0,0.0,0.0,0.0,0.0,,0.0,,0.0,,,,,
120,02:00,40373.528,233111.434,50794.048,0.0,0.0,0.0,0.0,0.0,,0.0,,0.0,,,,,
121,02:01,40373.528,233111.434,50794.048,0.0,0.0,0.0,0.0,0.0,,0.0,,0.0,,,,,
122,02:02,40373.528,233111.434,50794.048,0.0,0.0,0.0,0.0,0.0,,0.0,,0.0,,,,,
123,02:03,40373.528,233111.434,50794.048,0.0,0.0,0.0,0.0,0.0,,0.0,,0.0,,,,,
124,02:04,40373.528,233111.434,50794.048,0.0,0.0,0.0,0.0,0.0,,0.0,,0.0,,,,,
125,02:05,40373.528,233111.434,50794.048,0.0,0.0,0.0,0.0,0.0,,0.0,,0.0,,,,,
126,02:06,40373.528,233111.434,50794.048,0.0,0.0,0.0,0.0,0.0,,0.0,,0.0,,,,,
127,02:07,40373.528,233111.434,50794.048,0.0,0.0,0.0,0.0,0.0,,0.0,,0.0,,,,,
128,02:08,40373.528,233111.434,50794.048,0.0,0.0,0.0,0.0,0.0,,0.0,,0.0,,,,,
129,02:09,40373.528,233111.434,50794.048,0.0,0.0,0.0,0.0,0.0,,0.0,,0.0,,,,,
130,02:10,40373.528,233111.434,50794.048,0.0,0.0,0.0,0.0,0.0,,0.0,,0.0,,,,,
131,02:11,40373.528,233111.434,50794.048,0.0,0.0,0.0,0.0,0.0,,0.0,,0.0,,,,,
132,02:12,40373.528,233111.434,50794.048,0.0,0.0,0.0,0.0,0.0,,0.0,,0.0,,,,,
133,02:13,40373.528,233111.434,50794.048,0.0,0.0,0.0,0.0,0.0,,0.0,,0.0,,,,,
134,02:14,40373.528,233111.434,50794.048,0.0,0.0,0.0,0.0,0.0,,0.0,,0.0,,,,,
135,02:15,40373.528,233111.434,50794.048,0.0,0.0,0.0,0.0,0.0,,0.0,,0.0,,,,,
136,02:16,40373.528,233111.434,50794.048,0.0,0.0,0.0,0.0,0.0,,0.0,,0.0,,,,,
137,02:17,40373.528,233111.434,50794.048,0.0,0.0,0.0,0.0,0.0,,0.0,,0.0,,,,,
138,02:18,40373.528,233111.434,50794.048,0.0,0.0,0.0,0.0,0.0,,0.0,,0.0,,,,,
139,02:19,40373.528,233111.434,50794.048,0.0,0.0,0.0,0.0,0.0,,0.0,,0.0,,,,,
140,02:20,40373.528,233111.434,50794.048,0.0,0.0,0.0,0.0,0.0,,0.0,,0.0,,,,,
141,02:21,40373.528,233111.434,50794.048,0.0,0.0,0.0,0.0,0.0,,0.0,,0.0,,,,,
142,02:22,40373.528,233111.434,50794.048,0.0,0.0,0.0,0.0,0.0,,0.0,,0.0,,,,,
143,02:23,40373.528,233111.434,50794.048,0.0,0.0,0.0,0.0,0.0,,0.0,,0.0,,,,,
144,02:24,40373.528,233111.434,50794.048,0.0,0.0,0.0,0.0,0.0,,0.0,,0.0,,,,,
145,02:25,40373.528,233111.434,50794.048,0.0,0.0,0.0,0.0,0.0,,0.0,,0.0,,,,,
146,02:26,40373.528,233111.434,50794.048,0.0,0.0,0.0,0.0,0.0,,0.0,,0.0,,,,,
147,02:27,40373.528,233111.434,50794.048,0.0,0.0,0.0,0.0,0.0,,0.0,,0.0,,,,,
148,02:28,40373.528,233111.434,50794.048,0.0,0.0,0.0,0.0,0.0,,0.0,,0.0,,,,,
149,02:29,40373.528,233111.434,50794.048,0.0,0.0,0.0,0.0,0.0,,0.0,,0.0,,,,,
150,02:30,40373.528,233111.434,50794.048,0.0,0.0,0.0,0.0,0.0,,0.0,,0.0,,,,,
151,02:31,40373.528,233111.434,50794.048,0.0,0.0,0.0,0.0,0.0,,0.0,,0.0,,,,,
152,02:32,40373.528,233111.434,50794.048,0.0,0.0,0.0,0.0,0.0,,0.0,,0.0,,,,,
153,02:33,40373.528,233111.434,50794.048,0.0,0.0,0.0,0.0,0.0,,0.0,,0.0,,,,,
154,02:34,40373.528,233111.434,50794.048,0.0,0.0,0.0,0.0,0.0,,0.0,,0.0,,,,,
155,02:35,40373.528,233111.434,50794.048,0.0,0.0,0.0,0.0,0.0,,0.0,,0.0,,,,,
156,02:36,40373.528,233111.434,50794.048,0.0,0.0,0.0,0.0,0.0,,0.0,,0.0,,,,,
157,02:37,40373.528,233111.434,50794.048,0.0,0.0,0.0,0.0,0.0,,0.0,,0.0,,,,,
158,02:38,40373.528,233111.434,50794.048,0.0,0.0,0.0,0.0,0.0,,0.0,,0.0,,,,,
159,02:39,40373.528,233111.434,50794.048,0.0,0.0,0.0,0.0,0.0,,0.0,,0.0,,,,,
160,02:40,40373.528,233111.434,50794.048,0.0,0.0,0.0,0.0,0.0,,0.0,,0.0,,,,,
161,02:41,40373.528,233111.434,50794.048,0.0,0.0,0.0,0.0,0.0,,0.0,,0.0,,,,,
162,02:42,40373.528,233111.434,50794.048,0.0,0.0,0.0,0.0,0.0,,0.0,,0.0,,,,,
163,02:43,40373.528,233111.434,50794.048,0.0,0.0,0.0,0.0,0.0,,0.0,,0.0,,,,,
164,02:44,40373.528,233111.434,50794.048,0.0,0.0,0.0,0.0,0.0,,0.0,,0.0,,,,,
165,02:45,40373.528,233111.434,50794.048,0.0,0.0,0.0,0.0,0.0,,0.0,,0.0,,,,,
166,02:46,40373.528,233111.434,50794.048,0.0,0.0,0.0,0.0,0.0,,0.0,,0.0,,,,,
167,02:47,40373.528,233111.434,50794.048,0.0,0.0,0.0,0.0,0.0,,0.0,,0.0,,,,,
168,02:48,40373.528,233111.434,50794.048,0.0,0.0,0.0,0.0,0.0,,0.0,,0.0,,,,,
169,02:49,40373.528,233111.434,50794.048,0.0,0.0,0.0,0.0,0.0,,0.0,,0.0,,,,,
170,02:50,40373.528,233111.434,50794.048,0.0,0.0,0.0,0.0,0.0,,0.0,,0.0,,,,,
171,02:51,40373.528,233111.434,50794.048,0.0,0.0,0.0,0.0,0.0,,0.0,,0.0,,,,,
172,02:52,40373.528,233111.434,50794.048,0.0,0.0,0.0,0.0,0.0,,0.0,,0.0,,,,,
173,02:53,40373.528,233111.434,50794.048,0.0,0.0,0.0,0.0,0.0,,0.0,,0.0,,,,,
174,02:54,40373.528,233111.434,50794.048,0.0,0.0,0.0,0.0,0.0,,0.0,,0.0,,,,,
175,02:55,40373.528,233111.434,50794.048,0.0,0.0,0.0,0.0,0.0,,0.0,,0.0,,,,,
176,02:56,40373.528,233111.434,50794.048,0.0,0.0,0.0,0.0,0.0,,0.0,,0.0,,,,,
177,02:57,40373.528,233111.434,50794.048,0.0,0.0,0.0,0.0,0.0,,0.0,,0.0,,,,,
178,02:58,40373.528,233111.434,50794.048,0.0,0.0,0.0,0.0,0.0,,0.0,,0.0,,,,,
179,02:59,40373.528,233111.434,50794.048,0.0,0.0,0.0,0.0,0.0,,0.0,,0.0,,,,,
180,03:00,40373.528,233111.434,50794.048,0.0,0.0,0.0,0.0,0.0,,0.0,,0.0,,,,,
181,03:01,40373.528,233111.434,50794.048,0.0,0.0,0.0,0.0,0.0,,0.0,,0.0,,,,,
182,03:02,40373.528,233111.434,50794.048,0.0,0.0,0.0,0.0,0.0,,0.0,,0.0,,,,,
183,03:03,40373.528,233111.434,50794.048,0.0,0.0,0.0,0.0,0.0,,0.0,,0.0,,,,,
184,03:04,40373.528,233111.434,50794.048,0.0,0.0,0.0,0.0,0.0,,0.0,,0.0,,,,,
185,03:05,40373.528,233111.434,50794.048,0.0,0.0,0.0,0.0,0.0,,0.0,,0.0,,,,,
186,03:06,40373.528,233111.434,50794.048,0.0,0.0,0.0,0.0,0.0,,0.0,,0.0,,,,,
187,03:07,40373.528,233111.434,50794.048,0.0,0.0,0.0,0.0,0.0,,0.0,,0.0,,,,,
188,03:08,40373.528,233111.434,50794.048,0.0,0.0,0.0,0.0,0.0,,0.0,,0.0,,,,,
189,03:09,40373.528,233111.434,50794.048,0.0,0.0,0.0,0.0,0.0,,0.0,,0.0,,,,,
190,03:10,40373.528,233111.434,50794.048,0.0,0.0,0.0,0.0,0.0,,0.0,,0.0,,,,,
191,03:11,40373.528,233111.434,50794.048,0.0,0.0,0.0,0.0,0.0,,0.0,,0.0,,,,,
192,03:12,40373.528,233111.434,50794.048,0.0,0.0,0.0,0.0,0.0,,0.0,,0.0,,,,,
193,03:13,40373.528,233111.434,50794.048,0.0,0.0,0.0,0.0,0.0,,0.0,,0.0,,,,,
194,03:14,40373.528,233111.434,50794.048,0.0,0.0,0.0,0.0,0.0,,0.0,,0.0,,,,,
195,03:15,40373.528,233111.434,50794.048,0.0,0.0,0.0,0.0,0.0,,0.0,,0.0,,,,,
196,03:16,40373.528,233111.434,50794.048,0.0,0.0,0.0,0.0,0.0,,0.0,,0.0,,,,,
197,03:17,40373.528,233111.434,50794.048,0.0,0.0,0.0,0.0,0.0,,0.0,,0.0,,,,,
198,03:18,40373.528,233111.434,50794.048,0.0,0.0,0.0,0.0,0.0,,0.0,,0.0,,,,,
199,03:19,40373.528,233111.434,50794.048,0.0,0.0,0.0,0.0,0.0,,0.0,,0.0,,,,,
200,03:20,40373.528,233111.434,50794.048,0.0,0.0,0.0,0.0,0.0,,0.0,,0.0,,,,,
201,03:21,40373.528,233111.434,50794.048,0.0,0.0,0.0,0.0,0.0,,0.0,,0.0,,,,,
202,03:22,40373.528,233111.434,50794.048,0.0,0.0,0.0,0.0,0.0,,0.0,,0.0,,,,,
203,03:23,40373.528,233111.434,50794.048,0.0,0.0,0.0,0.0,0.0,,0.0,,0.0,,,,,
204,03:24,40373.528,233111.434,50794.048,0.0,0.0,0.0,0.0,0.0,,0.0,,0.0,,,,,
205,03:25,40373.528,233111.434,50794.048,0.0,0.0,0.0,0.0,0.0,,0.0,,0.0,,,,,
206,03:26,40373.528,233111.434,50794.048,0.0,0.0,0.0,0.0,0.0,,0.0,,0.0,,,,,
207,03:27,40373.528,233111.434,50794.048,0.0,0.0,0.0,0.0,0.0,,0.0,,0.0,,,,,
208,03:28,40373.528,233111.434,50794.048,0.0,0.0,0.0,0.0,0.0,,0.0,,0.0,,,,,
209,03:29,40373.528,233111.434,50794.048,0.0,0.0,0.0,0.0,0.0,,0.0,,0.0,,,,,
210,03:30,40373.528,233111.434,50794.048,0.0,0.0,0.0,0.0,0.0,,0.0,,0.0,,,,,
211,03:31,40373.528,233111.434,50794.048,0.0,0.0,0.0,0.0,0.0,,0.0,,0.0,,,,,
212,03:32,40373.528,233111.434,50794.048,0.0,0.0,0.0,0.0,0.0,,0.0,,0.0,,,,,
213,03:33,40373.528,233111.434,50794.048,0.0,0.0,0.0,0.0,0.0,,0.0,,0.0,,,,,
214,03:34,40373.528,233111.434,50794.048,0.0,0.0,0.0,0.0,0.0,,0.0,,0.0,,,,,
215,03:35,40373.528,233111.434,50794.048,0.0,0.0,0.0,0.0,0.0,,0.0,,0.0,,,,,
216,03:36,40373.528,233111.434,50794.048,0.0,0.0,0.0,0.0,0.0,,0.0,,0.0,,,,,
217,03:37,40373.528,233111.434,50794.048,0.0,0.0,0.0,0.0,0.0,,0.0,,0.0,,,,,
218,03:38,40373.528,233111.434,50794.048,0.0,0.0,0.0,0.0,0.0,,0.0,,0.0,,,,,
219,03:39,40373.528,233111.434,50794.048,0.0,0.0,0.0,0.0,0.0,,0.0,,0.0,,,,,
220,03:40,40373.528,233111.434,50794.048,0.0,0.0,0.0,0.0,0.0,,0.0,,0.0,,,,,
221,03:41,40373.528,233111.434,50794.048,0.0,0.0,0.0,0.0,0.0,,0.0,,0.0,,,,,
222,03:42,40373.528,233111.434,50794.048,0.0,0.0,0.0,0.0,0.0,,0.0,,0.0,,,,,
223,03:43,40373.528,233111.434,50794.048,0.0,0.0,0.0,0.0,0.0,,0.0,,0.0,,,,,
224,03:44,40373.528,233111.434,50794.048,0.0,0.0,0.0,0.0,0.0,,0.0,,0.0,,,,,
225,03:45,40373.528,233111.434,50794.048,0.0,0.0,0.0,0.0,0.0,,0.0,,0.0,,,,,
226,03:46,40373.528,233111.434,50794.048,0.0,0.0,0.0,0.0,0.0,,0.0,,0.0,,,,,
227,03:47,40373.528,233111.434,50794.048,0.0,0.0,0.0,0.0,0.0,,0.0,,0.0,,,,,
228,03:48,40373.528,233111.434,50794.048,0.0,0.0,0.0,0.0,0.0,,0.0,,0.0,,,,,
229,03:49,40373.528,233111.434,50794.048,0.0,0.0,0.0,0.0,0.0,,0.0,,0.0,,,,,
230,03:50,40373.528,233111.434,50794.048,0.0,0.0,0.0,0.0,0.0,,0.0,,0.0,,,,,
231,03:51,40373.528,233111.434,50794.048,0.0,0.0,0.0,0.0,0.0,,0.0,,0.0,,,,,
232,03:52,40373.528,233111.434,50794.048,0.0,0.0,0.0,0.0,0.0,,0.0,,0.0,,,,,
233,03:53,40373.528,233111.434,50794.048,0.0,0.0,0.0,0.0,0.0,,0.0,,0.0,,,,,
234,03:54,40373.528,233111.434,50794.048,0.0,0.0,0.0,0.0,0.0,,0.0,,0.0,,,,,
235,03:55,40373.528,233111.434,50794.048,0.0,0.0,0.0,0.0,0.0,,0.0,,0.0,,,,,
236,03:56,40373.528,233111.434,50794.048,0.0,0.0,0.0,0.0,0.0,,0.0,,0.0,,,,,
237,03:57,40373.528,233111.434,50794.048,0.0,0.0,0.0,0.0,0.0,,0.0,,0.0,,,,,
238,03:58,40373.528,233111.434,50794.048,0.0,0.0,0.0,0.0,0.0,,0.0,,0.0,,,,,
239,03:59,40373.528,233111.434,50794.048,0.0,0.0,0.0,0.0,0.0,,0.0,,0.0,,,,,
240,04:00,40373.528,233111.434,50794.048,0.0,0.0,0.0,0.0,0.0,,0.0,,0.0,,,,,
241,04:01,40373.528,233111.434,50794.048,0.0,0.0,0.0,0.0,0.0,,0.0,,0.0,,,,,
242,04:02,40373.528,233111.434,50794.048,0.0,0.0,0.0,0.0,0.0,,0.0,,0.0,,,,,
243,04:03,40373.528,233111.434,50794.048,0.0,0.0,0.0,0.0,0.0,,0.0,,0.0,,,,,
244,04:04,40373.528,233111.434,50794.048,0.0,0.0,0.0,0.0,0.0,,0.0,,0.0,,,,,
245,04:05,40373.528,233111.434,50794.048,0.0,0.0,0.0,0.0,0.0,,0.0,,0.0,,,,,
246,04:06,40373.528,233111.434,50794.048,0.0,0.0,0.0,0.0,0.0,,0.0,,0.0,,,,,
247,04:07,40373.528,233111.434,50794.048,0.0,0.0,0.0,0.0,0.0,,0.0,,0.0,,,,,
248,04:08,40373.528,233111.434,50794.048,0.0,0.0,0.0,0.0,0.0,,0.0,,0.0,,,,,
249,04:09,40373.528,233111.434,50794.048,0.0,0.0,0.0,0.0,0.0,,0.0,,0.0,,,,,
250,04:10,40373.528,233111.434,50794.048,0.0,0.0,0.0,0.0,0.0,,0.0,,0.0,,,,,
251,04:11,40373.528,233111.434,50794.048,0.0,0.0,0.0,0.0,0.0,,0.0,,0.0,,,,,
252,04:12,40373.528,233111.434,50794.048,0.0,0.0,0.0,0.0,0.0,,0.0,,0.0,,,,,
253,04:13,40373.528,233111.434,50794.048,0.0,0.0,0.0,0.0,0.0,,0.0,,0.0,,,,,
254,04:14,40373.528,233111.434,50794.048,0.0,0.0,0.0,0.0,0.0,,0.0,,0.0,,,,,
255,04:15,40373.528,233111.434,50794.048,0.0,0.0,0.0,0.0,0.0,,0.0,,0.0,,,,,
256,04:16,40373.528,233111.434,50794.048,0.0,0.0,0.0,0.0,0.0,,0.0,,0.0,,,,,
257,04:17,40373.528,233111.434,50794.048,0.0,0.0,0.0,0.0,0.0,,0.0,,0.0,,,,,
258,04:18,40373.528,233111.434,50794.048,0.0,0.0,0.0,0.0,0.0,,0.0,,0.0,,,,,
259,04:19,40373.528,233111.434,50794.048,0.0,0.0,0.0,0.0,0.0,,0.0,,0.0,,,,,
260,04:20,40373.528,233111.434,50794.048,0.0,0.0,0.0,0.0,0.0,,0.0,,0.0,,,,,
261,04:21,40373.528,233111.434,50794.048,0.0,0.0,0.0,0.0,0.0,,0.0,,0.0,,,,,
262,04:22,40373.528,233111.434,50794.048,0.0,0.0,0.0,0.0,0.0,,0.0,,0.0,,,,,
263,04:23,40373.528,233111.434,50794.048,0.0,0.0,0.0,0.0,0.0,,0.0,,0.0,,,,,
264,04:24,40373.528,233111.434,50794.048,0.0,0.0,0.0,0.0,0.0,,0.0,,0.0,,,,,
265,04:25,40373.528,233111.434,50794.048,0.0,0.0,0.0,0.0,0.0,,0.0,,0.0,,,,,
266,04:26,40373.528,233111.434,50794.048,0.0,0.0,0.0,0.0,0.0,,0.0,,0.0,,,,,
267,04:27,40373.528,233111.434,50794.048,0.0,0.0,0.0,0.0,0.0,,0.0,,0.0,,,,,
268,04:28,40373.528,233111.434,50794.048,0.0,0.0,0.0,0.0,0.0,,0.0,,0.0,,,,,
269,04:29,40373.528,233111.434,50794.048,0.0,0.0,0.0,0.0,0.0,,0.0,,0.0,,,,,
270,04:30,40373.528,233111.434,50794.048,0.0,0.0,0.0,0.0,0.0,,0.0,,0.0,,,,,
271,04:31,40373.528,233111.434,50794.048,0.0,0.0,0.0,0.0,0.0,,0.0,,0.0,,,,,
272,04:32,40373.528,233111.434,50794.048,0.0,0.0,0.0,0.0,0.0,,0.0,,0.0,,,,,
273,04:33,40373.528,233111.434,50794.048,0.0,0.0,0.0,0.0,0.0,,0.0,,0.0,,,,,
274,04:34,40373.528,233111.434,50794.048,0.0,0.0,0.0,0.0,0.0,,0.0,,0.0,,,,,
275,04:35,40373.528,233111.434,50794.048,0.0,0.0,0.0,0.0,0.0,,0.0,,0.0,,,,,
276,04:36,40373.528,233111.434,50794.048,0.0,0.0,0.0,0.0,0.0,,0.0,,0.0,,,,,
277,04:37,40373.528,233111.434,50794.048,0.0,0.0,0.0,0.0,0.0,,0.0,,0.0,,,,,
278,04:38,40373.528,233111.434,50794.048,0.0,0.0,0.0,0.0,0.0,,0.0,,0.0,,,,,
279,04:39,40373.528,233111.434,50794.048,0.0,0.0,0.0,0.0,0.0,,0.0,,0.0,,,,,
280,04:40,40373.528,233111.434,50794.048,0.0,0.0,0.0,0.0,0.0,,0.0,,0.0,,,,,
281,04:41,40373.528,233111.434,50794.048,0.0,0.0,0.0,0.0,0.0,,0.0,,0.0,,,,,
282,04:42,40373.528,233111.434,50794.048,0.0,0.0,0.0,0.0,0.0,,0.0,,0.0,,,,,
283,04:43,40373.528,233111.434,50794.048,0.0,0.0,0.0,0.0,0.0,,0.0,,0.0,,,,,
284,04:44,40373.528,233111.434,50794.048,0.0,0.0,0.0,0.0,0.0,,0.0,,0.0,,,,,
285,04:45,40373.528,233111.434,50794.048,0.0,0.0,0.0,0.0,0.0,,0.0,,0.0,,,,,
286,04:46,40373.528,233111.434,50794.048,0.0,0.0,0.0,0.0,0.0,,0.0,,0.0,,,,,
287,04:47,40373.528,233111.434,50794.048,0.0,0.0,0.0,0.0,0.0,,0.0,,0.0,,,,,
288,04:48,40373.528,233111.434,50794.048,0.0,0.0,0.0,0.0,0.0,,0.0,,0.0,,,,,
289,04:49,40373.528,233111.434,50794.048,0.0,0.0,0.0,0.0,0.0,,0.0,,0.0,,,,,
290,04:50,40373.528,233111.434,50794.048,0.0,0.0,0.0,0.0,0.0,,0.0,,0.0,,,,,
291,04:51,40373.528,233111.434,50794.048,0.0,0.0,0.0,0.0,0.0,,0.0,,0.0,,,,,
292,04:52,40373.528,233111.434,50794.048,0.0,0.0,0.0,0.0,0.0,,0.0,,0.0,,,,,
293,04:53,40373.528,233111.434,50794.048,0.0,0.0,0.0,0.0,0.0,,0.0,,0.0,,,,,
294,04:54,40373.528,233111.434,50794.048,0.0,0.0,0.0,0.0,0.0,,0.0,,0.0,,,,,
295,04:55,40373.528,233111.434,50794.048,0.0,0.0,0.0,0.0,0.0,,0.0,,0.0,,,,,
296,04:56,40373.528,233111.434,50794.048,0.0,0.0,0.0,0.0,0.0,,0.0,,0.0,,,,,
297,04:57,40373.528,233111.434,50794.048,0.0,0.0,0.0,0.0,0.0,,0.0,,0.0,,,,,
298,04:58,40373.528,233111.434,50794.048,0.0,0.0,0.0,0.0,0.0,,0.0,,0.0,,,,,
299,04:59,40373.528,233111.434,50794.048,0.0,0.0,0.0,0.0,0.0,,0.0,,0.0,,,,,
300,05:00,40373.528,233111.434,50794.048,0.0,0.0,0.0,0.0,0.0,,0.0,,0.0,,,,,
301,05:01,40373.528,233111.434,50794.048,0.0,0.0,0.0,0.0,0.0,,0.0,,0.0,,,,,
302,05:02,40373.528,233111.434,50794.048,0.0,0.0,0.0,0.0,0.0,,0.0,,0.0,,,,,
303,05:03,40373.528,233111.434,50794.048,0.0,0.0,0.0,0.0,0.0,,0.0,,0.0,,,,,
304,05:04,40373.528,233111.434,50794.048,0.0,0.0,0.0,0.0,0.0,,0.0,,0.0,,,,,
305,05:05,40373.528,233111.434,50794.048,0.0,0.0,0.0,0.0,0.0,,0.0,,0.0,,,,,
306,05:06,40373.528,233111.434,50794.048,0.0,0.0,0.0,0.0,0.0,,0.0,,0.0,,,,,
307,05:07,40373.528,233111.434,50794.048,0.0,0.0,0.0,0.0,0.0,,0.0,,0.0,,,,,
308,05:08,40373.528,233111.434,50794.048,0.0,0.0,0.0,0.0,0.0,,0.0,,0.0,,,,,
309,05:09,40373.528,233111.434,50794.048,0.0,0.0,0.0,0.0,0.0,,0.0,,0.0,,,,,
310,05:10,40373.528,233111.434,50794.048,0.0,0.0,0.0,0.0,0.0,,0.0,,0.0,,,,,
311,05:11,40373.528,233111.434,50794.048,0.0,0.0,0.0,0.0,0.0,,0.0,,0.0,,,,,
312,05:12,40373.528,233111.434,50794.048,0.0,0.0,0.0,0.0,0.0,,0.0,,0.0,,,,,
313,05:13,40373.528,233111.434,50794.048,0.0,0.0,0.0,0.0,0.0,,0.0,,0.0,,,,,
314,05:14,40373.528,233111.434,50794.048,0.0,0.0,0.0,0.0,0.0,,0.0,,0.0,,,,,
315,05:15,40373.528,233111.434,50794.048,0.0,0.0,0.0,0.0,0.0,,0.0,,0.0,,,,,
316,05:16,40373.528,233111.434,50794.048,0.0,0.0,0.0,0.0,0.0,,0.0,,0.0,,,,,
317,05:17,40373.528,233111.434,50794.048,0.0,0.0,0.0,0.0,0.0,,0.0,,0.0,,,,,
318,05:18,40373.528,233111.434,50794.048,0.0,0.0,0.0,0.0,0.0,,0.0,,0.0,,,,,
319,05:19,40373.528,233111.434,50794.048,0.0,0.0,0.0,0.0,0.0,,0.0,,0.0,,,,,
320,05:20,40373.528,233111.434,50794.048,0.0,0.0,0.0,0.0,0.0,,0.0,,0.0,,,,,
321,05:21,40373.528,233111.434,50794.048,0.0,0.0,0.0,0.0,0.0,,0.0,,0.0,,,,,
322,05:22,40373.528,233111.434,50794.048,0.0,0.0,0.0,0.0,0.0,,0.0,,0.0,,,,,
323,05:23,40373.528,233111.434,50794.048,0.0,0.0,0.0,0.0,0.0,,0.0,,0.0,,,,,
324,05:24,40373.528,233111.434,50794.048,0.0,0.0,0.0,0.0,0.0,,0.0,,0.0,,,,,
325,05:25,40373.528,233111.434,50794.048,0.0,0.0,0.0,0.0,0.0,,0.0,,0.0,,,,,
326,05:26,40373.528,233111.434,50794.048,0.0,0.0,0.0,0.0,0.0,,0.0,,0.0,,,,,
327,05:27,40373.528,233111.434,50794.048,0.0,0.0,0.0,0.0,0.0,,0.0,,0.0,,,,,
328,05:28,40373.528,233111.434,50794.048,0.0,0.0,0.0,0.0,0.0,,0.0,,0.0,,,,,
329,05:29,40373.528,233111.434,50794.048,0.0,0.0,0.0,0.0,0.0,,0.0,,0.0,,,,,
330,05:30,40373.528,233111.434,50794.048,0.0,0.0,0.0,0.0,0.0,,0.0,,0.0,,,,,
331,05:31,40373.528,233111.434,50794.048,0.0,0.0,0.0,0.0,0.0,,0.0,,0.0,,,,,
332,05:32,40373.528,233111.434,50794.048,0.0,0.0,0.0,0.0,0.0,,0.0,,0.0,,,,,
333,05:33,40373.528,233111.434,50794.048,0.0,0.0,0.0,0.0,0.0,,0.0,,0.0,,,,,
334,05:34,40373.528,233111.434,50794.048,0.0,0.0,0.0,0.0,0.0,,0.0,,0.0,,,,,
335,05:35,40373.528,233111.434,50794.048,0.0,0.0,0.0,0.0,0.0,,0.0,,0.0,,,,,
336,05:36,40373.528,233111.434,50794.048,0.0,0.0,0.0,0.0,0.0,,0.0,,0.0,,,,,
337,05:37,40373.528,233111.434,50794.048,0.0,0.0,0.0,0.0,0.0,,0.0,,0.0,,,,,
338,05:38,40373.528,233111.434,50794.048,0.0,0.0,0.0,0.0,0.0,,0.0,,0.0,,,,,
339,05:39,40373.528,233111.434,50794.048,0.0,0.0,0.0,0.0,0.0,,0.0,,0.0,,,,,
340,05:40,40373.528,233111.434,50794.048,0.0,0.0,0.0,0.0,0.0,,0.0,,0.0,,,,,
341,05:41,40373.528,233111.434,50794.048,0.0,0.0,0.0,0.0,0.0,,0.0,,0.0,,,,,
342,05:42,40373.528,233111.434,50794.048,0.0,0.0,0.0,0.0,0.0,,0.0,,0.0,,,,,
343,05:43,40373.528,233111.434,50794.048,0.0,0.0,0.0,0.0,0.0,,0.0,,0.0,,,,,
344,05:44,40373.528,233111.434,50794.048,0.0,0.0,0.0,0.0,0.0,,0.0,,0.0,,,,,
345,05:45,40373.528,233111.434,50794.048,0.0,0.0,0.0,0.0,0.0,,0.0,,0.0,,,,,
346,05:46,40373.528,233111.434,50794.048,0.0,0.0,0.0,0.0,0.0,,0.0,,0.0,,,,,
347,05:47,40373.528,233111.434,50794.048,0.0,0.0,0.0,0.0,0.0,,0.0,,0.0,,,,,
348,05:48,40373.528,233111.434,50794.048,0.0,0.0,0.0,0.0,0.0,,0.0,,0.0,,,,,
349,05:49,40373.528,233111.434,50794.048,0.0,0.0,0.0,0.0,0.0,,0.0,,0.0,,,,,
350,05:50,40373.528,233111.434,50794.048,0.0,0.0,0.0,0.0,0.0,,0.0,,0.0,,,,,
351,05:51,40373.528,233111.434,50794.048,0.0,0.0,0.0,0.0,0.0,,0.0,,0.0,,,,,
352,05:52,40373.528,233111.434,50794.048,0.0,0.0,0.0,0.0,0.0,,0.0,,0.0,,,,,
353,05:53,40373.528,233111.434,50794.048,0.0,0.0,0.0,0.0,0.0,,0.0,,0.0,,,,,
354,05:54,40373.528,233111.434,50794.048,0.0,0.0,0.0,0.0,0.0,,0.0,,0.0,,,,,
355,05:55,40373.528,233111.434,50794.048,0.0,0.0,0.0,0.0,0.0,,0.0,,0.0,,,,,
356,05:56,40373.528,233111.434,50794.048,0.0,0.0,0.0,0.0,0.0,,0.0,,0.0,,,,,
357,05:57,40373.528,233111.434,50794.048,0.0,0.0,0.0,0.0,0.0,,0.0,,0.0,,,,,
358,05:58,40373.528,233111.434,50794.048,0.0,0.0,0.0,0.0,0.0,,0.0,,0.0,,,,,
359,05:59,40373.528,233111.434,50794.048,0.0,0.0,0.0,0.0,0.0,,0.0,,0.0,,,,,
360,06:00,40373.528,233111.434,50794.048,0.0,0.0,0.0,0.0,0.0,,0.0,,0.0,,,,,
361,06:01,40373.528,233111.434,50794.048,0.0,0.0,0.0,0.0,0.0,,0.0,,0.0,,,,,
362,06:02,40373.528,233111.434,50794.048,0.0,0.0,0.0,0.0,0.0,,0.0,,0.0,,,,,
363,06:03,40373.528,233111.434,50794.048,0.0,0.0,0.0,0.0,0.0,,0.0,,0.0,,,,,
364,06:04,40373.528,233111.434,50794.048,0.0,0.0,0.0,0.0,0.0,,0.0,,0.0,,,,,
365,06:05,40373.528,233111.434,50794.048,0.0,0.0,0.0,0.0,0.0,,0.0,,0.0,,,,,
366,06:06,40373.528,233111.434,50794.048,0.0,0.0,0.0,0.0,0.0,,0.0,,0.0,,,,,
367,06:07,40373.528,233111.434,50794.048,0.0,0.0,0.0,0.0,0.0,,0.0,,0.0,,,,,
368,06:08,40373.528,233111.434,50794.048,0.0,0.0,0.0,0.0,0.0,,0.0,,0.0,,,,,
369,06:09,40373.53,233111.436,50794.05,0.001916,0.001917,0.001912,0.001916,1e-06,0.052,-4e-06,-0.209,0.0,0.0,88.87,88.91,88.68,88.87
370,06:10,40373.532,233111.439,50794.052,0.004452,0.004454,0.004443,0.004452,2e-06,0.045,-9e-06,-0.202,0.0,0.0,88.95,88.99,88.77,88.95
371,06:11,40373.536,233111.442,50794.055,0.00767,0.007674,0.007654,0.00767,4e-06,0.052,-1.6e-05,-0.209,0.0,0.0,88.94,88.98,88.75,88.94
372,06:12,40373.539,233111.446,50794.059,0.011578,0.011583,0.011554,0.011578,5e-06,0.043,-2.4e-05,-0.207,0.0,0.0,88.97,89.01,88.79,88.97
373,06:13,40373.544,233111.451,50794.064,0.016258,0.016266,0.016224,0.016258,8e-06,0.049,-3.4e-05,-0.209,0.0,0.0,89.09,89.13,88.9,89.09
374,06:14,40373.55,233111.456,50794.069,0.021614,0.021624,0.021568,0.021691,1e-05,0.046,-4.6e-05,-0.213,7.7e-05,0.356,88.83,88.87,88.64,89.15
375,06:15,40373.556,233111.462,50794.075,0.027735,0.027748,0.027676,0.027889,1.3e-05,0.047,-5.9e-05,-0.213,0.000154,0.555,88.72,88.76,88.53,89.21
376,06:16,40373.563,233111.469,50794.082,0.034664,0.03468,0.034591,0.034895,1.6e-05,0.046,-7.3e-05,-0.211,0.000231,0.666,88.62,88.66,88.43,89.21
377,06:17,40373.57,233111.477,50794.09,0.042472,0.042492,0.042382,0.04278,2e-05,0.047,-9e-05,-0.212,0.000308,0.725,88.68,88.72,88.49,89.32
378,06:18,40373.579,233111.486,50794.099,0.051121,0.051145,0.051013,0.051506,2.4e-05,0.047,-0.000108,-0.211,0.000385,0.753,88.67,88.71,88.48,89.33
379,06:19,40373.589,233111.495,50794.108,0.060613,0.060642,0.060485,0.061075,2.9e-05,0.048,-0.000128,-0.211,0.000462,0.762,88.69,88.73,88.5,89.37
380,06:20,40373.599,233111.505,50794.119,0.071039,0.071073,0.070889,0.071578,3.4e-05,0.048,-0.00015,-0.211,0.000539,0.759,88.75,88.79,88.56,89.42
381,06:21,40373.61,233111.517,50794.13,0.082348,0.082387,0.082174,0.082964,3.9e-05,0.047,-0.000174,-0.211,0.000616,0.748,88.8,88.84,88.61,89.46
382,06:22,40373.622,233111.529,50794.142,0.094528,0.094573,0.094328,0.095221,4.5e-05,0.048,-0.0002,-0.212,0.000693,0.733,88.87,88.91,88.68,89.52
383,06:23,40373.636,233111.542,50794.155,0.107707,0.107758,0.10748,0.108477,5.1e-05,0.047,-0.000227,-0.211,0.00077,0.715,88.96,89.0,88.77,89.6
384,06:24,40373.65,233111.556,50794.169,0.121839,0.121897,0.121582,0.122687,5.8e-05,0.048,-0.000257,-0.211,0.000848,0.696,89.04,89.08,88.85,89.66
385,06:25,40373.665,233111.571,50794.184,0.136877,0.136942,0.136588,0.137879,6.5e-05,0.047,-0.000289,-0.211,0.001002,0.732,89.1,89.14,88.91,89.75
386,06:26,40373.681,233111.587,50794.2,0.152931,0.153003,0.152608,0.154087,7.2e-05,0.047,-0.000323,-0.211,0.001156,0.756,89.15,89.19,88.96,89.82
387,06:27,40373.698,233111.604,50794.217,0.170008,0.170088,0.169649,0.171318,8e-05,0.047,-0.000359,-0.211,0.00131,0.771,89.21,89.25,89.02,89.9
388,06:28,40373.716,233111.622,50794.235,0.188048,0.188137,0.187651,0.189512,8.9e-05,0.047,-0.000397,-0.211,0.001464,0.779,89.26,89.31,89.08,89.96
389,06:29,40373.735,233111.642,50794.254,0.207068,0.207166,0.206631,0.208686,9.8e-05,0.047,-0.000437,-0.211,0.001618,0.781,89.32,89.36,89.13,90.01
390,06:30,40373.755,233111.662,50794.274,0.227176,0.227283,0.226697,0.228948,0.000107,0.047,-0.000479,-0.211,0.001772,0.78,89.38,89.42,89.19,90.08
391,06:31,40373.776,233111.683,50794.296,0.248315,0.248432,0.247791,0.250241,0.000117,0.047,-0.000524,-0.211,0.001926,0.776,89.44,89.48,89.25,90.13
392,06:32,40373.798,233111.705,50794.318,0.270354,0.270482,0.269783,0.272434,0.000128,0.047,-0.000571,-0.211,0.00208,0.769,89.49,89.53,89.3,90.18
393,06:33,40373.821,233111.728,50794.341,0.293428,0.293567,0.292809,0.295662,0.000139,0.047,-0.000619,-0.211,0.002234,0.761,89.55,89.59,89.36,90.23
394,06:34,40373.845,233111.752,50794.364,0.317375,0.317525,0.316705,0.319815,0.00015,0.047,-0.00067,-0.211,0.00244,0.769,89.59,89.64,89.41,90.28
395,06:35,40373.87,233111.777,50794.389,0.342351,0.342513,0.341628,0.345022,0.000162,0.047,-0.000723,-0.211,0.002671,0.78,89.62,89.66,89.43,90.32
396,06:36,40373.896,233111.803,50794.416,0.368517,0.368691,0.367739,0.371419,0.000174,0.047,-0.000778,-0.211,0.002902,0.787,89.65,89.7,89.47,90.36
397,06:37,40373.924,233111.83,50794.443,0.395822,0.396009,0.394987,0.398955,0.000187,0.047,-0.000835,-0.211,0.003133,0.792,89.7,89.74,89.51,90.41
398,06:38,40373.952,233111.859,50794.471,0.424222,0.424422,0.423327,0.427586,0.0002,0.047,-0.000895,-0.211,0.003364,0.793,89.75,89.79,89.56,90.46
399,06:39,40373.982,233111.888,50794.501,0.453689,0.453903,0.452731,0.457284,0.000214,0.047,-0.000958,-0.211,0.003595,0.792,89.8,89.84,89.61,90.51
400,06:40,40374.012,233111.919,50794.531,0.484247,0.484476,0.483225,0.488073,0.000229,0.047,-0.001022,-0.211,0.003826,0.79,89.84,89.88,89.65,90.55
401,06:41,40374.044,233111.95,50794.563,0.515876,0.51612,0.514787,0.519933,0.000244,0.047,-0.001089,-0.211,0.004057,0.786,89.87,89.91,89.68,90.57
402,06:42,40374.076,233111.983,50794.595,0.548543,0.548802,0.547385,0.552831,0.000259,0.047,-0.001158,-0.211,0.004288,0.782,89.9,89.95,89.71,90.61
403,06:43,40374.11,233112.017,50794.629,0.582172,0.582447,0.580943,0.586757,0.000275,0.047,-0.001229,-0.211,0.004585,0.788,89.93,89.97,89.74,90.64
404,06:44,40374.145,233112.052,50794.663,0.616886,0.617177,0.615584,0.621779,0.000291,0.047,-0.001302,-0.211,0.004893,0.793,89.95,89.99,89.76,90.66
405,06:45,40374.181,233112.088,50794.699,0.652957,0.653266,0.651579,0.658158,0.000309,0.047,-0.001378,-0.211,0.005201,0.797,89.96,90.01,89.78,90.68
406,06:46,40374.218,233112.125,50794.737,0.690264,0.69059,0.688807,0.695773,0.000326,0.047,-0.001457,-0.211,0.005509,0.798,89.99,90.03,89.8,90.71
407,06:47,40374.256,233112.163,50794.775,0.728557,0.728901,0.727019,0.734374,0.000344,0.047,-0.001538,-0.211,0.005817,0.798,90.02,90.06,89.83,90.73
408,06:48,40374.296,233112.202,50794.814,0.76773,0.768093,0.76611,0.773855,0.000363,0.047,-0.00162,-0.211,0.006125,0.798,90.04,90.09,89.85,90.76
409,06:49,40374.336,233112.243,50794.854,0.8079,0.808282,0.806195,0.814333,0.000382,0.047,-0.001705,-0.211,0.006433,0.796,90.07,90.11,89.88,90.79
410,06:50,40374.377,233112.284,50794.895,0.849183,0.849584,0.847391,0.855924,0.000401,0.047,-0.001792,-0.211,0.006741,0.794,90.09,90.13,89.9,90.8
411,06:51,40374.42,233112.327,50794.938,0.891908,0.892329,0.890025,0.898973,0.000421,0.047,-0.001883,-0.211,0.007065,0.792,90.1,90.15,89.91,90.82
412,06:52,40374.464,233112.371,50794.982,0.935857,0.936299,0.933882,0.943307,0.000442,0.047,-0.001975,-0.211,0.00745,0.796,90.12,90.16,89.93,90.83
413,06:53,40374.509,233112.416,50795.027,0.981028,0.981492,0.978957,0.988863,0.000464,0.047,-0.002071,-0.211,0.007835,0.799,90.12,90.16,89.93,90.84
414,06:54,40374.555,233112.462,50795.073,1.027381,1.027866,1.025213,1.035601,0.000485,0.047,-0.002168,-0.211,0.00822,0.8,90.12,90.16,89.93,90.84
415,06:55,40374.603,233112.51,50795.12,1.074984,1.075492,1.072715,1.083589,0.000508,0.047,-0.002269,-0.211,0.008605,0.8,90.12,90.17,89.93,90.84
416,06:56,40374.652,233112.559,50795.169,1.123938,1.124469,1.121566,1.132928,0.000531,0.047,-0.002372,-0.211,0.00899,0.8,90.13,90.18,89.94,90.85
417,06:57,40374.702,233112.609,50795.219,1.173882,1.174437,1.171404,1.183257,0.000555,0.047,-0.002478,-0.211,0.009375,0.799,90.14,90.19,89.95,90.86
418,06:58,40374.753,233112.66,50795.27,1.225069,1.225648,1.222483,1.234829,0.000579,0.047,-0.002586,-0.211,0.00976,0.797,90.16,90.21,89.97,90.88
419,06:59,40374.805,233112.712,50795.323,1.277452,1.278056,1.274756,1.287623,0.000604,0.047,-0.002696,-0.211,0.010171,0.796,90.17,90.21,89.98,90.89
420,07:00,40374.859,233112.766,50795.376,1.331103,1.331732,1.328293,1.341736,0.000629,0.047,-0.00281,-0.211,0.010633,0.799,90.17,90.21,89.98,90.89
421,07:01,40374.914,233112.821,50795.431,1.385977,1.386632,1.383052,1.397072,0.000655,0.047,-0.002925,-0.211,0.011095,0.801,90.17,90.21,89.98,90.89
422,07:02,40374.97,233112.877,50795.487,1.441972,1.442653,1.438928,1.453529,0.000681,0.047,-0.003044,-0.211,0.011557,0.801,90.18,90.22,89.98,90.9
423,07:03,40375.027,233112.934,50795.544,1.499185,1.499893,1.496021,1.511204,0.000708,0.047,-0.003164,-0.211,0.012019,0.802,90.18,90.22,89.99,90.9
424,07:04,40375.085,233112.993,50795.602,1.557568,1.558304,1.55428,1.570049,0.000736,0.047,-0.003288,-0.211,0.012481,0.801,90.19,90.23,90.0,90.91
425,07:05,40375.145,233113.052,50795.661,1.616805,1.617569,1.613392,1.629748,0.000764,0.047,-0.003413,-0.211,0.012943,0.801,90.19,90.23,90.0,90.91
426,07:06,40375.205,233113.112,50795.721,1.67711,1.677902,1.67357,1.690515,0.000792,0.047,-0.00354,-0.211,0.013405,0.799,90.2,90.24,90.01,90.92
427,07:07,40375.266,233113.174,50795.783,1.738398,1.739219,1.734729,1.752268,0.000821,0.047,-0.003669,-0.211,0.01387,0.798,90.2,90.24,90.01,90.92
428,07:08,40375.329,233113.236,50795.845,1.801004,1.801855,1.797203,1.815405,0.000851,0.047,-0.003801,-0.211,0.014401,0.8,90.2,90.25,90.01,90.93
429,07:09,40375.393,233113.3,50795.909,1.864736,1.865617,1.8608,1.879676,0.000881,0.047,-0.003936,-0.211,0.01494,0.801,90.21,90.25,90.02,90.93
430,07:10,40375.457,233113.364,50795.973,1.929125,1.930037,1.925053,1.944604,0.000912,0.047,-0.004072,-0.211,0.015479,0.802,90.21,90.26,90.02,90.94
431,07:11,40375.523,233113.43,50796.038,1.994859,1.995802,1.990648,2.010877,0.000943,0.047,-0.004211,-0.211,0.016018,0.803,90.21,90.26,90.02,90.94
432,07:12,40375.59,233113.497,50796.105,2.061749,2.062723,2.057397,2.078306,0.000974,0.047,-0.004352,-0.211,0.016557,0.803,90.22,90.26,90.03,90.94
433,07:13,40375.657,233113.565,50796.173,2.12957,2.130576,2.125075,2.146666,0.001006,0.047,-0.004495,-0.211,0.017096,0.803,90.23,90.27,90.04,90.95
434,07:14,40375.727,233113.634,50796.242,2.198737,2.199776,2.194096,2.216372,0.001039,0.047,-0.004641,-0.211,0.017635,0.802,90.23,90.28,90.04,90.96
435,07:15,40375.797,233113.705,50796.312,2.269429,2.270501,2.264639,2.287605,0.001072,0.047,-0.00479,-0.211,0.018176,0.801,90.24,90.28,90.05,90.96
436,07:16,40375.869,233113.777,50796.384,2.341342,2.342448,2.3364,2.360115,0.001106,0.047,-0.004942,-0.211,0.018773,0.802,90.24,90.28,90.05,90.96
437,07:17,40375.943,233113.85,50796.457,2.41468,2.415821,2.409583,2.434069,0.001141,0.047,-0.005097,-0.211,0.019389,0.803,90.24,90.28,90.05,90.97
438,07:18,40376.017,233113.925,50796.532,2.489097,2.490273,2.483843,2.509102,0.001176,0.047,-0.005254,-0.211,0.020005,0.804,90.24,90.28,90.05,90.97
439,07:19,40376.093,233114.001,50796.607,2.56502,2.566232,2.559606,2.585641,0.001212,0.047,-0.005414,-0.211,0.020621,0.804,90.24,90.28,90.05,90.97
440,07:20,40376.17,233114.078,50796.684,2.642024,2.643272,2.636448,2.663261,0.001248,0.047,-0.005576,-0.211,0.021237,0.804,90.24,90.28,90.05,90.97
441,07:21,40376.248,233114.156,50796.762,2.720131,2.721416,2.71439,2.741984,0.001285,0.047,-0.005741,-0.211,0.021853,0.803,90.24,90.28,90.05,90.97
442,07:22,40376.328,233114.235,50796.842,2.79963,2.800953,2.793721,2.822099,0.001323,0.047,-0.005909,-0.211,0.022469,0.803,90.24,90.29,90.05,90.97
443,07:23,40376.408,233114.316,50796.922,2.880411,2.881772,2.874331,2.903516,0.001361,0.047,-0.00608,-0.211,0.023105,0.802,90.24,90.29,90.05,90.97
444,07:24,40376.49,233114.398,50797.004,2.962168,2.963568,2.955916,2.985958,0.0014,0.047,-0.006252,-0.211,0.02379,0.803,90.24,90.28,90.05,90.97
445,07:25,40376.574,233114.482,50797.087,3.045705,3.047144,3.039277,3.070188,0.001439,0.047,-0.006428,-0.211,0.024483,0.804,90.24,90.28,90.05,90.96
446,07:26,40376.658,233114.566,50797.172,3.130545,3.132024,3.123937,3.155721,0.001479,0.047,-0.006608,-0.211,0.025176,0.804,90.24,90.28,90.05,90.96
447,07:27,40376.745,233114.653,50797.258,3.216679,3.218199,3.20989,3.242548,0.00152,0.047,-0.006789,-0.211,0.025869,0.804,90.24,90.28,90.05,90.96
448,07:28,40376.832,233114.74,50797.345,3.304207,3.305768,3.297233,3.330769,0.001561,0.047,-0.006974,-0.211,0.026562,0.804,90.24,90.28,90.05,90.96
449,07:29,40376.921,233114.829,50797.434,3.393075,3.394678,3.385913,3.420331,0.001603,0.047,-0.007162,-0.211,0.027256,0.803,90.24,90.28,90.05,90.96
450,07:30,40377.011,233114.919,50797.524,3.483304,3.48495,3.475952,3.511269,0.001646,0.047,-0.007352,-0.211,0.027965,0.803,90.23,90.28,90.04,90.96
451,07:31,40377.103,233115.011,50797.615,3.574772,3.576461,3.567227,3.603494,0.001689,0.047,-0.007545,-0.211,0.028722,0.803,90.23,90.27,90.04,90.95
452,07:32,40377.195,233115.103,50797.707,3.667121,3.668854,3.659381,3.696613,0.001733,0.047,-0.00774,-0.211,0.029492,0.804,90.22,90.26,90.03,90.95
453,07:33,40377.288,233115.196,50797.8,3.760253,3.76203,3.752316,3.790515,0.001777,0.047,-0.007937,-0.211,0.030262,0.805,90.21,90.25,90.02,90.94
454,07:34,40377.383,233115.291,50797.894,3.854748,3.856569,3.846612,3.88578,0.001821,0.047,-0.008136,-0.211,0.031032,0.805,90.2,90.24,90.01,90.93
455,07:35,40377.478,233115.387,50797.99,3.950388,3.952255,3.94205,3.98219,0.001867,0.047,-0.008338,-0.211,0.031802,0.805,90.19,90.23,90.0,90.92
456,07:36,40377.575,233115.483,50798.086,4.046961,4.048873,4.038419,4.079533,0.001912,0.047,-0.008542,-0.211,0.032572,0.805,90.18,90.22,89.99,90.91
457,07:37,40377.672,233115.581,50798.183,4.14446,4.146418,4.135712,4.177802,0.001958,0.047,-0.008748,-0.211,0.033342,0.804,90.17,90.21,89.98,90.9
458,07:38,40377.771,233115.68,50798.282,4.243222,4.245227,4.234266,4.277336,0.002005,0.047,-0.008956,-0.211,0.034114,0.804,90.16,90.2,89.97,90.89
459,07:39,40377.871,233115.78,50798.382,4.343167,4.345219,4.334,4.378075,0.002052,0.047,-0.009167,-0.211,0.034908,0.804,90.15,90.2,89.96,90.88
460,07:40,40377.972,233115.881,50798.483,4.444299,4.446399,4.434919,4.480045,0.0021,0.047,-0.00938,-0.211,0.035746,0.804,90.14,90.18,89.95,90.87
461,07:41,40378.074,233115.983,50798.584,4.546204,4.548352,4.536608,4.582795,0.002148,0.047,-0.009596,-0.211,0.036591,0.805,90.13,90.17,89.94,90.86
462,07:42,40378.177,233116.086,50798.687,4.649483,4.65168,4.639669,4.686921,0.002197,0.047,-0.009814,-0.211,0.037438,0.805,90.12,90.16,89.93,90.84
463,07:43,40378.282,233116.19,50798.791,4.753722,4.755968,4.743688,4.792007,0.002246,0.047,-0.010034,-0.211,0.038285,0.805,90.1,90.15,89.91,90.83
464,07:44,40378.387,233116.295,50798.896,4.858805,4.861101,4.84855,4.897937,0.002296,0.047,-0.010255,-0.211,0.039132,0.805,90.09,90.13,89.9,90.81
465,07:45,40378.493,233116.402,50799.002,4.964889,4.967235,4.95441,5.004868,0.002346,0.047,-0.010479,-0.211,0.039979,0.805,90.07,90.11,89.88,90.8
466,07:46,40378.6,233116.508,50799.109,5.071666,5.074062,5.060961,5.112492,0.002396,0.047,-0.010705,-0.211,0.040826,0.805,90.06,90.1,89.87,90.78
467,07:47,40378.707,233116.616,50799.216,5.179309,5.181756,5.168377,5.220982,0.002447,0.047,-0.010932,-0.211,0.041673,0.805,90.04,90.08,89.85,90.76
468,07:48,40378.816,233116.725,50799.325,5.288369,5.290868,5.277207,5.330901,0.002499,0.047,-0.011162,-0.211,0.042532,0.804,90.02,90.06,89.83,90.74
469,07:49,40378.926,233116.835,50799.434,5.398058,5.400609,5.386664,5.441472,0.002551,0.047,-0.011394,-0.211,0.043414,0.804,90.0,90.04,89.81,90.72
470,07:50,40379.037,233116.946,50799.545,5.508895,5.511498,5.497268,5.553223,0.002603,0.047,-0.011627,-0.211,0.044328,0.805,89.97,90.01,89.78,90.69
471,07:51,40379.149,233117.058,50799.657,5.62074,5.623396,5.608876,5.665992,0.002656,0.047,-0.011864,-0.211,0.045252,0.805,89.94,89.99,89.75,90.67
472,07:52,40379.262,233117.171,50799.769,5.733676,5.736385,5.721574,5.779852,0.002709,0.047,-0.012102,-0.211,0.046176,0.805,89.92,89.96,89.73,90.64
473,07:53,40379.375,233117.285,50799.883,5.847523,5.850286,5.835181,5.894623,0.002763,0.047,-0.012342,-0.211,0.0471,0.805,89.89,89.94,89.7,90.62
474,07:54,40379.491,233117.4,50799.998,5.96281,5.965627,5.950224,6.010834,0.002817,0.047,-0.012586,-0.211,0.048024,0.805,89.87,89.91,89.68,90.59
475,07:55,40379.606,233117.516,50800.113,6.078459,6.081331,6.065629,6.127407,0.002872,0.047,-0.01283,-0.211,0.048948,0.805,89.85,89.89,89.66,90.57
476,07:56,40379.723,233117.632,50800.23,6.19514,6.198067,6.182064,6.245012,0.002927,0.047,-0.013076,-0.211,0.049872,0.805,89.82,89.87,89.63,90.55
477,07:57,40379.841,233117.75,50800.347,6.312681,6.315664,6.299357,6.363478,0.002983,0.047,-0.013324,-0.211,0.050797,0.805,89.8,89.84,89.61,90.52
478,07:58,40379.959,233117.869,50800.466,6.431346,6.434385,6.417772,6.483083,0.003039,0.047,-0.013574,-0.211,0.051737,0.804,89.78,89.82,89.59,90.5
479,07:59,40380.079,233117.988,50800.585,6.550977,6.554072,6.53715,6.603684,0.003095,0.047,-0.013827,-0.211,0.052707,0.805,89.76,89.8,89.57,90.48
480,08:00,40380.2,233118.11,50800.706,6.672015,6.675168,6.657933,6.725721,0.003153,0.047,-0.014082,-0.211,0.053706,0.805,89.74,89.78,89.55,90.46
481,08:01,40380.322,233118.232,50800.828,6.79418,6.79739,6.77984,6.848887,0.00321,0.047,-0.01434,-0.211,0.054707,0.805,89.72,89.76,89.53,90.44
482,08:02,40380.445,233118.355,50800.951,6.91734,6.920608,6.90274,6.973048,0.003268,0.047,-0.0146,-0.211,0.055708,0.805,89.7,89.74,89.51,90.42
483,08:03,40380.57,233118.48,50801.075,7.041934,7.045261,7.027071,7.098643,0.003327,0.047,-0.014863,-0.211,0.056709,0.805,89.68,89.72,89.49,90.4
484,08:04,40380.696,233118.606,50801.201,7.168133,7.17152,7.153003,7.225843,0.003387,0.047,-0.01513,-0.211,0.05771,0.805,89.66,89.7,89.47,90.38
485,08:05,40380.823,233118.733,50801.327,7.294788,7.298235,7.279391,7.353499,0.003447,0.047,-0.015397,-0.211,0.058711,0.805,89.65,89.69,89.46,90.37
486,08:06,40380.95,233118.86,50801.454,7.422194,7.425701,7.406528,7.481912,0.003507,0.047,-0.015666,-0.211,0.059718,0.805,89.63,89.68,89.45,90.36
487,08:07,40381.079,233118.989,50801.583,7.55086,7.554428,7.534923,7.611612,0.003568,0.047,-0.015937,-0.211,0.060752,0.805,89.62,89.66,89.43,90.34
488,08:08,40381.208,233119.119,50801.712,7.680522,7.684151,7.664311,7.742338,0.003629,0.047,-0.016211,-0.211,0.061816,0.805,89.61,89.65,89.42,90.33
489,08:09,40381.339,233119.25,50801.843,7.811564,7.815255,7.795076,7.874458,0.003691,0.047,-0.016488,-0.211,0.062894,0.805,89.59,89.64,89.4,90.31
490,08:10,40381.471,233119.382,50801.974,7.943435,7.947188,7.926669,8.007407,0.003753,0.047,-0.016766,-0.211,0.063972,0.805,89.58,89.62,89.39,90.3
491,08:11,40381.604,233119.515,50802.107,8.076344,8.08016,8.059297,8.141394,0.003816,0.047,-0.017047,-0.211,0.06505,0.805,89.56,89.61,89.37,90.28
492,08:12,40381.739,233119.649,50802.241,8.210914,8.214794,8.193583,8.277042,0.00388,0.047,-0.017331,-0.211,0.066128,0.805,89.55,89.59,89.36,90.27
493,08:13,40381.875,233119.785,50802.377,8.346997,8.350941,8.329379,8.414204,0.003944,0.047,-0.017618,-0.211,0.067207,0.805,89.53,89.57,89.34,90.25
494,08:14,40382.012,233119.923,50802.514,8.484297,8.488306,8.466389,8.552593,0.004009,0.047,-0.017908,-0.211,0.068296,0.805,89.51,89.55,89.32,90.23
495,08:15,40382.15,233120.061,50802.652,8.622598,8.626672,8.604398,8.692007,0.004074,0.047,-0.0182,-0.211,0.069409,0.805,89.5,89.54,89.31,90.22
496,08:16,40382.29,233120.2,50802.791,8.761701,8.765841,8.743208,8.832247,0.00414,0.047,-0.018493,-0.211,0.070546,0.805,89.48,89.52,89.29,90.2
497,08:17,40382.43,233120.34,50802.931,8.901928,8.906134,8.883139,8.973628,0.004206,0.047,-0.018789,-0.211,0.0717,0.805,89.46,89.5,89.27,90.18
498,08:18,40382.571,233120.482,50803.072,9.043153,9.047426,9.024066,9.116008,0.004273,0.047,-0.019087,-0.211,0.072855,0.806,89.44,89.48,89.25,90.16
499,08:19,40382.714,233120.625,50803.215,9.186197,9.190537,9.166808,9.260207,0.00434,0.047,-0.019389,-0.211,0.07401,0.806,89.42,89.46,89.23,90.14
500,08:20,40382.858,233120.769,50803.359,9.330542,9.334951,9.310848,9.405704,0.004409,0.047,-0.019694,-0.211,0.075162,0.806,89.39,89.43,89.2,90.11
501,08:21,40383.003,233120.914,50803.503,9.475195,9.479672,9.455196,9.55151,0.004477,0.047,-0.019999,-0.211,0.076315,0.805,89.36,89.4,89.17,90.08
502,08:22,40383.149,233121.06,50803.648,9.620901,9.625447,9.600594,9.698371,0.004546,0.047,-0.020307,-0.211,0.07747,0.805,89.33,89.38,89.15,90.05
503,08:23,40383.295,233121.206,50803.794,9.767189,9.771804,9.746574,9.845818,0.004615,0.047,-0.020615,-0.211,0.078629,0.805,89.31,89.35,89.12,90.03
504,08:24,40383.442,233121.354,50803.941,9.914607,9.919292,9.89368,9.994422,0.004685,0.047,-0.020927,-0.211,0.079815,0.805,89.28,89.32,89.09,90.0
505,08:25,40383.591,233121.502,50804.09,10.063087,10.067842,10.041847,10.144115,0.004755,0.047,-0.02124,-0.211,0.081028,0.805,89.25,89.3,89.07,89.97
506,08:26,40383.74,233121.652,50804.239,10.21233,10.217155,10.190775,10.294584,0.004825,0.047,-0.021555,-0.211,0.082254,0.805,89.23,89.27,89.04,89.95
507,08:27,40383.891,233121.802,50804.389,10.362693,10.367589,10.340821,10.446175,0.004896,0.047,-0.021872,-0.211,0.083482,0.806,89.2,89.25,89.02,89.92
508,08:28,40384.042,233121.953,50804.54,10.513963,10.518931,10.491771,10.598674,0.004968,0.047,-0.022192,-0.211,0.084711,0.806,89.18,89.22,88.99,89.9
509,08:29,40384.194,233122.106,50804.691,10.666188,10.671228,10.643675,10.752128,0.00504,0.047,-0.022513,-0.211,0.08594,0.806,89.16,89.2,88.97,89.88
510,08:30,40384.347,233122.259,50804.844,10.819136,10.824248,10.7963,10.906305,0.005112,0.047,-0.022836,-0.211,0.087169,0.806,89.13,89.18,88.95,89.85
511,08:31,40384.502,233122.413,50804.998,10.973613,10.978798,10.950451,11.062011,0.005185,0.047,-0.023162,-0.211,0.088398,0.806,89.11,89.15,88.92,89.83
512,08:32,40384.658,233122.569,50805.154,11.129649,11.134908,11.106158,11.219291,0.005259,0.047,-0.023491,-0.211,0.089642,0.805,89.09,89.13,88.9,89.8
513,08:33,40384.815,233122.727,50805.311,11.286976,11.292309,11.263153,11.377892,0.005333,0.047,-0.023823,-0.211,0.090916,0.805,89.06,89.1,88.87,89.78
514,08:34,40384.973,233122.885,50805.469,11.445523,11.450931,11.421365,11.537737,0.005408,0.047,-0.024158,-0.211,0.092214,0.806,89.04,89.08,88.85,89.75
515,08:35,40385.132,233123.044,50805.628,11.604333,11.609816,11.57984,11.697845,0.005483,0.047,-0.024493,-0.211,0.093512,0.806,89.01,89.06,88.83,89.73
516,08:36,40385.293,233123.205,50805.788,11.765136,11.770695,11.740304,11.859954,0.005559,0.047,-0.024832,-0.211,0.094818,0.806,88.99,89.03,88.8,89.71
517,08:37,40385.455,233123.367,50805.95,11.927454,11.93309,11.902279,12.023578,0.005636,0.047,-0.025175,-0.211,0.096124,0.806,88.97,89.01,88.78,89.68
518,08:38,40385.619,233123.531,50806.113,12.090622,12.096335,12.065103,12.188052,0.005713,0.047,-0.025519,-0.211,0.09743,0.806,88.94,88.99,88.76,89.66
519,08:39,40385.783,233123.695,50806.277,12.254786,12.260576,12.22892,12.353524,0.00579,0.047,-0.025866,-0.211,0.098738,0.806,88.92,88.96,88.73,89.64
520,08:40,40385.948,233123.861,50806.442,12.420377,12.426246,12.394162,12.520436,0.005869,0.047,-0.026215,-0.211,0.100059,0.806,88.9,88.94,88.71,89.62
521,08:41,40386.115,233124.028,50806.608,12.587223,12.59317,12.560655,12.688633,0.005947,0.047,-0.026568,-0.211,0.10141,0.806,88.88,88.92,88.69,89.59
522,08:42,40386.283,233124.196,50806.776,12.755353,12.76138,12.728431,12.858138,0.006027,0.047,-0.026922,-0.211,0.102785,0.806,88.86,88.9,88.67,89.57
523,08:43,40386.453,233124.365,50806.946,12.925005,12.931112,12.897725,13.029172,0.006107,0.047,-0.02728,-0.211,0.104167,0.806,88.83,88.88,88.65,89.55
524,08:44,40386.624,233124.537,50807.116,13.095967,13.102155,13.068326,13.201516,0.006188,0.047,-0.027641,-0.211,0.105549,0.806,88.81,88.85,88.63,89.53
525,08:45,40386.796,233124.709,50807.288,13.268247,13.274516,13.240242,13.375179,0.006269,0.047,-0.028005,-0.211,0.106932,0.806,88.79,88.83,88.6,89.51
526,08:46,40386.97,233124.883,50807.461,13.442046,13.448397,13.413674,13.550364,0.006351,0.047,-0.028372,-0.211,0.108318,0.806,88.77,88.81,88.58,89.49
527,08:47,40387.144,233125.056,50807.635,13.615651,13.622084,13.586913,13.725353,0.006433,0.047,-0.028738,-0.211,0.109702,0.806,88.75,88.79,88.56,89.46
528,08:48,40387.317,233125.23,50807.808,13.789582,13.796098,13.760477,13.900671,0.006516,0.047,-0.029105,-0.211,0.111089,0.806,88.73,88.77,88.54,89.44
529,08:49,40387.493,233125.406,50807.983,13.964668,13.971266,13.935193,14.077154,0.006598,0.047,-0.029475,-0.211,0.112486,0.806,88.71,88.75,88.52,89.42
530,08:50,40387.669,233125.582,50808.159,14.141372,14.148054,14.111524,14.255292,0.006682,0.047,-0.029848,-0.211,0.11392,0.806,88.69,88.73,88.5,89.4
531,08:51,40387.847,233125.76,50808.337,14.318992,14.325758,14.288769,14.43436,0.006766,0.047,-0.030223,-0.211,0.115368,0.806,88.67,88.71,88.48,89.38
532,08:52,40388.027,233125.94,50808.516,14.498613,14.505464,14.468011,14.615439,0.006851,0.047,-0.030602,-0.211,0.116826,0.806,88.65,88.69,88.46,89.36
533,08:53,40388.207,233126.12,50808.696,14.679091,14.686027,14.648108,14.797376,0.006936,0.047,-0.030983,-0.211,0.118285,0.806,88.62,88.67,88.44,89.34
534,08:54,40388.389,233126.302,50808.877,14.860758,14.86778,14.829392,14.980502,0.007022,0.047,-0.031366,-0.211,0.119744,0.806,88.6,88.64,88.41,89.31
535,08:55,40388.57,233126.484,50809.058,15.042276,15.049383,15.010527,15.163479,0.007107,0.047,-0.031749,-0.211,0.121203,0.806,88.58,88.62,88.39,89.29
536,08:56,40388.753,233126.667,50809.241,15.224964,15.232158,15.192829,15.347628,0.007194,0.047,-0.032135,-0.211,0.122664,0.806,88.55,88.6,88.37,89.27
537,08:57,40388.937,233126.851,50809.424,15.408983,15.416264,15.37646,15.533114,0.007281,0.047,-0.032523,-0.211,0.124131,0.806,88.53,88.57,88.34,89.24
538,08:58,40389.12,233127.034,50809.607,15.592409,15.599776,15.559498,15.718003,0.007367,0.047,-0.032911,-0.211,0.125594,0.805,88.51,88.55,88.32,89.22
539,08:59,40389.304,233127.218,50809.791,15.776093,15.783547,15.742795,15.903151,0.007454,0.047,-0.033298,-0.211,0.127058,0.805,88.49,88.53,88.3,89.2
540,09:00,40389.489,233127.403,50809.976,15.961531,15.969073,15.927841,16.090081,0.007542,0.047,-0.03369,-0.211,0.12855,0.805,88.46,88.5,88.27,89.17
541,09:01,40389.676,233127.591,50810.162,16.148531,16.156161,16.114447,16.278604,0.00763,0.047,-0.034084,-0.211,0.130073,0.805,88.44,88.48,88.25,89.15
542,09:02,40389.865,233127.779,50810.351,16.337239,16.344958,16.302756,16.468848,0.007719,0.047,-0.034483,-0.211,0.131609,0.806,88.41,88.45,88.22,89.12
543,09:03,40390.056,233127.97,50810.541,16.527624,16.535433,16.49274,16.660769,0.007809,0.047,-0.034884,-0.211,0.133145,0.806,88.39,88.43,88.2,89.1
544,09:04,40390.247,233128.161,50810.732,16.719145,16.727045,16.683856,16.853826,0.0079,0.047,-0.035289,-0.211,0.134681,0.806,88.36,88.4,88.17,89.07
545,09:05,40390.439,233128.354,50810.924,16.911584,16.919575,16.875889,17.047802,0.007991,0.047,-0.035695,-0.211,0.136218,0.805,88.34,88.38,88.15,89.05
546,09:06,40390.633,233128.547,50811.117,17.104859,17.112941,17.068756,17.24262,0.008082,0.047,-0.036103,-0.211,0.137761,0.805,88.31,88.35,88.12,89.02
547,09:07,40390.827,233128.742,50811.31,17.299009,17.307183,17.262496,17.43832,0.008174,0.047,-0.036513,-0.211,0.139311,0.805,88.28,88.32,88.1,88.99
548,09:08,40391.023,233128.937,50811.506,17.49472,17.502986,17.457794,17.635615,0.008266,0.047,-0.036926,-0.211,0.140895,0.805,88.26,88.3,88.07,88.97
549,09:09,40391.219,233129.134,50811.702,17.691445,17.699804,17.654104,17.833946,0.008359,0.047,-0.037341,-0.211,0.142501,0.805,88.23,88.27,88.04,88.94
550,09:10,40391.417,233129.332,50811.899,17.888902,17.897354,17.851144,18.033011,0.008452,0.047,-0.037758,-0.211,0.144109,0.806,88.2,88.25,88.02,88.91
551,09:11,40391.615,233129.53,50812.097,18.087571,18.096117,18.049394,18.233293,0.008546,0.047,-0.038177,-0.211,0.145722,0.806,88.18,88.22,87.99,88.89
552,09:12,40391.814,233129.729,50812.296,18.286349,18.294989,18.247752,18.433683,0.00864,0.047,-0.038597,-0.211,0.147334,0.806,88.15,88.19,87.97,88.86
553,09:13,40392.014,233129.929,50812.495,18.485775,18.494509,18.446758,18.634722,0.008734,0.047,-0.039017,-0.211,0.148947,0.806,88.13,88.17,87.94,88.84
554,09:14,40392.214,233130.129,50812.695,18.686279,18.695108,18.646838,18.836839,0.008829,0.047,-0.039441,-0.211,0.15056,0.806,88.1,88.14,87.92,88.81
555,09:15,40392.416,233130.331,50812.896,18.887798,18.896722,18.847932,19.039972,0.008924,0.047,-0.039866,-0.211,0.152174,0.806,88.08,88.12,87.89,88.79
556,09:16,40392.618,233130.533,50813.097,19.089619,19.098639,19.049327,19.243408,0.00902,0.047,-0.040292,-0.211,0.153789,0.806,88.05,88.09,87.87,88.76
557,09:17,40392.82,233130.736,50813.299,19.292085,19.3012,19.251366,19.447492,0.009115,0.047,-0.040719,-0.211,0.155407,0.806,88.03,88.07,87.84,88.73
558,09:18,40393.023,233130.939,50813.502,19.495448,19.50466,19.454299,19.652477,0.009212,0.047,-0.041149,-0.211,0.157029,0.805,88.0,88.04,87.81,88.71
559,09:19,40393.228,233131.144,50813.706,19.699888,19.709196,19.658308,19.858564,0.009308,0.047,-0.04158,-0.211,0.158676,0.805,87.97,88.01,87.78,88.68
560,09:20,40393.432,233131.348,50813.91,19.904527,19.913932,19.862515,20.064847,0.009405,0.047,-0.042012,-0.211,0.16032,0.805,87.94,87.98,87.76,88.65
561,09:21,40393.638,233131.554,50814.115,20.110028,20.11953,20.067582,20.272015,0.009502,0.047,-0.042446,-0.211,0.161987,0.806,87.91,87.95,87.73,88.62
562,09:22,40393.843,233131.759,50814.32,20.315504,20.325103,20.272625,20.479154,0.009599,0.047,-0.042879,-0.211,0.16365,0.806,87.88,87.93,87.7,88.59
563,09:23,40394.051,233131.967,50814.527,20.522672,20.532369,20.479355,20.688007,0.009697,0.047,-0.043317,-0.211,0.165335,0.806,87.86,87.9,87.67,88.56
564,09:24,40394.259,233132.175,50814.735,20.731076,20.740871,20.687319,20.898098,0.009795,0.047,-0.043757,-0.211,0.167022,0.806,87.83,87.87,87.64,88.53
565,09:25,40394.468,233132.384,50814.943,20.939871,20.949765,20.895674,21.108582,0.009894,0.047,-0.044197,-0.211,0.168711,0.806,87.8,87.84,87.61,88.51
566,09:26,40394.678,233132.594,50815.153,21.149767,21.15976,21.105127,21.320167,0.009993,0.047,-0.04464,-0.211,0.1704,0.806,87.77,87.81,87.59,88.48
567,09:27,40394.887,233132.804,50815.362,21.359122,21.369214,21.31404,21.531212,0.010092,0.047,-0.045082,-0.211,0.17209,0.806,87.74,87.78,87.56,88.45
568,09:28,40395.098,233133.015,50815.573,21.5704,21.580592,21.524872,21.744182,0.010192,0.047,-0.045528,-0.211,0.173782,0.806,87.71,87.75,87.53,88.42
569,09:29,40395.31,233133.227,50815.784,21.782394,21.792686,21.736418,21.957873,0.010292,0.047,-0.045976,-0.211,0.175479,0.806,87.68,87.72,87.5,88.39
570,09:30,40395.522,233133.439,50815.996,21.994425,22.004817,21.948002,22.1716,0.010392,0.047,-0.046423,-0.211,0.177175,0.806,87.65,87.69,87.47,88.36
571,09:31,40395.734,233133.651,50816.207,22.205883,22.216375,22.159014,22.384752,0.010492,0.047,-0.046869,-0.211,0.178869,0.806,87.62,87.67,87.44,88.33
572,09:32,40395.947,233133.864,50816.419,22.418643,22.429236,22.371325,22.599213,0.010593,0.047,-0.047318,-0.211,0.18057,0.805,87.6,87.64,87.41,88.3
573,09:33,40396.161,233134.078,50816.633,22.633266,22.64396,22.585495,22.815572,0.010694,0.047,-0.047771,-0.211,0.182306,0.805,87.57,87.61,87.38,88.27
574,09:34,40396.377,233134.295,50816.849,22.849535,22.860331,22.801307,23.033599,0.010796,0.047,-0.048228,-0.211,0.184064,0.806,87.54,87.58,87.36,88.25
575,09:35,40396.594,233134.512,50817.065,23.066335,23.077234,23.017649,23.252162,0.010899,0.047,-0.048686,-0.211,0.185827,0.806,87.52,87.56,87.33,88.22
576,09:36,40396.812,233134.73,50817.283,23.284194,23.295196,23.235049,23.471785,0.011002,0.047,-0.049145,-0.211,0.187591,0.806,87.49,87.53,87.31,88.2
577,09:37,40397.03,233134.948,50817.5,23.502214,23.513319,23.452608,23.69157,0.011105,0.047,-0.049606,-0.211,0.189356,0.806,87.47,87.51,87.28,88.17
578,09:38,40397.251,233135.168,50817.72,23.722626,23.733835,23.672555,23.913749,0.011209,0.047,-0.050071,-0.211,0.191123,0.806,87.44,87.48,87.26,88.15
579,09:39,40397.471,233135.389,50817.94,23.943075,23.954388,23.892539,24.135967,0.011313,0.047,-0.050536,-0.211,0.192892,0.806,87.42,87.46,87.23,88.12
580,09:40,40397.689,233135.607,50818.158,24.161556,24.172972,24.110559,24.356196,0.011416,0.047,-0.050997,-0.211,0.19464,0.806,87.38,87.42,87.19,88.08
581,09:41,40397.909,233135.827,50818.377,24.381002,24.392522,24.329542,24.577397,0.01152,0.047,-0.05146,-0.211,0.196395,0.806,87.34,87.38,87.16,88.05
582,09:42,40398.129,233136.047,50818.597,24.600894,24.612518,24.548969,24.799051,0.011624,0.047,-0.051925,-0.211,0.198157,0.805,87.31,87.35,87.12,88.01
583,09:43,40398.348,233136.266,50818.816,24.820384,24.832112,24.767996,25.020297,0.011728,0.047,-0.052388,-0.211,0.199913,0.805,87.27,87.31,87.09,87.97
584,09:44,40398.568,233136.487,50819.035,25.040509,25.052341,24.987657,25.24219,0.011832,0.047,-0.052852,-0.211,0.201681,0.805,87.24,87.28,87.05,87.94
585,09:45,40398.789,233136.708,50819.256,25.261557,25.273493,25.208238,25.465025,0.011936,0.047,-0.053319,-0.211,0.203468,0.805,87.2,87.24,87.02,87.9
586,09:46,40399.01,233136.929,50819.476,25.482495,25.494535,25.42871,25.687749,0.01204,0.047,-0.053785,-0.211,0.205254,0.805,87.17,87.21,86.98,87.87
587,09:47,40399.231,233137.15,50819.697,25.703543,25.715688,25.649291,25.910582,0.012145,0.047,-0.054252,-0.211,0.207039,0.805,87.13,87.17,86.95,87.83
588,09:48,40399.453,233137.371,50819.918,25.924777,25.937026,25.870058,26.133602,0.012249,0.047,-0.054719,-0.211,0.208825,0.806,87.1,87.14,86.91,87.8
589,09:49,40399.675,233137.593,50820.139,26.146757,26.159111,26.09157,26.357379,0.012354,0.047,-0.055187,-0.211,0.210622,0.806,87.06,87.11,86.88,87.77
590,09:50,40399.897,233137.816,50820.362,26.369555,26.382015,26.313897,26.581989,0.01246,0.047,-0.055658,-0.211,0.212434,0.806,87.03,87.07,86.85,87.73
591,09:51,40400.12,233138.039,50820.584,26.592299,26.604864,26.536171,26.80654,0.012565,0.047,-0.056128,-0.211,0.214241,0.806,87.0,87.04,86.82,87.7
592,09:52,40400.343,233138.262,50820.807,26.815448,26.828118,26.758849,27.031501,0.01267,0.047,-0.056599,-0.211,0.216053,0.806,86.97,87.01,86.79,87.67
593,09:53,40400.567,233138.486,50821.03,27.039093,27.051869,26.982022,27.256962,0.012776,0.047,-0.057071,-0.211,0.217869,0.806,86.94,86.98,86.76,87.64
594,09:54,40400.791,233138.71,50821.253,27.26306,27.275942,27.205517,27.482747,0.012882,0.047,-0.057543,-0.211,0.219687,0.806,86.91,86.95,86.73,87.61
595,09:55,40401.015,233138.935,50821.477,27.487535,27.500523,27.429518,27.70904,0.012988,0.047,-0.058017,-0.211,0.221505,0.806,86.88,86.92,86.7,87.58
596,09:56,40401.241,233139.16,50821.702,27.71277,27.725864,27.654277,27.936093,0.013094,0.047,-0.058493,-0.211,0.223323,0.806,86.85,86.89,86.67,87.55
597,09:57,40401.465,233139.385,50821.926,27.937498,27.950698,27.878531,28.162639,0.0132,0.047,-0.058967,-0.211,0.225141,0.806,86.82,86.86,86.64,87.52
598,09:58,40401.69,233139.61,50822.15,28.162089,28.175396,28.102648,28.389048,0.013307,0.047,-0.059441,-0.211,0.226959,0.806,86.79,86.83,86.61,87.49
599,09:59,40401.916,233139.836,50822.376,28.387889,28.401302,28.327971,28.616666,0.013413,0.047,-0.059918,-0.211,0.228777,0.806,86.76,86.8,86.58,87.46
600,10:00,40402.142,233140.062,50822.601,28.614068,28.627588,28.553673,28.844666,0.01352,0.047,-0.060395,-0.211,0.230598,0.806,86.73,86.77,86.55,87.43
601,10:01,40402.369,233140.289,50822.828,28.841294,28.854921,28.780419,29.073712,0.013627,0.047,-0.060875,-0.211,0.232418,0.806,86.7,86.74,86.51,87.4
602,10:02,40402.597,233140.517,50823.056,29.069323,29.083058,29.007967,29.303567,0.013735,0.047,-0.061356,-0.211,0.234244,0.806,86.67,86.71,86.48,87.36
603,10:03,40402.827,233140.747,50823.285,29.299158,29.313002,29.237317,29.535253,0.013844,0.047,-0.061841,-0.211,0.236095,0.806,86.63,86.68,86.45,87.33
604,10:04,40403.058,233140.979,50823.516,29.530449,29.544402,29.46812,29.768419,0.013953,0.047,-0.062329,-0.211,0.23797,0.806,86.6,86.64,86.42,87.3
605,10:05,40403.289,233141.21,50823.746,29.761471,29.775533,29.698654,30.001313,0.014062,0.047,-0.062817,-0.211,0.239842,0.806,86.57,86.61,86.39,87.27
606,10:06,40403.522,233141.442,50823.978,29.993932,30.008104,29.930625,30.235661,0.014172,0.047,-0.063307,-0.211,0.241729,0.806,86.54,86.58,86.36,87.24
607,10:07,40403.755,233141.675,50824.211,30.22662,30.240902,30.162821,30.470237,0.014282,0.047,-0.063799,-0.211,0.243617,0.806,86.51,86.55,86.33,87.21
608,10:08,40403.987,233141.908,50824.443,30.459311,30.473703,30.395021,30.704819,0.014392,0.047,-0.06429,-0.211,0.245508,0.806,86.48,86.52,86.3,87.18
609,10:09,40404.222,233142.143,50824.677,30.693681,30.708184,30.628897,30.941083,0.014503,0.047,-0.064784,-0.211,0.247402,0.806,86.45,86.49,86.27,87.15
610,10:10,40404.458,233142.379,50824.913,30.93043,30.945045,30.865146,31.179728,0.014615,0.047,-0.065284,-0.211,0.249298,0.806,86.42,86.46,86.24,87.12
611,10:11,40404.696,233142.617,50825.15,31.167808,31.182535,31.102023,31.419005,0.014727,0.047,-0.065785,-0.211,0.251197,0.806,86.39,86.43,86.21,87.09
612,10:12,40404.934,233142.855,50825.387,31.405677,31.420516,31.33939,31.658783,0.014839,0.047,-0.066287,-0.211,0.253106,0.806,86.36,86.4,86.18,87.06
613,10:13,40405.172,233143.093,50825.625,31.644119,31.659071,31.577329,31.899142,0.014952,0.047,-0.06679,-0.211,0.255023,0.806,86.33,86.37,86.15,87.03
614,10:14,40405.41,233143.331,50825.862,31.881764,31.896828,31.814472,32.138692,0.015064,0.047,-0.067292,-0.211,0.256928,0.806,86.3,86.34,86.12,87.0
615,10:15,40405.648,233143.569,50826.1,32.119783,32.13496,32.051989,32.378618,0.015177,0.047,-0.067794,-0.211,0.258835,0.806,86.27,86.31,86.09,86.97
616,10:16,40405.885,233143.807,50826.337,32.357346,32.372635,32.28905,32.618082,0.015289,0.047,-0.068296,-0.211,0.260736,0.806,86.24,86.28,86.06,86.94
617,10:17,40406.123,233144.045,50826.574,32.595376,32.610777,32.526578,32.85802,0.015401,0.047,-0.068798,-0.211,0.262644,0.806,86.21,86.25,86.03,86.91
618,10:18,40406.36,233144.282,50826.811,32.832401,32.847914,32.763102,33.096943,0.015513,0.047,-0.069299,-0.211,0.264542,0.806,86.18,86.22,86.0,86.88
619,10:19,40406.598,233144.52,50827.048,33.069946,33.085571,33.000146,33.336389,0.015625,0.047,-0.0698,-0.211,0.266443,0.806,86.15,86.2,85.97,86.85
620,10:20,40406.837,233144.759,50827.286,33.308849,33.324587,33.238545,33.577214,0.015738,0.047,-0.070304,-0.211,0.268365,0.806,86.13,86.17,85.95,86.82
621,10:21,40407.078,233145.0,50827.527,33.549868,33.56572,33.479055,33.820186,0.015852,0.047,-0.070813,-0.211,0.270318,0.806,86.1,86.14,85.92,86.79
622,10:22,40407.32,233145.242,50827.768,33.792015,33.807982,33.720691,34.0643,0.015967,0.047,-0.071324,-0.211,0.272285,0.806,86.07,86.11,85.89,86.76
623,10:23,40407.562,233145.485,50828.01,34.03411,34.050191,33.962275,34.30836,0.016081,0.047,-0.071835,-0.211,0.27425,0.806,86.04,86.08,85.86,86.74
624,10:24,40407.805,233145.728,50828.253,34.277275,34.293471,34.204927,34.553493,0.016196,0.047,-0.072348,-0.211,0.276218,0.806,86.02,86.06,85.83,86.71
625,10:25,40408.049,233145.972,50828.496,34.521329,34.53764,34.448466,34.799517,0.016311,0.047,-0.072863,-0.211,0.278188,0.806,85.99,86.03,85.81,86.68
626,10:26,40408.293,233146.216,50828.74,34.765546,34.781973,34.692167,35.045704,0.016427,0.047,-0.073379,-0.211,0.280158,0.806,85.96,86.0,85.78,86.65
627,10:27,40408.539,233146.462,50828.985,35.01076,35.027303,34.936864,35.292889,0.016543,0.047,-0.073896,-0.211,0.282129,0.806,85.93,85.98,85.75,86.63
628,10:28,40408.784,233146.707,50829.23,35.256329,35.272988,35.181914,35.540431,0.016659,0.047,-0.074415,-0.211,0.284102,0.806,85.91,85.95,85.73,86.6
629,10:29,40409.031,233146.954,50829.476,35.503279,35.520054,35.428343,35.78936,0.016775,0.047,-0.074936,-0.211,0.286081,0.806,85.88,85.92,85.7,86.58
630,10:30,40409.279,233147.202,50829.723,35.750934,35.767826,35.675475,36.039001,0.016892,0.047,-0.075459,-0.211,0.288067,0.806,85.86,85.9,85.68,86.55
631,10:31,40409.526,233147.45,50829.97,35.998478,36.015487,35.922497,36.288534,0.017009,0.047,-0.075981,-0.211,0.290056,0.806,85.83,85.87,85.65,86.52
632,10:32,40409.775,233147.699,50830.218,36.247036,36.264163,36.17053,36.539094,0.017127,0.047,-0.076506,-0.211,0.292058,0.806,85.81,85.85,85.63,86.5
633,10:33,40410.024,233147.948,50830.467,36.496392,36.513636,36.41936,36.790465,0.017244,0.047,-0.077032,-0.211,0.294073,0.806,85.78,85.82,85.6,86.47
634,10:34,40410.274,233148.198,50830.717,36.74652,36.763883,36.66896,37.042619,0.017363,0.047,-0.07756,-0.211,0.296099,0.806,85.76,85.8,85.58,86.45
635,10:35,40410.526,233148.45,50830.967,36.997701,37.015182,36.919611,37.295834,0.017481,0.047,-0.07809,-0.211,0.298133,0.806,85.73,85.78,85.55,86.43
636,10:36,40410.776,233148.7,50831.218,37.248361,37.265961,37.169742,37.548523,0.0176,0.047,-0.078619,-0.211,0.300162,0.806,85.71,85.75,85.53,86.4
637,10:37,40411.028,233148.953,50831.469,37.500471,37.51819,37.42132,37.802676,0.017719,0.047,-0.079151,-0.211,0.302205,0.806,85.69,85.73,85.51,86.38
638,10:38,40411.281,233149.206,50831.721,37.753355,37.771193,37.67367,38.057605,0.017838,0.047,-0.079685,-0.211,0.30425,0.806,85.66,85.7,85.48,86.35
639,10:39,40411.535,233149.459,50831.974,38.006818,38.024776,37.926598,38.313115,0.017958,0.047,-0.08022,-0.211,0.306297,0.806,85.64,85.68,85.46,86.33
640,10:40,40411.787,233149.712,50832.226,38.259078,38.277155,38.178325,38.567417,0.018077,0.047,-0.080753,-0.211,0.308339,0.806,85.62,85.66,85.44,86.31
641,10:41,40412.041,233149.965,50832.479,38.512852,38.531049,38.431564,38.823236,0.018197,0.047,-0.081288,-0.211,0.310384,0.806,85.59,85.63,85.41,86.28
642,10:42,40412.295,233150.22,50832.733,38.767303,38.78562,38.685478,39.079733,0.018317,0.047,-0.081825,-0.211,0.31243,0.806,85.57,85.61,85.39,86.26
643,10:43,40412.55,233150.475,50832.988,39.022332,39.04077,38.939969,39.336811,0.018438,0.047,-0.082363,-0.211,0.314479,0.806,85.55,85.59,85.37,86.24
644,10:44,40412.806,233150.731,50833.243,39.277908,39.296467,39.195005,39.594437,0.018559,0.047,-0.082903,-0.211,0.316529,0.806,85.53,85.57,85.35,86.22
645,10:45,40413.061,233150.986,50833.498,39.533218,39.551897,39.449776,39.851796,0.018679,0.047,-0.083442,-0.211,0.318578,0.806,85.5,85.54,85.32,86.19
646,10:46,40413.316,233151.242,50833.752,39.788368,39.807168,39.704388,40.108992,0.0188,0.047,-0.08398,-0.211,0.320624,0.806,85.48,85.52,85.3,86.17
647,10:47,40413.574,233151.499,50834.009,40.045788,40.06471,39.961264,40.368488,0.018922,0.047,-0.084524,-0.211,0.3227,0.806,85.45,85.49,85.27,86.14
648,10:48,40413.831,233151.756,50834.266,40.303049,40.322092,40.217982,40.627824,0.019043,0.047,-0.085067,-0.211,0.324775,0.806,85.43,85.47,85.25,86.12
649,10:49,40414.089,233152.015,50834.523,40.561079,40.580244,40.475468,40.887946,0.019165,0.047,-0.085611,-0.211,0.326867,0.806,85.4,85.44,85.22,86.09
650,10:50,40414.347,233152.273,50834.781,40.819353,40.83864,40.733197,41.148313,0.019287,0.047,-0.086156,-0.211,0.32896,0.806,85.38,85.42,85.2,86.06
651,10:51,40414.606,233152.532,50835.039,41.077847,41.097256,40.991145,41.408907,0.019409,0.047,-0.086702,-0.211,0.33106,0.806,85.35,85.39,85.17,86.04
652,10:52,40414.864,233152.79,50835.297,41.336063,41.355594,41.248816,41.669221,0.019531,0.047,-0.087247,-0.211,0.333158,0.806,85.32,85.36,85.14,86.01
653,10:53,40415.123,233153.049,50835.555,41.594674,41.614327,41.506881,41.929934,0.019653,0.047,-0.087793,-0.211,0.33526,0.806,85.3,85.34,85.12,85.98
654,10:54,40415.381,233153.308,50835.813,41.85358,41.873356,41.765241,42.190947,0.019776,0.047,-0.088339,-0.211,0.337367,0.806,85.27,85.31,85.09,85.96
655,10:55,40415.64,233153.567,50836.071,42.112427,42.132325,42.023541,42.451899,0.019898,0.047,-0.088886,-0.211,0.339472,0.806,85.24,85.28,85.06,85.93
656,10:56,40415.899,233153.826,50836.33,42.37159,42.39161,42.282157,42.713171,0.02002,0.047,-0.089433,-0.211,0.341581,0.806,85.21,85.25,85.03,85.9
657,10:57,40416.159,233154.085,50836.589,42.630738,42.650881,42.540758,42.974431,0.020143,0.047,-0.08998,-0.211,0.343693,0.806,85.19,85.23,85.01,85.87
658,10:58,40416.418,233154.344,50836.847,42.889752,42.910017,42.799226,43.235554,0.020265,0.047,-0.090526,-0.211,0.345802,0.806,85.16,85.2,84.98,85.85
659,10:59,40416.677,233154.604,50837.106,43.148828,43.169216,43.057755,43.49674,0.020388,0.047,-0.091073,-0.211,0.347912,0.806,85.13,85.17,84.95,85.82
660,11:00,40416.936,233154.862,50837.364,43.407623,43.428133,43.316004,43.75764,0.02051,0.047,-0.091619,-0.211,0.350017,0.806,85.1,85.14,84.92,85.79
661,11:01,40417.195,233155.122,50837.622,43.66676,43.687392,43.574594,44.018886,0.020632,0.047,-0.092166,-0.211,0.352126,0.806,85.08,85.12,84.9,85.76
662,11:02,40417.454,233155.381,50837.881,43.925789,43.946544,43.833076,44.280024,0.020755,0.047,-0.092713,-0.211,0.354235,0.806,85.05,85.09,84.87,85.73
663,11:03,40417.713,233155.64,50838.139,44.1848,44.205677,44.09154,44.541144,0.020877,0.047,-0.09326,-0.211,0.356344,0.806,85.02,85.06,84.84,85.71
664,11:04,40417.972,233155.899,50838.398,44.443794,44.464794,44.349988,44.802246,0.021,0.047,-0.093806,-0.211,0.358452,0.807,84.99,85.03,84.82,85.68
665,11:05,40418.231,233156.159,50838.657,44.703104,44.724226,44.60875,45.063668,0.021122,0.047,-0.094354,-0.211,0.360564,0.807,84.97,85.01,84.79,85.65
666,11:06,40418.49,233156.418,50838.915,44.962454,44.983699,44.867553,45.32513,0.021245,0.047,-0.094901,-0.211,0.362676,0.807,84.94,84.98,84.76,85.62
667,11:07,40418.749,233156.677,50839.174,45.221502,45.242869,45.126054,45.586288,0.021367,0.047,-0.095448,-0.211,0.364786,0.807,84.91,84.95,84.73,85.6
668,11:08,40419.009,233156.937,50839.433,45.480877,45.502367,45.384882,45.847775,0.02149,0.047,-0.095995,-0.211,0.366898,0.807,84.88,84.92,84.71,85.57
669,11:09,40419.268,233157.196,50839.691,45.740002,45.761614,45.64346,46.109011,0.021612,0.047,-0.096542,-0.211,0.369009,0.807,84.86,84.9,84.68,85.54
670,11:10,40419.527,233157.455,50839.95,45.999319,46.021054,45.902229,46.37044,0.021735,0.047,-0.09709,-0.211,0.371121,0.807,84.83,84.87,84.65,85.52
671,11:11,40419.787,233157.715,50840.209,46.258711,46.280568,46.161074,46.631944,0.021857,0.047,-0.097637,-0.211,0.373233,0.807,84.8,84.84,84.62,85.49
672,11:12,40420.046,233157.974,50840.468,46.518106,46.540086,46.419921,46.893451,0.02198,0.047,-0.098185,-0.211,0.375345,0.807,84.78,84.82,84.6,85.46
673,11:13,40420.305,233158.234,50840.726,46.777444,46.799546,46.678712,47.154901,0.022102,0.047,-0.098732,-0.211,0.377457,0.807,84.75,84.79,84.57,85.43
674,11:14,40420.565,233158.493,50840.985,47.036873,47.059098,46.937593,47.416442,0.022225,0.047,-0.09928,-0.211,0.379569,0.807,84.72,84.76,84.54,85.4
675,11:15,40420.824,233158.753,50841.244,47.296329,47.318676,47.196502,47.678011,0.022347,0.047,-0.099827,-0.211,0.381682,0.807,84.69,84.73,84.51,85.38
676,11:16,40421.084,233159.013,50841.503,47.555764,47.578234,47.455389,47.939558,0.02247,0.047,-0.100375,-0.211,0.383794,0.807,84.66,84.7,84.48,85.35
677,11:17,40421.343,233159.272,50841.762,47.815193,47.837786,47.714271,48.201099,0.022593,0.047,-0.100922,-0.211,0.385906,0.807,84.63,84.67,84.45,85.32
678,11:18,40421.603,233159.532,50842.021,48.074676,48.097391,47.973206,48.462695,0.022715,0.047,-0.10147,-0.211,0.388019,0.807,84.6,84.64,84.42,85.28
679,11:19,40421.862,233159.791,50842.28,48.334138,48.356976,48.23212,48.72427,0.022838,0.047,-0.102018,-0.211,0.390132,0.807,84.57,84.61,84.39,85.26
680,11:20,40422.121,233160.051,50842.539,48.593596,48.616556,48.491031,48.985841,0.02296,0.047,-0.102565,-0.211,0.392245,0.807,84.54,84.58,84.37,85.23
681,11:21,40422.381,233160.311,50842.798,48.853067,48.87615,48.749954,49.247425,0.023083,0.047,-0.103113,-0.211,0.394358,0.807,84.52,84.56,84.34,85.2
682,11:22,40422.64,233160.57,50843.057,49.112513,49.135719,49.008852,49.508983,0.023206,0.047,-0.103661,-0.211,0.39647,0.807,84.49,84.53,84.31,85.17
683,11:23,40422.9,233160.83,50843.316,49.37199,49.395318,49.267782,49.770573,0.023328,0.047,-0.104208,-0.211,0.398583,0.807,84.46,84.5,84.28,85.14
684,11:24,40423.159,233161.089,50843.575,49.631512,49.654963,49.526756,50.032208,0.023451,0.047,-0.104756,-0.211,0.400696,0.807,84.43,84.47,84.25,85.11
685,11:25,40423.419,233161.349,50843.833,49.891008,49.914581,49.785704,50.293817,0.023573,0.047,-0.105304,-0.211,0.402809,0.807,84.4,84.44,84.22,85.08
686,11:26,40423.678,233161.609,50844.092,50.150507,50.174203,50.044656,50.555429,0.023696,0.047,-0.105851,-0.211,0.404922,0.807,84.37,84.41,84.19,85.05
687,11:27,40423.904,233161.835,50844.318,50.376561,50.400364,50.270232,50.783297,0.023803,0.047,-0.106329,-0.211,0.406736,0.807,84.36,84.4,84.18,85.04
688,11:28,40424.091,233162.021,50844.504,50.563152,50.587043,50.45643,50.971402,0.023891,0.047,-0.106722,-0.211,0.40825,0.807,84.36,84.39,84.18,85.04
689,11:29,40424.235,233162.166,50844.648,50.707496,50.731455,50.600469,51.11689,0.023959,0.047,-0.107027,-0.211,0.409394,0.807,84.36,84.4,84.18,85.04
690,11:30,40424.335,233162.266,50844.748,50.807316,50.831322,50.700078,51.217539,0.024006,0.047,-0.107238,-0.211,0.410223,0.807,84.36,84.4,84.18,85.04
691,11:31,40424.435,233162.365,50844.847,50.906619,50.930672,50.799172,51.317661,0.024053,0.047,-0.107447,-0.211,0.411042,0.807,84.37,84.41,84.19,85.05
692,11:32,40424.533,233162.464,50844.946,51.0056,51.0297,50.897944,51.417448,0.0241,0.047,-0.107656,-0.211,0.411848,0.807,84.37,84.41,84.19,85.05
693,11:33,40424.633,233162.563,50845.045,51.104787,51.128934,50.996921,51.51745,0.024147,0.047,-0.107866,-0.211,0.412663,0.807,84.37,84.41,84.2,85.05
694,11:34,40424.732,233162.662,50845.144,51.203932,51.228126,51.095857,51.617411,0.024194,0.047,-0.108075,-0.211,0.413479,0.808,84.38,84.42,84.2,85.06
695,11:35,40424.831,233162.762,50845.243,51.303408,51.327649,51.195123,51.717713,0.024241,0.047,-0.108285,-0.211,0.414305,0.808,84.38,84.42,84.2,85.06
696,11:36,40424.931,233162.862,50845.343,51.403217,51.427505,51.294721,51.818351,0.024288,0.047,-0.108496,-0.211,0.415134,0.808,84.39,84.43,84.21,85.07
697,11:37,40425.031,233162.962,50845.442,51.503243,51.527578,51.394536,51.919207,0.024335,0.047,-0.108707,-0.211,0.415964,0.808,84.39,84.43,84.21,85.07
698,11:38,40425.131,233163.062,50845.542,51.603123,51.627505,51.494206,52.019917,0.024382,0.047,-0.108917,-0.211,0.416794,0.808,84.39,84.43,84.22,85.08
699,11:39,40425.231,233163.162,50845.642,51.703365,51.727795,51.594236,52.120991,0.02443,0.047,-0.109129,-0.211,0.417626,0.808,84.4,84.44,84.22,85.08
700,11:40,40425.331,233163.262,50845.742,51.803567,51.828044,51.694226,52.222025,0.024477,0.047,-0.109341,-0.211,0.418458,0.808,84.4,84.44,84.22,85.08
701,11:41,40425.431,233163.362,50845.842,51.903351,51.927875,51.7938,52.322636,0.024524,0.047,-0.109551,-0.211,0.419285,0.808,84.41,84.45,84.23,85.09
702,11:42,40425.531,233163.462,50845.941,52.003285,52.027856,51.893523,52.423402,0.024571,0.047,-0.109762,-0.211,0.420117,0.808,84.41,84.45,84.23,85.09
703,11:43,40425.631,233163.562,50846.041,52.103084,52.127703,51.993111,52.524032,0.024619,0.047,-0.109973,-0.211,0.420948,0.808,84.41,84.45,84.24,85.1
704,11:44,40425.731,233163.662,50846.14,52.202759,52.227425,52.092576,52.624535,0.024666,0.047,-0.110183,-0.211,0.421776,0.808,84.42,84.46,84.24,85.1
705,11:45,40425.874,233163.806,50846.284,52.346519,52.371253,52.236032,52.769435,0.024734,0.047,-0.110487,-0.211,0.422916,0.808,84.42,84.46,84.24,85.1
706,11:46,40426.061,233163.992,50846.47,52.532671,52.557493,52.421792,52.9571,0.024822,0.047,-0.110879,-0.211,0.424429,0.808,84.42,84.46,84.24,85.1
707,11:47,40426.287,233164.218,50846.695,52.758904,52.783832,52.647547,53.185148,0.024928,0.047,-0.111357,-0.211,0.426244,0.808,84.41,84.45,84.23,85.09
708,11:48,40426.546,233164.478,50846.954,53.018385,53.043436,52.90648,53.446742,0.025051,0.047,-0.111905,-0.211,0.428357,0.808,84.38,84.42,84.2,85.06
709,11:49,40426.806,233164.737,50847.213,53.27786,53.303034,53.165408,53.70833,0.025174,0.047,-0.112452,-0.211,0.43047,0.808,84.35,84.39,84.18,85.04
710,11:50,40427.065,233164.997,50847.472,53.537316,53.562612,53.424316,53.969899,0.025296,0.047,-0.113,-0.211,0.432583,0.808,84.33,84.37,84.15,85.01
711,11:51,40427.325,233165.257,50847.731,53.796837,53.822256,53.683289,54.231533,0.025419,0.047,-0.113548,-0.211,0.434696,0.808,84.3,84.34,84.12,84.98
712,11:52,40427.584,233165.516,50847.99,54.056322,54.081863,53.942227,54.493131,0.025541,0.047,-0.114095,-0.211,0.436809,0.808,84.27,84.31,84.09,84.95
713,11:53,40427.844,233165.776,50848.249,54.315821,54.341485,54.201178,54.754743,0.025664,0.047,-0.114643,-0.211,0.438922,0.808,84.24,84.28,84.06,84.92
714,11:54,40428.103,233166.035,50848.508,54.575345,54.601132,54.460154,55.01638,0.025787,0.047,-0.115191,-0.211,0.441035,0.808,84.21,84.25,84.04,84.89
715,11:55,40428.363,233166.295,50848.767,54.834863,54.860772,54.719124,55.278011,0.025909,0.047,-0.115739,-0.211,0.443148,0.808,84.18,84.22,84.01,84.86
716,11:56,40428.622,233166.555,50849.026,55.094379,55.120411,54.978093,55.53964,0.026032,0.047,-0.116286,-0.211,0.445261,0.808,84.16,84.2,83.98,84.84
717,11:57,40428.882,233166.814,50849.285,55.353884,55.380039,55.23705,55.801258,0.026155,0.047,-0.116834,-0.211,0.447374,0.808,84.13,84.17,83.95,84.81
718,11:58,40429.141,233167.074,50849.544,55.613389,55.639666,55.496007,56.062876,0.026277,0.047,-0.117382,-0.211,0.449487,0.808,84.1,84.14,83.92,84.78
719,11:59,40429.401,233167.334,50849.803,55.872866,55.899266,55.754936,56.324466,0.0264,0.047,-0.11793,-0.211,0.4516,0.808,84.08,84.11,83.9,84.75
720,12:00,40429.647,233167.58,50850.049,56.119478,56.145994,56.001028,56.573076,0.026516,0.047,-0.11845,-0.211,0.453598,0.808,84.03,84.07,83.85,84.71
721,12:01,40429.894,233167.827,50850.295,56.366086,56.392719,56.247115,56.821682,0.026633,0.047,-0.118971,-0.211,0.455596,0.808,83.98,84.02,83.81,84.66
722,12:02,40430.141,233168.074,50850.541,56.61268,56.639429,56.493189,57.070274,0.026749,0.047,-0.119491,-0.211,0.457594,0.808,83.94,83.98,83.77,84.62
723,12:03,40430.387,233168.321,50850.787,56.859281,56.886147,56.739269,57.318873,0.026866,0.047,-0.120012,-0.211,0.459592,0.808,83.9,83.94,83.72,84.58
724,12:04,40430.634,233168.567,50851.033,57.105886,57.132868,56.985354,57.567476,0.026982,0.047,-0.120532,-0.211,0.46159,0.808,83.86,83.9,83.68,84.53
725,12:05,40430.884,233168.817,50851.283,57.355927,57.383028,57.234867,57.819543,0.027101,0.047,-0.12106,-0.211,0.463616,0.808,83.82,83.86,83.64,84.5
726,12:06,40431.134,233169.068,50851.532,57.605925,57.633144,57.484338,58.071566,0.027219,0.047,-0.121587,-0.211,0.465641,0.808,83.78,83.82,83.61,84.46
727,12:07,40431.384,233169.318,50851.782,57.855947,57.883284,57.733832,58.323614,0.027337,0.047,-0.122115,-0.211,0.467667,0.808,83.75,83.79,83.57,84.42
728,12:08,40431.634,233169.568,50852.031,58.105952,58.133407,57.983309,58.575644,0.027455,0.047,-0.122643,-0.211,0.469692,0.808,83.71,83.75,83.54,84.39
729,12:09,40431.884,233169.818,50852.281,58.355947,58.38352,58.232777,58.827664,0.027573,0.047,-0.12317,-0.211,0.471717,0.808,83.68,83.72,83.5,84.36
730,12:10,40432.134,233170.068,50852.53,58.605955,58.633646,58.482257,59.079698,0.027691,0.047,-0.123698,-0.211,0.473743,0.808,83.65,83.68,83.47,84.32
731,12:11,40432.384,233170.318,50852.78,58.855986,58.883795,58.73176,59.331755,0.027809,0.047,-0.124226,-0.211,0.475769,0.808,83.61,83.65,83.43,84.29
732,12:12,40432.634,233170.568,50853.029,59.105987,59.133914,58.981233,59.583782,0.027927,0.047,-0.124754,-0.211,0.477795,0.808,83.58,83.62,83.4,84.25
733,12:13,40432.884,233170.818,50853.278,59.355979,59.384025,59.230698,59.8358,0.028046,0.047,-0.125281,-0.211,0.479821,0.808,83.55,83.59,83.37,84.22
734,12:14,40433.134,233171.068,50853.528,59.605881,59.634045,59.480072,60.087726,0.028164,0.047,-0.125809,-0.211,0.481845,0.808,83.52,83.56,83.34,84.19
735,12:15,40433.384,233171.318,50853.777,59.855759,59.884041,59.729423,60.339628,0.028282,0.047,-0.126336,-0.211,0.483869,0.808,83.49,83.53,83.31,84.16
736,12:16,40433.634,233171.568,50854.027,60.105649,60.134049,59.978785,60.591541,0.0284,0.047,-0.126864,-0.211,0.485892,0.808,83.46,83.5,83.28,84.14
737,12:17,40433.883,233171.818,50854.276,60.355347,60.383865,60.227956,60.84326,0.028518,0.047,-0.127391,-0.211,0.487913,0.808,83.43,83.47,83.26,84.11
738,12:18,40434.133,233172.068,50854.525,60.604907,60.633543,60.47699,61.09484,0.028636,0.047,-0.127917,-0.211,0.489933,0.808,83.41,83.45,83.23,84.08
739,12:19,40434.382,233172.317,50854.773,60.853936,60.882689,60.725493,61.345878,0.028753,0.047,-0.128443,-0.211,0.491942,0.808,83.38,83.42,83.21,84.06
740,12:20,40434.631,233172.566,50855.022,61.10271,61.131581,60.973742,61.596656,0.028871,0.047,-0.128968,-0.211,0.493946,0.808,83.36,83.4,83.18,84.03
741,12:21,40434.878,233172.814,50855.269,61.350573,61.379561,61.221082,61.846509,0.028988,0.047,-0.129491,-0.211,0.495936,0.808,83.34,83.38,83.16,84.01
742,12:22,40435.126,233173.062,50855.516,61.598379,61.627484,61.468365,62.096304,0.029105,0.047,-0.130014,-0.211,0.497925,0.808,83.31,83.35,83.14,83.99
743,12:23,40435.375,233173.31,50855.764,61.846848,61.87607,61.716309,62.346771,0.029222,0.047,-0.130539,-0.211,0.499923,0.808,83.29,83.33,83.12,83.97
744,12:24,40435.623,233173.558,50856.011,62.094615,62.123955,61.963553,62.596525,0.02934,0.047,-0.131062,-0.211,0.50191,0.808,83.27,83.31,83.1,83.94
745,12:25,40435.87,233173.806,50856.258,62.342298,62.371755,62.210714,62.846197,0.029457,0.047,-0.131584,-0.211,0.503899,0.808,83.25,83.29,83.07,83.92
746,12:26,40436.118,233174.054,50856.506,62.589859,62.619433,62.457752,63.095744,0.029574,0.047,-0.132107,-0.211,0.505885,0.808,83.23,83.27,83.05,83.9
747,12:27,40436.365,233174.302,50856.753,62.837493,62.867184,62.704863,63.345363,0.029691,0.047,-0.13263,-0.211,0.50787,0.808,83.21,83.25,83.04,83.88
748,12:28,40436.613,233174.549,50856.999,63.084724,63.114531,62.951573,63.594575,0.029807,0.047,-0.133151,-0.211,0.509851,0.808,83.19,83.23,83.01,83.86
749,12:29,40436.861,233174.797,50857.247,63.332782,63.362707,63.199107,63.844623,0.029925,0.047,-0.133675,-0.211,0.511841,0.808,83.17,83.21,82.99,83.84
750,12:30,40437.108,233175.045,50857.494,63.580307,63.610349,63.44611,64.094134,0.030042,0.047,-0.134197,-0.211,0.513827,0.808,83.15,83.19,82.97,83.82
751,12:31,40437.355,233175.292,50857.74,63.827268,63.857426,63.692549,64.343077,0.030158,0.047,-0.134719,-0.211,0.515809,0.808,83.13,83.17,82.96,83.8
752,12:32,40437.602,233175.539,50857.986,64.073894,64.104169,63.938655,64.591683,0.030275,0.047,-0.135239,-0.211,0.517789,0.808,83.11,83.15,82.94,83.78
753,12:33,40437.849,233175.786,50858.233,64.32075,64.351141,64.18499,64.840521,0.030391,0.047,-0.13576,-0.211,0.519771,0.808,83.09,83.13,82.92,83.77
754,12:34,40438.095,233176.032,50858.479,64.567097,64.597605,64.430817,65.088848,0.030508,0.047,-0.13628,-0.211,0.521751,0.808,83.08,83.12,82.9,83.75
755,12:35,40438.342,233176.279,50858.725,64.813895,64.844519,64.677094,65.337628,0.030624,0.047,-0.136801,-0.211,0.523733,0.808,83.06,83.1,82.88,83.73
756,12:36,40438.588,233176.526,50858.971,65.060463,65.091204,64.923141,65.586178,0.030741,0.047,-0.137322,-0.211,0.525715,0.808,83.04,83.08,82.87,83.71
757,12:37,40438.835,233176.772,50859.217,65.306697,65.337554,65.168856,65.834391,0.030857,0.047,-0.137841,-0.211,0.527694,0.808,83.02,83.06,82.85,83.69
758,12:38,40439.081,233177.019,50859.463,65.553337,65.584311,65.414975,66.083014,0.030974,0.047,-0.138362,-0.211,0.529677,0.808,83.01,83.05,82.83,83.68
759,12:39,40439.328,233177.265,50859.709,65.799631,65.830721,65.660749,66.331288,0.03109,0.047,-0.138882,-0.211,0.531657,0.808,82.99,83.03,82.81,83.66
760,12:40,40439.574,233177.512,50859.955,66.046168,66.077375,65.906766,66.579806,0.031207,0.047,-0.139402,-0.211,0.533638,0.808,82.97,83.01,82.8,83.64
761,12:41,40439.82,233177.758,50860.2,66.292601,66.323924,66.152679,66.828219,0.031323,0.047,-0.139922,-0.211,0.535618,0.808,82.96,83.0,82.78,83.63
762,12:42,40440.067,233178.005,50860.446,66.538734,66.570173,66.398292,67.076331,0.031439,0.047,-0.140442,-0.211,0.537597,0.808,82.94,82.98,82.77,83.61
763,12:43,40440.312,233178.25,50860.691,66.784271,66.815826,66.643311,67.323846,0.031555,0.047,-0.14096,-0.211,0.539575,0.808,82.92,82.96,82.75,83.59
764,12:44,40440.557,233178.495,50860.936,67.029448,67.061119,66.887971,67.571,0.031671,0.047,-0.141477,-0.211,0.541552,0.808,82.91,82.95,82.73,83.58
765,12:45,40440.803,233178.741,50861.181,67.274915,67.306702,67.132919,67.818445,0.031787,0.047,-0.141996,-0.211,0.54353,0.808,82.89,82.93,82.72,83.56
766,12:46,40441.047,233178.986,50861.425,67.519392,67.551295,67.37688,68.064896,0.031903,0.047,-0.142512,-0.211,0.545504,0.808,82.88,82.92,82.7,83.55
767,12:47,40441.291,233179.23,50861.668,67.763598,67.795616,67.620571,68.311072,0.032018,0.047,-0.143027,-0.211,0.547474,0.808,82.86,82.9,82.69,83.53
768,12:48,40441.536,233179.475,50861.913,68.008405,68.040539,67.864861,68.557854,0.032134,0.047,-0.143544,-0.211,0.549449,0.808,82.85,82.89,82.67,83.52
769,12:49,40441.781,233179.719,50862.156,68.252753,68.285002,68.108694,68.804175,0.032249,0.047,-0.144059,-0.211,0.551422,0.808,82.83,82.87,82.66,83.5
770,12:50,40442.025,233179.964,50862.401,68.497349,68.529714,68.352773,69.050745,0.032365,0.047,-0.144576,-0.211,0.553396,0.808,82.82,82.86,82.64,83.49
771,12:51,40442.27,233180.209,50862.645,68.74257,68.775051,68.597477,69.297943,0.032481,0.047,-0.145093,-0.211,0.555373,0.808,82.8,82.84,82.63,83.47
772,12:52,40442.516,233180.455,50862.89,68.988082,69.020679,68.842471,69.545433,0.032597,0.047,-0.145611,-0.211,0.557351,0.808,82.79,82.82,82.61,83.45
773,12:53,40442.762,233180.701,50863.135,69.23363,69.266343,69.0875,69.792958,0.032713,0.047,-0.14613,-0.211,0.559328,0.808,82.77,82.81,82.59,83.44
774,12:54,40443.007,233180.946,50863.38,69.478648,69.511477,69.332001,70.039951,0.032829,0.047,-0.146647,-0.211,0.561303,0.808,82.75,82.79,82.58,83.42
775,12:55,40443.251,233181.191,50863.624,69.723407,69.756351,69.576243,70.286685,0.032944,0.047,-0.147164,-0.211,0.563278,0.808,82.74,82.78,82.56,83.41
776,12:56,40443.496,233181.436,50863.868,69.968296,70.001356,69.820616,70.53355,0.03306,0.047,-0.14768,-0.211,0.565254,0.808,82.72,82.76,82.55,83.39
777,12:57,40443.74,233181.68,50864.112,70.21232,70.245495,70.064125,70.779544,0.033175,0.047,-0.148195,-0.211,0.567224,0.808,82.71,82.75,82.53,83.38
778,12:58,40443.984,233181.924,50864.355,70.456034,70.489324,70.307324,71.025223,0.03329,0.047,-0.14871,-0.211,0.569189,0.808,82.69,82.73,82.52,83.36
779,12:59,40444.228,233182.168,50864.598,70.69994,70.733346,70.550715,71.2711,0.033406,0.047,-0.149225,-0.211,0.57116,0.808,82.68,82.72,82.51,83.35
780,13:00,40444.48,233182.42,50864.851,70.952604,70.986129,70.802846,71.525808,0.033525,0.047,-0.149758,-0.211,0.573204,0.808,82.68,82.72,82.5,83.34
781,13:01,40444.732,233182.672,50865.102,71.204401,71.238045,71.054112,71.779634,0.033644,0.047,-0.150289,-0.211,0.575233,0.808,82.67,82.71,82.5,83.34
782,13:02,40444.984,233182.924,50865.353,71.455733,71.489496,71.304913,72.032991,0.033763,0.047,-0.15082,-0.211,0.577258,0.808,82.67,82.71,82.49,83.34
783,13:03,40445.235,233183.175,50865.603,71.706944,71.740825,71.555594,72.286225,0.033881,0.047,-0.15135,-0.211,0.579281,0.808,82.67,82.7,82.49,83.33
784,13:04,40445.485,233183.426,50865.853,71.957333,71.991333,71.805454,72.538622,0.034,0.047,-0.151879,-0.211,0.581289,0.808,82.66,82.7,82.49,83.33
785,13:05,40445.736,233183.677,50866.104,72.208143,72.242261,72.055735,72.79145,0.034118,0.047,-0.152408,-0.211,0.583307,0.808,82.66,82.7,82.48,83.33
786,13:06,40445.987,233183.928,50866.354,72.459028,72.493265,72.30609,73.044355,0.034237,0.047,-0.152938,-0.211,0.585327,0.808,82.66,82.69,82.48,83.32
787,13:07,40446.237,233184.178,50866.603,72.708866,72.743221,72.555401,73.296196,0.034355,0.047,-0.153465,-0.211,0.58733,0.808,82.65,82.69,82.48,83.32
788,13:08,40446.486,233184.427,50866.852,72.95792,72.992392,72.803929,73.547249,0.034472,0.047,-0.153991,-0.211,0.589329,0.808,82.65,82.69,82.48,83.32
789,13:09,40446.734,233184.675,50867.099,73.205927,73.240517,73.051413,73.797248,0.03459,0.047,-0.154514,-0.211,0.591321,0.808,82.65,82.69,82.47,83.32
790,13:10,40446.982,233184.923,50867.347,73.453806,73.488513,73.298769,74.047119,0.034707,0.047,-0.155037,-0.211,0.593313,0.808,82.65,82.68,82.47,83.31
791,13:11,40447.228,233185.169,50867.592,73.699638,73.734461,73.544082,74.29494,0.034823,0.047,-0.155556,-0.211,0.595302,0.808,82.64,82.68,82.47,83.31
792,13:12,40447.472,233185.414,50867.836,73.94421,73.979148,73.788138,74.541497,0.034938,0.047,-0.156072,-0.211,0.597287,0.808,82.64,82.68,82.47,83.31
793,13:13,40447.717,233185.658,50868.08,74.188888,74.223942,74.032299,74.788159,0.035054,0.047,-0.156589,-0.211,0.599271,0.808,82.64,82.68,82.46,83.31
794,13:14,40447.962,233185.903,50868.324,74.43374,74.46891,74.276634,75.034995,0.03517,0.047,-0.157106,-0.211,0.601255,0.808,82.64,82.68,82.46,83.3
795,13:15,40448.203,233186.144,50868.565,74.674752,74.710036,74.517138,75.277964,0.035284,0.047,-0.157614,-0.211,0.603212,0.808,82.63,82.67,82.46,83.3
796,13:16,40448.444,233186.386,50868.805,74.915747,74.951145,74.757624,75.520912,0.035398,0.047,-0.158123,-0.211,0.605165,0.808,82.63,82.67,82.45,83.29
797,13:17,40448.685,233186.627,50869.046,75.156964,75.192475,74.998332,75.764084,0.035511,0.047,-0.158632,-0.211,0.60712,0.808,82.62,82.66,82.45,83.29
798,13:18,40448.925,233186.868,50869.286,75.397566,75.433191,75.238426,76.006639,0.035625,0.047,-0.15914,-0.211,0.609073,0.808,82.62,82.66,82.44,83.29
799,13:19,40449.166,233187.108,50869.526,75.637756,75.673495,75.478109,76.24878,0.035739,0.047,-0.159647,-0.211,0.611024,0.808,82.61,82.65,82.44,83.28
800,13:20,40449.406,233187.349,50869.766,75.878351,75.914203,75.718196,76.491326,0.035852,0.047,-0.160155,-0.211,0.612975,0.808,82.61,82.65,82.43,83.28
801,13:21,40449.646,233187.589,50870.006,76.118495,76.154461,75.957834,76.733414,0.035966,0.047,-0.160661,-0.211,0.614919,0.808,82.6,82.64,82.43,83.27
802,13:22,40449.887,233187.829,50870.246,76.359017,76.395096,76.197848,76.975889,0.036079,0.047,-0.161169,-0.211,0.616872,0.808,82.6,82.64,82.43,83.27
803,13:23,40450.127,233188.07,50870.485,76.598984,76.635177,76.437308,77.2178,0.036193,0.047,-0.161676,-0.211,0.618816,0.808,82.6,82.64,82.42,83.26
804,13:24,40450.366,233188.309,50870.724,76.838156,76.874462,76.675976,77.458904,0.036306,0.047,-0.16218,-0.211,0.620748,0.808,82.59,82.63,82.42,83.26
805,13:25,40450.604,233188.547,50870.961,77.076335,77.112753,76.913652,77.699001,0.036418,0.047,-0.162683,-0.211,0.622666,0.808,82.59,82.63,82.42,83.26
806,13:26,40450.842,233188.785,50871.199,77.314232,77.350763,77.151047,77.938808,0.036531,0.047,-0.163185,-0.211,0.624576,0.808,82.59,82.63,82.41,83.26
807,13:27,40451.079,233189.022,50871.435,77.551182,77.587825,77.387497,78.177655,0.036643,0.047,-0.163685,-0.211,0.626473,0.808,82.59,82.62,82.41,83.25
808,13:28,40451.315,233189.259,50871.671,77.787475,77.824229,77.623291,78.415844,0.036754,0.047,-0.164184,-0.211,0.628369,0.808,82.58,82.62,82.41,83.25
809,13:29,40451.552,233189.495,50871.907,78.02385,78.060716,77.859167,78.654112,0.036866,0.047,-0.164683,-0.211,0.630262,0.808,82.58,82.62,82.41,83.25
810,13:30,40451.787,233189.73,50872.142,78.259112,78.296089,78.093932,78.891263,0.036977,0.047,-0.16518,-0.211,0.632151,0.808,82.58,82.62,82.4,83.24
811,13:31,40452.022,233189.965,50872.376,78.493955,78.531043,78.32828,79.127995,0.037088,0.047,-0.165675,-0.211,0.63404,0.808,82.58,82.61,82.4,83.24
812,13:32,40452.257,233190.201,50872.611,78.729287,78.766486,78.563115,79.365217,0.037199,0.047,-0.166172,-0.211,0.63593,0.808,82.57,82.61,82.4,83.24
813,13:33,40452.492,233190.435,50872.845,78.963771,79.001081,78.797104,79.601589,0.03731,0.047,-0.166667,-0.211,0.637818,0.808,82.57,82.61,82.4,83.24
814,13:34,40452.725,233190.669,50873.078,79.197454,79.234875,79.030294,79.837159,0.037421,0.047,-0.16716,-0.211,0.639705,0.808,82.57,82.61,82.39,83.23
815,13:35,40452.959,233190.903,50873.311,79.430619,79.46815,79.262967,80.07221,0.037531,0.047,-0.167652,-0.211,0.641591,0.808,82.57,82.6,82.39,83.23
816,13:36,40453.191,233191.135,50873.542,79.662784,79.700424,79.494642,80.306258,0.03764,0.047,-0.168142,-0.211,0.643474,0.808,82.56,82.6,82.39,83.23
817,13:37,40453.422,233191.366,50873.773,79.893986,79.931736,79.725356,80.539337,0.03775,0.047,-0.16863,-0.211,0.645351,0.808,82.56,82.6,82.39,83.23
818,13:38,40453.653,233191.597,50874.003,80.124635,80.162494,79.955518,80.771855,0.037859,0.047,-0.169117,-0.211,0.64722,0.808,82.56,82.6,82.38,83.23
819,13:39,40453.882,233191.826,50874.232,80.353906,80.391873,80.184305,81.002972,0.037967,0.047,-0.169601,-0.211,0.649066,0.808,82.56,82.6,82.38,83.22
820,13:40,40454.111,233192.055,50874.46,80.582689,80.620764,80.412605,81.233598,0.038075,0.047,-0.170084,-0.211,0.650909,0.808,82.55,82.59,82.38,83.22
821,13:41,40454.338,233192.283,50874.688,80.810497,80.84868,80.639932,81.463232,0.038183,0.047,-0.170565,-0.211,0.652735,0.808,82.55,82.59,82.38,83.22
822,13:42,40454.566,233192.511,50874.915,81.037913,81.076203,80.866868,81.69247,0.03829,0.047,-0.171045,-0.211,0.654557,0.808,82.55,82.59,82.38,83.22
823,13:43,40454.792,233192.737,50875.141,81.264371,81.302768,81.092848,81.920742,0.038397,0.047,-0.171523,-0.211,0.656371,0.808,82.55,82.59,82.38,83.22
824,13:44,40455.019,233192.964,50875.367,81.49079,81.529294,81.318789,82.148977,0.038504,0.047,-0.172001,-0.211,0.658187,0.808,82.55,82.59,82.38,83.22
825,13:45,40455.244,233193.19,50875.592,81.716539,81.75515,81.544062,82.37654,0.038611,0.047,-0.172477,-0.211,0.660001,0.808,82.55,82.59,82.37,83.22
826,13:46,40455.47,233193.415,50875.817,81.941733,81.98045,81.768781,82.603548,0.038717,0.047,-0.172952,-0.211,0.661815,0.808,82.55,82.59,82.37,83.21
827,13:47,40455.694,233193.639,50876.04,82.165732,82.204555,81.992307,82.829359,0.038823,0.047,-0.173425,-0.211,0.663627,0.808,82.55,82.59,82.37,83.21
828,13:48,40455.917,233193.862,50876.263,82.389034,82.427963,82.215137,83.05447,0.038929,0.047,-0.173897,-0.211,0.665436,0.808,82.55,82.59,82.37,83.21
829,13:49,40456.138,233194.084,50876.484,82.610368,82.649401,82.436004,83.277597,0.039033,0.047,-0.174364,-0.211,0.667229,0.808,82.55,82.59,82.37,83.21
830,13:50,40456.357,233194.303,50876.702,82.829428,82.868565,82.654602,83.498411,0.039137,0.047,-0.174826,-0.211,0.668983,0.808,82.55,82.59,82.37,83.21
831,13:51,40456.575,233194.521,50876.92,83.047505,83.086745,82.872219,83.718233,0.03924,0.047,-0.175286,-0.211,0.670728,0.808,82.55,82.59,82.37,83.21
832,13:52,40456.793,233194.739,50877.137,83.265402,83.304745,83.089656,83.937877,0.039343,0.047,-0.175746,-0.211,0.672475,0.808,82.55,82.58,82.37,83.21
833,13:53,40457.01,233194.956,50877.353,83.481918,83.521363,83.305715,84.156131,0.039445,0.047,-0.176203,-0.211,0.674213,0.808,82.55,82.58,82.37,83.21
834,13:54,40457.225,233195.171,50877.568,83.697328,83.736875,83.52067,84.373279,0.039547,0.047,-0.176658,-0.211,0.675951,0.808,82.55,82.58,82.37,83.21
835,13:55,40457.44,233195.386,50877.782,83.911724,83.951372,83.734614,84.589413,0.039648,0.047,-0.17711,-0.211,0.677689,0.808,82.55,82.58,82.37,83.21
836,13:56,40457.653,233195.599,50877.996,84.125303,84.165052,83.947742,84.804725,0.039749,0.047,-0.177561,-0.211,0.679422,0.808,82.55,82.58,82.37,83.21
837,13:57,40457.866,233195.812,50878.208,84.338121,84.377971,84.160111,85.019274,0.03985,0.047,-0.17801,-0.211,0.681153,0.808,82.54,82.58,82.37,83.21
838,13:58,40458.078,233196.025,50878.42,84.550205,84.590155,84.371747,85.233077,0.03995,0.047,-0.178458,-0.211,0.682872,0.808,82.54,82.58,82.37,83.21
839,13:59,40458.289,233196.235,50878.63,84.760706,84.800755,84.581804,85.445273,0.040049,0.047,-0.178902,-0.211,0.684567,0.808,82.54,82.58,82.37,83.21
840,14:00,40458.5,233196.447,50878.841,84.97231,85.012459,84.792961,85.658584,0.040149,0.047,-0.179349,-0.211,0.686274,0.808,82.54,82.58,82.37,83.21
841,14:01,40458.712,233196.659,50879.052,85.184002,85.224251,85.004206,85.871988,0.040249,0.047,-0.179796,-0.211,0.687986,0.808,82.54,82.58,82.37,83.21
842,14:02,40458.923,233196.869,50879.262,85.394698,85.435047,85.214457,86.084382,0.040349,0.047,-0.180241,-0.211,0.689684,0.808,82.54,82.58,82.37,83.21
843,14:03,40459.132,233197.079,50879.471,85.60397,85.644418,85.423288,86.295328,0.040448,0.047,-0.180682,-0.211,0.691358,0.808,82.54,82.58,82.37,83.21
844,14:04,40459.339,233197.286,50879.678,85.811529,85.852075,85.630409,86.504553,0.040546,0.047,-0.18112,-0.211,0.693024,0.808,82.54,82.58,82.37,83.21
845,14:05,40459.545,233197.492,50879.884,86.017447,86.05809,85.835892,86.712135,0.040643,0.047,-0.181555,-0.211,0.694688,0.808,82.54,82.58,82.37,83.21
846,14:06,40459.75,233197.697,50880.088,86.222109,86.262849,86.040122,86.91846,0.04074,0.047,-0.181987,-0.211,0.696351,0.808,82.54,82.58,82.37,83.21
847,14:07,40459.954,233197.901,50880.291,86.425828,86.466664,86.243411,87.123836,0.040836,0.047,-0.182417,-0.211,0.698008,0.808,82.54,82.58,82.37,83.21
848,14:08,40460.156,233198.104,50880.493,86.628369,86.669301,86.445525,87.328019,0.040932,0.047,-0.182844,-0.211,0.69965,0.808,82.54,82.58,82.37,83.21
849,14:09,40460.358,233198.305,50880.694,86.829613,86.87064,86.646344,87.53088,0.041027,0.047,-0.183269,-0.211,0.701267,0.808,82.54,82.58,82.37,83.21
850,14:10,40460.558,233198.505,50880.894,87.029638,87.070759,86.845947,87.732502,0.041121,0.047,-0.183691,-0.211,0.702864,0.808,82.55,82.58,82.37,83.21
851,14:11,40460.757,233198.704,50881.092,87.228661,87.269876,87.04455,87.933119,0.041215,0.047,-0.184111,-0.211,0.704458,0.808,82.55,82.59,82.37,83.21
852,14:12,40460.955,233198.902,50881.29,87.426807,87.468116,87.242277,88.132854,0.041309,0.047,-0.18453,-0.211,0.706047,0.808,82.55,82.59,82.37,83.21
853,14:13,40461.152,233199.1,50881.487,87.624133,87.665535,87.439187,88.331769,0.041402,0.047,-0.184946,-0.211,0.707636,0.808,82.55,82.59,82.37,83.21
854,14:14,40461.349,233199.297,50881.683,87.820659,87.862154,87.635298,88.529884,0.041495,0.047,-0.185361,-0.211,0.709225,0.808,82.55,82.59,82.37,83.21
855,14:15,40461.544,233199.492,50881.878,88.016022,88.057609,87.830249,88.726835,0.041587,0.047,-0.185773,-0.211,0.710813,0.808,82.55,82.59,82.37,83.22
856,14:16,40461.739,233199.688,50882.073,88.211558,88.253238,88.025372,88.92396,0.04168,0.047,-0.186186,-0.211,0.712402,0.808,82.55,82.59,82.38,83.22
857,14:17,40461.935,233199.883,50882.268,88.40681,88.448582,88.220212,89.120799,0.041772,0.047,-0.186598,-0.211,0.713989,0.808,82.55,82.59,82.38,83.22
858,14:18,40462.129,233200.078,50882.462,88.601332,88.643196,88.414323,89.316905,0.041864,0.047,-0.187009,-0.211,0.715573,0.808,82.55,82.59,82.38,83.22
859,14:19,40462.323,233200.272,50882.656,88.795452,88.837408,88.608034,89.512607,0.041956,0.047,-0.187418,-0.211,0.717155,0.808,82.55,82.59,82.38,83.22
860,14:20,40462.518,233200.466,50882.85,88.989621,89.031668,88.801793,89.708354,0.042047,0.047,-0.187828,-0.211,0.718733,0.808,82.55,82.59,82.38,83.22
861,14:21,40462.711,233200.66,50883.043,89.183137,89.225276,88.9949,89.90344,0.042139,0.047,-0.188237,-0.211,0.720303,0.808,82.56,82.6,82.38,83.22
862,14:22,40462.904,233200.853,50883.236,89.376513,89.418743,89.187868,90.098388,0.04223,0.047,-0.188645,-0.211,0.721875,0.808,82.56,82.6,82.38,83.22
863,14:23,40463.097,233201.046,50883.428,89.569104,89.611425,89.380053,90.292533,0.042321,0.047,-0.189051,-0.211,0.723429,0.808,82.56,82.6,82.39,83.23
864,14:24,40463.29,233201.239,50883.62,89.761787,89.804199,89.572329,90.486771,0.042412,0.047,-0.189458,-0.211,0.724984,0.808,82.56,82.6,82.39,83.23
865,14:25,40463.482,233201.431,50883.812,89.954234,89.996737,89.76437,90.680768,0.042503,0.047,-0.189864,-0.211,0.726534,0.808,82.56,82.6,82.39,83.23
866,14:26,40463.675,233201.624,50884.004,90.146796,90.18939,89.956525,90.874884,0.042594,0.047,-0.190271,-0.211,0.728088,0.808,82.56,82.6,82.39,83.23
867,14:27,40463.866,233201.815,50884.195,90.33839,90.381075,90.147715,91.068017,0.042685,0.047,-0.190675,-0.211,0.729627,0.808,82.57,82.61,82.39,83.23
868,14:28,40464.057,233202.007,50884.386,90.529503,90.572278,90.338425,91.260659,0.042775,0.047,-0.191078,-0.211,0.731156,0.808,82.57,82.61,82.39,83.24
869,14:29,40464.248,233202.197,50884.576,90.719954,90.762819,90.528474,91.452631,0.042865,0.047,-0.19148,-0.211,0.732677,0.808,82.57,82.61,82.4,83.24
870,14:30,40464.437,233202.386,50884.765,90.909166,90.95212,90.717286,91.643358,0.042954,0.047,-0.19188,-0.211,0.734192,0.808,82.57,82.61,82.4,83.24
871,14:31,40464.626,233202.575,50884.953,91.097667,91.14071,90.905389,91.833373,0.043043,0.047,-0.192278,-0.211,0.735706,0.808,82.57,82.61,82.4,83.24
872,14:32,40464.813,233202.763,50885.14,91.28538,91.328512,91.092706,92.0226,0.043132,0.047,-0.192674,-0.211,0.73722,0.808,82.58,82.62,82.4,83.24
873,14:33,40465.0,233202.95,50885.327,91.47196,91.51518,91.278892,92.210693,0.04322,0.047,-0.193068,-0.211,0.738733,0.808,82.58,82.62,82.41,83.25
874,14:34,40465.184,233203.134,50885.511,91.656594,91.699902,91.463137,92.396826,0.043308,0.047,-0.193457,-0.211,0.740232,0.808,82.58,82.62,82.41,83.25
875,14:35,40465.368,233203.318,50885.694,91.840108,91.883502,91.646263,92.581822,0.043394,0.047,-0.193845,-0.211,0.741714,0.808,82.58,82.62,82.41,83.25
876,14:36,40465.55,233203.5,50885.876,92.022119,92.065599,91.82789,92.765287,0.04348,0.047,-0.194229,-0.211,0.743168,0.808,82.59,82.63,82.41,83.25
877,14:37,40465.731,233203.681,50886.056,92.20294,92.246506,92.008329,92.947549,0.043566,0.047,-0.194611,-0.211,0.744609,0.808,82.59,82.63,82.41,83.26
878,14:38,40465.911,233203.861,50886.236,92.383064,92.426715,92.188073,93.129113,0.043651,0.047,-0.194991,-0.211,0.746049,0.808,82.59,82.63,82.42,83.26
879,14:39,40466.09,233204.04,50886.415,92.562182,92.605917,92.366813,93.30967,0.043735,0.047,-0.195369,-0.211,0.747488,0.808,82.59,82.63,82.42,83.26
880,14:40,40466.268,233204.219,50886.593,92.740565,92.784385,92.54482,93.489492,0.04382,0.047,-0.195745,-0.211,0.748927,0.808,82.6,82.64,82.42,83.26
881,14:41,40466.446,233204.396,50886.77,92.918105,92.962009,92.721985,93.668471,0.043904,0.047,-0.19612,-0.211,0.750366,0.808,82.6,82.64,82.43,83.27
882,14:42,40466.623,233204.574,50886.947,93.095544,93.139531,92.899049,93.847349,0.043987,0.047,-0.196495,-0.211,0.751805,0.808,82.6,82.64,82.43,83.27
883,14:43,40466.8,233204.75,50887.123,93.271977,93.316048,93.07511,94.025221,0.044071,0.047,-0.196867,-0.211,0.753244,0.808,82.61,82.65,82.43,83.27
884,14:44,40466.974,233204.925,50887.297,93.446313,93.490466,93.249078,94.200975,0.044153,0.047,-0.197235,-0.211,0.754662,0.808,82.61,82.65,82.44,83.28
885,14:45,40467.151,233205.102,50887.473,93.62307,93.667307,93.425462,94.37917,0.044237,0.047,-0.197608,-0.211,0.7561,0.808,82.62,82.66,82.44,83.28
886,14:46,40467.328,233205.278,50887.649,93.799685,93.844005,93.601704,94.557219,0.04432,0.047,-0.197981,-0.211,0.757534,0.808,82.62,82.66,82.45,83.29
887,14:47,40467.504,233205.455,50887.825,93.97599,94.020393,93.777637,94.734948,0.044403,0.047,-0.198353,-0.211,0.758958,0.808,82.63,82.67,82.45,83.29
888,14:48,40467.678,233205.629,50888.0,94.1506,94.195086,93.951879,94.910945,0.044486,0.047,-0.198721,-0.211,0.760345,0.808,82.63,82.67,82.46,83.3
889,14:49,40467.852,233205.803,50888.173,94.324349,94.368917,94.125261,95.086078,0.044568,0.047,-0.199088,-0.211,0.761729,0.808,82.64,82.68,82.46,83.3
890,14:50,40468.026,233205.977,50888.346,94.497946,94.542596,94.298491,95.261059,0.04465,0.047,-0.199455,-0.211,0.763113,0.808,82.64,82.68,82.47,83.31
891,14:51,40468.197,233206.149,50888.517,94.669534,94.714265,94.469717,95.434028,0.044731,0.047,-0.199817,-0.211,0.764494,0.808,82.65,82.69,82.47,83.32
892,14:52,40468.368,233206.319,50888.688,94.840232,94.885044,94.640055,95.606107,0.044812,0.047,-0.200177,-0.211,0.765875,0.808,82.65,82.69,82.48,83.32
893,14:53,40468.538,233206.49,50888.858,95.010457,95.055349,94.809921,95.777713,0.044892,0.047,-0.200536,-0.211,0.767256,0.808,82.66,82.7,82.48,83.33
894,14:54,40468.708,233206.659,50889.027,95.179949,95.224921,94.979055,95.948586,0.044972,0.047,-0.200894,-0.211,0.768637,0.808,82.66,82.7,82.49,83.33
895,14:55,40468.876,233206.827,50889.194,95.347876,95.392928,95.146628,96.117885,0.045052,0.047,-0.201248,-0.211,0.770009,0.808,82.67,82.71,82.49,83.34
896,14:56,40469.043,233206.995,50889.361,95.51504,95.560171,95.313439,96.286406,0.045131,0.047,-0.201601,-0.211,0.771366,0.808,82.67,82.71,82.5,83.34
897,14:57,40469.209,233207.16,50889.527,95.680871,95.72608,95.47892,96.453566,0.045209,0.047,-0.201951,-0.211,0.772695,0.808,82.68,82.72,82.5,83.35
898,14:58,40469.374,233207.326,50889.692,95.846197,95.891484,95.643897,96.620212,0.045287,0.047,-0.2023,-0.211,0.774015,0.808,82.68,82.72,82.51,83.35
899,14:59,40469.538,233207.49,50889.855,96.009963,96.055327,95.807317,96.785285,0.045364,0.047,-0.202646,-0.211,0.775322,0.808,82.69,82.73,82.52,83.36
900,15:00,40469.7,233207.652,50890.017,96.172118,96.217559,95.96913,96.948745,0.045441,0.047,-0.202988,-0.211,0.776627,0.808,82.7,82.73,82.52,83.36
901,15:01,40469.861,233207.813,50890.178,96.333361,96.378878,96.130032,97.111293,0.045517,0.047,-0.203329,-0.211,0.777932,0.808,82.7,82.74,82.53,83.37
902,15:02,40470.022,233207.974,50890.338,96.493962,96.539555,96.290295,97.273199,0.045593,0.047,-0.203667,-0.211,0.779237,0.808,82.71,82.75,82.53,83.37
903,15:03,40470.181,233208.134,50890.497,96.653587,96.699256,96.449583,97.434127,0.045669,0.047,-0.204004,-0.211,0.78054,0.808,82.71,82.75,82.54,83.38
904,15:04,40470.341,233208.293,50890.656,96.812731,96.858475,96.608391,97.59457,0.045744,0.047,-0.20434,-0.211,0.781839,0.808,82.72,82.76,82.54,83.38
905,15:05,40470.498,233208.451,50890.814,96.970431,97.016249,96.765758,97.753553,0.045818,0.047,-0.204673,-0.211,0.783122,0.808,82.72,82.76,82.55,83.39
906,15:06,40470.655,233208.607,50890.97,97.127116,97.173008,96.922112,97.911492,0.045892,0.047,-0.205004,-0.211,0.784376,0.808,82.73,82.77,82.55,83.39
907,15:07,40470.811,233208.763,50891.125,97.282626,97.328592,97.077294,98.068236,0.045966,0.047,-0.205332,-0.211,0.78561,0.808,82.73,82.77,82.56,83.4
908,15:08,40470.965,233208.918,50891.279,97.437146,97.483185,97.231488,98.223985,0.046039,0.047,-0.205658,-0.211,0.786839,0.808,82.74,82.77,82.56,83.4
909,15:09,40471.119,233209.071,50891.432,97.590641,97.636752,97.384659,98.378708,0.046111,0.047,-0.205982,-0.211,0.788067,0.808,82.74,82.78,82.57,83.41
910,15:10,40471.271,233209.224,50891.585,97.743509,97.789693,97.537204,98.532804,0.046184,0.047,-0.206305,-0.211,0.789295,0.808,82.75,82.78,82.57,83.41
911,15:11,40471.424,233209.377,50891.737,97.895893,97.942149,97.689266,98.686416,0.046256,0.047,-0.206627,-0.211,0.790523,0.808,82.75,82.79,82.58,83.42
912,15:12,40471.575,233209.528,50891.888,98.046908,98.093235,97.839963,98.838659,0.046327,0.047,-0.206945,-0.211,0.791751,0.808,82.76,82.79,82.58,83.42
913,15:13,40471.725,233209.678,50892.037,98.196815,98.243213,97.989553,98.989794,0.046398,0.047,-0.207262,-0.211,0.792979,0.808,82.76,82.8,82.59,83.43
914,15:14,40471.874,233209.827,50892.186,98.346202,98.39267,98.138625,99.140405,0.046468,0.047,-0.207577,-0.211,0.794203,0.808,82.77,82.8,82.59,83.43
915,15:15,40472.023,233209.976,50892.335,98.49492,98.541459,98.287029,99.29034,0.046539,0.047,-0.207891,-0.211,0.79542,0.808,82.77,82.81,82.6,83.44
916,15:16,40472.171,233210.124,50892.483,98.643037,98.689646,98.434834,99.439663,0.046609,0.047,-0.208203,-0.211,0.796626,0.808,82.78,82.81,82.6,83.44
917,15:17,40472.318,233210.271,50892.629,98.789884,98.836562,98.581371,99.587684,0.046678,0.047,-0.208513,-0.211,0.7978,0.808,82.78,82.82,82.61,83.45
918,15:18,40472.463,233210.417,50892.774,98.935394,98.982141,98.726573,99.734347,0.046747,0.047,-0.208821,-0.211,0.798953,0.808,82.79,82.82,82.61,83.45
919,15:19,40472.608,233210.561,50892.919,99.079936,99.126751,98.87081,99.88004,0.046815,0.047,-0.209126,-0.211,0.800104,0.808,82.79,82.83,82.62,83.46
920,15:20,40472.75,233210.704,50893.061,99.222409,99.269291,99.012983,100.023664,0.046882,0.047,-0.209426,-0.211,0.801255,0.808,82.79,82.83,82.62,83.46
921,15:21,40472.892,233210.845,50893.202,99.363946,99.410895,99.154221,100.166352,0.046949,0.047,-0.209725,-0.211,0.802406,0.808,82.8,82.84,82.62,83.47
922,15:22,40473.032,233210.986,50893.342,99.504434,99.55145,99.294412,100.307991,0.047016,0.047,-0.210022,-0.211,0.803557,0.808,82.8,82.84,82.63,83.47
923,15:23,40473.172,233211.125,50893.481,99.64382,99.690901,99.433504,100.44852,0.047081,0.047,-0.210316,-0.211,0.8047,0.808,82.81,82.85,82.64,83.48
924,15:24,40473.311,233211.264,50893.62,99.782918,99.830065,99.572309,100.588759,0.047147,0.047,-0.210609,-0.211,0.805841,0.808,82.82,82.85,82.64,83.48
925,15:25,40473.449,233211.403,50893.758,99.921381,99.968594,99.710479,100.728349,0.047213,0.047,-0.210902,-0.211,0.806968,0.808,82.82,82.86,82.65,83.49
926,15:26,40473.587,233211.54,50893.895,100.058624,100.105901,99.847433,100.866685,0.047277,0.047,-0.211191,-0.211,0.808061,0.808,82.83,82.86,82.65,83.49
927,15:27,40473.723,233211.677,50894.031,100.195015,100.242357,99.983536,101.004154,0.047342,0.047,-0.211479,-0.211,0.809139,0.808,82.83,82.87,82.66,83.5
928,15:28,40473.858,233211.811,50894.166,100.32973,100.377136,100.117966,101.139943,0.047406,0.047,-0.211764,-0.211,0.810213,0.808,82.84,82.88,82.66,83.5
929,15:29,40473.991,233211.945,50894.299,100.463074,100.510543,100.251029,101.274361,0.047469,0.047,-0.212045,-0.211,0.811287,0.808,82.84,82.88,82.67,83.51
930,15:30,40474.123,233212.077,50894.431,100.595471,100.643002,100.383147,101.407832,0.047531,0.047,-0.212324,-0.211,0.812361,0.808,82.85,82.89,82.67,83.52
931,15:31,40474.255,233212.209,50894.562,100.72684,100.774433,100.514238,101.540275,0.047593,0.047,-0.212602,-0.211,0.813435,0.808,82.85,82.89,82.68,83.52
932,15:32,40474.384,233212.338,50894.691,100.856334,100.903988,100.643459,101.670833,0.047654,0.047,-0.212875,-0.211,0.814499,0.808,82.86,82.9,82.68,83.53
933,15:33,40474.513,233212.467,50894.82,100.984938,101.032653,100.771792,101.800479,0.047715,0.047,-0.213146,-0.211,0.815541,0.808,82.86,82.9,82.69,83.53
934,15:34,40474.64,233212.595,50894.947,101.1124,101.160175,100.898984,101.928951,0.047775,0.047,-0.213416,-0.211,0.816551,0.808,82.87,82.91,82.69,83.54
935,15:35,40474.767,233212.722,50895.074,101.23947,101.287305,101.025786,102.057023,0.047835,0.047,-0.213684,-0.211,0.817553,0.808,82.87,82.91,82.7,83.54
936,15:36,40474.893,233212.847,50895.199,101.365219,101.413114,101.15127,102.18377,0.047895,0.047,-0.213949,-0.211,0.818551,0.808,82.88,82.92,82.7,83.55
937,15:37,40475.018,233212.972,50895.323,101.489781,101.537735,101.275569,102.309329,0.047954,0.047,-0.214212,-0.211,0.819548,0.808,82.88,82.92,82.71,83.55
938,15:38,40475.14,233213.095,50895.446,101.61251,101.660522,101.398039,102.433055,0.048012,0.047,-0.214471,-0.211,0.820545,0.808,82.89,82.93,82.71,83.56
939,15:39,40475.262,233213.216,50895.567,101.73397,101.782039,101.519243,102.555512,0.048069,0.047,-0.214727,-0.211,0.821542,0.808,82.89,82.93,82.72,83.56
940,15:40,40475.382,233213.337,50895.687,101.854211,101.902337,101.63923,102.676746,0.048126,0.047,-0.214981,-0.211,0.822535,0.808,82.9,82.93,82.72,83.56
941,15:41,40475.501,233213.455,50895.805,101.972784,102.020966,101.757552,102.796268,0.048182,0.047,-0.215232,-0.211,0.823484,0.808,82.9,82.94,82.72,83.57
942,15:42,40475.618,233213.573,50895.923,102.090507,102.138745,101.875027,102.914915,0.048238,0.047,-0.21548,-0.211,0.824408,0.808,82.9,82.94,82.73,83.57
943,15:43,40475.735,233213.689,50896.039,102.206801,102.255093,101.991076,103.03213,0.048292,0.047,-0.215725,-0.211,0.825329,0.808,82.91,82.95,82.73,83.58
944,15:44,40475.85,233213.805,50896.154,102.321799,102.370146,102.105831,103.148049,0.048347,0.047,-0.215968,-0.211,0.82625,0.808,82.91,82.95,82.74,83.58
945,15:45,40475.964,233213.919,50896.268,102.436034,102.484435,102.219825,103.263205,0.048401,0.047,-0.216209,-0.211,0.827171,0.808,82.92,82.96,82.74,83.59
946,15:46,40476.077,233214.032,50896.38,102.549024,102.597478,102.332576,103.377116,0.048454,0.047,-0.216448,-0.211,0.828092,0.808,82.92,82.96,82.75,83.59
947,15:47,40476.189,233214.144,50896.492,102.660811,102.709318,102.444127,103.489823,0.048507,0.047,-0.216684,-0.211,0.829012,0.808,82.93,82.97,82.75,83.6
948,15:48,40476.3,233214.255,50896.603,102.771734,102.820293,102.554816,103.601664,0.048559,0.047,-0.216918,-0.211,0.82993,0.808,82.93,82.97,82.76,83.6
949,15:49,40476.409,233214.364,50896.711,102.880801,102.929412,102.663653,103.711599,0.048611,0.047,-0.217148,-0.211,0.830798,0.808,82.94,82.97,82.76,83.61
950,15:50,40476.516,233214.472,50896.819,102.988598,103.03726,102.771222,103.820241,0.048662,0.047,-0.217376,-0.211,0.831643,0.808,82.94,82.98,82.77,83.61
951,15:51,40476.623,233214.578,50896.925,103.09509,103.143802,102.87749,103.927578,0.048712,0.047,-0.2176,-0.211,0.832488,0.807,82.94,82.98,82.77,83.61
952,15:52,40476.728,233214.684,50897.031,103.200566,103.249328,102.982743,104.033898,0.048762,0.047,-0.217823,-0.211,0.833332,0.807,82.95,82.99,82.77,83.62
953,15:53,40476.833,233214.788,50897.134,103.304621,103.353432,103.086578,104.138797,0.048811,0.047,-0.218043,-0.211,0.834176,0.807,82.95,82.99,82.78,83.62
954,15:54,40476.935,233214.891,50897.237,103.40747,103.45633,103.18921,104.24249,0.04886,0.047,-0.21826,-0.211,0.83502,0.808,82.96,83.0,82.78,83.63
955,15:55,40477.037,233214.992,50897.338,103.508968,103.557876,103.290494,104.344831,0.048908,0.047,-0.218474,-0.211,0.835863,0.808,82.96,83.0,82.79,83.63
956,15:56,40477.138,233215.093,50897.439,103.609856,103.658811,103.391169,104.446557,0.048955,0.047,-0.218687,-0.211,0.836701,0.808,82.97,83.01,82.79,83.64
957,15:57,40477.237,233215.192,50897.538,103.708928,103.75793,103.490032,104.546406,0.049002,0.047,-0.218896,-0.211,0.837478,0.808,82.97,83.01,82.8,83.64
958,15:58,40477.335,233215.291,50897.636,103.807145,103.856194,103.588042,104.645391,0.049049,0.047,-0.219103,-0.211,0.838246,0.808,82.97,83.01,82.8,83.64
959,15:59,40477.432,233215.388,50897.733,103.904126,103.95322,103.684818,104.74314,0.049094,0.047,-0.219308,-0.211,0.839014,0.807,82.98,83.02,82.8,83.65
960,16:00,40477.527,233215.483,50897.828,103.99961,104.04875,103.780101,104.839391,0.04914,0.047,-0.219509,-0.211,0.839781,0.807,82.98,83.02,82.81,83.65
961,16:01,40477.622,233215.577,50897.922,104.093877,104.143061,103.874169,104.934425,0.049184,0.047,-0.219708,-0.211,0.840548,0.807,82.99,83.03,82.81,83.66
962,16:02,40477.715,233215.67,50898.015,104.186768,104.235996,103.966863,105.028083,0.049228,0.047,-0.219905,-0.211,0.841315,0.808,82.99,83.03,82.82,83.66
963,16:03,40477.807,233215.763,50898.107,104.27887,104.328142,104.058771,105.120951,0.049272,0.047,-0.220099,-0.211,0.842081,0.808,82.99,83.03,82.82,83.66
964,16:04,40477.898,233215.853,50898.197,104.369764,104.419078,104.149473,105.212595,0.049314,0.047,-0.220291,-0.211,0.842831,0.808,83.0,83.04,82.82,83.67
965,16:05,40477.987,233215.943,50898.287,104.459366,104.508723,104.238886,105.302896,0.049357,0.047,-0.22048,-0.211,0.84353,0.808,83.0,83.04,82.83,83.67
966,16:06,40478.075,233216.031,50898.375,104.54752,104.596918,104.326854,105.391741,0.049398,0.047,-0.220666,-0.211,0.844221,0.807,83.01,83.04,82.83,83.68
967,16:07,40478.162,233216.118,50898.461,104.634541,104.683981,104.413691,105.479453,0.04944,0.047,-0.22085,-0.211,0.844912,0.807,83.01,83.05,82.83,83.68
968,16:08,40478.248,233216.204,50898.547,104.72056,104.77004,104.499529,105.566163,0.04948,0.047,-0.221031,-0.211,0.845603,0.807,83.01,83.05,82.84,83.68
969,16:09,40478.333,233216.289,50898.632,104.805454,104.854974,104.584244,105.651747,0.04952,0.047,-0.22121,-0.211,0.846293,0.807,83.02,83.06,82.84,83.69
970,16:10,40478.417,233216.373,50898.716,104.889192,104.938752,104.667805,105.736175,0.04956,0.047,-0.221387,-0.211,0.846983,0.808,83.02,83.06,82.84,83.69
971,16:11,40478.5,233216.456,50898.798,104.971658,105.021257,104.750097,105.819331,0.049599,0.047,-0.221561,-0.211,0.847673,0.808,83.02,83.06,82.85,83.69
972,16:12,40478.581,233216.537,50898.879,105.053104,105.102741,104.831371,105.90145,0.049637,0.047,-0.221733,-0.211,0.848346,0.808,83.03,83.07,82.85,83.7
973,16:13,40478.661,233216.617,50898.959,105.13321,105.182885,104.911308,105.982178,0.049675,0.047,-0.221902,-0.211,0.848968,0.808,83.03,83.07,82.85,83.7
974,16:14,40478.74,233216.696,50899.038,105.212287,105.262,104.990218,106.061871,0.049713,0.047,-0.222069,-0.211,0.849584,0.807,83.03,83.07,82.86,83.7
975,16:15,40478.818,233216.774,50899.116,105.290323,105.340072,105.068089,106.140522,0.049749,0.047,-0.222234,-0.211,0.850199,0.807,83.04,83.08,82.86,83.71
976,16:16,40478.895,233216.851,50899.192,105.367008,105.416794,105.144612,106.217821,0.049786,0.047,-0.222396,-0.211,0.850813,0.807,83.04,83.08,82.86,83.71
977,16:17,40478.97,233216.926,50899.268,105.442306,105.492127,105.219751,106.293732,0.049821,0.047,-0.222555,-0.211,0.851426,0.807,83.04,83.08,82.87,83.71
978,16:18,40479.044,233217.001,50899.342,105.516527,105.566383,105.293816,106.368566,0.049856,0.047,-0.222711,-0.211,0.852039,0.807,83.05,83.09,82.87,83.72
979,16:19,40479.118,233217.074,50899.415,105.589752,105.639643,105.366886,106.442404,0.049891,0.047,-0.222866,-0.211,0.852652,0.808,83.05,83.09,82.87,83.72
980,16:20,40479.189,233217.146,50899.486,105.661368,105.711293,105.438351,106.514609,0.049925,0.047,-0.223017,-0.211,0.853241,0.808,83.05,83.09,82.88,83.72
981,16:21,40479.26,233217.216,50899.557,105.731894,105.781852,105.508728,106.585676,0.049958,0.047,-0.223166,-0.211,0.853782,0.807,83.06,83.1,82.88,83.73
982,16:22,40479.329,233217.285,50899.625,105.800852,105.850843,105.577541,106.655172,0.049991,0.047,-0.223311,-0.211,0.85432,0.807,83.06,83.1,82.88,83.73
983,16:23,40479.397,233217.353,50899.693,105.868731,105.918754,105.645276,106.723589,0.050023,0.047,-0.223455,-0.211,0.854858,0.807,83.06,83.1,82.89,83.73
984,16:24,40479.463,233217.42,50899.76,105.93544,105.985494,105.711845,106.790836,0.050054,0.047,-0.223595,-0.211,0.855396,0.807,83.07,83.1,82.89,83.74
985,16:25,40479.529,233217.485,50899.825,106.001043,106.051128,105.777309,106.856976,0.050085,0.047,-0.223734,-0.211,0.855933,0.807,83.07,83.11,82.89,83.74
986,16:26,40479.593,233217.55,50899.889,106.065277,106.115393,105.841408,106.921746,0.050116,0.047,-0.223869,-0.211,0.856469,0.807,83.07,83.11,82.9,83.74
987,16:27,40479.656,233217.613,50899.952,106.128365,106.17851,105.904362,106.985368,0.050145,0.047,-0.224003,-0.211,0.857003,0.808,83.07,83.11,82.9,83.75
988,16:28,40479.718,233217.675,50900.014,106.190159,106.240334,105.966026,107.047657,0.050175,0.047,-0.224133,-0.211,0.857498,0.808,83.08,83.12,82.9,83.75
989,16:29,40479.778,233217.735,50900.074,106.250346,106.300549,106.026086,107.108305,0.050203,0.047,-0.22426,-0.211,0.857959,0.807,83.08,83.12,82.9,83.75
990,16:30,40479.837,233217.794,50900.133,106.309225,106.359456,106.084841,107.167645,0.050231,0.047,-0.224384,-0.211,0.85842,0.807,83.08,83.12,82.91,83.75
991,16:31,40479.895,233217.852,50900.19,106.366929,106.417187,106.142423,107.22581,0.050258,0.047,-0.224506,-0.211,0.858881,0.807,83.09,83.12,82.91,83.76
992,16:32,40479.951,233217.908,50900.247,106.42357,106.473855,106.198944,107.282912,0.050285,0.047,-0.224626,-0.211,0.859342,0.807,83.09,83.13,82.91,83.76
993,16:33,40480.007,233217.964,50900.302,106.479068,106.529379,106.254325,107.33887,0.050311,0.047,-0.224743,-0.211,0.859802,0.807,83.09,83.13,82.91,83.76
994,16:34,40480.061,233218.018,50900.356,106.533354,106.583691,106.308497,107.393616,0.050337,0.047,-0.224857,-0.211,0.860262,0.808,83.09,83.13,82.92,83.76
995,16:35,40480.114,233218.071,50900.409,106.586366,106.636728,106.361397,107.447085,0.050362,0.047,-0.224969,-0.211,0.860719,0.808,83.09,83.13,82.92,83.77
996,16:36,40480.166,233218.123,50900.461,106.638213,106.688599,106.413134,107.499324,0.050386,0.047,-0.225079,-0.211,0.861111,0.808,83.1,83.14,82.92,83.77
997,16:37,40480.217,233218.174,50900.512,106.68893,106.73934,106.463744,107.550425,0.05041,0.047,-0.225186,-0.211,0.861495,0.807,83.1,83.14,82.92,83.77
998,16:38,40480.266,233218.223,50900.561,106.738593,106.789027,106.513302,107.600472,0.050434,0.047,-0.225291,-0.211,0.861879,0.807,83.1,83.14,82.93,83.77
999,16:39,40480.315,233218.272,50900.609,106.787089,106.837546,106.561696,107.649352,0.050457,0.047,-0.225393,-0.211,0.862263,0.807,83.1,83.14,82.93,83.78
1000,16:40,40480.362,233218.319,50900.657,106.834537,106.885016,106.609044,107.697184,0.050479,0.047,-0.225493,-0.211,0.862647,0.807,83.11,83.15,82.93,83.78
1001,16:41,40480.409,233218.366,50900.703,106.880776,106.931277,106.655185,107.743807,0.050501,0.047,-0.225591,-0.211,0.863031,0.807,83.11,83.15,82.93,83.78
1002,16:42,40480.454,233218.411,50900.748,106.926067,106.976589,106.700381,107.789481,0.050522,0.047,-0.225686,-0.211,0.863414,0.807,83.11,83.15,82.94,83.78
1003,16:43,40480.498,233218.455,50900.792,106.970209,107.020752,106.74443,107.834006,0.050543,0.047,-0.225779,-0.211,0.863797,0.808,83.11,83.15,82.94,83.78
1004,16:44,40480.541,233218.498,50900.835,107.013254,107.063818,106.787384,107.877414,0.050564,0.047,-0.22587,-0.211,0.86416,0.808,83.11,83.15,82.94,83.79
1005,16:45,40480.583,233218.54,50900.877,107.055254,107.105837,106.829295,107.919722,0.050583,0.047,-0.225959,-0.211,0.864468,0.807,83.12,83.16,82.94,83.79
1006,16:46,40480.624,233218.581,50900.918,107.096142,107.146745,106.870097,107.960917,0.050603,0.047,-0.226045,-0.211,0.864775,0.807,83.12,83.16,82.94,83.79
1007,16:47,40480.664,233218.621,50900.958,107.135977,107.186599,106.909848,108.001059,0.050622,0.047,-0.226129,-0.211,0.865082,0.807,83.12,83.16,82.94,83.79
1008,16:48,40480.703,233218.66,50900.996,107.174757,107.225397,106.948546,108.040146,0.05064,0.047,-0.226211,-0.211,0.865389,0.807,83.12,83.16,82.95,83.79
1009,16:49,40480.74,233218.697,50901.034,107.21247,107.263128,106.986179,108.078166,0.050658,0.047,-0.226291,-0.211,0.865696,0.807,83.12,83.16,82.95,83.8
1010,16:50,40480.777,233218.734,50901.071,107.249273,107.299948,107.022905,108.115276,0.050675,0.047,-0.226368,-0.211,0.866003,0.807,83.13,83.17,82.95,83.8
1011,16:51,40480.813,233218.77,50901.106,107.284907,107.335599,107.058463,108.151217,0.050692,0.047,-0.226444,-0.211,0.86631,0.807,83.13,83.17,82.95,83.8
1012,16:52,40480.847,233218.805,50901.141,107.31948,107.370188,107.092963,108.186096,0.050708,0.047,-0.226517,-0.211,0.866616,0.808,83.13,83.17,82.95,83.8
1013,16:53,40480.881,233218.838,50901.174,107.352833,107.403557,107.126246,108.219723,0.050724,0.047,-0.226587,-0.211,0.86689,0.808,83.13,83.17,82.95,83.8
1014,16:54,40480.913,233218.87,50901.206,107.385025,107.435764,107.15837,108.252146,0.050739,0.047,-0.226655,-0.211,0.867121,0.807,83.13,83.17,82.96,83.8
1015,16:55,40480.944,233218.901,50901.237,107.41624,107.466994,107.189519,108.283592,0.050754,0.047,-0.226721,-0.211,0.867352,0.807,83.13,83.17,82.96,83.8
1016,16:56,40480.974,233218.931,50901.267,107.446287,107.497055,107.219503,108.31387,0.050768,0.047,-0.226784,-0.211,0.867583,0.807,83.13,83.17,82.96,83.81
1017,16:57,40481.003,233218.96,50901.296,107.47522,107.526002,107.248375,108.343033,0.050782,0.047,-0.226845,-0.211,0.867813,0.807,83.14,83.18,82.96,83.81
1018,16:58,40481.031,233218.988,50901.324,107.503076,107.553871,107.276172,108.371119,0.050795,0.047,-0.226904,-0.211,0.868043,0.807,83.14,83.18,82.96,83.81
1019,16:59,40481.058,233219.015,50901.351,107.52985,107.580658,107.302889,108.398123,0.050808,0.047,-0.226961,-0.211,0.868273,0.807,83.14,83.18,82.96,83.81
1020,17:00,40481.083,233219.041,50901.376,107.555584,107.606404,107.328569,108.424087,0.05082,0.047,-0.227015,-0.211,0.868503,0.807,83.14,83.18,82.96,83.81
1021,17:01,40481.108,233219.066,50901.401,107.580528,107.63136,107.35346,108.44926,0.050832,0.047,-0.227068,-0.211,0.868732,0.808,83.14,83.18,82.96,83.81
1022,17:02,40481.132,233219.09,50901.425,107.604513,107.655356,107.377395,108.473468,0.050843,0.047,-0.227118,-0.211,0.868955,0.808,83.14,83.18,82.97,83.81
1023,17:03,40481.155,233219.113,50901.448,107.627535,107.678389,107.400368,108.496644,0.050854,0.047,-0.227167,-0.211,0.869109,0.808,83.14,83.18,82.97,83.81
1024,17:04,40481.178,233219.135,50901.47,107.649619,107.700483,107.422406,108.518882,0.050864,0.047,-0.227213,-0.211,0.869263,0.807,83.14,83.18,82.97,83.81
1025,17:05,40481.199,233219.156,50901.491,107.670661,107.721535,107.443403,108.540078,0.050874,0.047,-0.227258,-0.211,0.869417,0.807,83.14,83.18,82.97,83.82
1026,17:06,40481.219,233219.176,50901.511,107.690636,107.74152,107.463336,108.560207,0.050884,0.047,-0.2273,-0.211,0.869571,0.807,83.14,83.18,82.97,83.82
1027,17:07,40481.238,233219.195,50901.53,107.709737,107.76063,107.482397,108.579462,0.050893,0.047,-0.22734,-0.211,0.869725,0.807,83.15,83.18,82.97,83.82
1028,17:08,40481.256,233219.213,50901.548,107.727908,107.778809,107.500529,108.597787,0.050901,0.047,-0.227379,-0.211,0.869879,0.807,83.15,83.19,82.97,83.82
1029,17:09,40481.273,233219.23,50901.566,107.745154,107.796063,107.517739,108.615186,0.050909,0.047,-0.227415,-0.211,0.870032,0.807,83.15,83.19,82.97,83.82
1030,17:10,40481.289,233219.247,50901.582,107.76144,107.812357,107.533991,108.631625,0.050917,0.047,-0.227449,-0.211,0.870185,0.808,83.15,83.19,82.97,83.82
1031,17:11,40481.305,233219.262,50901.597,107.776801,107.827725,107.549319,108.647139,0.050924,0.047,-0.227482,-0.211,0.870338,0.808,83.15,83.19,82.97,83.82
1032,17:12,40481.319,233219.277,50901.612,107.791233,107.842164,107.563721,108.661722,0.050931,0.047,-0.227512,-0.211,0.870489,0.808,83.15,83.19,82.97,83.82
1033,17:13,40481.333,233219.29,50901.625,107.804882,107.85582,107.577341,108.675448,0.050938,0.047,-0.227541,-0.211,0.870566,0.808,83.15,83.19,82.97,83.82
1034,17:14,40481.346,233219.303,50901.638,107.817655,107.868599,107.590087,108.688298,0.050944,0.047,-0.227568,-0.211,0.870643,0.808,83.15,83.19,82.97,83.82
1035,17:15,40481.357,233219.315,50901.65,107.829506,107.880455,107.601913,108.700226,0.050949,0.047,-0.227593,-0.211,0.87072,0.807,83.15,83.19,82.97,83.82
1036,17:16,40481.368,233219.326,50901.661,107.840502,107.891456,107.612886,108.711299,0.050954,0.047,-0.227616,-0.211,0.870797,0.807,83.15,83.19,82.98,83.82
1037,17:17,40481.379,233219.336,50901.671,107.850635,107.901594,107.622997,108.721509,0.050959,0.047,-0.227638,-0.211,0.870874,0.807,83.15,83.19,82.98,83.82
1038,17:18,40481.388,233219.345,50901.68,107.859912,107.910876,107.632255,108.730863,0.050964,0.047,-0.227657,-0.211,0.870951,0.807,83.15,83.19,82.98,83.82
1039,17:19,40481.396,233219.354,50901.688,107.868344,107.919312,107.640669,108.739372,0.050968,0.047,-0.227675,-0.211,0.871028,0.807,83.15,83.19,82.98,83.82
1040,17:20,40481.404,233219.361,50901.696,107.875886,107.926857,107.648195,108.746991,0.050971,0.047,-0.227691,-0.211,0.871105,0.808,83.15,83.19,82.98,83.82
1041,17:21,40481.41,233219.368,50901.703,107.882609,107.933583,107.654904,108.753791,0.050974,0.047,-0.227705,-0.211,0.871182,0.808,83.15,83.19,82.98,83.82
1042,17:22,40481.416,233219.374,50901.709,107.888562,107.939539,107.660844,108.759821,0.050977,0.047,-0.227718,-0.211,0.871259,0.808,83.15,83.19,82.98,83.82
1043,17:23,40481.422,233219.379,50901.714,107.893767,107.944747,107.666038,108.765102,0.05098,0.047,-0.227729,-0.211,0.871335,0.808,83.15,83.19,82.98,83.82
1044,17:24,40481.426,233219.384,50901.718,107.898311,107.949293,107.670573,108.769646,0.050982,0.047,-0.227738,-0.211,0.871335,0.808,83.15,83.19,82.98,83.82
1045,17:25,40481.43,233219.387,50901.722,107.902127,107.953111,107.674381,108.773462,0.050984,0.047,-0.227746,-0.211,0.871335,0.808,83.15,83.19,82.98,83.82
1046,17:26,40481.433,233219.391,50901.725,107.90524,107.956225,107.677487,108.776575,0.050985,0.047,-0.227753,-0.211,0.871335,0.808,83.15,83.19,82.98,83.82
1047,17:27,40481.436,233219.393,50901.728,107.907702,107.958688,107.679944,108.779037,0.050986,0.047,-0.227758,-0.211,0.871335,0.807,83.15,83.19,82.98,83.82
1048,17:28,40481.437,233219.395,50901.73,107.909538,107.960525,107.681776,108.780873,0.050987,0.047,-0.227762,-0.211,0.871335,0.807,83.15,83.19,82.98,83.82
1049,17:29,40481.437,233219.395,50901.73,107.909538,107.960525,107.681776,108.780873,0.050987,0.047,-0.227762,-0.211,0.871335,0.807,83.15,83.19,82.98,83.82
1050,17:30,40481.437,233219.395,50901.73,107.909538,107.960525,107.681776,108.780873,0.050987,0.047,-0.227762,-0.211,0.871335,0.807,83.15,83.19,82.98,83.82
1051,17:31,40481.437,233219.395,50901.73,107.909538,107.960525,107.681776,108.780873,0.050987,0.047,-0.227762,-0.211,0.871335,0.807,83.15,83.19,82.98,83.82
1052,17:32,40481.437,233219.395,50901.73,107.909538,107.960525,107.681776,108.780873,0.050987,0.047,-0.227762,-0.211,0.871335,0.807,83.15,83.19,82.98,83.82
1053,17:33,40481.437,233219.395,50901.73,107.909538,107.960525,107.681776,108.780873,0.050987,0.047,-0.227762,-0.211,0.871335,0.807,83.15,83.19,82.98,83.82
1054,17:34,40481.437,233219.395,50901.73,107.909538,107.960525,107.681776,108.780873,0.050987,0.047,-0.227762,-0.211,0.871335,0.807,83.15,83.19,82.98,83.82
1055,17:35,40481.437,233219.395,50901.73,107.909538,107.960525,107.681776,108.780873,0.050987,0.047,-0.227762,-0.211,0.871335,0.807,83.15,83.19,82.98,83.82
1056,17:36,40481.437,233219.395,50901.73,107.909538,107.960525,107.681776,108.780873,0.050987,0.047,-0.227762,-0.211,0.871335,0.807,83.15,83.19,82.98,83.82
1057,17:37,40481.437,233219.395,50901.73,107.909538,107.960525,107.681776,108.780873,0.050987,0.047,-0.227762,-0.211,0.871335,0.807,83.15,83.19,82.98,83.82
1058,17:38,40481.437,233219.395,50901.73,107.909538,107.960525,107.681776,108.780873,0.050987,0.047,-0.227762,-0.211,0.871335,0.807,83.15,83.19,82.98,83.82
1059,17:39,40481.437,233219.395,50901.73,107.909538,107.960525,107.681776,108.780873,0.050987,0.047,-0.227762,-0.211,0.871335,0.807,83.15,83.19,82.98,83.82
1060,17:40,40481.437,233219.395,50901.73,107.909538,107.960525,107.681776,108.780873,0.050987,0.047,-0.227762,-0.211,0.871335,0.807,83.15,83.19,82.98,83.82
1061,17:41,40481.437,233219.395,50901.73,107.909538,107.960525,107.681776,108.780873,0.050987,0.047,-0.227762,-0.211,0.871335,0.807,83.15,83.19,82.98,83.82
1062,17:42,40481.437,233219.395,50901.73,107.909538,107.960525,107.681776,108.780873,0.050987,0.047,-0.227762,-0.211,0.871335,0.807,83.15,83.19,82.98,83.82
1063,17:43,40481.437,233219.395,50901.73,107.909538,107.960525,107.681776,108.780873,0.050987,0.047,-0.227762,-0.211,0.871335,0.807,83.15,83.19,82.98,83.82
1064,17:44,40481.437,233219.395,50901.73,107.909538,107.960525,107.681776,108.780873,0.050987,0.047,-0.227762,-0.211,0.871335,0.807,83.15,83.19,82.98,83.82
1065,17:45,40481.437,233219.395,50901.73,107.909538,107.960525,107.681776,108.780873,0.050987,0.047,-0.227762,-0.211,0.871335,0.807,83.15,83.19,82.98,83.82
1066,17:46,40481.437,233219.395,50901.73,107.909538,107.960525,107.681776,108.780873,0.050987,0.047,-0.227762,-0.211,0.871335,0.807,83.15,83.19,82.98,83.82
1067,17:47,40481.437,233219.395,50901.73,107.909538,107.960525,107.681776,108.780873,0.050987,0.047,-0.227762,-0.211,0.871335,0.807,83.15,83.19,82.98,83.82
1068,17:48,40481.437,233219.395,50901.73,107.909538,107.960525,107.681776,108.780873,0.050987,0.047,-0.227762,-0.211,0.871335,0.807,83.15,83.19,82.98,83.82
1069,17:49,40481.437,233219.395,50901.73,107.909538,107.960525,107.681776,108.780873,0.050987,0.047,-0.227762,-0.211,0.871335,0.807,83.15,83.19,82.98,83.82
1070,17:50,40481.437,233219.395,50901.73,107.909538,107.960525,107.681776,108.780873,0.050987,0.047,-0.227762,-0.211,0.871335,0.807,83.15,83.19,82.98,83.82
1071,17:51,40481.437,233219.395,50901.73,107.909538,107.960525,107.681776,108.780873,0.050987,0.047,-0.227762,-0.211,0.871335,0.807,83.15,83.19,82.98,83.82
1072,17:52,40481.437,233219.395,50901.73,107.909538,107.960525,107.681776,108.780873,0.050987,0.047,-0.227762,-0.211,0.871335,0.807,83.15,83.19,82.98,83.82
1073,17:53,40481.437,233219.395,50901.73,107.909538,107.960525,107.681776,108.780873,0.050987,0.047,-0.227762,-0.211,0.871335,0.807,83.15,83.19,82.98,83.82
1074,17:54,40481.437,233219.395,50901.73,107.909538,107.960525,107.681776,108.780873,0.050987,0.047,-0.227762,-0.211,0.871335,0.807,83.15,83.19,82.98,83.82
1075,17:55,40481.437,233219.395,50901.73,107.909538,107.960525,107.681776,108.780873,0.050987,0.047,-0.227762,-0.211,0.871335,0.807,83.15,83.19,82.98,83.82
1076,17:56,40481.437,233219.395,50901.73,107.909538,107.960525,107.681776,108.780873,0.050987,0.047,-0.227762,-0.211,0.871335,0.807,83.15,83.19,82.98,83.82
1077,17:57,40481.437,233219.395,50901.73,107.909538,107.960525,107.681776,108.780873,0.050987,0.047,-0.227762,-0.211,0.871335,0.807,83.15,83.19,82.98,83.82
1078,17:58,40481.437,233219.395,50901.73,107.909538,107.960525,107.681776,108.780873,0.050987,0.047,-0.227762,-0.211,0.871335,0.807,83.15,83.19,82.98,83.82
1079,17:59,40481.437,233219.395,50901.73,107.909538,107.960525,107.681776,108.780873,0.050987,0.047,-0.227762,-0.211,0.871335,0.807,83.15,83.19,82.98,83.82
1080,18:00,40481.437,233219.395,50901.73,107.909538,107.960525,107.681776,108.780873,0.050987,0.047,-0.227762,-0.211,0.871335,0.807,83.15,83.19,82.98,83.82
1081,18:01,40481.437,233219.395,50901.73,107.909538,107.960525,107.681776,108.780873,0.050987,0.047,-0.227762,-0.211,0.871335,0.807,83.15,83.19,82.98,83.82
1082,18:02,40481.437,233219.395,50901.73,107.909538,107.960525,107.681776,108.780873,0.050987,0.047,-0.227762,-0.211,0.871335,0.807,83.15,83.19,82.98,83.82
1083,18:03,40481.437,233219.395,50901.73,107.909538,107.960525,107.681776,108.780873,0.050987,0.047,-0.227762,-0.211,0.871335,0.807,83.15,83.19,82.98,83.82
1084,18:04,40481.437,233219.395,50901.73,107.909538,107.960525,107.681776,108.780873,0.050987,0.047,-0.227762,-0.211,0.871335,0.807,83.15,83.19,82.98,83.82
1085,18:05,40481.437,233219.395,50901.73,107.909538,107.960525,107.681776,108.780873,0.050987,0.047,-0.227762,-0.211,0.871335,0.807,83.15,83.19,82.98,83.82
1086,18:06,40481.437,233219.395,50901.73,107.909538,107.960525,107.681776,108.780873,0.050987,0.047,-0.227762,-0.211,0.871335,0.807,83.15,83.19,82.98,83.82
1087,18:07,40481.437,233219.395,50901.73,107.909538,107.960525,107.681776,108.780873,0.050987,0.047,-0.227762,-0.211,0.871335,0.807,83.15,83.19,82.98,83.82
1088,18:08,40481.437,233219.395,50901.73,107.909538,107.960525,107.681776,108.780873,0.050987,0.047,-0.227762,-0.211,0.871335,0.807,83.15,83.19,82.98,83.82
1089,18:09,40481.437,233219.395,50901.73,107.909538,107.960525,107.681776,108.780873,0.050987,0.047,-0.227762,-0.211,0.871335,0.807,83.15,83.19,82.98,83.82
1090,18:10,40481.437,233219.395,50901.73,107.909538,107.960525,107.681776,108.780873,0.050987,0.047,-0.227762,-0.211,0.871335,0.807,83.15,83.19,82.98,83.82
1091,18:11,40481.437,233219.395,50901.73,107.909538,107.960525,107.681776,108.780873,0.050987,0.047,-0.227762,-0.211,0.871335,0.807,83.15,83.19,82.98,83.82
1092,18:12,40481.437,233219.395,50901.73,107.909538,107.960525,107.681776,108.780873,0.050987,0.047,-0.227762,-0.211,0.871335,0.807,83.15,83.19,82.98,83.82
1093,18:13,40481.437,233219.395,50901.73,107.909538,107.960525,107.681776,108.780873,0.050987,0.047,-0.227762,-0.211,0.871335,0.807,83.15,83.19,82.98,83.82
1094,18:14,40481.437,233219.395,50901.73,107.909538,107.960525,107.681776,108.780873,0.050987,0.047,-0.227762,-0.211,0.871335,0.807,83.15,83.19,82.98,83.82
1095,18:15,40481.437,233219.395,50901.73,107.909538,107.960525,107.681776,108.780873,0.050987,0.047,-0.227762,-0.211,0.871335,0.807,83.15,83.19,82.98,83.82
1096,18:16,40481.437,233219.395,50901.73,107.909538,107.960525,107.681776,108.780873,0.050987,0.047,-0.227762,-0.211,0.871335,0.807,83.15,83.19,82.98,83.82
1097,18:17,40481.437,233219.395,50901.73,107.909538,107.960525,107.681776,108.780873,0.050987,0.047,-0.227762,-0.211,0.871335,0.807,83.15,83.19,82.98,83.82
1098,18:18,40481.437,233219.395,50901.73,107.909538,107.960525,107.681776,108.780873,0.050987,0.047,-0.227762,-0.211,0.871335,0.807,83.15,83.19,82.98,83.82
1099,18:19,40481.437,233219.395,50901.73,107.909538,107.960525,107.681776,108.780873,0.050987,0.047,-0.227762,-0.211,0.871335,0.807,83.15,83.19,82.98,83.82
1100,18:20,40481.437,233219.395,50901.73,107.909538,107.960525,107.681776,108.780873,0.050987,0.047,-0.227762,-0.211,0.871335,0.807,83.15,83.19,82.98,83.82
1101,18:21,40481.437,233219.395,50901.73,107.909538,107.960525,107.681776,108.780873,0.050987,0.047,-0.227762,-0.211,0.871335,0.807,83.15,83.19,82.98,83.82
1102,18:22,40481.437,233219.395,50901.73,107.909538,107.960525,107.681776,108.780873,0.050987,0.047,-0.227762,-0.211,0.871335,0.807,83.15,83.19,82.98,83.82
1103,18:23,40481.437,233219.395,50901.73,107.909538,107.960525,107.681776,108.780873,0.050987,0.047,-0.227762,-0.211,0.871335,0.807,83.15,83.19,82.98,83.82
1104,18:24,40481.437,233219.395,50901.73,107.909538,107.960525,107.681776,108.780873,0.050987,0.047,-0.227762,-0.211,0.871335,0.807,83.15,83.19,82.98,83.82
1105,18:25,40481.437,233219.395,50901.73,107.909538,107.960525,107.681776,108.780873,0.050987,0.047,-0.227762,-0.211,0.871335,0.807,83.15,83.19,82.98,83.82
1106,18:26,40481.437,233219.395,50901.73,107.909538,107.960525,107.681776,108.780873,0.050987,0.047,-0.227762,-0.211,0.871335,0.807,83.15,83.19,82.98,83.82
1107,18:27,40481.437,233219.395,50901.73,107.909538,107.960525,107.681776,108.780873,0.050987,0.047,-0.227762,-0.211,0.871335,0.807,83.15,83.19,82.98,83.82
1108,18:28,40481.437,233219.395,50901.73,107.909538,107.960525,107.681776,108.780873,0.050987,0.047,-0.227762,-0.211,0.871335,0.807,83.15,83.19,82.98,83.82
1109,18:29,40481.437,233219.395,50901.73,107.909538,107.960525,107.681776,108.780873,0.050987,0.047,-0.227762,-0.211,0.871335,0.807,83.15,83.19,82.98,83.82
1110,18:30,40481.437,233219.395,50901.73,107.909538,107.960525,107.681776,108.780873,0.050987,0.047,-0.227762,-0.211,0.871335,0.807,83.15,83.19,82.98,83.82
1111,18:31,40481.437,233219.395,50901.73,107.909538,107.960525,107.681776,108.780873,0.050987,0.047,-0.227762,-0.211,0.871335,0.807,83.15,83.19,82.98,83.82
1112,18:32,40481.437,233219.395,50901.73,107.909538,107.960525,107.681776,108.780873,0.050987,0.047,-0.227762,-0.211,0.871335,0.807,83.15,83.19,82.98,83.82
1113,18:33,40481.437,233219.395,50901.73,107.909538,107.960525,107.681776,108.780873,0.050987,0.047,-0.227762,-0.211,0.871335,0.807,83.15,83.19,82.98,83.82
1114,18:34,40481.437,233219.395,50901.73,107.909538,107.960525,107.681776,108.780873,0.050987,0.047,-0.227762,-0.211,0.871335,0.807,83.15,83.19,82.98,83.82
1115,18:35,40481.437,233219.395,50901.73,107.909538,107.960525,107.681776,108.780873,0.050987,0.047,-0.227762,-0.211,0.871335,0.807,83.15,83.19,82.98,83.82
1116,18:36,40481.437,233219.395,50901.73,107.909538,107.960525,107.681776,108.780873,0.050987,0.047,-0.227762,-0.211,0.871335,0.807,83.15,83.19,82.98,83.82
1117,18:37,40481.437,233219.395,50901.73,107.909538,107.960525,107.681776,108.780873,0.050987,0.047,-0.227762,-0.211,0.871335,0.807,83.15,83.19,82.98,83.82
1118,18:38,40481.437,233219.395,50901.73,107.909538,107.960525,107.681776,108.780873,0.050987,0.047,-0.227762,-0.211,0.871335,0.807,83.15,83.19,82.98,83.82
1119,18:39,40481.437,233219.395,50901.73,107.909538,107.960525,107.681776,108.780873,0.050987,0.047,-0.227762,-0.211,0.871335,0.807,83.15,83.19,82.98,83.82
1120,18:40,40481.437,233219.395,50901.73,107.909538,107.960525,107.681776,108.780873,0.050987,0.047,-0.227762,-0.211,0.871335,0.807,83.15,83.19,82.98,83.82
1121,18:41,40481.437,233219.395,50901.73,107.909538,107.960525,107.681776,108.780873,0.050987,0.047,-0.227762,-0.211,0.871335,0.807,83.15,83.19,82.98,83.82
1122,18:42,40481.437,233219.395,50901.73,107.909538,107.960525,107.681776,108.780873,0.050987,0.047,-0.227762,-0.211,0.871335,0.807,83.15,83.19,82.98,83.82
1123,18:43,40481.437,233219.395,50901.73,107.909538,107.960525,107.681776,108.780873,0.050987,0.047,-0.227762,-0.211,0.871335,0.807,83.15,83.19,82.98,83.82
1124,18:44,40481.437,233219.395,50901.73,107.909538,107.960525,107.681776,108.780873,0.050987,0.047,-0.227762,-0.211,0.871335,0.807,83.15,83.19,82.98,83.82
1125,18:45,40481.437,233219.395,50901.73,107.909538,107.960525,107.681776,108.780873,0.050987,0.047,-0.227762,-0.211,0.871335,0.807,83.15,83.19,82.98,83.82
1126,18:46,40481.437,233219.395,50901.73,107.909538,107.960525,107.681776,108.780873,0.050987,0.047,-0.227762,-0.211,0.871335,0.807,83.15,83.19,82.98,83.82
1127,18:47,40481.437,233219.395,50901.73,107.909538,107.960525,107.681776,108.780873,0.050987,0.047,-0.227762,-0.211,0.871335,0.807,83.15,83.19,82.98,83.82
1128,18:48,40481.437,233219.395,50901.73,107.909538,107.960525,107.681776,108.780873,0.050987,0.047,-0.227762,-0.211,0.871335,0.807,83.15,83.19,82.98,83.82
1129,18:49,40481.437,233219.395,50901.73,107.909538,107.960525,107.681776,108.780873,0.050987,0.047,-0.227762,-0.211,0.871335,0.807,83.15,83.19,82.98,83.82
1130,18:50,40481.437,233219.395,50901.73,107.909538,107.960525,107.681776,108.780873,0.050987,0.047,-0.227762,-0.211,0.871335,0.807,83.15,83.19,82.98,83.82
1131,18:51,40481.437,233219.395,50901.73,107.909538,107.960525,107.681776,108.780873,0.050987,0.047,-0.227762,-0.211,0.871335,0.807,83.15,83.19,82.98,83.82
1132,18:52,40481.437,233219.395,50901.73,107.909538,107.960525,107.681776,108.780873,0.050987,0.047,-0.227762,-0.211,0.871335,0.807,83.15,83.19,82.98,83.82
1133,18:53,40481.437,233219.395,50901.73,107.909538,107.960525,107.681776,108.780873,0.050987,0.047,-0.227762,-0.211,0.871335,0.807,83.15,83.19,82.98,83.82
1134,18:54,40481.437,233219.395,50901.73,107.909538,107.960525,107.681776,108.780873,0.050987,0.047,-0.227762,-0.211,0.871335,0.807,83.15,83.19,82.98,83.82
1135,18:55,40481.437,233219.395,50901.73,107.909538,107.960525,107.681776,108.780873,0.050987,0.047,-0.227762,-0.211,0.871335,0.807,83.15,83.19,82.98,83.82
1136,18:56,40481.437,233219.395,50901.73,107.909538,107.960525,107.681776,108.780873,0.050987,0.047,-0.227762,-0.211,0.871335,0.807,83.15,83.19,82.98,83.82
1137,18:57,40481.437,233219.395,50901.73,107.909538,107.960525,107.681776,108.780873,0.050987,0.047,-0.227762,-0.211,0.871335,0.807,83.15,83.19,82.98,83.82
1138,18:58,40481.437,233219.395,50901.73,107.909538,107.960525,107.681776,108.780873,0.050987,0.047,-0.227762,-0.211,0.871335,0.807,83.15,83.19,82.98,83.82
1139,18:59,40481.437,233219.395,50901.73,107.909538,107.960525,107.681776,108.780873,0.050987,0.047,-0.227762,-0.211,0.871335,0.807,83.15,83.19,82.98,83.82
1140,19:00,40481.437,233219.395,50901.73,107.909538,107.960525,107.681776,108.780873,0.050987,0.047,-0.227762,-0.211,0.871335,0.807,83.15,83.19,82.98,83.82
1141,19:01,40481.437,233219.395,50901.73,107.909538,107.960525,107.681776,108.780873,0.050987,0.047,-0.227762,-0.211,0.871335,0.807,83.15,83.19,82.98,83.82
1142,19:02,40481.437,233219.395,50901.73,107.909538,107.960525,107.681776,108.780873,0.050987,0.047,-0.227762,-0.211,0.871335,0.807,83.15,83.19,82.98,83.82
1143,19:03,40481.437,233219.395,50901.73,107.909538,107.960525,107.681776,108.780873,0.050987,0.047,-0.227762,-0.211,0.871335,0.807,83.15,83.19,82.98,83.82
1144,19:04,40481.437,233219.395,50901.73,107.909538,107.960525,107.681776,108.780873,0.050987,0.047,-0.227762,-0.211,0.871335,0.807,83.15,83.19,82.98,83.82
1145,19:05,40481.437,233219.395,50901.73,107.909538,107.960525,107.681776,108.780873,0.050987,0.047,-0.227762,-0.211,0.871335,0.807,83.15,83.19,82.98,83.82
1146,19:06,40481.437,233219.395,50901.73,107.909538,107.960525,107.681776,108.780873,0.050987,0.047,-0.227762,-0.211,0.871335,0.807,83.15,83.19,82.98,83.82
1147,19:07,40481.437,233219.395,50901.73,107.909538,107.960525,107.681776,108.780873,0.050987,0.047,-0.227762,-0.211,0.871335,0.807,83.15,83.19,82.98,83.82
1148,19:08,40481.437,233219.395,50901.73,107.909538,107.960525,107.681776,108.780873,0.050987,0.047,-0.227762,-0.211,0.871335,0.807,83.15,83.19,82.98,83.82
1149,19:09,40481.437,233219.395,50901.73,107.909538,107.960525,107.681776,108.780873,0.050987,0.047,-0.227762,-0.211,0.871335,0.807,83.15,83.19,82.98,83.82
1150,19:10,40481.437,233219.395,50901.73,107.909538,107.960525,107.681776,108.780873,0.050987,0.047,-0.227762,-0.211,0.871335,0.807,83.15,83.19,82.98,83.82
1151,19:11,40481.437,233219.395,50901.73,107.909538,107.960525,107.681776,108.780873,0.050987,0.047,-0.227762,-0.211,0.871335,0.807,83.15,83.19,82.98,83.82
1152,19:12,40481.437,233219.395,50901.73,107.909538,107.960525,107.681776,108.780873,0.050987,0.047,-0.227762,-0.211,0.871335,0.807,83.15,83.19,82.98,83.82
1153,19:13,40481.437,233219.395,50901.73,107.909538,107.960525,107.681776,108.780873,0.050987,0.047,-0.227762,-0.211,0.871335,0.807,83.15,83.19,82.98,83.82
1154,19:14,40481.437,233219.395,50901.73,107.909538,107.960525,107.681776,108.780873,0.050987,0.047,-0.227762,-0.211,0.871335,0.807,83.15,83.19,82.98,83.82
1155,19:15,40481.437,233219.395,50901.73,107.909538,107.960525,107.681776,108.780873,0.050987,0.047,-0.227762,-0.211,0.871335,0.807,83.15,83.19,82.98,83.82
1156,19:16,40481.437,233219.395,50901.73,107.909538,107.960525,107.681776,108.780873,0.050987,0.047,-0.227762,-0.211,0.871335,0.807,83.15,83.19,82.98,83.82
1157,19:17,40481.437,233219.395,50901.73,107.909538,107.960525,107.681776,108.780873,0.050987,0.047,-0.227762,-0.211,0.871335,0.807,83.15,83.19,82.98,83.82
1158,19:18,40481.437,233219.395,50901.73,107.909538,107.960525,107.681776,108.780873,0.050987,0.047,-0.227762,-0.211,0.871335,0.807,83.15,83.19,82.98,83.82
1159,19:19,40481.437,233219.395,50901.73,107.909538,107.960525,107.681776,108.780873,0.050987,0.047,-0.227762,-0.211,0.871335,0.807,83.15,83.19,82.98,83.82
1160,19:20,40481.437,233219.395,50901.73,107.909538,107.960525,107.681776,108.780873,0.050987,0.047,-0.227762,-0.211,0.871335,0.807,83.15,83.19,82.98,83.82
1161,19:21,40481.437,233219.395,50901.73,107.909538,107.960525,107.681776,108.780873,0.050987,0.047,-0.227762,-0.211,0.871335,0.807,83.15,83.19,82.98,83.82
1162,19:22,40481.437,233219.395,50901.73,107.909538,107.960525,107.681776,108.780873,0.050987,0.047,-0.227762,-0.211,0.871335,0.807,83.15,83.19,82.98,83.82
1163,19:23,40481.437,233219.395,50901.73,107.909538,107.960525,107.681776,108.780873,0.050987,0.047,-0.227762,-0.211,0.871335,0.807,83.15,83.19,82.98,83.82
1164,19:24,40481.437,233219.395,50901.73,107.909538,107.960525,107.681776,108.780873,0.050987,0.047,-0.227762,-0.211,0.871335,0.807,83.15,83.19,82.98,83.82
1165,19:25,40481.437,233219.395,50901.73,107.909538,107.960525,107.681776,108.780873,0.050987,0.047,-0.227762,-0.211,0.871335,0.807,83.15,83.19,82.98,83.82
1166,19:26,40481.437,233219.395,50901.73,107.909538,107.960525,107.681776,108.780873,0.050987,0.047,-0.227762,-0.211,0.871335,0.807,83.15,83.19,82.98,83.82
1167,19:27,40481.437,233219.395,50901.73,107.909538,107.960525,107.681776,108.780873,0.050987,0.047,-0.227762,-0.211,0.871335,0.807,83.15,83.19,82.98,83.82
1168,19:28,40481.437,233219.395,50901.73,107.909538,107.960525,107.681776,108.780873,0.050987,0.047,-0.227762,-0.211,0.871335,0.807,83.15,83.19,82.98,83.82
1169,19:29,40481.437,233219.395,50901.73,107.909538,107.960525,107.681776,108.780873,0.050987,0.047,-0.227762,-0.211,0.871335,0.807,83.15,83.19,82.98,83.82
1170,19:30,40481.437,233219.395,50901.73,107.909538,107.960525,107.681776,108.780873,0.050987,0.047,-0.227762,-0.211,0.871335,0.807,83.15,83.19,82.98,83.82
1171,19:31,40481.437,233219.395,50901.73,107.909538,107.960525,107.681776,108.780873,0.050987,0.047,-0.227762,-0.211,0.871335,0.807,83.15,83.19,82.98,83.82
1172,19:32,40481.437,233219.395,50901.73,107.909538,107.960525,107.681776,108.780873,0.050987,0.047,-0.227762,-0.211,0.871335,0.807,83.15,83.19,82.98,83.82
1173,19:33,40481.437,233219.395,50901.73,107.909538,107.960525,107.681776,108.780873,0.050987,0.047,-0.227762,-0.211,0.871335,0.807,83.15,83.19,82.98,83.82
1174,19:34,40481.437,233219.395,50901.73,107.909538,107.960525,107.681776,108.780873,0.050987,0.047,-0.227762,-0.211,0.871335,0.807,83.15,83.19,82.98,83.82
1175,19:35,40481.437,233219.395,50901.73,107.909538,107.960525,107.681776,108.780873,0.050987,0.047,-0.227762,-0.211,0.871335,0.807,83.15,83.19,82.98,83.82
1176,19:36,40481.437,233219.395,50901.73,107.909538,107.960525,107.681776,108.780873,0.050987,0.047,-0.227762,-0.211,0.871335,0.807,83.15,83.19,82.98,83.82
1177,19:37,40481.437,233219.395,50901.73,107.909538,107.960525,107.681776,108.780873,0.050987,0.047,-0.227762,-0.211,0.871335,0.807,83.15,83.19,82.98,83.82
1178,19:38,40481.437,233219.395,50901.73,107.909538,107.960525,107.681776,108.780873,0.050987,0.047,-0.227762,-0.211,0.871335,0.807,83.15,83.19,82.98,83.82
1179,19:39,40481.437,233219.395,50901.73,107.909538,107.960525,107.681776,108.780873,0.050987,0.047,-0.227762,-0.211,0.871335,0.807,83.15,83.19,82.98,83.82
1180,19:40,40481.437,233219.395,50901.73,107.909538,107.960525,107.681776,108.780873,0.050987,0.047,-0.227762,-0.211,0.871335,0.807,83.15,83.19,82.98,83.82
1181,19:41,40481.437,233219.395,50901.73,107.909538,107.960525,107.681776,108.780873,0.050987,0.047,-0.227762,-0.211,0.871335,0.807,83.15,83.19,82.98,83.82
1182,19:42,40481.437,233219.395,50901.73,107.909538,107.960525,107.681776,108.780873,0.050987,0.047,-0.227762,-0.211,0.871335,0.807,83.15,83.19,82.98,83.82
1183,19:43,40481.437,233219.395,50901.73,107.909538,107.960525,107.681776,108.780873,0.050987,0.047,-0.227762,-0.211,0.871335,0.807,83.15,83.19,82.98,83.82
1184,19:44,40481.437,233219.395,50901.73,107.909538,107.960525,107.681776,108.780873,0.050987,0.047,-0.227762,-0.211,0.871335,0.807,83.15,83.19,82.98,83.82
1185,19:45,40481.437,233219.395,50901.73,107.909538,107.960525,107.681776,108.780873,0.050987,0.047,-0.227762,-0.211,0.871335,0.807,83.15,83.19,82.98,83.82
1186,19:46,40481.437,233219.395,50901.73,107.909538,107.960525,107.681776,108.780873,0.050987,0.047,-0.227762,-0.211,0.871335,0.807,83.15,83.19,82.98,83.82
1187,19:47,40481.437,233219.395,50901.73,107.909538,107.960525,107.681776,108.780873,0.050987,0.047,-0.227762,-0.211,0.871335,0.807,83.15,83.19,82.98,83.82
1188,19:48,40481.437,233219.395,50901.73,107.909538,107.960525,107.681776,108.780873,0.050987,0.047,-0.227762,-0.211,0.871335,0.807,83.15,83.19,82.98,83.82
1189,19:49,40481.437,233219.395,50901.73,107.909538,107.960525,107.681776,108.780873,0.050987,0.047,-0.227762,-0.211,0.871335,0.807,83.15,83.19,82.98,83.82
1190,19:50,40481.437,233219.395,50901.73,107.909538,107.960525,107.681776,108.780873,0.050987,0.047,-0.227762,-0.211,0.871335,0.807,83.15,83.19,82.98,83.82
1191,19:51,40481.437,233219.395,50901.73,107.909538,107.960525,107.681776,108.780873,0.050987,0.047,-0.227762,-0.211,0.871335,0.807,83.15,83.19,82.98,83.82
1192,19:52,40481.437,233219.395,50901.73,107.909538,107.960525,107.681776,108.780873,0.050987,0.047,-0.227762,-0.211,0.871335,0.807,83.15,83.19,82.98,83.82
1193,19:53,40481.437,233219.395,50901.73,107.909538,107.960525,107.681776,108.780873,0.050987,0.047,-0.227762,-0.211,0.871335,0.807,83.15,83.19,82.98,83.82
1194,19:54,40481.437,233219.395,50901.73,107.909538,107.960525,107.681776,108.780873,0.050987,0.047,-0.227762,-0.211,0.871335,0.807,83.15,83.19,82.98,83.82
1195,19:55,40481.437,233219.395,50901.73,107.909538,107.960525,107.681776,108.780873,0.050987,0.047,-0.227762,-0.211,0.871335,0.807,83.15,83.19,82.98,83.82
1196,19:56,40481.437,233219.395,50901.73,107.909538,107.960525,107.681776,108.780873,0.050987,0.047,-0.227762,-0.211,0.871335,0.807,83.15,83.19,82.98,83.82
1197,19:57,40481.437,233219.395,50901.73,107.909538,107.960525,107.681776,108.780873,0.050987,0.047,-0.227762,-0.211,0.871335,0.807,83.15,83.19,82.98,83.82
1198,19:58,40481.437,233219.395,50901.73,107.909538,107.960525,107.681776,108.780873,0.050987,0.047,-0.227762,-0.211,0.871335,0.807,83.15,83.19,82.98,83.82
1199,19:59,40481.437,233219.395,50901.73,107.909538,107.960525,107.681776,108.780873,0.050987,0.047,-0.227762,-0.211,0.871335,0.807,83.15,83.19,82.98,83.82
1200,20:00,40481.437,233219.395,50901.73,107.909538,107.960525,107.681776,108.780873,0.050987,0.047,-0.227762,-0.211,0.871335,0.807,83.15,83.19,82.98,83.82
1201,20:01,40481.437,233219.395,50901.73,107.909538,107.960525,107.681776,108.780873,0.050987,0.047,-0.227762,-0.211,0.871335,0.807,83.15,83.19,82.98,83.82
1202,20:02,40481.437,233219.395,50901.73,107.909538,107.960525,107.681776,108.780873,0.050987,0.047,-0.227762,-0.211,0.871335,0.807,83.15,83.19,82.98,83.82
1203,20:03,40481.437,233219.395,50901.73,107.909538,107.960525,107.681776,108.780873,0.050987,0.047,-0.227762,-0.211,0.871335,0.807,83.15,83.19,82.98,83.82
1204,20:04,40481.437,233219.395,50901.73,107.909538,107.960525,107.681776,108.780873,0.050987,0.047,-0.227762,-0.211,0.871335,0.807,83.15,83.19,82.98,83.82
1205,20:05,40481.437,233219.395,50901.73,107.909538,107.960525,107.681776,108.780873,0.050987,0.047,-0.227762,-0.211,0.871335,0.807,83.15,83.19,82.98,83.82
1206,20:06,40481.437,233219.395,50901.73,107.909538,107.960525,107.681776,108.780873,0.050987,0.047,-0.227762,-0.211,0.871335,0.807,83.15,83.19,82.98,83.82
1207,20:07,40481.437,233219.395,50901.73,107.909538,107.960525,107.681776,108.780873,0.050987,0.047,-0.227762,-0.211,0.871335,0.807,83.15,83.19,82.98,83.82
1208,20:08,40481.437,233219.395,50901.73,107.909538,107.960525,107.681776,108.780873,0.050987,0.047,-0.227762,-0.211,0.871335,0.807,83.15,83.19,82.98,83.82
1209,20:09,40481.437,233219.395,50901.73,107.909538,107.960525,107.681776,108.780873,0.050987,0.047,-0.227762,-0.211,0.871335,0.807,83.15,83.19,82.98,83.82
1210,20:10,40481.437,233219.395,50901.73,107.909538,107.960525,107.681776,108.780873,0.050987,0.047,-0.227762,-0.211,0.871335,0.807,83.15,83.19,82.98,83.82
1211,20:11,40481.437,233219.395,50901.73,107.909538,107.960525,107.681776,108.780873,0.050987,0.047,-0.227762,-0.211,0.871335,0.807,83.15,83.19,82.98,83.82
1212,20:12,40481.437,233219.395,50901.73,107.909538,107.960525,107.681776,108.780873,0.050987,0.047,-0.227762,-0.211,0.871335,0.807,83.15,83.19,82.98,83.82
1213,20:13,40481.437,233219.395,50901.73,107.909538,107.960525,107.681776,108.780873,0.050987,0.047,-0.227762,-0.211,0.871335,0.807,83.15,83.19,82.98,83.82
1214,20:14,40481.437,233219.395,50901.73,107.909538,107.960525,107.681776,108.780873,0.050987,0.047,-0.227762,-0.211,0.871335,0.807,83.15,83.19,82.98,83.82
1215,20:15,40481.437,233219.395,50901.73,107.909538,107.960525,107.681776,108.780873,0.050987,0.047,-0.227762,-0.211,0.871335,0.807,83.15,83.19,82.98,83.82
1216,20:16,40481.437,233219.395,50901.73,107.909538,107.960525,107.681776,108.780873,0.050987,0.047,-0.227762,-0.211,0.871335,0.807,83.15,83.19,82.98,83.82
1217,20:17,40481.437,233219.395,50901.73,107.909538,107.960525,107.681776,108.780873,0.050987,0.047,-0.227762,-0.211,0.871335,0.807,83.15,83.19,82.98,83.82
1218,20:18,40481.437,233219.395,50901.73,107.909538,107.960525,107.681776,108.780873,0.050987,0.047,-0.227762,-0.211,0.871335,0.807,83.15,83.19,82.98,83.82
1219,20:19,40481.437,233219.395,50901.73,107.909538,107.960525,107.681776,108.780873,0.050987,0.047,-0.227762,-0.211,0.871335,0.807,83.15,83.19,82.98,83.82
1220,20:20,40481.437,233219.395,50901.73,107.909538,107.960525,107.681776,108.780873,0.050987,0.047,-0.227762,-0.211,0.871335,0.807,83.15,83.19,82.98,83.82
1221,20:21,40481.437,233219.395,50901.73,107.909538,107.960525,107.681776,108.780873,0.050987,0.047,-0.227762,-0.211,0.871335,0.807,83.15,83.19,82.98,83.82
1222,20:22,40481.437,233219.395,50901.73,107.909538,107.960525,107.681776,108.780873,0.050987,0.047,-0.227762,-0.211,0.871335,0.807,83.15,83.19,82.98,83.82
1223,20:23,40481.437,233219.395,50901.73,107.909538,107.960525,107.681776,108.780873,0.050987,0.047,-0.227762,-0.211,0.871335,0.807,83.15,83.19,82.98,83.82
1224,20:24,40481.437,233219.395,50901.73,107.909538,107.960525,107.681776,108.780873,0.050987,0.047,-0.227762,-0.211,0.871335,0.807,83.15,83.19,82.98,83.82
1225,20:25,40481.437,233219.395,50901.73,107.909538,107.960525,107.681776,108.780873,0.050987,0.047,-0.227762,-0.211,0.871335,0.807,83.15,83.19,82.98,83.82
1226,20:26,40481.437,233219.395,50901.73,107.909538,107.960525,107.681776,108.780873,0.050987,0.047,-0.227762,-0.211,0.871335,0.807,83.15,83.19,82.98,83.82
1227,20:27,40481.437,233219.395,50901.73,107.909538,107.960525,107.681776,108.780873,0.050987,0.047,-0.227762,-0.211,0.871335,0.807,83.15,83.19,82.98,83.82
1228,20:28,40481.437,233219.395,50901.73,107.909538,107.960525,107.681776,108.780873,0.050987,0.047,-0.227762,-0.211,0.871335,0.807,83.15,83.19,82.98,83.82
1229,20:29,40481.437,233219.395,50901.73,107.909538,107.960525,107.681776,108.780873,0.050987,0.047,-0.227762,-0.211,0.871335,0.807,83.15,83.19,82.98,83.82
1230,20:30,40481.437,233219.395,50901.73,107.909538,107.960525,107.681776,108.780873,0.050987,0.047,-0.227762,-0.211,0.871335,0.807,83.15,83.19,82.98,83.82
1231,20:31,40481.437,233219.395,50901.73,107.909538,107.960525,107.681776,108.780873,0.050987,0.047,-0.227762,-0.211,0.871335,0.807,83.15,83.19,82.98,83.82
1232,20:32,40481.437,233219.395,50901.73,107.909538,107.960525,107.681776,108.780873,0.050987,0.047,-0.227762,-0.211,0.871335,0.807,83.15,83.19,82.98,83.82
1233,20:33,40481.437,233219.395,50901.73,107.909538,107.960525,107.681776,108.780873,0.050987,0.047,-0.227762,-0.211,0.871335,0.807,83.15,83.19,82.98,83.82
1234,20:34,40481.437,233219.395,50901.73,107.909538,107.960525,107.681776,108.780873,0.050987,0.047,-0.227762,-0.211,0.871335,0.807,83.15,83.19,82.98,83.82
1235,20:35,40481.437,233219.395,50901.73,107.909538,107.960525,107.681776,108.780873,0.050987,0.047,-0.227762,-0.211,0.871335,0.807,83.15,83.19,82.98,83.82
1236,20:36,40481.437,233219.395,50901.73,107.909538,107.960525,107.681776,108.780873,0.050987,0.047,-0.227762,-0.211,0.871335,0.807,83.15,83.19,82.98,83.82
1237,20:37,40481.437,233219.395,50901.73,107.909538,107.960525,107.681776,108.780873,0.050987,0.047,-0.227762,-0.211,0.871335,0.807,83.15,83.19,82.98,83.82
1238,20:38,40481.437,233219.395,50901.73,107.909538,107.960525,107.681776,108.780873,0.050987,0.047,-0.227762,-0.211,0.871335,0.807,83.15,83.19,82.98,83.82
1239,20:39,40481.437,233219.395,50901.73,107.909538,107.960525,107.681776,108.780873,0.050987,0.047,-0.227762,-0.211,0.871335,0.807,83.15,83.19,82.98,83.82
1240,20:40,40481.437,233219.395,50901.73,107.909538,107.960525,107.681776,108.780873,0.050987,0.047,-0.227762,-0.211,0.871335,0.807,83.15,83.19,82.98,83.82
1241,20:41,40481.437,233219.395,50901.73,107.909538,107.960525,107.681776,108.780873,0.050987,0.047,-0.227762,-0.211,0.871335,0.807,83.15,83.19,82.98,83.82
1242,20:42,40481.437,233219.395,50901.73,107.909538,107.960525,107.681776,108.780873,0.050987,0.047,-0.227762,-0.211,0.871335,0.807,83.15,83.19,82.98,83.82
1243,20:43,40481.437,233219.395,50901.73,107.909538,107.960525,107.681776,108.780873,0.050987,0.047,-0.227762,-0.211,0.871335,0.807,83.15,83.19,82.98,83.82
1244,20:44,40481.437,233219.395,50901.73,107.909538,107.960525,107.681776,108.780873,0.050987,0.047,-0.227762,-0.211,0.871335,0.807,83.15,83.19,82.98,83.82
1245,20:45,40481.437,233219.395,50901.73,107.909538,107.960525,107.681776,108.780873,0.050987,0.047,-0.227762,-0.211,0.871335,0.807,83.15,83.19,82.98,83.82
1246,20:46,40481.437,233219.395,50901.73,107.909538,107.960525,107.681776,108.780873,0.050987,0.047,-0.227762,-0.211,0.871335,0.807,83.15,83.19,82.98,83.82
1247,20:47,40481.437,233219.395,50901.73,107.909538,107.960525,107.681776,108.780873,0.050987,0.047,-0.227762,-0.211,0.871335,0.807,83.15,83.19,82.98,83.82
1248,20:48,40481.437,233219.395,50901.73,107.909538,107.960525,107.681776,108.780873,0.050987,0.047,-0.227762,-0.211,0.871335,0.807,83.15,83.19,82.98,83.82
1249,20:49,40481.437,233219.395,50901.73,107.909538,107.960525,107.681776,108.780873,0.050987,0.047,-0.227762,-0.211,0.871335,0.807,83.15,83.19,82.98,83.82
1250,20:50,40481.437,233219.395,50901.73,107.909538,107.960525,107.681776,108.780873,0.050987,0.047,-0.227762,-0.211,0.871335,0.807,83.15,83.19,82.98,83.82
1251,20:51,40481.437,233219.395,50901.73,107.909538,107.960525,107.681776,108.780873,0.050987,0.047,-0.227762,-0.211,0.871335,0.807,83.15,83.19,82.98,83.82
1252,20:52,40481.437,233219.395,50901.73,107.909538,107.960525,107.681776,108.780873,0.050987,0.047,-0.227762,-0.211,0.871335,0.807,83.15,83.19,82.98,83.82
1253,20:53,40481.437,233219.395,50901.73,107.909538,107.960525,107.681776,108.780873,0.050987,0.047,-0.227762,-0.211,0.871335,0.807,83.15,83.19,82.98,83.82
1254,20:54,40481.437,233219.395,50901.73,107.909538,107.960525,107.681776,108.780873,0.050987,0.047,-0.227762,-0.211,0.871335,0.807,83.15,83.19,82.98,83.82
1255,20:55,40481.437,233219.395,50901.73,107.909538,107.960525,107.681776,108.780873,0.050987,0.047,-0.227762,-0.211,0.871335,0.807,83.15,83.19,82.98,83.82
1256,20:56,40481.437,233219.395,50901.73,107.909538,107.960525,107.681776,108.780873,0.050987,0.047,-0.227762,-0.211,0.871335,0.807,83.15,83.19,82.98,83.82
1257,20:57,40481.437,233219.395,50901.73,107.909538,107.960525,107.681776,108.780873,0.050987,0.047,-0.227762,-0.211,0.871335,0.807,83.15,83.19,82.98,83.82
1258,20:58,40481.437,233219.395,50901.73,107.909538,107.960525,107.681776,108.780873,0.050987,0.047,-0.227762,-0.211,0.871335,0.807,83.15,83.19,82.98,83.82
1259,20:59,40481.437,233219.395,50901.73,107.909538,107.960525,107.681776,108.780873,0.050987,0.047,-0.227762,-0.211,0.871335,0.807,83.15,83.19,82.98,83.82
1260,21:00,40481.437,233219.395,50901.73,107.909538,107.960525,107.681776,108.780873,0.050987,0.047,-0.227762,-0.211,0.871335,0.807,83.15,83.19,82.98,83.82
1261,21:01,40481.437,233219.395,50901.73,107.909538,107.960525,107.681776,108.780873,0.050987,0.047,-0.227762,-0.211,0.871335,0.807,83.15,83.19,82.98,83.82
1262,21:02,40481.437,233219.395,50901.73,107.909538,107.960525,107.681776,108.780873,0.050987,0.047,-0.227762,-0.211,0.871335,0.807,83.15,83.19,82.98,83.82
1263,21:03,40481.437,233219.395,50901.73,107.909538,107.960525,107.681776,108.780873,0.050987,0.047,-0.227762,-0.211,0.871335,0.807,83.15,83.19,82.98,83.82
1264,21:04,40481.437,233219.395,50901.73,107.909538,107.960525,107.681776,108.780873,0.050987,0.047,-0.227762,-0.211,0.871335,0.807,83.15,83.19,82.98,83.82
1265,21:05,40481.437,233219.395,50901.73,107.909538,107.960525,107.681776,108.780873,0.050987,0.047,-0.227762,-0.211,0.871335,0.807,83.15,83.19,82.98,83.82
1266,21:06,40481.437,233219.395,50901.73,107.909538,107.960525,107.681776,108.780873,0.050987,0.047,-0.227762,-0.211,0.871335,0.807,83.15,83.19,82.98,83.82
1267,21:07,40481.437,233219.395,50901.73,107.909538,107.960525,107.681776,108.780873,0.050987,0.047,-0.227762,-0.211,0.871335,0.807,83.15,83.19,82.98,83.82
1268,21:08,40481.437,233219.395,50901.73,107.909538,107.960525,107.681776,108.780873,0.050987,0.047,-0.227762,-0.211,0.871335,0.807,83.15,83.19,82.98,83.82
1269,21:09,40481.437,233219.395,50901.73,107.909538,107.960525,107.681776,108.780873,0.050987,0.047,-0.227762,-0.211,0.871335,0.807,83.15,83.19,82.98,83.82
1270,21:10,40481.437,233219.395,50901.73,107.909538,107.960525,107.681776,108.780873,0.050987,0.047,-0.227762,-0.211,0.871335,0.807,83.15,83.19,82.98,83.82
1271,21:11,40481.437,233219.395,50901.73,107.909538,107.960525,107.681776,108.780873,0.050987,0.047,-0.227762,-0.211,0.871335,0.807,83.15,83.19,82.98,83.82
1272,21:12,40481.437,233219.395,50901.73,107.909538,107.960525,107.681776,108.780873,0.050987,0.047,-0.227762,-0.211,0.871335,0.807,83.15,83.19,82.98,83.82
1273,21:13,40481.437,233219.395,50901.73,107.909538,107.960525,107.681776,108.780873,0.050987,0.047,-0.227762,-0.211,0.871335,0.807,83.15,83.19,82.98,83.82
1274,21:14,40481.437,233219.395,50901.73,107.909538,107.960525,107.681776,108.780873,0.050987,0.047,-0.227762,-0.211,0.871335,0.807,83.15,83.19,82.98,83.82
1275,21:15,40481.437,233219.395,50901.73,107.909538,107.960525,107.681776,108.780873,0.050987,0.047,-0.227762,-0.211,0.871335,0.807,83.15,83.19,82.98,83.82
1276,21:16,40481.437,233219.395,50901.73,107.909538,107.960525,107.681776,108.780873,0.050987,0.047,-0.227762,-0.211,0.871335,0.807,83.15,83.19,82.98,83.82
1277,21:17,40481.437,233219.395,50901.73,107.909538,107.960525,107.681776,108.780873,0.050987,0.047,-0.227762,-0.211,0.871335,0.807,83.15,83.19,82.98,83.82
1278,21:18,40481.437,233219.395,50901.73,107.909538,107.960525,107.681776,108.780873,0.050987,0.047,-0.227762,-0.211,0.871335,0.807,83.15,83.19,82.98,83.82
1279,21:19,40481.437,233219.395,50901.73,107.909538,107.960525,107.681776,108.780873,0.050987,0.047,-0.227762,-0.211,0.871335,0.807,83.15,83.19,82.98,83.82
1280,21:20,40481.437,233219.395,50901.73,107.909538,107.960525,107.681776,108.780873,0.050987,0.047,-0.227762,-0.211,0.871335,0.807,83.15,83.19,82.98,83.82
1281,21:21,40481.437,233219.395,50901.73,107.909538,107.960525,107.681776,108.780873,0.050987,0.047,-0.227762,-0.211,0.871335,0.807,83.15,83.19,82.98,83.82
1282,21:22,40481.437,233219.395,50901.73,107.909538,107.960525,107.681776,108.780873,0.050987,0.047,-0.227762,-0.211,0.871335,0.807,83.15,83.19,82.98,83.82
1283,21:23,40481.437,233219.395,50901.73,107.909538,107.960525,107.681776,108.780873,0.050987,0.047,-0.227762,-0.211,0.871335,0.807,83.15,83.19,82.98,83.82
1284,21:24,40481.437,233219.395,50901.73,107.909538,107.960525,107.681776,108.780873,0.050987,0.047,-0.227762,-0.211,0.871335,0.807,83.15,83.19,82.98,83.82
1285,21:25,40481.437,233219.395,50901.73,107.909538,107.960525,107.681776,108.780873,0.050987,0.047,-0.227762,-0.211,0.871335,0.807,83.15,83.19,82.98,83.82
1286,21:26,40481.437,233219.395,50901.73,107.909538,107.960525,107.681776,108.780873,0.050987,0.047,-0.227762,-0.211,0.871335,0.807,83.15,83.19,82.98,83.82
1287,21:27,40481.437,233219.395,50901.73,107.909538,107.960525,107.681776,108.780873,0.050987,0.047,-0.227762,-0.211,0.871335,0.807,83.15,83.19,82.98,83.82
1288,21:28,40481.437,233219.395,50901.73,107.909538,107.960525,107.681776,108.780873,0.050987,0.047,-0.227762,-0.211,0.871335,0.807,83.15,83.19,82.98,83.82
1289,21:29,40481.437,233219.395,50901.73,107.909538,107.960525,107.681776,108.780873,0.050987,0.047,-0.227762,-0.211,0.871335,0.807,83.15,83.19,82.98,83.82
1290,21:30,40481.437,233219.395,50901.73,107.909538,107.960525,107.681776,108.780873,0.050987,0.047,-0.227762,-0.211,0.871335,0.807,83.15,83.19,82.98,83.82
1291,21:31,40481.437,233219.395,50901.73,107.909538,107.960525,107.681776,108.780873,0.050987,0.047,-0.227762,-0.211,0.871335,0.807,83.15,83.19,82.98,83.82
1292,21:32,40481.437,233219.395,50901.73,107.909538,107.960525,107.681776,108.780873,0.050987,0.047,-0.227762,-0.211,0.871335,0.807,83.15,83.19,82.98,83.82
1293,21:33,40481.437,233219.395,50901.73,107.909538,107.960525,107.681776,108.780873,0.050987,0.047,-0.227762,-0.211,0.871335,0.807,83.15,83.19,82.98,83.82
1294,21:34,40481.437,233219.395,50901.73,107.909538,107.960525,107.681776,108.780873,0.050987,0.047,-0.227762,-0.211,0.871335,0.807,83.15,83.19,82.98,83.82
1295,21:35,40481.437,233219.395,50901.73,107.909538,107.960525,107.681776,108.780873,0.050987,0.047,-0.227762,-0.211,0.871335,0.807,83.15,83.19,82.98,83.82
1296,21:36,40481.437,233219.395,50901.73,107.909538,107.960525,107.681776,108.780873,0.050987,0.047,-0.227762,-0.211,0.871335,0.807,83.15,83.19,82.98,83.82
1297,21:37,40481.437,233219.395,50901.73,107.909538,107.960525,107.681776,108.780873,0.050987,0.047,-0.227762,-0.211,0.871335,0.807,83.15,83.19,82.98,83.82
1298,21:38,40481.437,233219.395,50901.73,107.909538,107.960525,107.681776,108.780873,0.050987,0.047,-0.227762,-0.211,0.871335,0.807,83.15,83.19,82.98,83.82
1299,21:39,40481.437,233219.395,50901.73,107.909538,107.960525,107.681776,108.780873,0.050987,0.047,-0.227762,-0.211,0.871335,0.807,83.15,83.19,82.98,83.82
1300,21:40,40481.437,233219.395,50901.73,107.909538,107.960525,107.681776,108.780873,0.050987,0.047,-0.227762,-0.211,0.871335,0.807,83.15,83.19,82.98,83.82
1301,21:41,40481.437,233219.395,50901.73,107.909538,107.960525,107.681776,108.780873,0.050987,0.047,-0.227762,-0.211,0.871335,0.807,83.15,83.19,82.98,83.82
1302,21:42,40481.437,233219.395,50901.73,107.909538,107.960525,107.681776,108.780873,0.050987,0.047,-0.227762,-0.211,0.871335,0.807,83.15,83.19,82.98,83.82
1303,21:43,40481.437,233219.395,50901.73,107.909538,107.960525,107.681776,108.780873,0.050987,0.047,-0.227762,-0.211,0.871335,0.807,83.15,83.19,82.98,83.82
1304,21:44,40481.437,233219.395,50901.73,107.909538,107.960525,107.681776,108.780873,0.050987,0.047,-0.227762,-0.211,0.871335,0.807,83.15,83.19,82.98,83.82
1305,21:45,40481.437,233219.395,50901.73,107.909538,107.960525,107.681776,108.780873,0.050987,0.047,-0.227762,-0.211,0.871335,0.807,83.15,83.19,82.98,83.82
1306,21:46,40481.437,233219.395,50901.73,107.909538,107.960525,107.681776,108.780873,0.050987,0.047,-0.227762,-0.211,0.871335,0.807,83.15,83.19,82.98,83.82
1307,21:47,40481.437,233219.395,50901.73,107.909538,107.960525,107.681776,108.780873,0.050987,0.047,-0.227762,-0.211,0.871335,0.807,83.15,83.19,82.98,83.82
1308,21:48,40481.437,233219.395,50901.73,107.909538,107.960525,107.681776,108.780873,0.050987,0.047,-0.227762,-0.211,0.871335,0.807,83.15,83.19,82.98,83.82
1309,21:49,40481.437,233219.395,50901.73,107.909538,107.960525,107.681776,108.780873,0.050987,0.047,-0.227762,-0.211,0.871335,0.807,83.15,83.19,82.98,83.82
1310,21:50,40481.437,233219.395,50901.73,107.909538,107.960525,107.681776,108.780873,0.050987,0.047,-0.227762,-0.211,0.871335,0.807,83.15,83.19,82.98,83.82
1311,21:51,40481.437,233219.395,50901.73,107.909538,107.960525,107.681776,108.780873,0.050987,0.047,-0.227762,-0.211,0.871335,0.807,83.15,83.19,82.98,83.82
1312,21:52,40481.437,233219.395,50901.73,107.909538,107.960525,107.681776,108.780873,0.050987,0.047,-0.227762,-0.211,0.871335,0.807,83.15,83.19,82.98,83.82
1313,21:53,40481.437,233219.395,50901.73,107.909538,107.960525,107.681776,108.780873,0.050987,0.047,-0.227762,-0.211,0.871335,0.807,83.15,83.19,82.98,83.82
1314,21:54,40481.437,233219.395,50901.73,107.909538,107.960525,107.681776,108.780873,0.050987,0.047,-0.227762,-0.211,0.871335,0.807,83.15,83.19,82.98,83.82
1315,21:55,40481.437,233219.395,50901.73,107.909538,107.960525,107.681776,108.780873,0.050987,0.047,-0.227762,-0.211,0.871335,0.807,83.15,83.19,82.98,83.82
1316,21:56,40481.437,233219.395,50901.73,107.909538,107.960525,107.681776,108.780873,0.050987,0.047,-0.227762,-0.211,0.871335,0.807,83.15,83.19,82.98,83.82
1317,21:57,40481.437,233219.395,50901.73,107.909538,107.960525,107.681776,108.780873,0.050987,0.047,-0.227762,-0.211,0.871335,0.807,83.15,83.19,82.98,83.82
1318,21:58,40481.437,233219.395,50901.73,107.909538,107.960525,107.681776,108.780873,0.050987,0.047,-0.227762,-0.211,0.871335,0.807,83.15,83.19,82.98,83.82
1319,21:59,40481.437,233219.395,50901.73,107.909538,107.960525,107.681776,108.780873,0.050987,0.047,-0.227762,-0.211,0.871335,0.807,83.15,83.19,82.98,83.82
1320,22:00,40481.437,233219.395,50901.73,107.909538,107.960525,107.681776,108.780873,0.050987,0.047,-0.227762,-0.211,0.871335,0.807,83.15,83.19,82.98,83.82
1321,22:01,40481.437,233219.395,50901.73,107.909538,107.960525,107.681776,108.780873,0.050987,0.047,-0.227762,-0.211,0.871335,0.807,83.15,83.19,82.98,83.82
1322,22:02,40481.437,233219.395,50901.73,107.909538,107.960525,107.681776,108.780873,0.050987,0.047,-0.227762,-0.211,0.871335,0.807,83.15,83.19,82.98,83.82
1323,22:03,40481.437,233219.395,50901.73,107.909538,107.960525,107.681776,108.780873,0.050987,0.047,-0.227762,-0.211,0.871335,0.807,83.15,83.19,82.98,83.82
1324,22:04,40481.437,233219.395,50901.73,107.909538,107.960525,107.681776,108.780873,0.050987,0.047,-0.227762,-0.211,0.871335,0.807,83.15,83.19,82.98,83.82
1325,22:05,40481.437,233219.395,50901.73,107.909538,107.960525,107.681776,108.780873,0.050987,0.047,-0.227762,-0.211,0.871335,0.807,83.15,83.19,82.98,83.82
1326,22:06,40481.437,233219.395,50901.73,107.909538,107.960525,107.681776,108.780873,0.050987,0.047,-0.227762,-0.211,0.871335,0.807,83.15,83.19,82.98,83.82
1327,22:07,40481.437,233219.395,50901.73,107.909538,107.960525,107.681776,108.780873,0.050987,0.047,-0.227762,-0.211,0.871335,0.807,83.15,83.19,82.98,83.82
1328,22:08,40481.437,233219.395,50901.73,107.909538,107.960525,107.681776,108.780873,0.050987,0.047,-0.227762,-0.211,0.871335,0.807,83.15,83.19,82.98,83.82
1329,22:09,40481.437,233219.395,50901.73,107.909538,107.960525,107.681776,108.780873,0.050987,0.047,-0.227762,-0.211,0.871335,0.807,83.15,83.19,82.98,83.82
1330,22:10,40481.437,233219.395,50901.73,107.909538,107.960525,107.681776,108.780873,0.050987,0.047,-0.227762,-0.211,0.871335,0.807,83.15,83.19,82.98,83.82
1331,22:11,40481.437,233219.395,50901.73,107.909538,107.960525,107.681776,108.780873,0.050987,0.047,-0.227762,-0.211,0.871335,0.807,83.15,83.19,82.98,83.82
1332,22:12,40481.437,233219.395,50901.73,107.909538,107.960525,107.681776,108.780873,0.050987,0.047,-0.227762,-0.211,0.871335,0.807,83.15,83.19,82.98,83.82
1333,22:13,40481.437,233219.395,50901.73,107.909538,107.960525,107.681776,108.780873,0.050987,0.047,-0.227762,-0.211,0.871335,0.807,83.15,83.19,82.98,83.82
1334,22:14,40481.437,233219.395,50901.73,107.909538,107.960525,107.681776,108.780873,0.050987,0.047,-0.227762,-0.211,0.871335,0.807,83.15,83.19,82.98,83.82
1335,22:15,40481.437,233219.395,50901.73,107.909538,107.960525,107.681776,108.780873,0.050987,0.047,-0.227762,-0.211,0.871335,0.807,83.15,83.19,82.98,83.82
1336,22:16,40481.437,233219.395,50901.73,107.909538,107.960525,107.681776,108.780873,0.050987,0.047,-0.227762,-0.211,0.871335,0.807,83.15,83.19,82.98,83.82
1337,22:17,40481.437,233219.395,50901.73,107.909538,107.960525,107.681776,108.780873,0.050987,0.047,-0.227762,-0.211,0.871335,0.807,83.15,83.19,82.98,83.82
1338,22:18,40481.437,233219.395,50901.73,107.909538,107.960525,107.681776,108.780873,0.050987,0.047,-0.227762,-0.211,0.871335,0.807,83.15,83.19,82.98,83.82
1339,22:19,40481.437,233219.395,50901.73,107.909538,107.960525,107.681776,108.780873,0.050987,0.047,-0.227762,-0.211,0.871335,0.807,83.15,83.19,82.98,83.82
1340,22:20,40481.437,233219.395,50901.73,107.909538,107.960525,107.681776,108.780873,0.050987,0.047,-0.227762,-0.211,0.871335,0.807,83.15,83.19,82.98,83.82
1341,22:21,40481.437,233219.395,50901.73,107.909538,107.960525,107.681776,108.780873,0.050987,0.047,-0.227762,-0.211,0.871335,0.807,83.15,83.19,82.98,83.82
1342,22:22,40481.437,233219.395,50901.73,107.909538,107.960525,107.681776,108.780873,0.050987,0.047,-0.227762,-0.211,0.871335,0.807,83.15,83.19,82.98,83.82
1343,22:23,40481.437,233219.395,50901.73,107.909538,107.960525,107.681776,108.780873,0.050987,0.047,-0.227762,-0.211,0.871335,0.807,83.15,83.19,82.98,83.82
1344,22:24,40481.437,233219.395,50901.73,107.909538,107.960525,107.681776,108.780873,0.050987,0.047,-0.227762,-0.211,0.871335,0.807,83.15,83.19,82.98,83.82
1345,22:25,40481.437,233219.395,50901.73,107.909538,107.960525,107.681776,108.780873,0.050987,0.047,-0.227762,-0.211,0.871335,0.807,83.15,83.19,82.98,83.82
1346,22:26,40481.437,233219.395,50901.73,107.909538,107.960525,107.681776,108.780873,0.050987,0.047,-0.227762,-0.211,0.871335,0.807,83.15,83.19,82.98,83.82
1347,22:27,40481.437,233219.395,50901.73,107.909538,107.960525,107.681776,108.780873,0.050987,0.047,-0.227762,-0.211,0.871335,0.807,83.15,83.19,82.98,83.82
1348,22:28,40481.437,233219.395,50901.73,107.909538,107.960525,107.681776,108.780873,0.050987,0.047,-0.227762,-0.211,0.871335,0.807,83.15,83.19,82.98,83.82
1349,22:29,40481.437,233219.395,50901.73,107.909538,107.960525,107.681776,108.780873,0.050987,0.047,-0.227762,-0.211,0.871335,0.807,83.15,83.19,82.98,83.82
1350,22:30,40481.437,233219.395,50901.73,107.909538,107.960525,107.681776,108.780873,0.050987,0.047,-0.227762,-0.211,0.871335,0.807,83.15,83.19,82.98,83.82
1351,22:31,40481.437,233219.395,50901.73,107.909538,107.960525,107.681776,108.780873,0.050987,0.047,-0.227762,-0.211,0.871335,0.807,83.15,83.19,82.98,83.82
1352,22:32,40481.437,233219.395,50901.73,107.909538,107.960525,107.681776,108.780873,0.050987,0.047,-0.227762,-0.211,0.871335,0.807,83.15,83.19,82.98,83.82
1353,22:33,40481.437,233219.395,50901.73,107.909538,107.960525,107.681776,108.780873,0.050987,0.047,-0.227762,-0.211,0.871335,0.807,83.15,83.19,82.98,83.82
1354,22:34,40481.437,233219.395,50901.73,107.909538,107.960525,107.681776,108.780873,0.050987,0.047,-0.227762,-0.211,0.871335,0.807,83.15,83.19,82.98,83.82
1355,22:35,40481.437,233219.395,50901.73,107.909538,107.960525,107.681776,108.780873,0.050987,0.047,-0.227762,-0.211,0.871335,0.807,83.15,83.19,82.98,83.82
1356,22:36,40481.437,233219.395,50901.73,107.909538,107.960525,107.681776,108.780873,0.050987,0.047,-0.227762,-0.211,0.871335,0.807,83.15,83.19,82.98,83.82
1357,22:37,40481.437,233219.395,50901.73,107.909538,107.960525,107.681776,108.780873,0.050987,0.047,-0.227762,-0.211,0.871335,0.807,83.15,83.19,82.98,83.82
1358,22:38,40481.437,233219.395,50901.73,107.909538,107.960525,107.681776,108.780873,0.050987,0.047,-0.227762,-0.211,0.871335,0.807,83.15,83.19,82.98,83.82
1359,22:39,40481.437,233219.395,50901.73,107.909538,107.960525,107.681776,108.780873,0.050987,0.047,-0.227762,-0.211,0.871335,0.807,83.15,83.19,82.98,83.82
1360,22:40,40481.437,233219.395,50901.73,107.909538,107.960525,107.681776,108.780873,0.050987,0.047,-0.227762,-0.211,0.871335,0.807,83.15,83.19,82.98,83.82
1361,22:41,40481.437,233219.395,50901.73,107.909538,107.960525,107.681776,108.780873,0.050987,0.047,-0.227762,-0.211,0.871335,0.807,83.15,83.19,82.98,83.82
1362,22:42,40481.437,233219.395,50901.73,107.909538,107.960525,107.681776,108.780873,0.050987,0.047,-0.227762,-0.211,0.871335,0.807,83.15,83.19,82.98,83.82
1363,22:43,40481.437,233219.395,50901.73,107.909538,107.960525,107.681776,108.780873,0.050987,0.047,-0.227762,-0.211,0.871335,0.807,83.15,83.19,82.98,83.82
1364,22:44,40481.437,233219.395,50901.73,107.909538,107.960525,107.681776,108.780873,0.050987,0.047,-0.227762,-0.211,0.871335,0.807,83.15,83.19,82.98,83.82
1365,22:45,40481.437,233219.395,50901.73,107.909538,107.960525,107.681776,108.780873,0.050987,0.047,-0.227762,-0.211,0.871335,0.807,83.15,83.19,82.98,83.82
1366,22:46,40481.437,233219.395,50901.73,107.909538,107.960525,107.681776,108.780873,0.050987,0.047,-0.227762,-0.211,0.871335,0.807,83.15,83.19,82.98,83.82
1367,22:47,40481.437,233219.395,50901.73,107.909538,107.960525,107.681776,108.780873,0.050987,0.047,-0.227762,-0.211,0.871335,0.807,83.15,83.19,82.98,83.82
1368,22:48,40481.437,233219.395,50901.73,107.909538,107.960525,107.681776,108.780873,0.050987,0.047,-0.227762,-0.211,0.871335,0.807,83.15,83.19,82.98,83.82
1369,22:49,40481.437,233219.395,50901.73,107.909538,107.960525,107.681776,108.780873,0.050987,0.047,-0.227762,-0.211,0.871335,0.807,83.15,83.19,82.98,83.82
1370,22:50,40481.437,233219.395,50901.73,107.909538,107.960525,107.681776,108.780873,0.050987,0.047,-0.227762,-0.211,0.871335,0.807,83.15,83.19,82.98,83.82
1371,22:51,40481.437,233219.395,50901.73,107.909538,107.960525,107.681776,108.780873,0.050987,0.047,-0.227762,-0.211,0.871335,0.807,83.15,83.19,82.98,83.82
1372,22:52,40481.437,233219.395,50901.73,107.909538,107.960525,107.681776,108.780873,0.050987,0.047,-0.227762,-0.211,0.871335,0.807,83.15,83.19,82.98,83.82
1373,22:53,40481.437,233219.395,50901.73,107.909538,107.960525,107.681776,108.780873,0.050987,0.047,-0.227762,-0.211,0.871335,0.807,83.15,83.19,82.98,83.82
1374,22:54,40481.437,233219.395,50901.73,107.909538,107.960525,107.681776,108.780873,0.050987,0.047,-0.227762,-0.211,0.871335,0.807,83.15,83.19,82.98,83.82
1375,22:55,40481.437,233219.395,50901.73,107.909538,107.960525,107.681776,108.780873,0.050987,0.047,-0.227762,-0.211,0.871335,0.807,83.15,83.19,82.98,83.82
1376,22:56,40481.437,233219.395,50901.73,107.909538,107.960525,107.681776,108.780873,0.050987,0.047,-0.227762,-0.211,0.871335,0.807,83.15,83.19,82.98,83.82
1377,22:57,40481.437,233219.395,50901.73,107.909538,107.960525,107.681776,108.780873,0.050987,0.047,-0.227762,-0.211,0.871335,0.807,83.15,83.19,82.98,83.82
1378,22:58,40481.437,233219.395,50901.73,107.909538,107.960525,107.681776,108.780873,0.050987,0.047,-0.227762,-0.211,0.871335,0.807,83.15,83.19,82.98,83.82
1379,22:59,40481.437,233219.395,50901.73,107.909538,107.960525,107.681776,108.780873,0.050987,0.047,-0.227762,-0.211,0.871335,0.807,83.15,83.19,82.98,83.82
1380,23:00,40481.437,233219.395,50901.73,107.909538,107.960525,107.681776,108.780873,0.050987,0.047,-0.227762,-0.211,0.871335,0.807,83.15,83.19,82.98,83.82
1381,23:01,40481.437,233219.395,50901.73,107.909538,107.960525,107.681776,108.780873,0.050987,0.047,-0.227762,-0.211,0.871335,0.807,83.15,83.19,82.98,83.82
1382,23:02,40481.437,233219.395,50901.73,107.909538,107.960525,107.681776,108.780873,0.050987,0.047,-0.227762,-0.211,0.871335,0.807,83.15,83.19,82.98,83.82
1383,23:03,40481.437,233219.395,50901.73,107.909538,107.960525,107.681776,108.780873,0.050987,0.047,-0.227762,-0.211,0.871335,0.807,83.15,83.19,82.98,83.82
1384,23:04,40481.437,233219.395,50901.73,107.909538,107.960525,107.681776,108.780873,0.050987,0.047,-0.227762,-0.211,0.871335,0.807,83.15,83.19,82.98,83.82
1385,23:05,40481.437,233219.395,50901.73,107.909538,107.960525,107.681776,108.780873,0.050987,0.047,-0.227762,-0.211,0.871335,0.807,83.15,83.19,82.98,83.82
1386,23:06,40481.437,233219.395,50901.73,107.909538,107.960525,107.681776,108.780873,0.050987,0.047,-0.227762,-0.211,0.871335,0.807,83.15,83.19,82.98,83.82
1387,23:07,40481.437,233219.395,50901.73,107.909538,107.960525,107.681776,108.780873,0.050987,0.047,-0.227762,-0.211,0.871335,0.807,83.15,83.19,82.98,83.82
1388,23:08,40481.437,233219.395,50901.73,107.909538,107.960525,107.681776,108.780873,0.050987,0.047,-0.227762,-0.211,0.871335,0.807,83.15,83.19,82.98,83.82
1389,23:09,40481.437,233219.395,50901.73,107.909538,107.960525,107.681776,108.780873,0.050987,0.047,-0.227762,-0.211,0.871335,0.807,83.15,83.19,82.98,83.82
1390,23:10,40481.437,233219.395,50901.73,107.909538,107.960525,107.681776,108.780873,0.050987,0.047,-0.227762,-0.211,0.871335,0.807,83.15,83.19,82.98,83.82
1391,23:11,40481.437,233219.395,50901.73,107.909538,107.960525,107.681776,108.780873,0.050987,0.047,-0.227762,-0.211,0.871335,0.807,83.15,83.19,82.98,83.82
1392,23:12,40481.437,233219.395,50901.73,107.909538,107.960525,107.681776,108.780873,0.050987,0.047,-0.227762,-0.211,0.871335,0.807,83.15,83.19,82.98,83.82
1393,23:13,40481.437,233219.395,50901.73,107.909538,107.960525,107.681776,108.780873,0.050987,0.047,-0.227762,-0.211,0.871335,0.807,83.15,83.19,82.98,83.82
1394,23:14,40481.437,233219.395,50901.73,107.909538,107.960525,107.681776,108.780873,0.050987,0.047,-0.227762,-0.211,0.871335,0.807,83.15,83.19,82.98,83.82
1395,23:15,40481.437,233219.395,50901.73,107.909538,107.960525,107.681776,108.780873,0.050987,0.047,-0.227762,-0.211,0.871335,0.807,83.15,83.19,82.98,83.82
1396,23:16,40481.437,233219.395,50901.73,107.909538,107.960525,107.681776,108.780873,0.050987,0.047,-0.227762,-0.211,0.871335,0.807,83.15,83.19,82.98,83.82
1397,23:17,40481.437,233219.395,50901.73,107.909538,107.960525,107.681776,108.780873,0.050987,0.047,-0.227762,-0.211,0.871335,0.807,83.15,83.19,82.98,83.82
1398,23:18,40481.437,233219.395,50901.73,107.909538,107.960525,107.681776,108.780873,0.050987,0.047,-0.227762,-0.211,0.871335,0.807,83.15,83.19,82.98,83.82
1399,23:19,40481.437,233219.395,50901.73,107.909538,107.960525,107.681776,108.780873,0.050987,0.047,-0.227762,-0.211,0.871335,0.807,83.15,83.19,82.98,83.82
1400,23:20,40481.437,233219.395,50901.73,107.909538,107.960525,107.681776,108.780873,0.050987,0.047,-0.227762,-0.211,0.871335,0.807,83.15,83.19,82.98,83.82
1401,23:21,40481.437,233219.395,50901.73,107.909538,107.960525,107.681776,108.780873,0.050987,0.047,-0.227762,-0.211,0.871335,0.807,83.15,83.19,82.98,83.82
1402,23:22,40481.437,233219.395,50901.73,107.909538,107.960525,107.681776,108.780873,0.050987,0.047,-0.227762,-0.211,0.871335,0.807,83.15,83.19,82.98,83.82
1403,23:23,40481.437,233219.395,50901.73,107.909538,107.960525,107.681776,108.780873,0.050987,0.047,-0.227762,-0.211,0.871335,0.807,83.15,83.19,82.98,83.82
1404,23:24,40481.437,233219.395,50901.73,107.909538,107.960525,107.681776,108.780873,0.050987,0.047,-0.227762,-0.211,0.871335,0.807,83.15,83.19,82.98,83.82
1405,23:25,40481.437,233219.395,50901.73,107.909538,107.960525,107.681776,108.780873,0.050987,0.047,-0.227762,-0.211,0.871335,0.807,83.15,83.19,82.98,83.82
1406,23:26,40481.437,233219.395,50901.73,107.909538,107.960525,107.681776,108.780873,0.050987,0.047,-0.227762,-0.211,0.871335,0.807,83.15,83.19,82.98,83.82
1407,23:27,40481.437,233219.395,50901.73,107.909538,107.960525,107.681776,108.780873,0.050987,0.047,-0.227762,-0.211,0.871335,0.807,83.15,83.19,82.98,83.82
1408,23:28,40481.437,233219.395,50901.73,107.909538,107.960525,107.681776,108.780873,0.050987,0.047,-0.227762,-0.211,0.871335,0.807,83.15,83.19,82.98,83.82
1409,23:29,40481.437,233219.395,50901.73,107.909538,107.960525,107.681776,108.780873,0.050987,0.047,-0.227762,-0.211,0.871335,0.807,83.15,83.19,82.98,83.82
1410,23:30,40481.437,233219.395,50901.73,107.909538,107.960525,107.681776,108.780873,0.050987,0.047,-0.227762,-0.211,0.871335,0.807,83.15,83.19,82.98,83.82
1411,23:31,40481.437,233219.395,50901.73,107.909538,107.960525,107.681776,108.780873,0.050987,0.047,-0.227762,-0.211,0.871335,0.807,83.15,83.19,82.98,83.82
1412,23:32,40481.437,233219.395,50901.73,107.909538,107.960525,107.681776,108.780873,0.050987,0.047,-0.227762,-0.211,0.871335,0.807,83.15,83.19,82.98,83.82
1413,23:33,40481.437,233219.395,50901.73,107.909538,107.960525,107.681776,108.780873,0.050987,0.047,-0.227762,-0.211,0.871335,0.807,83.15,83.19,82.98,83.82
1414,23:34,40481.437,233219.395,50901.73,107.909538,107.960525,107.681776,108.780873,0.050987,0.047,-0.227762,-0.211,0.871335,0.807,83.15,83.19,82.98,83.82
1415,23:35,40481.437,233219.395,50901.73,107.909538,107.960525,107.681776,108.780873,0.050987,0.047,-0.227762,-0.211,0.871335,0.807,83.15,83.19,82.98,83.82
1416,23:36,40481.437,233219.395,50901.73,107.909538,107.960525,107.681776,108.780873,0.050987,0.047,-0.227762,-0.211,0.871335,0.807,83.15,83.19,82.98,83.82
1417,23:37,40481.437,233219.395,50901.73,107.909538,107.960525,107.681776,108.780873,0.050987,0.047,-0.227762,-0.211,0.871335,0.807,83.15,83.19,82.98,83.82
1418,23:38,40481.437,233219.395,50901.73,107.909538,107.960525,107.681776,108.780873,0.050987,0.047,-0.227762,-0.211,0.871335,0.807,83.15,83.19,82.98,83.82
1419,23:39,40481.437,233219.395,50901.73,107.909538,107.960525,107.681776,108.780873,0.050987,0.047,-0.227762,-0.211,0.871335,0.807,83.15,83.19,82.98,83.82
1420,23:40,40481.437,233219.395,50901.73,107.909538,107.960525,107.681776,108.780873,0.050987,0.047,-0.227762,-0.211,0.871335,0.807,83.15,83.19,82.98,83.82
1421,23:41,40481.437,233219.395,50901.73,107.909538,107.960525,107.681776,108.780873,0.050987,0.047,-0.227762,-0.211,0.871335,0.807,83.15,83.19,82.98,83.82
1422,23:42,40481.437,233219.395,50901.73,107.909538,107.960525,107.681776,108.780873,0.050987,0.047,-0.227762,-0.211,0.871335,0.807,83.15,83.19,82.98,83.82
1423,23:43,40481.437,233219.395,50901.73,107.909538,107.960525,107.681776,108.780873,0.050987,0.047,-0.227762,-0.211,0.871335,0.807,83.15,83.19,82.98,83.82
1424,23:44,40481.437,233219.395,50901.73,107.909538,107.960525,107.681776,108.780873,0.050987,0.047,-0.227762,-0.211,0.871335,0.807,83.15,83.19,82.98,83.82
1425,23:45,40481.437,233219.395,50901.73,107.909538,107.960525,107.681776,108.780873,0.050987,0.047,-0.227762,-0.211,0.871335,0.807,83.15,83.19,82.98,83.82
1426,23:46,40481.437,233219.395,50901.73,107.909538,107.960525,107.681776,108.780873,0.050987,0.047,-0.227762,-0.211,0.871335,0.807,83.15,83.19,82.98,83.82
1427,23:47,40481.437,233219.395,50901.73,107.909538,107.960525,107.681776,108.780873,0.050987,0.047,-0.227762,-0.211,0.871335,0.807,83.15,83.19,82.98,83.82
1428,23:48,40481.437,233219.395,50901.73,107.909538,107.960525,107.681776,108.780873,0.050987,0.047,-0.227762,-0.211,0.871335,0.807,83.15,83.19,82.98,83.82
1429,23:49,40481.437,233219.395,50901.73,107.909538,107.960525,107.681776,108.780873,0.050987,0.047,-0.227762,-0.211,0.871335,0.807,83.15,83.19,82.98,83.82
1430,23:50,40481.437,233219.395,50901.73,107.909538,107.960525,107.681776,108.780873,0.050987,0.047,-0.227762,-0.211,0.871335,0.807,83.15,83.19,82.98,83.82
1431,23:51,40481.437,233219.395,50901.73,107.909538,107.960525,107.681776,108.780873,0.050987,0.047,-0.227762,-0.211,0.871335,0.807,83.15,83.19,82.98,83.82
1432,23:52,40481.437,233219.395,50901.73,107.909538,107.960525,107.681776,108.780873,0.050987,0.047,-0.227762,-0.211,0.871335,0.807,83.15,83.19,82.98,83.82
1433,23:53,40481.437,233219.395,50901.73,107.909538,107.960525,107.681776,108.780873,0.050987,0.047,-0.227762,-0.211,0.871335,0.807,83.15,83.19,82.98,83.82
1434,23:54,40481.437,233219.395,50901.73,107.909538,107.960525,107.681776,108.780873,0.050987,0.047,-0.227762,-0.211,0.871335,0.807,83.15,83.19,82.98,83.82
1435,23:55,40481.437,233219.395,50901.73,107.909538,107.960525,107.681776,108.780873,0.050987,0.047,-0.227762,-0.211,0.871335,0.807,83.15,83.19,82.98,83.82
1436,23:56,40481.437,233219.395,50901.73,107.909538,107.960525,107.681776,108.780873,0.050987,0.047,-0.227762,-0.211,0.871335,0.807,83.15,83.19,82.98,83.82
1437,23:57,40481.437,233219.395,50901.73,107.909538,107.960525,107.681776,108.780873,0.050987,0.047,-0.227762,-0.211,0.871335,0.807,83.15,83.19,82.98,83.82
1438,23:58,40481.437,233219.395,50901.73,107.909538,107.960525,107.681776,108.780873,0.050987,0.047,-0.227762,-0.211,0.871335,0.807,83.15,83.19,82.98,83.82
1439,23:59,40481.437,233219.395,50901.73,107.909538,107.960525,107.681776,108.780873,0.050987,0.047,-0.227762,-0.211,0.871335,0.807,83.15,83.19,82.98,83.82
