minute,time,irradiance_wm2,module_temp_c,module_temp_b_c,ambient_temp_c,power_delivered_mw,energy_delivered_cum_mwh,theoretical_cum_mwh,irradiation_cum_kwh_m2,pr_cum_pct,pr_inst_pct,meter_index_mwh,inverters_scope,inverters_available,ptr_total,ptr_available,strings_scope,strings_available,availability_inv_pct,availability_strings_pct,soiling_loss_pct,soiling_index,anomalies_open,plant_status
0,00:00,0.0,11.9,11.9,11.9,0.0,0.0,0.0,0.0,,,40373.528,0,0,5,5,0,0.0,,,,,0,Normal
1,00:01,0.0,11.9,11.9,11.9,0.0,0.0,0.0,0.0,,,40373.528,0,0,5,5,0,0.0,,,,,0,Normal
2,00:02,0.0,11.8,11.8,11.8,0.0,0.0,0.0,0.0,,,40373.528,0,0,5,5,0,0.0,,,,,0,Normal
3,00:03,0.0,11.7,11.6,11.7,0.0,0.0,0.0,0.0,,,40373.528,0,0,5,5,0,0.0,,,,,0,Normal
4,00:04,0.0,11.7,11.8,11.7,0.0,0.0,0.0,0.0,,,40373.528,0,0,5,5,0,0.0,,,,,0,Normal
5,00:05,0.0,11.7,11.8,11.7,0.0,0.0,0.0,0.0,,,40373.528,0,0,5,5,0,0.0,,,,,0,Normal
6,00:06,0.0,11.6,11.7,11.6,0.0,0.0,0.0,0.0,,,40373.528,0,0,5,5,0,0.0,,,,,0,Normal
7,00:07,0.0,11.5,11.4,11.5,0.0,0.0,0.0,0.0,,,40373.528,0,0,5,5,0,0.0,,,,,0,Normal
8,00:08,0.0,11.4,11.2,11.4,0.0,0.0,0.0,0.0,,,40373.528,0,0,5,5,0,0.0,,,,,0,Normal
9,00:09,0.0,11.5,11.2,11.5,0.0,0.0,0.0,0.0,,,40373.528,0,0,5,5,0,0.0,,,,,0,Normal
10,00:10,0.0,11.4,11.4,11.4,0.0,0.0,0.0,0.0,,,40373.528,0,0,5,5,0,0.0,,,,,0,Normal
11,00:11,0.0,11.4,11.6,11.4,0.0,0.0,0.0,0.0,,,40373.528,0,0,5,5,0,0.0,,,,,0,Normal
12,00:12,0.0,11.4,11.5,11.4,0.0,0.0,0.0,0.0,,,40373.528,0,0,5,5,0,0.0,,,,,0,Normal
13,00:13,0.0,11.4,11.7,11.4,0.0,0.0,0.0,0.0,,,40373.528,0,0,5,5,0,0.0,,,,,0,Normal
14,00:14,0.0,11.4,11.3,11.4,0.0,0.0,0.0,0.0,,,40373.528,0,0,5,5,0,0.0,,,,,0,Normal
15,00:15,0.0,11.5,11.3,11.5,0.0,0.0,0.0,0.0,,,40373.528,0,0,5,5,0,0.0,,,,,0,Normal
16,00:16,0.0,11.4,11.6,11.4,0.0,0.0,0.0,0.0,,,40373.528,0,0,5,5,0,0.0,,,,,0,Normal
17,00:17,0.0,11.4,11.5,11.4,0.0,0.0,0.0,0.0,,,40373.528,0,0,5,5,0,0.0,,,,,0,Normal
18,00:18,0.0,11.4,11.3,11.4,0.0,0.0,0.0,0.0,,,40373.528,0,0,5,5,0,0.0,,,,,0,Normal
19,00:19,0.0,11.4,11.5,11.4,0.0,0.0,0.0,0.0,,,40373.528,0,0,5,5,0,0.0,,,,,0,Normal
20,00:20,0.0,11.3,11.3,11.3,0.0,0.0,0.0,0.0,,,40373.528,0,0,5,5,0,0.0,,,,,0,Normal
21,00:21,0.0,11.3,11.1,11.3,0.0,0.0,0.0,0.0,,,40373.528,0,0,5,5,0,0.0,,,,,0,Normal
22,00:22,0.0,11.3,11.2,11.3,0.0,0.0,0.0,0.0,,,40373.528,0,0,5,5,0,0.0,,,,,0,Normal
23,00:23,0.0,11.3,11.5,11.3,0.0,0.0,0.0,0.0,,,40373.528,0,0,5,5,0,0.0,,,,,0,Normal
24,00:24,0.0,11.3,11.5,11.3,0.0,0.0,0.0,0.0,,,40373.528,0,0,5,5,0,0.0,,,,,0,Normal
25,00:25,0.0,11.2,11.1,11.2,0.0,0.0,0.0,0.0,,,40373.528,0,0,5,5,0,0.0,,,,,0,Normal
26,00:26,0.0,11.1,10.8,11.1,0.0,0.0,0.0,0.0,,,40373.528,0,0,5,5,0,0.0,,,,,0,Normal
27,00:27,0.0,11.0,11.0,11.0,0.0,0.0,0.0,0.0,,,40373.528,0,0,5,5,0,0.0,,,,,0,Normal
28,00:28,0.0,11.1,11.1,11.1,0.0,0.0,0.0,0.0,,,40373.528,0,0,5,5,0,0.0,,,,,0,Normal
29,00:29,0.0,11.0,11.0,11.0,0.0,0.0,0.0,0.0,,,40373.528,0,0,5,5,0,0.0,,,,,0,Normal
30,00:30,0.0,11.0,11.0,11.0,0.0,0.0,0.0,0.0,,,40373.528,0,0,5,5,0,0.0,,,,,0,Normal
31,00:31,0.0,11.0,11.1,11.0,0.0,0.0,0.0,0.0,,,40373.528,0,0,5,5,0,0.0,,,,,0,Normal
32,00:32,0.0,11.0,10.9,11.0,0.0,0.0,0.0,0.0,,,40373.528,0,0,5,5,0,0.0,,,,,0,Normal
33,00:33,0.0,11.0,10.9,11.0,0.0,0.0,0.0,0.0,,,40373.528,0,0,5,5,0,0.0,,,,,0,Normal
34,00:34,0.0,11.0,11.0,11.0,0.0,0.0,0.0,0.0,,,40373.528,0,0,5,5,0,0.0,,,,,0,Normal
35,00:35,0.0,11.0,11.2,11.0,0.0,0.0,0.0,0.0,,,40373.528,0,0,5,5,0,0.0,,,,,0,Normal
36,00:36,0.0,11.0,11.2,11.0,0.0,0.0,0.0,0.0,,,40373.528,0,0,5,5,0,0.0,,,,,0,Normal
37,00:37,0.0,11.0,11.0,11.0,0.0,0.0,0.0,0.0,,,40373.528,0,0,5,5,0,0.0,,,,,0,Normal
38,00:38,0.0,11.0,10.8,11.0,0.0,0.0,0.0,0.0,,,40373.528,0,0,5,5,0,0.0,,,,,0,Normal
39,00:39,0.0,11.0,11.0,11.0,0.0,0.0,0.0,0.0,,,40373.528,0,0,5,5,0,0.0,,,,,0,Normal
40,00:40,0.0,11.0,11.2,11.0,0.0,0.0,0.0,0.0,,,40373.528,0,0,5,5,0,0.0,,,,,0,Normal
41,00:41,0.0,11.0,10.9,11.0,0.0,0.0,0.0,0.0,,,40373.528,0,0,5,5,0,0.0,,,,,0,Normal
42,00:42,0.0,10.9,11.1,10.9,0.0,0.0,0.0,0.0,,,40373.528,0,0,5,5,0,0.0,,,,,0,Normal
43,00:43,0.0,11.0,10.8,11.0,0.0,0.0,0.0,0.0,,,40373.528,0,0,5,5,0,0.0,,,,,0,Normal
44,00:44,0.0,10.9,10.9,10.9,0.0,0.0,0.0,0.0,,,40373.528,0,0,5,5,0,0.0,,,,,0,Normal
45,00:45,0.0,10.9,10.8,10.9,0.0,0.0,0.0,0.0,,,40373.528,0,0,5,5,0,0.0,,,,,0,Normal
46,00:46,0.0,10.9,11.0,10.9,0.0,0.0,0.0,0.0,,,40373.528,0,0,5,5,0,0.0,,,,,0,Normal
47,00:47,0.0,10.9,10.9,10.9,0.0,0.0,0.0,0.0,,,40373.528,0,0,5,5,0,0.0,,,,,0,Normal
48,00:48,0.0,10.9,10.7,10.9,0.0,0.0,0.0,0.0,,,40373.528,0,0,5,5,0,0.0,,,,,0,Normal
49,00:49,0.0,10.9,10.9,10.9,0.0,0.0,0.0,0.0,,,40373.528,0,0,5,5,0,0.0,,,,,0,Normal
50,00:50,0.0,10.8,10.9,10.8,0.0,0.0,0.0,0.0,,,40373.528,0,0,5,5,0,0.0,,,,,0,Normal
51,00:51,0.0,10.8,10.8,10.8,0.0,0.0,0.0,0.0,,,40373.528,0,0,5,5,0,0.0,,,,,0,Normal
52,00:52,0.0,10.7,10.7,10.7,0.0,0.0,0.0,0.0,,,40373.528,0,0,5,5,0,0.0,,,,,0,Normal
53,00:53,0.0,10.7,10.8,10.7,0.0,0.0,0.0,0.0,,,40373.528,0,0,5,5,0,0.0,,,,,0,Normal
54,00:54,0.0,10.7,10.6,10.7,0.0,0.0,0.0,0.0,,,40373.528,0,0,5,5,0,0.0,,,,,0,Normal
55,00:55,0.0,10.7,10.7,10.7,0.0,0.0,0.0,0.0,,,40373.528,0,0,5,5,0,0.0,,,,,0,Normal
56,00:56,0.0,10.8,10.5,10.8,0.0,0.0,0.0,0.0,,,40373.528,0,0,5,5,0,0.0,,,,,0,Normal
57,00:57,0.0,10.8,10.7,10.8,0.0,0.0,0.0,0.0,,,40373.528,0,0,5,5,0,0.0,,,,,0,Normal
58,00:58,0.0,10.7,10.7,10.7,0.0,0.0,0.0,0.0,,,40373.528,0,0,5,5,0,0.0,,,,,0,Normal
59,00:59,0.0,10.8,10.6,10.8,0.0,0.0,0.0,0.0,,,40373.528,0,0,5,5,0,0.0,,,,,0,Normal
60,01:00,0.0,10.8,10.7,10.8,0.0,0.0,0.0,0.0,,,40373.528,0,0,5,5,0,0.0,,,,,0,Normal
61,01:01,0.0,10.8,10.8,10.8,0.0,0.0,0.0,0.0,,,40373.528,0,0,5,5,0,0.0,,,,,0,Normal
62,01:02,0.0,10.8,10.7,10.8,0.0,0.0,0.0,0.0,,,40373.528,0,0,5,5,0,0.0,,,,,0,Normal
63,01:03,0.0,10.8,10.7,10.8,0.0,0.0,0.0,0.0,,,40373.528,0,0,5,5,0,0.0,,,,,0,Normal
64,01:04,0.0,10.8,10.9,10.8,0.0,0.0,0.0,0.0,,,40373.528,0,0,5,5,0,0.0,,,,,0,Normal
65,01:05,0.0,10.7,10.7,10.7,0.0,0.0,0.0,0.0,,,40373.528,0,0,5,5,0,0.0,,,,,0,Normal
66,01:06,0.0,10.8,11.0,10.8,0.0,0.0,0.0,0.0,,,40373.528,0,0,5,5,0,0.0,,,,,0,Normal
67,01:07,0.0,10.8,11.0,10.8,0.0,0.0,0.0,0.0,,,40373.528,0,0,5,5,0,0.0,,,,,0,Normal
68,01:08,0.0,10.7,10.9,10.7,0.0,0.0,0.0,0.0,,,40373.528,0,0,5,5,0,0.0,,,,,0,Normal
69,01:09,0.0,10.7,10.7,10.7,0.0,0.0,0.0,0.0,,,40373.528,0,0,5,5,0,0.0,,,,,0,Normal
70,01:10,0.0,10.7,10.7,10.7,0.0,0.0,0.0,0.0,,,40373.528,0,0,5,5,0,0.0,,,,,0,Normal
71,01:11,0.0,10.7,10.5,10.7,0.0,0.0,0.0,0.0,,,40373.528,0,0,5,5,0,0.0,,,,,0,Normal
72,01:12,0.0,10.7,10.7,10.7,0.0,0.0,0.0,0.0,,,40373.528,0,0,5,5,0,0.0,,,,,0,Normal
73,01:13,0.0,10.7,10.4,10.7,0.0,0.0,0.0,0.0,,,40373.528,0,0,5,5,0,0.0,,,,,0,Normal
74,01:14,0.0,10.7,10.7,10.7,0.0,0.0,0.0,0.0,,,40373.528,0,0,5,5,0,0.0,,,,,0,Normal
75,01:15,0.0,10.7,10.7,10.7,0.0,0.0,0.0,0.0,,,40373.528,0,0,5,5,0,0.0,,,,,0,Normal
76,01:16,0.0,10.7,10.6,10.7,0.0,0.0,0.0,0.0,,,40373.528,0,0,5,5,0,0.0,,,,,0,Normal
77,01:17,0.0,10.7,10.6,10.7,0.0,0.0,0.0,0.0,,,40373.528,0,0,5,5,0,0.0,,,,,0,Normal
78,01:18,0.0,10.8,10.8,10.8,0.0,0.0,0.0,0.0,,,40373.528,0,0,5,5,0,0.0,,,,,0,Normal
79,01:19,0.0,10.7,10.9,10.7,0.0,0.0,0.0,0.0,,,40373.528,0,0,5,5,0,0.0,,,,,0,Normal
80,01:20,0.0,10.8,10.8,10.8,0.0,0.0,0.0,0.0,,,40373.528,0,0,5,5,0,0.0,,,,,0,Normal
81,01:21,0.0,10.8,10.8,10.8,0.0,0.0,0.0,0.0,,,40373.528,0,0,5,5,0,0.0,,,,,0,Normal
82,01:22,0.0,10.8,10.9,10.8,0.0,0.0,0.0,0.0,,,40373.528,0,0,5,5,0,0.0,,,,,0,Normal
83,01:23,0.0,10.8,10.8,10.8,0.0,0.0,0.0,0.0,,,40373.528,0,0,5,5,0,0.0,,,,,0,Normal
84,01:24,0.0,10.9,10.8,10.9,0.0,0.0,0.0,0.0,,,40373.528,0,0,5,5,0,0.0,,,,,0,Normal
85,01:25,0.0,10.9,10.9,10.9,0.0,0.0,0.0,0.0,,,40373.528,0,0,5,5,0,0.0,,,,,0,Normal
86,01:26,0.0,10.9,10.7,10.9,0.0,0.0,0.0,0.0,,,40373.528,0,0,5,5,0,0.0,,,,,0,Normal
87,01:27,0.0,10.9,10.9,10.9,0.0,0.0,0.0,0.0,,,40373.528,0,0,5,5,0,0.0,,,,,0,Normal
88,01:28,0.0,10.9,11.0,10.9,0.0,0.0,0.0,0.0,,,40373.528,0,0,5,5,0,0.0,,,,,0,Normal
89,01:29,0.0,11.0,11.2,11.0,0.0,0.0,0.0,0.0,,,40373.528,0,0,5,5,0,0.0,,,,,0,Normal
90,01:30,0.0,11.0,11.2,11.0,0.0,0.0,0.0,0.0,,,40373.528,0,0,5,5,0,0.0,,,,,0,Normal
91,01:31,0.0,11.0,11.0,11.0,0.0,0.0,0.0,0.0,,,40373.528,0,0,5,5,0,0.0,,,,,0,Normal
92,01:32,0.0,11.0,10.9,11.0,0.0,0.0,0.0,0.0,,,40373.528,0,0,5,5,0,0.0,,,,,0,Normal
93,01:33,0.0,11.1,10.9,11.1,0.0,0.0,0.0,0.0,,,40373.528,0,0,5,5,0,0.0,,,,,0,Normal
94,01:34,0.0,11.0,10.9,11.0,0.0,0.0,0.0,0.0,,,40373.528,0,0,5,5,0,0.0,,,,,0,Normal
95,01:35,0.0,11.1,11.2,11.1,0.0,0.0,0.0,0.0,,,40373.528,0,0,5,5,0,0.0,,,,,0,Normal
96,01:36,0.0,11.1,11.1,11.1,0.0,0.0,0.0,0.0,,,40373.528,0,0,5,5,0,0.0,,,,,0,Normal
97,01:37,0.0,11.1,11.1,11.1,0.0,0.0,0.0,0.0,,,40373.528,0,0,5,5,0,0.0,,,,,0,Normal
98,01:38,0.0,11.1,11.1,11.1,0.0,0.0,0.0,0.0,,,40373.528,0,0,5,5,0,0.0,,,,,0,Normal
99,01:39,0.0,11.2,11.5,11.2,0.0,0.0,0.0,0.0,,,40373.528,0,0,5,5,0,0.0,,,,,0,Normal
100,01:40,0.0,11.2,11.1,11.2,0.0,0.0,0.0,0.0,,,40373.528,0,0,5,5,0,0.0,,,,,0,Normal
101,01:41,0.0,11.2,11.1,11.2,0.0,0.0,0.0,0.0,,,40373.528,0,0,5,5,0,0.0,,,,,0,Normal
102,01:42,0.0,11.2,11.2,11.2,0.0,0.0,0.0,0.0,,,40373.528,0,0,5,5,0,0.0,,,,,0,Normal
103,01:43,0.0,11.2,11.2,11.2,0.0,0.0,0.0,0.0,,,40373.528,0,0,5,5,0,0.0,,,,,0,Normal
104,01:44,0.0,11.2,11.4,11.2,0.0,0.0,0.0,0.0,,,40373.528,0,0,5,5,0,0.0,,,,,0,Normal
105,01:45,0.0,11.2,11.2,11.2,0.0,0.0,0.0,0.0,,,40373.528,0,0,5,5,0,0.0,,,,,0,Normal
106,01:46,0.0,11.2,11.2,11.2,0.0,0.0,0.0,0.0,,,40373.528,0,0,5,5,0,0.0,,,,,0,Normal
107,01:47,0.0,11.2,11.3,11.2,0.0,0.0,0.0,0.0,,,40373.528,0,0,5,5,0,0.0,,,,,0,Normal
108,01:48,0.0,11.2,11.2,11.2,0.0,0.0,0.0,0.0,,,40373.528,0,0,5,5,0,0.0,,,,,0,Normal
109,01:49,0.0,11.3,11.3,11.3,0.0,0.0,0.0,0.0,,,40373.528,0,0,5,5,0,0.0,,,,,0,Normal
110,01:50,0.0,11.3,11.4,11.3,0.0,0.0,0.0,0.0,,,40373.528,0,0,5,5,0,0.0,,,,,0,Normal
111,01:51,0.0,11.2,11.1,11.2,0.0,0.0,0.0,0.0,,,40373.528,0,0,5,5,0,0.0,,,,,0,Normal
112,01:52,0.0,11.2,11.1,11.2,0.0,0.0,0.0,0.0,,,40373.528,0,0,5,5,0,0.0,,,,,0,Normal
113,01:53,0.0,11.2,11.3,11.2,0.0,0.0,0.0,0.0,,,40373.528,0,0,5,5,0,0.0,,,,,0,Normal
114,01:54,0.0,11.2,11.4,11.2,0.0,0.0,0.0,0.0,,,40373.528,0,0,5,5,0,0.0,,,,,0,Normal
115,01:55,0.0,11.2,11.2,11.2,0.0,0.0,0.0,0.0,,,40373.528,0,0,5,5,0,0.0,,,,,0,Normal
116,01:56,0.0,11.2,11.4,11.2,0.0,0.0,0.0,0.0,,,40373.528,0,0,5,5,0,0.0,,,,,0,Normal
117,01:57,0.0,11.2,11.3,11.2,0.0,0.0,0.0,0.0,,,40373.528,0,0,5,5,0,0.0,,,,,0,Normal
118,01:58,0.0,11.2,11.4,11.2,0.0,0.0,0.0,0.0,,,40373.528,0,0,5,5,0,0.0,,,,,0,Normal
119,01:59,0.0,11.2,11.3,11.2,0.0,0.0,0.0,0.0,,,40373.528,0,0,5,5,0,0.0,,,,,0,Normal
120,02:00,0.0,11.2,11.4,11.2,0.0,0.0,0.0,0.0,,,40373.528,0,0,5,5,0,0.0,,,,,0,Normal
121,02:01,0.0,11.1,11.1,11.1,0.0,0.0,0.0,0.0,,,40373.528,0,0,5,5,0,0.0,,,,,0,Normal
122,02:02,0.0,11.2,11.3,11.2,0.0,0.0,0.0,0.0,,,40373.528,0,0,5,5,0,0.0,,,,,0,Normal
123,02:03,0.0,11.2,11.3,11.2,0.0,0.0,0.0,0.0,,,40373.528,0,0,5,5,0,0.0,,,,,0,Normal
124,02:04,0.0,11.1,10.7,11.1,0.0,0.0,0.0,0.0,,,40373.528,0,0,5,5,0,0.0,,,,,0,Normal
125,02:05,0.0,11.1,10.9,11.1,0.0,0.0,0.0,0.0,,,40373.528,0,0,5,5,0,0.0,,,,,0,Normal
126,02:06,0.0,11.1,11.0,11.1,0.0,0.0,0.0,0.0,,,40373.528,0,0,5,5,0,0.0,,,,,0,Normal
127,02:07,0.0,11.1,10.9,11.1,0.0,0.0,0.0,0.0,,,40373.528,0,0,5,5,0,0.0,,,,,0,Normal
128,02:08,0.0,11.0,10.7,11.0,0.0,0.0,0.0,0.0,,,40373.528,0,0,5,5,0,0.0,,,,,0,Normal
129,02:09,0.0,11.1,11.1,11.1,0.0,0.0,0.0,0.0,,,40373.528,0,0,5,5,0,0.0,,,,,0,Normal
130,02:10,0.0,11.1,11.2,11.1,0.0,0.0,0.0,0.0,,,40373.528,0,0,5,5,0,0.0,,,,,0,Normal
131,02:11,0.0,11.1,11.0,11.1,0.0,0.0,0.0,0.0,,,40373.528,0,0,5,5,0,0.0,,,,,0,Normal
132,02:12,0.0,11.2,11.2,11.2,0.0,0.0,0.0,0.0,,,40373.528,0,0,5,5,0,0.0,,,,,0,Normal
133,02:13,0.0,11.2,11.1,11.2,0.0,0.0,0.0,0.0,,,40373.528,0,0,5,5,0,0.0,,,,,0,Normal
134,02:14,0.0,11.3,11.2,11.3,0.0,0.0,0.0,0.0,,,40373.528,0,0,5,5,0,0.0,,,,,0,Normal
135,02:15,0.0,11.2,11.4,11.2,0.0,0.0,0.0,0.0,,,40373.528,0,0,5,5,0,0.0,,,,,0,Normal
136,02:16,0.0,11.3,11.2,11.3,0.0,0.0,0.0,0.0,,,40373.528,0,0,5,5,0,0.0,,,,,0,Normal
137,02:17,0.0,11.3,11.0,11.3,0.0,0.0,0.0,0.0,,,40373.528,0,0,5,5,0,0.0,,,,,0,Normal
138,02:18,0.0,11.2,11.4,11.2,0.0,0.0,0.0,0.0,,,40373.528,0,0,5,5,0,0.0,,,,,0,Normal
139,02:19,0.0,11.2,11.1,11.2,0.0,0.0,0.0,0.0,,,40373.528,0,0,5,5,0,0.0,,,,,0,Normal
140,02:20,0.0,11.2,11.0,11.2,0.0,0.0,0.0,0.0,,,40373.528,0,0,5,5,0,0.0,,,,,0,Normal
141,02:21,0.0,11.3,11.3,11.3,0.0,0.0,0.0,0.0,,,40373.528,0,0,5,5,0,0.0,,,,,0,Normal
142,02:22,0.0,11.3,11.7,11.3,0.0,0.0,0.0,0.0,,,40373.528,0,0,5,5,0,0.0,,,,,0,Normal
143,02:23,0.0,11.3,11.2,11.3,0.0,0.0,0.0,0.0,,,40373.528,0,0,5,5,0,0.0,,,,,0,Normal
144,02:24,0.0,11.2,11.4,11.2,0.0,0.0,0.0,0.0,,,40373.528,0,0,5,5,0,0.0,,,,,0,Normal
145,02:25,0.0,11.2,11.3,11.2,0.0,0.0,0.0,0.0,,,40373.528,0,0,5,5,0,0.0,,,,,0,Normal
146,02:26,0.0,11.2,11.0,11.2,0.0,0.0,0.0,0.0,,,40373.528,0,0,5,5,0,0.0,,,,,0,Normal
147,02:27,0.0,11.2,11.2,11.2,0.0,0.0,0.0,0.0,,,40373.528,0,0,5,5,0,0.0,,,,,0,Normal
148,02:28,0.0,11.2,11.0,11.2,0.0,0.0,0.0,0.0,,,40373.528,0,0,5,5,0,0.0,,,,,0,Normal
149,02:29,0.0,11.2,10.9,11.2,0.0,0.0,0.0,0.0,,,40373.528,0,0,5,5,0,0.0,,,,,0,Normal
150,02:30,0.0,11.2,11.3,11.2,0.0,0.0,0.0,0.0,,,40373.528,0,0,5,5,0,0.0,,,,,0,Normal
151,02:31,0.0,11.1,11.2,11.1,0.0,0.0,0.0,0.0,,,40373.528,0,0,5,5,0,0.0,,,,,0,Normal
152,02:32,0.0,11.1,11.0,11.1,0.0,0.0,0.0,0.0,,,40373.528,0,0,5,5,0,0.0,,,,,0,Normal
153,02:33,0.0,11.1,11.1,11.1,0.0,0.0,0.0,0.0,,,40373.528,0,0,5,5,0,0.0,,,,,0,Normal
154,02:34,0.0,11.2,11.1,11.2,0.0,0.0,0.0,0.0,,,40373.528,0,0,5,5,0,0.0,,,,,0,Normal
155,02:35,0.0,11.1,10.9,11.1,0.0,0.0,0.0,0.0,,,40373.528,0,0,5,5,0,0.0,,,,,0,Normal
156,02:36,0.0,11.1,11.2,11.1,0.0,0.0,0.0,0.0,,,40373.528,0,0,5,5,0,0.0,,,,,0,Normal
157,02:37,0.0,11.0,10.8,11.0,0.0,0.0,0.0,0.0,,,40373.528,0,0,5,5,0,0.0,,,,,0,Normal
158,02:38,0.0,11.0,10.7,11.0,0.0,0.0,0.0,0.0,,,40373.528,0,0,5,5,0,0.0,,,,,0,Normal
159,02:39,0.0,11.0,11.2,11.0,0.0,0.0,0.0,0.0,,,40373.528,0,0,5,5,0,0.0,,,,,0,Normal
160,02:40,0.0,11.0,11.0,11.0,0.0,0.0,0.0,0.0,,,40373.528,0,0,5,5,0,0.0,,,,,0,Normal
161,02:41,0.0,11.0,11.0,11.0,0.0,0.0,0.0,0.0,,,40373.528,0,0,5,5,0,0.0,,,,,0,Normal
162,02:42,0.0,11.0,10.9,11.0,0.0,0.0,0.0,0.0,,,40373.528,0,0,5,5,0,0.0,,,,,0,Normal
163,02:43,0.0,11.0,10.9,11.0,0.0,0.0,0.0,0.0,,,40373.528,0,0,5,5,0,0.0,,,,,0,Normal
164,02:44,0.0,11.0,10.9,11.0,0.0,0.0,0.0,0.0,,,40373.528,0,0,5,5,0,0.0,,,,,0,Normal
165,02:45,0.0,11.0,10.8,11.0,0.0,0.0,0.0,0.0,,,40373.528,0,0,5,5,0,0.0,,,,,0,Normal
166,02:46,0.0,11.0,11.0,11.0,0.0,0.0,0.0,0.0,,,40373.528,0,0,5,5,0,0.0,,,,,0,Normal
167,02:47,0.0,11.1,11.2,11.1,0.0,0.0,0.0,0.0,,,40373.528,0,0,5,5,0,0.0,,,,,0,Normal
168,02:48,0.0,11.1,11.1,11.1,0.0,0.0,0.0,0.0,,,40373.528,0,0,5,5,0,0.0,,,,,0,Normal
169,02:49,0.0,11.1,11.2,11.1,0.0,0.0,0.0,0.0,,,40373.528,0,0,5,5,0,0.0,,,,,0,Normal
170,02:50,0.0,11.2,11.5,11.2,0.0,0.0,0.0,0.0,,,40373.528,0,0,5,5,0,0.0,,,,,0,Normal
171,02:51,0.0,11.2,11.4,11.2,0.0,0.0,0.0,0.0,,,40373.528,0,0,5,5,0,0.0,,,,,0,Normal
172,02:52,0.0,11.2,11.2,11.2,0.0,0.0,0.0,0.0,,,40373.528,0,0,5,5,0,0.0,,,,,0,Normal
173,02:53,0.0,11.2,11.0,11.2,0.0,0.0,0.0,0.0,,,40373.528,0,0,5,5,0,0.0,,,,,0,Normal
174,02:54,0.0,11.1,11.0,11.1,0.0,0.0,0.0,0.0,,,40373.528,0,0,5,5,0,0.0,,,,,0,Normal
175,02:55,0.0,11.2,11.2,11.2,0.0,0.0,0.0,0.0,,,40373.528,0,0,5,5,0,0.0,,,,,0,Normal
176,02:56,0.0,11.2,11.0,11.2,0.0,0.0,0.0,0.0,,,40373.528,0,0,5,5,0,0.0,,,,,0,Normal
177,02:57,0.0,11.2,11.1,11.2,0.0,0.0,0.0,0.0,,,40373.528,0,0,5,5,0,0.0,,,,,0,Normal
178,02:58,0.0,11.2,11.2,11.2,0.0,0.0,0.0,0.0,,,40373.528,0,0,5,5,0,0.0,,,,,0,Normal
179,02:59,0.0,11.2,11.1,11.2,0.0,0.0,0.0,0.0,,,40373.528,0,0,5,5,0,0.0,,,,,0,Normal
180,03:00,0.0,11.2,11.0,11.2,0.0,0.0,0.0,0.0,,,40373.528,0,0,5,5,0,0.0,,,,,0,Normal
181,03:01,0.0,11.3,11.3,11.3,0.0,0.0,0.0,0.0,,,40373.528,0,0,5,5,0,0.0,,,,,0,Normal
182,03:02,0.0,11.3,11.4,11.3,0.0,0.0,0.0,0.0,,,40373.528,0,0,5,5,0,0.0,,,,,0,Normal
183,03:03,0.0,11.2,11.1,11.2,0.0,0.0,0.0,0.0,,,40373.528,0,0,5,5,0,0.0,,,,,0,Normal
184,03:04,0.0,11.3,11.3,11.3,0.0,0.0,0.0,0.0,,,40373.528,0,0,5,5,0,0.0,,,,,0,Normal
185,03:05,0.0,11.3,11.3,11.3,0.0,0.0,0.0,0.0,,,40373.528,0,0,5,5,0,0.0,,,,,0,Normal
186,03:06,0.0,11.3,11.2,11.3,0.0,0.0,0.0,0.0,,,40373.528,0,0,5,5,0,0.0,,,,,0,Normal
187,03:07,0.0,11.4,11.4,11.4,0.0,0.0,0.0,0.0,,,40373.528,0,0,5,5,0,0.0,,,,,0,Normal
188,03:08,0.0,11.3,11.3,11.3,0.0,0.0,0.0,0.0,,,40373.528,0,0,5,5,0,0.0,,,,,0,Normal
189,03:09,0.0,11.3,11.1,11.3,0.0,0.0,0.0,0.0,,,40373.528,0,0,5,5,0,0.0,,,,,0,Normal
190,03:10,0.0,11.3,11.2,11.3,0.0,0.0,0.0,0.0,,,40373.528,0,0,5,5,0,0.0,,,,,0,Normal
191,03:11,0.0,11.3,11.0,11.3,0.0,0.0,0.0,0.0,,,40373.528,0,0,5,5,0,0.0,,,,,0,Normal
192,03:12,0.0,11.3,11.2,11.3,0.0,0.0,0.0,0.0,,,40373.528,0,0,5,5,0,0.0,,,,,0,Normal
193,03:13,0.0,11.3,11.1,11.3,0.0,0.0,0.0,0.0,,,40373.528,0,0,5,5,0,0.0,,,,,0,Normal
194,03:14,0.0,11.3,11.6,11.3,0.0,0.0,0.0,0.0,,,40373.528,0,0,5,5,0,0.0,,,,,0,Normal
195,03:15,0.0,11.3,11.5,11.3,0.0,0.0,0.0,0.0,,,40373.528,0,0,5,5,0,0.0,,,,,0,Normal
196,03:16,0.0,11.3,11.5,11.3,0.0,0.0,0.0,0.0,,,40373.528,0,0,5,5,0,0.0,,,,,0,Normal
197,03:17,0.0,11.3,11.4,11.3,0.0,0.0,0.0,0.0,,,40373.528,0,0,5,5,0,0.0,,,,,0,Normal
198,03:18,0.0,11.3,11.4,11.3,0.0,0.0,0.0,0.0,,,40373.528,0,0,5,5,0,0.0,,,,,0,Normal
199,03:19,0.0,11.3,11.2,11.3,0.0,0.0,0.0,0.0,,,40373.528,0,0,5,5,0,0.0,,,,,0,Normal
200,03:20,0.0,11.3,11.4,11.3,0.0,0.0,0.0,0.0,,,40373.528,0,0,5,5,0,0.0,,,,,0,Normal
201,03:21,0.0,11.3,11.2,11.3,0.0,0.0,0.0,0.0,,,40373.528,0,0,5,5,0,0.0,,,,,0,Normal
202,03:22,0.0,11.3,11.4,11.3,0.0,0.0,0.0,0.0,,,40373.528,0,0,5,5,0,0.0,,,,,0,Normal
203,03:23,0.0,11.3,11.2,11.3,0.0,0.0,0.0,0.0,,,40373.528,0,0,5,5,0,0.0,,,,,0,Normal
204,03:24,0.0,11.4,11.4,11.4,0.0,0.0,0.0,0.0,,,40373.528,0,0,5,5,0,0.0,,,,,0,Normal
205,03:25,0.0,11.4,11.5,11.4,0.0,0.0,0.0,0.0,,,40373.528,0,0,5,5,0,0.0,,,,,0,Normal
206,03:26,0.0,11.4,11.2,11.4,0.0,0.0,0.0,0.0,,,40373.528,0,0,5,5,0,0.0,,,,,0,Normal
207,03:27,0.0,11.4,11.4,11.4,0.0,0.0,0.0,0.0,,,40373.528,0,0,5,5,0,0.0,,,,,0,Normal
208,03:28,0.0,11.4,11.6,11.4,0.0,0.0,0.0,0.0,,,40373.528,0,0,5,5,0,0.0,,,,,0,Normal
209,03:29,0.0,11.3,11.4,11.3,0.0,0.0,0.0,0.0,,,40373.528,0,0,5,5,0,0.0,,,,,0,Normal
210,03:30,0.0,11.3,11.4,11.3,0.0,0.0,0.0,0.0,,,40373.528,0,0,5,5,0,0.0,,,,,0,Normal
211,03:31,0.0,11.4,11.3,11.4,0.0,0.0,0.0,0.0,,,40373.528,0,0,5,5,0,0.0,,,,,0,Normal
212,03:32,0.0,11.4,11.2,11.4,0.0,0.0,0.0,0.0,,,40373.528,0,0,5,5,0,0.0,,,,,0,Normal
213,03:33,0.0,11.5,11.5,11.5,0.0,0.0,0.0,0.0,,,40373.528,0,0,5,5,0,0.0,,,,,0,Normal
214,03:34,0.0,11.4,11.2,11.4,0.0,0.0,0.0,0.0,,,40373.528,0,0,5,5,0,0.0,,,,,0,Normal
215,03:35,0.0,11.5,11.6,11.5,0.0,0.0,0.0,0.0,,,40373.528,0,0,5,5,0,0.0,,,,,0,Normal
216,03:36,0.0,11.4,11.3,11.4,0.0,0.0,0.0,0.0,,,40373.528,0,0,5,5,0,0.0,,,,,0,Normal
217,03:37,0.0,11.5,11.5,11.5,0.0,0.0,0.0,0.0,,,40373.528,0,0,5,5,0,0.0,,,,,0,Normal
218,03:38,0.0,11.5,11.3,11.5,0.0,0.0,0.0,0.0,,,40373.528,0,0,5,5,0,0.0,,,,,0,Normal
219,03:39,0.0,11.6,11.5,11.6,0.0,0.0,0.0,0.0,,,40373.528,0,0,5,5,0,0.0,,,,,0,Normal
220,03:40,0.0,11.5,11.5,11.5,0.0,0.0,0.0,0.0,,,40373.528,0,0,5,5,0,0.0,,,,,0,Normal
221,03:41,0.0,11.6,11.7,11.6,0.0,0.0,0.0,0.0,,,40373.528,0,0,5,5,0,0.0,,,,,0,Normal
222,03:42,0.0,11.6,11.5,11.6,0.0,0.0,0.0,0.0,,,40373.528,0,0,5,5,0,0.0,,,,,0,Normal
223,03:43,0.0,11.6,11.4,11.6,0.0,0.0,0.0,0.0,,,40373.528,0,0,5,5,0,0.0,,,,,0,Normal
224,03:44,0.0,11.6,11.6,11.6,0.0,0.0,0.0,0.0,,,40373.528,0,0,5,5,0,0.0,,,,,0,Normal
225,03:45,0.0,11.6,11.6,11.6,0.0,0.0,0.0,0.0,,,40373.528,0,0,5,5,0,0.0,,,,,0,Normal
226,03:46,0.0,11.5,11.6,11.5,0.0,0.0,0.0,0.0,,,40373.528,0,0,5,5,0,0.0,,,,,0,Normal
227,03:47,0.0,11.5,11.3,11.5,0.0,0.0,0.0,0.0,,,40373.528,0,0,5,5,0,0.0,,,,,0,Normal
228,03:48,0.0,11.5,11.4,11.5,0.0,0.0,0.0,0.0,,,40373.528,0,0,5,5,0,0.0,,,,,0,Normal
229,03:49,0.0,11.5,11.3,11.5,0.0,0.0,0.0,0.0,,,40373.528,0,0,5,5,0,0.0,,,,,0,Normal
230,03:50,0.0,11.5,11.8,11.5,0.0,0.0,0.0,0.0,,,40373.528,0,0,5,5,0,0.0,,,,,0,Normal
231,03:51,0.0,11.5,11.7,11.5,0.0,0.0,0.0,0.0,,,40373.528,0,0,5,5,0,0.0,,,,,0,Normal
232,03:52,0.0,11.5,11.6,11.5,0.0,0.0,0.0,0.0,,,40373.528,0,0,5,5,0,0.0,,,,,0,Normal
233,03:53,0.0,11.5,11.4,11.5,0.0,0.0,0.0,0.0,,,40373.528,0,0,5,5,0,0.0,,,,,0,Normal
234,03:54,0.0,11.5,11.2,11.5,0.0,0.0,0.0,0.0,,,40373.528,0,0,5,5,0,0.0,,,,,0,Normal
235,03:55,0.0,11.6,11.7,11.6,0.0,0.0,0.0,0.0,,,40373.528,0,0,5,5,0,0.0,,,,,0,Normal
236,03:56,0.0,11.6,12.0,11.6,0.0,0.0,0.0,0.0,,,40373.528,0,0,5,5,0,0.0,,,,,0,Normal
237,03:57,0.0,11.6,11.6,11.6,0.0,0.0,0.0,0.0,,,40373.528,0,0,5,5,0,0.0,,,,,0,Normal
238,03:58,0.0,11.6,11.5,11.6,0.0,0.0,0.0,0.0,,,40373.528,0,0,5,5,0,0.0,,,,,0,Normal
239,03:59,0.0,11.6,11.6,11.6,0.0,0.0,0.0,0.0,,,40373.528,0,0,5,5,0,0.0,,,,,0,Normal
240,04:00,0.0,11.6,11.5,11.6,0.0,0.0,0.0,0.0,,,40373.528,0,0,5,5,0,0.0,,,,,0,Normal
241,04:01,0.0,11.6,11.6,11.6,0.0,0.0,0.0,0.0,,,40373.528,0,0,5,5,0,0.0,,,,,0,Normal
242,04:02,0.0,11.7,11.6,11.7,0.0,0.0,0.0,0.0,,,40373.528,0,0,5,5,0,0.0,,,,,0,Normal
243,04:03,0.0,11.8,11.7,11.8,0.0,0.0,0.0,0.0,,,40373.528,0,0,5,5,0,0.0,,,,,0,Normal
244,04:04,0.0,11.8,11.9,11.8,0.0,0.0,0.0,0.0,,,40373.528,0,0,5,5,0,0.0,,,,,0,Normal
245,04:05,0.0,11.8,11.7,11.8,0.0,0.0,0.0,0.0,,,40373.528,0,0,5,5,0,0.0,,,,,0,Normal
246,04:06,0.0,11.8,11.7,11.8,0.0,0.0,0.0,0.0,,,40373.528,0,0,5,5,0,0.0,,,,,0,Normal
247,04:07,0.0,11.9,12.1,11.9,0.0,0.0,0.0,0.0,,,40373.528,0,0,5,5,0,0.0,,,,,0,Normal
248,04:08,0.0,11.9,12.0,11.9,0.0,0.0,0.0,0.0,,,40373.528,0,0,5,5,0,0.0,,,,,0,Normal
249,04:09,0.0,12.0,12.2,12.0,0.0,0.0,0.0,0.0,,,40373.528,0,0,5,5,0,0.0,,,,,0,Normal
250,04:10,0.0,12.0,12.1,12.0,0.0,0.0,0.0,0.0,,,40373.528,0,0,5,5,0,0.0,,,,,0,Normal
251,04:11,0.0,12.0,12.0,12.0,0.0,0.0,0.0,0.0,,,40373.528,0,0,5,5,0,0.0,,,,,0,Normal
252,04:12,0.0,12.0,12.1,12.0,0.0,0.0,0.0,0.0,,,40373.528,0,0,5,5,0,0.0,,,,,0,Normal
253,04:13,0.0,12.0,12.0,12.0,0.0,0.0,0.0,0.0,,,40373.528,0,0,5,5,0,0.0,,,,,0,Normal
254,04:14,0.0,12.0,11.9,12.0,0.0,0.0,0.0,0.0,,,40373.528,0,0,5,5,0,0.0,,,,,0,Normal
255,04:15,0.0,12.0,11.9,12.0,0.0,0.0,0.0,0.0,,,40373.528,0,0,5,5,0,0.0,,,,,0,Normal
256,04:16,0.0,12.0,12.1,12.0,0.0,0.0,0.0,0.0,,,40373.528,0,0,5,5,0,0.0,,,,,0,Normal
257,04:17,0.0,12.0,11.8,12.0,0.0,0.0,0.0,0.0,,,40373.528,0,0,5,5,0,0.0,,,,,0,Normal
258,04:18,0.0,12.0,11.8,12.0,0.0,0.0,0.0,0.0,,,40373.528,0,0,5,5,0,0.0,,,,,0,Normal
259,04:19,0.0,12.0,12.2,12.0,0.0,0.0,0.0,0.0,,,40373.528,0,0,5,5,0,0.0,,,,,0,Normal
260,04:20,0.0,12.0,12.2,12.0,0.0,0.0,0.0,0.0,,,40373.528,0,0,5,5,0,0.0,,,,,0,Normal
261,04:21,0.0,12.0,11.9,12.0,0.0,0.0,0.0,0.0,,,40373.528,0,0,5,5,0,0.0,,,,,0,Normal
262,04:22,0.0,12.0,11.8,12.0,0.0,0.0,0.0,0.0,,,40373.528,0,0,5,5,0,0.0,,,,,0,Normal
263,04:23,0.0,12.0,11.9,12.0,0.0,0.0,0.0,0.0,,,40373.528,0,0,5,5,0,0.0,,,,,0,Normal
264,04:24,0.0,12.0,12.0,12.0,0.0,0.0,0.0,0.0,,,40373.528,0,0,5,5,0,0.0,,,,,0,Normal
265,04:25,0.0,12.0,12.0,12.0,0.0,0.0,0.0,0.0,,,40373.528,0,0,5,5,0,0.0,,,,,0,Normal
266,04:26,0.0,12.1,12.1,12.1,0.0,0.0,0.0,0.0,,,40373.528,0,0,5,5,0,0.0,,,,,0,Normal
267,04:27,0.0,12.1,12.1,12.1,0.0,0.0,0.0,0.0,,,40373.528,0,0,5,5,0,0.0,,,,,0,Normal
268,04:28,0.0,12.0,11.7,12.0,0.0,0.0,0.0,0.0,,,40373.528,0,0,5,5,0,0.0,,,,,0,Normal
269,04:29,0.0,12.0,11.7,12.0,0.0,0.0,0.0,0.0,,,40373.528,0,0,5,5,0,0.0,,,,,0,Normal
270,04:30,0.0,12.0,12.1,12.0,0.0,0.0,0.0,0.0,,,40373.528,0,0,5,5,0,0.0,,,,,0,Normal
271,04:31,0.0,12.0,11.8,12.0,0.0,0.0,0.0,0.0,,,40373.528,0,0,5,5,0,0.0,,,,,0,Normal
272,04:32,0.0,12.0,12.0,12.0,0.0,0.0,0.0,0.0,,,40373.528,0,0,5,5,0,0.0,,,,,0,Normal
273,04:33,0.0,12.1,11.7,12.1,0.0,0.0,0.0,0.0,,,40373.528,0,0,5,5,0,0.0,,,,,0,Normal
274,04:34,0.0,12.0,12.0,12.0,0.0,0.0,0.0,0.0,,,40373.528,0,0,5,5,0,0.0,,,,,0,Normal
275,04:35,0.0,12.0,12.3,12.0,0.0,0.0,0.0,0.0,,,40373.528,0,0,5,5,0,0.0,,,,,0,Normal
276,04:36,0.0,12.0,12.1,12.0,0.0,0.0,0.0,0.0,,,40373.528,0,0,5,5,0,0.0,,,,,0,Normal
277,04:37,0.0,12.1,12.3,12.1,0.0,0.0,0.0,0.0,,,40373.528,0,0,5,5,0,0.0,,,,,0,Normal
278,04:38,0.0,12.1,12.1,12.1,0.0,0.0,0.0,0.0,,,40373.528,0,0,5,5,0,0.0,,,,,0,Normal
279,04:39,0.0,12.1,12.0,12.1,0.0,0.0,0.0,0.0,,,40373.528,0,0,5,5,0,0.0,,,,,0,Normal
280,04:40,0.0,12.1,12.1,12.1,0.0,0.0,0.0,0.0,,,40373.528,0,0,5,5,0,0.0,,,,,0,Normal
281,04:41,0.0,12.1,12.3,12.1,0.0,0.0,0.0,0.0,,,40373.528,0,0,5,5,0,0.0,,,,,0,Normal
282,04:42,0.0,12.2,12.1,12.2,0.0,0.0,0.0,0.0,,,40373.528,0,0,5,5,0,0.0,,,,,0,Normal
283,04:43,0.0,12.1,12.0,12.1,0.0,0.0,0.0,0.0,,,40373.528,0,0,5,5,0,0.0,,,,,0,Normal
284,04:44,0.0,12.1,12.0,12.1,0.0,0.0,0.0,0.0,,,40373.528,0,0,5,5,0,0.0,,,,,0,Normal
285,04:45,0.0,12.2,12.3,12.2,0.0,0.0,0.0,0.0,,,40373.528,0,0,5,5,0,0.0,,,,,0,Normal
286,04:46,0.0,12.3,12.1,12.3,0.0,0.0,0.0,0.0,,,40373.528,0,0,5,5,0,0.0,,,,,0,Normal
287,04:47,0.0,12.3,12.4,12.3,0.0,0.0,0.0,0.0,,,40373.528,0,0,5,5,0,0.0,,,,,0,Normal
288,04:48,0.0,12.4,12.6,12.4,0.0,0.0,0.0,0.0,,,40373.528,0,0,5,5,0,0.0,,,,,0,Normal
289,04:49,0.0,12.4,12.3,12.4,0.0,0.0,0.0,0.0,,,40373.528,0,0,5,5,0,0.0,,,,,0,Normal
290,04:50,0.0,12.4,12.5,12.4,0.0,0.0,0.0,0.0,,,40373.528,0,0,5,5,0,0.0,,,,,0,Normal
291,04:51,0.0,12.5,12.6,12.5,0.0,0.0,0.0,0.0,,,40373.528,0,0,5,5,0,0.0,,,,,0,Normal
292,04:52,0.0,12.5,12.6,12.5,0.0,0.0,0.0,0.0,,,40373.528,0,0,5,5,0,0.0,,,,,0,Normal
293,04:53,0.0,12.5,12.6,12.5,0.0,0.0,0.0,0.0,,,40373.528,0,0,5,5,0,0.0,,,,,0,Normal
294,04:54,0.0,12.6,12.7,12.6,0.0,0.0,0.0,0.0,,,40373.528,0,0,5,5,0,0.0,,,,,0,Normal
295,04:55,0.0,12.5,12.4,12.5,0.0,0.0,0.0,0.0,,,40373.528,0,0,5,5,0,0.0,,,,,0,Normal
296,04:56,0.0,12.5,12.6,12.5,0.0,0.0,0.0,0.0,,,40373.528,0,0,5,5,0,0.0,,,,,0,Normal
297,04:57,0.0,12.6,12.6,12.6,0.0,0.0,0.0,0.0,,,40373.528,0,0,5,5,0,0.0,,,,,0,Normal
298,04:58,0.0,12.7,12.7,12.7,0.0,0.0,0.0,0.0,,,40373.528,0,0,5,5,0,0.0,,,,,0,Normal
299,04:59,0.0,12.7,12.8,12.7,0.0,0.0,0.0,0.0,,,40373.528,0,0,5,5,0,0.0,,,,,0,Normal
300,05:00,0.0,12.8,12.7,12.8,0.0,0.0,0.0,0.0,,,40373.528,0,0,5,5,0,0.0,,,,,0,Normal
301,05:01,0.0,12.8,12.7,12.8,0.0,0.0,0.0,0.0,,,40373.528,0,0,5,5,0,0.0,,,,,0,Normal
302,05:02,0.0,12.9,12.7,12.9,0.0,0.0,0.0,0.0,,,40373.528,0,0,5,5,0,0.0,,,,,0,Normal
303,05:03,0.0,12.9,12.8,12.9,0.0,0.0,0.0,0.0,,,40373.528,0,0,5,5,0,0.0,,,,,0,Normal
304,05:04,0.0,12.9,13.0,12.9,0.0,0.0,0.0,0.0,,,40373.528,0,0,5,5,0,0.0,,,,,0,Normal
305,05:05,0.0,12.9,13.1,12.9,0.0,0.0,0.0,0.0,,,40373.528,0,0,5,5,0,0.0,,,,,0,Normal
306,05:06,0.0,12.9,13.0,12.9,0.0,0.0,0.0,0.0,,,40373.528,0,0,5,5,0,0.0,,,,,0,Normal
307,05:07,0.0,13.0,13.1,13.0,0.0,0.0,0.0,0.0,,,40373.528,0,0,5,5,0,0.0,,,,,0,Normal
308,05:08,0.0,13.0,13.2,13.0,0.0,0.0,0.0,0.0,,,40373.528,0,0,5,5,0,0.0,,,,,0,Normal
309,05:09,0.0,13.0,13.0,13.0,0.0,0.0,0.0,0.0,,,40373.528,0,0,5,5,0,0.0,,,,,0,Normal
310,05:10,0.0,13.0,13.1,13.0,0.0,0.0,0.0,0.0,,,40373.528,0,0,5,5,0,0.0,,,,,0,Normal
311,05:11,0.0,13.0,12.9,13.0,0.0,0.0,0.0,0.0,,,40373.528,0,0,5,5,0,0.0,,,,,0,Normal
312,05:12,0.0,13.0,13.0,13.0,0.0,0.0,0.0,0.0,,,40373.528,0,0,5,5,0,0.0,,,,,0,Normal
313,05:13,0.0,13.0,13.2,13.0,0.0,0.0,0.0,0.0,,,40373.528,0,0,5,5,0,0.0,,,,,0,Normal
314,05:14,0.0,13.1,13.1,13.1,0.0,0.0,0.0,0.0,,,40373.528,0,0,5,5,0,0.0,,,,,0,Normal
315,05:15,0.0,13.1,13.2,13.1,0.0,0.0,0.0,0.0,,,40373.528,0,0,5,5,0,0.0,,,,,0,Normal
316,05:16,0.0,13.1,13.0,13.1,0.0,0.0,0.0,0.0,,,40373.528,0,0,5,5,0,0.0,,,,,0,Normal
317,05:17,0.0,13.2,13.4,13.2,0.0,0.0,0.0,0.0,,,40373.528,0,0,5,5,0,0.0,,,,,0,Normal
318,05:18,0.0,13.2,13.1,13.2,0.0,0.0,0.0,0.0,,,40373.528,0,0,5,5,0,0.0,,,,,0,Normal
319,05:19,0.0,13.3,13.3,13.3,0.0,0.0,0.0,0.0,,,40373.528,0,0,5,5,0,0.0,,,,,0,Normal
320,05:20,0.0,13.2,13.4,13.2,0.0,0.0,0.0,0.0,,,40373.528,0,0,5,5,0,0.0,,,,,0,Normal
321,05:21,0.0,13.2,13.3,13.2,0.0,0.0,0.0,0.0,,,40373.528,0,0,5,5,0,0.0,,,,,0,Normal
322,05:22,0.0,13.2,13.4,13.2,0.0,0.0,0.0,0.0,,,40373.528,0,0,5,5,0,0.0,,,,,0,Normal
323,05:23,0.0,13.2,13.5,13.2,0.0,0.0,0.0,0.0,,,40373.528,0,0,5,5,0,0.0,,,,,0,Normal
324,05:24,0.0,13.2,13.3,13.2,0.0,0.0,0.0,0.0,,,40373.528,0,0,5,5,0,0.0,,,,,0,Normal
325,05:25,0.0,13.3,13.3,13.3,0.0,0.0,0.0,0.0,,,40373.528,0,0,5,5,0,0.0,,,,,0,Normal
326,05:26,0.0,13.3,13.2,13.3,0.0,0.0,0.0,0.0,,,40373.528,0,0,5,5,0,0.0,,,,,0,Normal
327,05:27,0.0,13.4,13.7,13.4,0.0,0.0,0.0,0.0,,,40373.528,0,0,5,5,0,0.0,,,,,0,Normal
328,05:28,0.0,13.4,13.2,13.4,0.0,0.0,0.0,0.0,,,40373.528,0,0,5,5,0,0.0,,,,,0,Normal
329,05:29,0.0,13.4,13.2,13.4,0.0,0.0,0.0,0.0,,,40373.528,0,0,5,5,0,0.0,,,,,0,Normal
330,05:30,0.0,13.4,13.4,13.4,0.0,0.0,0.0,0.0,,,40373.528,0,0,5,5,0,0.0,,,,,0,Normal
331,05:31,0.0,13.4,13.6,13.4,0.0,0.0,0.0,0.0,,,40373.528,0,0,5,5,0,0.0,,,,,0,Normal
332,05:32,0.0,13.4,13.4,13.4,0.0,0.0,0.0,0.0,,,40373.528,0,0,5,5,0,0.0,,,,,0,Normal
333,05:33,0.0,13.4,13.6,13.4,0.0,0.0,0.0,0.0,,,40373.528,0,0,5,5,0,0.0,,,,,0,Normal
334,05:34,0.0,13.4,13.5,13.4,0.0,0.0,0.0,0.0,,,40373.528,0,0,5,5,0,0.0,,,,,0,Normal
335,05:35,0.0,13.5,13.4,13.5,0.0,0.0,0.0,0.0,,,40373.528,0,0,5,5,0,0.0,,,,,0,Normal
336,05:36,0.0,13.5,13.4,13.5,0.0,0.0,0.0,0.0,,,40373.528,0,0,5,5,0,0.0,,,,,0,Normal
337,05:37,0.0,13.5,13.4,13.5,0.0,0.0,0.0,0.0,,,40373.528,0,0,5,5,0,0.0,,,,,0,Normal
338,05:38,0.0,13.5,13.6,13.5,0.0,0.0,0.0,0.0,,,40373.528,0,0,5,5,0,0.0,,,,,0,Normal
339,05:39,0.0,13.5,13.4,13.5,0.0,0.0,0.0,0.0,,,40373.528,0,0,5,5,0,0.0,,,,,0,Normal
340,05:40,0.0,13.5,13.5,13.5,0.0,0.0,0.0,0.0,,,40373.528,0,0,5,5,0,0.0,,,,,0,Normal
341,05:41,0.0,13.5,13.4,13.5,0.0,0.0,0.0,0.0,,,40373.528,0,0,5,5,0,0.0,,,,,0,Normal
342,05:42,0.0,13.6,13.8,13.6,0.0,0.0,0.0,0.0,,,40373.528,0,0,5,5,0,0.0,,,,,0,Normal
343,05:43,0.0,13.5,13.7,13.5,0.0,0.0,0.0,0.0,,,40373.528,0,0,5,5,0,0.0,,,,,0,Normal
344,05:44,0.0,13.6,13.7,13.6,0.0,0.0,0.0,0.0,,,40373.528,0,0,5,5,0,0.0,,,,,0,Normal
345,05:45,0.0,13.6,13.9,13.6,0.0,0.0,0.0,0.0,,,40373.528,0,0,5,5,0,0.0,,,,,0,Normal
346,05:46,0.0,13.6,13.6,13.6,0.0,0.0,0.0,0.0,,,40373.528,0,0,5,5,0,0.0,,,,,0,Normal
347,05:47,0.0,13.6,13.2,13.6,0.0,0.0,0.0,0.0,,,40373.528,0,0,5,5,0,0.0,,,,,0,Normal
348,05:48,0.0,13.7,13.9,13.7,0.0,0.0,0.0,0.0,,,40373.528,0,0,5,5,0,0.0,,,,,0,Normal
349,05:49,0.0,13.6,13.5,13.6,0.0,0.0,0.0,0.0,,,40373.528,0,0,5,5,0,0.0,,,,,0,Normal
350,05:50,0.0,13.6,13.4,13.6,0.0,0.0,0.0,0.0,,,40373.528,0,0,5,5,0,0.0,,,,,0,Normal
351,05:51,0.0,13.6,13.7,13.6,0.0,0.0,0.0,0.0,,,40373.528,0,0,5,5,0,0.0,,,,,0,Normal
352,05:52,0.0,13.7,13.6,13.7,0.0,0.0,0.0,0.0,,,40373.528,0,0,5,5,0,0.0,,,,,0,Normal
353,05:53,0.0,13.8,13.6,13.8,0.0,0.0,0.0,0.0,,,40373.528,0,0,5,5,0,0.0,,,,,0,Normal
354,05:54,0.0,13.8,14.0,13.8,0.0,0.0,0.0,0.0,,,40373.528,0,0,5,5,0,0.0,,,,,0,Normal
355,05:55,0.0,13.8,13.8,13.8,0.0,0.0,0.0,0.0,,,40373.528,0,0,5,5,0,0.0,,,,,0,Normal
356,05:56,0.0,13.8,13.6,13.8,0.0,0.0,0.0,0.0,,,40373.528,0,0,5,5,0,0.0,,,,,0,Normal
357,05:57,0.0,13.8,13.9,13.8,0.0,0.0,0.0,0.0,,,40373.528,0,0,5,5,0,0.0,,,,,0,Normal
358,05:58,0.0,13.8,13.7,13.8,0.0,0.0,0.0,0.0,,,40373.528,0,0,5,5,0,0.0,,,,,0,Normal
359,05:59,0.0,13.9,13.9,13.9,0.0,0.0,0.0,0.0,,,40373.528,0,0,5,5,0,0.0,,,,,0,Normal
360,06:00,0.0,13.9,13.8,13.9,0.0,0.0,0.0,0.0,,,40373.528,0,0,5,5,0,0.0,,,,,0,Normal
361,06:01,0.0,13.9,14.0,13.9,0.0,0.0,0.0,0.0,,,40373.528,0,0,5,5,0,0.0,,,,,0,Normal
362,06:02,0.0,13.9,14.1,13.9,0.0,0.0,0.0,0.0,,,40373.528,0,0,5,5,0,0.0,,,,,0,Normal
363,06:03,0.0,13.9,13.7,13.9,0.0,0.0,0.0,0.0,,,40373.528,0,0,5,5,0,0.0,,,,,0,Normal
364,06:04,0.0,13.9,13.9,13.9,0.0,0.0,0.0,0.0,,,40373.528,0,0,5,5,0,0.0,,,,,0,Normal
365,06:05,0.0,14.0,14.1,14.0,0.0,0.0,0.0,0.0,,,40373.528,0,0,5,5,0,0.0,,,,,0,Normal
366,06:06,0.0,14.0,14.1,14.0,0.0,0.0,0.0,0.0,,,40373.528,0,0,5,5,0,0.0,,,,,0,Normal
367,06:07,0.0,14.0,13.6,14.0,0.0,0.0,0.0,0.0,,,40373.528,0,0,5,5,0,0.0,,,,,0,Normal
368,06:08,0.0,14.1,14.0,14.1,0.0,0.0,0.0,0.0,,,40373.528,0,0,5,5,0,0.0,,,,,0,Normal
369,06:09,6.4,14.4,14.2,14.2,0.115,0.001916,0.002156,0.0001,88.87,,40373.53,77,77,5,5,1848,1848.0,100.0,100.0,5.69,94.31,0,Normal
370,06:10,8.5,14.5,14.4,14.2,0.1522,0.004452,0.005005,0.0002,88.95,,40373.532,77,77,5,5,1848,1848.0,100.0,100.0,4.9,95.1,0,Normal
371,06:11,10.8,14.5,14.6,14.2,0.1931,0.00767,0.008624,0.0004,88.94,,40373.536,77,77,5,5,1848,1848.0,100.0,100.0,5.06,94.94,0,Normal
372,06:12,13.1,14.7,14.7,14.3,0.2345,0.011578,0.013013,0.0006,88.97,,40373.539,77,77,5,5,1848,1848.0,100.0,100.0,5.05,94.95,0,Normal
373,06:13,15.7,14.9,14.9,14.4,0.2808,0.016258,0.018249,0.0009,89.09,,40373.544,77,77,5,5,1848,1848.0,100.0,100.0,4.79,95.21,0,Normal
374,06:14,18.2,15.0,14.9,14.4,0.3214,0.021614,0.024332,0.0012,88.83,,40373.55,77,77,5,5,1848,1848.0,100.0,100.0,4.84,95.16,0,Normal
375,06:15,20.8,16.3,16.4,14.4,0.3673,0.027735,0.031262,0.0016,88.72,,40373.556,77,77,5,5,1848,1848.0,100.0,100.0,4.85,95.15,0,Normal
376,06:16,23.5,16.5,16.3,14.5,0.4157,0.034664,0.039115,0.002,88.62,,40373.563,77,77,5,5,1848,1848.0,100.0,100.0,4.84,95.16,0,Normal
377,06:17,26.4,16.4,16.6,14.5,0.4685,0.042472,0.047893,0.0024,88.68,,40373.57,77,77,5,5,1848,1848.0,100.0,100.0,4.85,95.15,0,Normal
378,06:18,29.2,16.4,16.3,14.5,0.5189,0.051121,0.057656,0.0029,88.67,,40373.579,77,77,5,5,1848,1848.0,100.0,100.0,4.79,95.21,0,Normal
379,06:19,32.0,16.6,16.7,14.5,0.5695,0.060613,0.068343,0.0034,88.69,,40373.589,77,77,5,5,1848,1848.0,100.0,100.0,4.79,95.21,0,Normal
380,06:20,35.1,16.8,16.7,14.6,0.6256,0.071039,0.080047,0.004,88.75,,40373.599,77,77,5,5,1848,1848.0,100.0,100.0,4.73,95.27,0,Normal
381,06:21,38.0,16.8,16.9,14.7,0.6785,0.082348,0.092736,0.0046,88.8,,40373.61,77,77,5,5,1848,1848.0,100.0,100.0,4.71,95.29,0,Normal
382,06:22,40.9,17.1,17.1,14.7,0.7308,0.094528,0.106365,0.0053,88.87,,40373.622,77,77,5,5,1848,1848.0,100.0,100.0,4.7,95.3,0,Normal
383,06:23,44.1,16.8,16.8,14.6,0.7907,0.107707,0.121071,0.006,88.96,,40373.636,77,77,5,5,1848,1848.0,100.0,100.0,4.72,95.28,0,Normal
384,06:24,47.2,16.7,16.7,14.6,0.8479,0.121839,0.13684,0.0068,89.04,,40373.65,77,77,5,5,1848,1848.0,100.0,100.0,4.7,95.3,0,Normal
385,06:25,50.4,16.5,16.4,14.6,0.9023,0.136877,0.153626,0.0077,89.1,,40373.665,77,77,5,5,1848,1848.0,100.0,100.0,4.7,95.3,0,Normal
386,06:26,53.7,16.6,16.5,14.6,0.9632,0.152931,0.171551,0.0086,89.15,,40373.681,77,77,5,5,1848,1848.0,100.0,100.0,4.72,95.28,0,Normal
387,06:27,57.1,17.0,16.9,14.6,1.0246,0.170008,0.190569,0.0095,89.21,,40373.698,77,77,5,5,1848,1848.0,100.0,100.0,4.71,95.29,0,Normal
388,06:28,60.3,17.3,17.5,14.7,1.0824,0.188048,0.210665,0.0105,89.26,,40373.716,77,77,5,5,1848,1848.0,100.0,100.0,4.7,95.3,0,Normal
389,06:29,63.5,17.3,17.3,14.7,1.1412,0.207068,0.231839,0.0116,89.32,,40373.735,77,77,5,5,1848,1848.0,100.0,100.0,4.72,95.28,0,Normal
390,06:30,67.0,17.3,17.4,14.7,1.2065,0.227176,0.254168,0.0127,89.38,,40373.755,77,77,5,5,1848,1848.0,100.0,100.0,4.71,95.29,0,Normal
391,06:31,70.4,17.4,17.4,14.8,1.2683,0.248315,0.277637,0.0139,89.44,,40373.776,77,77,5,5,1848,1848.0,100.0,100.0,4.71,95.29,0,Normal
392,06:32,73.4,17.6,17.7,14.8,1.3223,0.270354,0.302107,0.0151,89.49,,40373.798,77,77,5,5,1848,1848.0,100.0,100.0,4.7,95.3,0,Normal
393,06:33,76.7,17.6,17.7,14.7,1.3844,0.293428,0.32767,0.0164,89.55,,40373.821,77,77,5,5,1848,1848.0,100.0,100.0,4.7,95.3,0,Normal
394,06:34,79.7,17.6,17.4,14.8,1.4368,0.317375,0.354234,0.0177,89.59,,40373.845,77,77,5,5,1848,1848.0,100.0,100.0,4.7,95.3,0,Normal
395,06:35,83.2,17.9,17.9,14.9,1.4986,0.342351,0.382014,0.0191,89.62,,40373.87,77,77,5,5,1848,1848.0,100.0,100.0,4.69,95.31,0,Normal
396,06:36,87.1,17.9,18.0,14.9,1.57,0.368517,0.411042,0.0205,89.65,,40373.896,77,77,5,5,1848,1848.0,100.0,100.0,4.7,95.3,0,Normal
397,06:37,90.6,17.5,17.8,14.9,1.6383,0.395822,0.441286,0.022,89.7,,40373.924,77,77,5,5,1848,1848.0,100.0,100.0,4.7,95.3,0,Normal
398,06:38,94.2,17.8,18.0,14.9,1.704,0.424222,0.472686,0.0236,89.75,,40373.952,77,77,5,5,1848,1848.0,100.0,100.0,4.7,95.3,0,Normal
399,06:39,97.7,18.0,17.9,14.9,1.768,0.453689,0.505241,0.0252,89.8,,40373.982,77,77,5,5,1848,1848.0,100.0,100.0,4.7,95.3,0,Normal
400,06:40,101.3,18.2,18.2,15.0,1.8335,0.484247,0.539027,0.0269,89.84,90.45,40374.012,77,77,5,5,1848,1848.0,100.0,100.0,4.7,95.3,0,Normal
401,06:41,104.9,18.6,18.6,15.1,1.8977,0.515876,0.574045,0.0287,89.87,90.32,40374.044,77,77,5,5,1848,1848.0,100.0,100.0,4.7,95.3,0,Normal
402,06:42,108.3,18.6,18.9,15.1,1.96,0.548543,0.610141,0.0305,89.9,90.5,40374.076,77,77,5,5,1848,1848.0,100.0,100.0,4.71,95.29,0,Normal
403,06:43,111.6,18.6,18.6,15.1,2.0177,0.582172,0.647377,0.0323,89.93,90.31,40374.11,77,77,5,5,1848,1848.0,100.0,100.0,4.7,95.3,0,Normal
404,06:44,115.3,18.9,18.8,15.1,2.0828,0.616886,0.685845,0.0343,89.95,90.24,40374.145,77,77,5,5,1848,1848.0,100.0,100.0,4.7,95.3,0,Normal
405,06:45,119.7,19.1,19.2,15.2,2.1643,0.652957,0.725791,0.0363,89.96,90.3,40374.181,77,77,5,5,1848,1848.0,100.0,100.0,4.7,95.3,0,Normal
406,06:46,123.6,18.8,18.7,15.2,2.2384,0.690264,0.767031,0.0383,89.99,90.46,40374.218,77,77,5,5,1848,1848.0,100.0,100.0,4.7,95.3,0,Normal
407,06:47,126.9,19.2,19.1,15.2,2.2976,0.728557,0.809364,0.0404,90.02,90.46,40374.256,77,77,5,5,1848,1848.0,100.0,100.0,4.7,95.3,0,Normal
408,06:48,129.7,19.2,19.1,15.3,2.3504,0.76773,0.852621,0.0426,90.04,90.56,40374.296,77,77,5,5,1848,1848.0,100.0,100.0,4.69,95.31,0,Normal
409,06:49,133.0,19.3,19.4,15.3,2.4102,0.8079,0.896956,0.0448,90.07,90.61,40374.336,77,77,5,5,1848,1848.0,100.0,100.0,4.7,95.3,0,Normal
410,06:50,136.9,19.8,19.7,15.3,2.477,0.849183,0.9426,0.0471,90.09,90.45,40374.377,77,77,5,5,1848,1848.0,100.0,100.0,4.7,95.3,0,Normal
411,06:51,141.7,20.2,20.5,15.3,2.5635,0.891908,0.989861,0.0495,90.1,90.4,40374.42,77,77,5,5,1848,1848.0,100.0,100.0,4.7,95.3,0,Normal
412,06:52,145.9,20.2,20.0,15.3,2.6369,0.935857,1.038508,0.0519,90.12,90.34,40374.464,77,77,5,5,1848,1848.0,100.0,100.0,4.7,95.3,0,Normal
413,06:53,150.2,20.9,20.8,15.3,2.7103,0.981028,1.088602,0.0544,90.12,90.17,40374.509,77,77,5,5,1848,1848.0,100.0,100.0,4.7,95.3,0,Normal
414,06:54,154.1,21.1,21.2,15.3,2.7812,1.027381,1.140005,0.057,90.12,90.18,40374.555,77,77,5,5,1848,1848.0,100.0,100.0,4.7,95.3,0,Normal
415,06:55,158.2,21.2,21.1,15.3,2.8562,1.074984,1.192794,0.0596,90.12,90.18,40374.603,77,77,5,5,1848,1848.0,100.0,100.0,4.7,95.3,0,Normal
416,06:56,162.4,20.8,20.6,15.3,2.9372,1.123938,1.246969,0.0623,90.13,90.36,40374.652,77,77,5,5,1848,1848.0,100.0,100.0,4.7,95.3,0,Normal
417,06:57,165.6,20.9,21.0,15.4,2.9966,1.173882,1.302222,0.0651,90.14,90.39,40374.702,77,77,5,5,1848,1848.0,100.0,100.0,4.7,95.3,0,Normal
418,06:58,169.5,20.9,21.0,15.3,3.0712,1.225069,1.358723,0.0679,90.16,90.59,40374.753,77,77,5,5,1848,1848.0,100.0,100.0,4.7,95.3,0,Normal
419,06:59,173.9,21.3,21.4,15.4,3.143,1.277452,1.416748,0.0708,90.17,90.28,40374.805,77,77,5,5,1848,1848.0,100.0,100.0,4.7,95.3,0,Normal
420,07:00,178.4,21.6,21.7,15.4,3.2191,1.331103,1.476236,0.0738,90.17,90.19,40374.859,77,77,5,5,1848,1848.0,100.0,100.0,4.7,95.3,0,Normal
421,07:01,182.4,21.8,21.8,15.4,3.2924,1.385977,1.537048,0.0768,90.17,90.24,40374.914,77,77,5,5,1848,1848.0,100.0,100.0,4.7,95.3,0,Normal
422,07:02,186.0,21.9,21.8,15.4,3.3597,1.441972,1.599077,0.0799,90.18,90.27,40374.97,77,77,5,5,1848,1848.0,100.0,100.0,4.7,95.3,0,Normal
423,07:03,190.1,22.0,21.9,15.4,3.4328,1.499185,1.662492,0.0831,90.18,90.22,40375.027,77,77,5,5,1848,1848.0,100.0,100.0,4.7,95.3,0,Normal
424,07:04,193.7,21.9,21.9,15.4,3.503,1.557568,1.727062,0.0863,90.19,90.42,40375.085,77,77,5,5,1848,1848.0,100.0,100.0,4.7,95.3,0,Normal
425,07:05,196.7,22.1,22.2,15.4,3.5542,1.616805,1.792633,0.0896,90.19,90.34,40375.145,77,77,5,5,1848,1848.0,100.0,100.0,4.7,95.3,0,Normal
426,07:06,200.1,22.1,22.2,15.5,3.6183,1.67711,1.859359,0.0929,90.2,90.38,40375.205,77,77,5,5,1848,1848.0,100.0,100.0,4.7,95.3,0,Normal
427,07:07,203.5,22.3,22.6,15.5,3.6773,1.738398,1.927239,0.0963,90.2,90.29,40375.266,77,77,5,5,1848,1848.0,100.0,100.0,4.7,95.3,0,Normal
428,07:08,207.9,22.1,22.1,15.5,3.7564,1.801004,1.996582,0.0998,90.2,90.28,40375.329,77,77,5,5,1848,1848.0,100.0,100.0,4.7,95.3,0,Normal
429,07:09,211.6,22.3,22.5,15.5,3.8239,1.864736,2.067157,0.1033,90.21,90.3,40375.393,77,77,5,5,1848,1848.0,100.0,100.0,4.7,95.3,0,Normal
430,07:10,213.8,22.4,22.7,15.5,3.8633,1.929125,2.138426,0.1069,90.21,90.35,40375.457,77,77,5,5,1848,1848.0,100.0,100.0,4.7,95.3,0,Normal
431,07:11,218.3,22.7,22.9,15.6,3.944,1.994859,2.211234,0.1105,90.21,90.28,40375.523,77,77,5,5,1848,1848.0,100.0,100.0,4.7,95.3,0,Normal
432,07:12,222.0,22.5,22.6,15.7,4.0134,2.061749,2.285274,0.1142,90.22,90.34,40375.59,77,77,5,5,1848,1848.0,100.0,100.0,4.7,95.3,0,Normal
433,07:13,224.8,22.3,22.5,15.7,4.0693,2.12957,2.360238,0.1179,90.23,90.47,40375.657,77,77,5,5,1848,1848.0,100.0,100.0,4.7,95.3,0,Normal
434,07:14,229.5,22.5,22.8,15.7,4.15,2.198737,2.436743,0.1218,90.23,90.41,40375.727,77,77,5,5,1848,1848.0,100.0,100.0,4.7,95.3,0,Normal
435,07:15,234.6,22.9,22.9,15.7,4.2415,2.269429,2.515003,0.1257,90.24,90.33,40375.797,77,77,5,5,1848,1848.0,100.0,100.0,4.7,95.3,0,Normal
436,07:16,238.6,22.5,22.7,15.8,4.3148,2.341342,2.594587,0.1297,90.24,90.36,40375.869,77,77,5,5,1848,1848.0,100.0,100.0,4.7,95.3,0,Normal
437,07:17,243.5,22.9,23.2,15.8,4.4003,2.41468,2.675788,0.1337,90.24,90.32,40375.943,77,77,5,5,1848,1848.0,100.0,100.0,4.7,95.3,0,Normal
438,07:18,247.4,23.5,23.6,15.8,4.465,2.489097,2.758298,0.1378,90.24,90.19,40376.017,77,77,5,5,1848,1848.0,100.0,100.0,4.7,95.3,0,Normal
439,07:19,252.3,23.4,23.4,15.8,4.5554,2.56502,2.842425,0.142,90.24,90.25,40376.093,77,77,5,5,1848,1848.0,100.0,100.0,4.7,95.3,0,Normal
440,07:20,256.0,23.5,23.9,15.8,4.6202,2.642024,2.927784,0.1463,90.24,90.21,40376.17,77,77,5,5,1848,1848.0,100.0,100.0,4.7,95.3,0,Normal
441,07:21,259.4,23.5,23.5,15.8,4.6864,2.720131,3.014283,0.1506,90.24,90.3,40376.248,77,77,5,5,1848,1848.0,100.0,100.0,4.7,95.3,0,Normal
442,07:22,263.9,23.5,23.7,15.8,4.7699,2.79963,3.102321,0.155,90.24,90.3,40376.328,77,77,5,5,1848,1848.0,100.0,100.0,4.71,95.29,0,Normal
443,07:23,268.3,23.7,24.0,15.8,4.8469,2.880411,3.191822,0.1595,90.24,90.26,40376.408,77,77,5,5,1848,1848.0,100.0,100.0,4.71,95.29,0,Normal
444,07:24,271.8,23.8,24.1,15.8,4.9054,2.962168,3.282478,0.164,90.24,90.18,40376.49,77,77,5,5,1848,1848.0,100.0,100.0,4.71,95.29,0,Normal
445,07:25,277.8,24.0,24.1,15.8,5.0122,3.045705,3.375136,0.1687,90.24,90.16,40376.574,77,77,5,5,1848,1848.0,100.0,100.0,4.71,95.29,0,Normal
446,07:26,282.1,24.1,24.4,15.8,5.0904,3.130545,3.469196,0.1734,90.24,90.2,40376.658,77,77,5,5,1848,1848.0,100.0,100.0,4.71,95.29,0,Normal
447,07:27,286.5,24.3,24.5,15.8,5.168,3.216679,3.564719,0.1781,90.24,90.17,40376.745,77,77,5,5,1848,1848.0,100.0,100.0,4.71,95.29,0,Normal
448,07:28,290.8,24.1,24.4,15.8,5.2517,3.304207,3.661689,0.183,90.24,90.26,40376.832,77,77,5,5,1848,1848.0,100.0,100.0,4.71,95.29,0,Normal
449,07:29,295.4,24.3,24.6,15.8,5.3321,3.393075,3.760199,0.1879,90.24,90.21,40376.921,77,77,5,5,1848,1848.0,100.0,100.0,4.71,95.29,0,Normal
450,07:30,300.2,24.6,25.0,15.9,5.4137,3.483304,3.860326,0.1929,90.23,90.11,40377.011,77,77,5,5,1848,1848.0,100.0,100.0,4.71,95.29,0,Normal
451,07:31,304.7,24.8,25.1,16.0,5.4881,3.574772,3.961916,0.198,90.23,90.04,40377.103,77,77,5,5,1848,1848.0,100.0,100.0,4.71,95.29,0,Normal
452,07:32,308.0,25.2,25.7,16.1,5.5409,3.667121,4.064661,0.2031,90.22,89.88,40377.195,77,77,5,5,1848,1848.0,100.0,100.0,4.71,95.29,0,Normal
453,07:33,310.9,25.4,25.7,16.1,5.5879,3.760253,4.16833,0.2083,90.21,89.84,40377.288,77,77,5,5,1848,1848.0,100.0,100.0,4.71,95.29,0,Normal
454,07:34,315.4,25.5,26.1,16.0,5.6697,3.854748,4.273538,0.2136,90.2,89.82,40377.383,77,77,5,5,1848,1848.0,100.0,100.0,4.71,95.29,0,Normal
455,07:35,319.3,25.9,26.1,16.0,5.7384,3.950388,4.38004,0.2189,90.19,89.8,40377.478,77,77,5,5,1848,1848.0,100.0,100.0,4.71,95.29,0,Normal
456,07:36,322.4,25.9,26.2,16.1,5.7944,4.046961,4.487559,0.2243,90.18,89.82,40377.575,77,77,5,5,1848,1848.0,100.0,100.0,4.71,95.29,0,Normal
457,07:37,325.6,26.0,26.0,16.0,5.8499,4.14446,4.596156,0.2297,90.17,89.78,40377.672,77,77,5,5,1848,1848.0,100.0,100.0,4.71,95.29,0,Normal
458,07:38,329.9,26.0,26.5,16.0,5.9257,4.243222,4.7062,0.2352,90.16,89.75,40377.771,77,77,5,5,1848,1848.0,100.0,100.0,4.71,95.29,0,Normal
459,07:39,334.0,26.3,26.7,16.0,5.9967,4.343167,4.817569,0.2408,90.15,89.74,40377.871,77,77,5,5,1848,1848.0,100.0,100.0,4.71,95.29,0,Normal
460,07:40,338.3,26.6,27.0,16.0,6.0679,4.444299,4.9304,0.2464,90.14,89.63,40377.972,77,77,5,5,1848,1848.0,100.0,100.0,4.71,95.29,0,Normal
461,07:41,340.7,26.5,26.8,16.0,6.1143,4.546204,5.044002,0.2521,90.13,89.7,40378.074,77,77,5,5,1848,1848.0,100.0,100.0,4.71,95.29,0,Normal
462,07:42,345.9,27.0,27.7,16.1,6.1967,4.649483,5.159359,0.2578,90.12,89.53,40378.177,77,77,5,5,1848,1848.0,100.0,100.0,4.71,95.29,0,Normal
463,07:43,349.4,27.2,27.6,16.2,6.2543,4.753722,5.275886,0.2637,90.1,89.45,40378.282,77,77,5,5,1848,1848.0,100.0,100.0,4.71,95.29,0,Normal
464,07:44,352.4,27.3,28.0,16.2,6.305,4.858805,5.393414,0.2695,90.09,89.41,40378.387,77,77,5,5,1848,1848.0,100.0,100.0,4.71,95.29,0,Normal
465,07:45,356.0,27.7,28.2,16.4,6.365,4.964889,5.512159,0.2755,90.07,89.34,40378.493,77,77,5,5,1848,1848.0,100.0,100.0,4.71,95.29,0,Normal
466,07:46,358.3,27.8,28.4,16.4,6.4066,5.071666,5.631674,0.2814,90.06,89.34,40378.6,77,77,5,5,1848,1848.0,100.0,100.0,4.71,95.29,0,Normal
467,07:47,361.8,28.2,28.7,16.4,6.4586,5.179309,5.752344,0.2875,90.04,89.2,40378.707,77,77,5,5,1848,1848.0,100.0,100.0,4.71,95.29,0,Normal
468,07:48,367.4,28.9,29.2,16.4,6.5436,5.288369,5.874862,0.2936,90.02,89.02,40378.816,77,77,5,5,1848,1848.0,100.0,100.0,4.71,95.29,0,Normal
469,07:49,369.6,29.1,29.5,16.5,6.5813,5.398058,5.998149,0.2997,90.0,88.97,40378.926,77,77,5,5,1848,1848.0,100.0,100.0,4.71,95.29,0,Normal
470,07:50,374.4,29.7,30.1,16.6,6.6502,5.508895,6.122992,0.306,89.97,88.78,40379.037,77,77,5,5,1848,1848.0,100.0,100.0,4.71,95.29,0,Normal
471,07:51,378.3,30.0,30.4,16.6,6.7107,5.62074,6.249144,0.3123,89.94,88.66,40379.149,77,77,5,5,1848,1848.0,100.0,100.0,4.71,95.29,0,Normal
472,07:52,381.8,30.0,30.7,16.6,6.7762,5.733676,6.376451,0.3187,89.92,88.71,40379.262,77,77,5,5,1848,1848.0,100.0,100.0,4.71,95.29,0,Normal
473,07:53,385.2,30.3,30.6,16.7,6.8308,5.847523,6.504898,0.3251,89.89,88.63,40379.375,77,77,5,5,1848,1848.0,100.0,100.0,4.71,95.29,0,Normal
474,07:54,390.1,30.4,31.0,16.8,6.9172,5.96281,6.634977,0.3316,89.87,88.63,40379.491,77,77,5,5,1848,1848.0,100.0,100.0,4.71,95.29,0,Normal
475,07:55,390.6,29.9,30.4,16.8,6.9389,6.078459,6.765271,0.3381,89.85,88.76,40379.606,77,77,5,5,1848,1848.0,100.0,100.0,4.71,95.29,0,Normal
476,07:56,395.0,30.5,31.1,16.9,7.0009,6.19514,6.897028,0.3447,89.82,88.56,40379.723,77,77,5,5,1848,1848.0,100.0,100.0,4.71,95.29,0,Normal
477,07:57,397.3,30.2,30.7,16.9,7.0525,6.312681,7.029555,0.3513,89.8,88.69,40379.841,77,77,5,5,1848,1848.0,100.0,100.0,4.71,95.29,0,Normal
478,07:58,401.1,30.3,31.1,16.9,7.1199,6.431346,7.163314,0.358,89.78,88.72,40379.959,77,77,5,5,1848,1848.0,100.0,100.0,4.71,95.29,0,Normal
479,07:59,404.7,30.4,31.2,16.9,7.1779,6.550977,7.298305,0.3647,89.76,88.62,40380.079,77,77,5,5,1848,1848.0,100.0,100.0,4.71,95.29,0,Normal
480,08:00,409.7,30.6,31.1,16.9,7.2623,6.672015,7.434914,0.3716,89.74,88.6,40380.2,77,77,5,5,1848,1848.0,100.0,100.0,4.71,95.29,0,Normal
481,08:01,413.6,30.8,31.3,16.9,7.3299,6.79418,7.572831,0.3784,89.72,88.58,40380.322,77,77,5,5,1848,1848.0,100.0,100.0,4.71,95.29,0,Normal
482,08:02,417.2,30.8,31.3,17.0,7.3896,6.91734,7.71198,0.3854,89.7,88.51,40380.445,77,77,5,5,1848,1848.0,100.0,100.0,4.71,95.29,0,Normal
483,08:03,421.3,30.4,30.9,17.0,7.4756,7.041934,7.8525,0.3924,89.68,88.67,40380.57,77,77,5,5,1848,1848.0,100.0,100.0,4.71,95.29,0,Normal
484,08:04,426.1,30.2,31.0,16.9,7.5719,7.168133,7.994575,0.3995,89.66,88.83,40380.696,77,77,5,5,1848,1848.0,100.0,100.0,4.71,95.29,0,Normal
485,08:05,427.5,30.0,30.7,16.9,7.5993,7.294788,8.137112,0.4066,89.65,88.86,40380.823,77,77,5,5,1848,1848.0,100.0,100.0,4.71,95.29,0,Normal
486,08:06,429.9,30.0,30.5,16.9,7.6444,7.422194,8.280496,0.4138,89.63,88.86,40380.95,77,77,5,5,1848,1848.0,100.0,100.0,4.71,95.29,0,Normal
487,08:07,434.2,30.1,30.6,16.9,7.72,7.55086,8.425327,0.421,89.62,88.84,40381.079,77,77,5,5,1848,1848.0,100.0,100.0,4.71,95.29,0,Normal
488,08:08,437.7,30.1,30.7,17.0,7.7797,7.680522,8.571313,0.4283,89.61,88.82,40381.208,77,77,5,5,1848,1848.0,100.0,100.0,4.71,95.29,0,Normal
489,08:09,442.5,30.2,31.0,17.0,7.8625,7.811564,8.718916,0.4357,89.59,88.78,40381.339,77,77,5,5,1848,1848.0,100.0,100.0,4.71,95.29,0,Normal
490,08:10,445.6,30.5,31.4,17.0,7.9123,7.943435,8.867521,0.4431,89.58,88.74,40381.471,77,77,5,5,1848,1848.0,100.0,100.0,4.71,95.29,0,Normal
491,08:11,449.6,30.7,31.6,17.0,7.9745,8.076344,9.01745,0.4506,89.56,88.65,40381.604,77,77,5,5,1848,1848.0,100.0,100.0,4.71,95.29,0,Normal
492,08:12,455.9,31.1,31.7,17.1,8.0742,8.210914,9.169519,0.4582,89.55,88.49,40381.739,77,77,5,5,1848,1848.0,100.0,100.0,4.71,95.29,0,Normal
493,08:13,460.9,31.2,32.0,17.1,8.165,8.346997,9.323221,0.4659,89.53,88.54,40381.875,77,77,5,5,1848,1848.0,100.0,100.0,4.71,95.29,0,Normal
494,08:14,465.2,31.3,32.2,17.1,8.238,8.484297,9.47837,0.4737,89.51,88.5,40382.012,77,77,5,5,1848,1848.0,100.0,100.0,4.71,95.29,0,Normal
495,08:15,468.6,31.4,32.1,17.0,8.2981,8.622598,9.634674,0.4815,89.5,88.48,40382.15,77,77,5,5,1848,1848.0,100.0,100.0,4.71,95.29,0,Normal
496,08:16,472.2,31.9,32.5,17.1,8.3462,8.761701,9.792133,0.4894,89.48,88.34,40382.29,77,77,5,5,1848,1848.0,100.0,100.0,4.71,95.29,0,Normal
497,08:17,476.1,31.9,32.7,17.2,8.4136,8.901928,9.950901,0.4973,89.46,88.32,40382.43,77,77,5,5,1848,1848.0,100.0,100.0,4.71,95.29,0,Normal
498,08:18,480.3,32.3,33.2,17.1,8.4735,9.043153,10.111055,0.5053,89.44,88.18,40382.571,77,77,5,5,1848,1848.0,100.0,100.0,4.71,95.29,0,Normal
499,08:19,486.9,32.8,33.5,17.2,8.5826,9.186197,10.273442,0.5134,89.42,88.09,40382.714,77,77,5,5,1848,1848.0,100.0,100.0,4.71,95.29,0,Normal
500,08:20,493.2,33.2,34.1,17.3,8.6607,9.330542,10.437908,0.5216,89.39,87.77,40382.858,77,77,5,5,1848,1843.0,100.0,99.73,4.71,95.29,0,Normal
501,08:21,495.2,33.8,34.4,17.3,8.6792,9.475195,10.603067,0.5299,89.36,87.58,40383.003,77,77,5,5,1848,1843.0,100.0,99.73,4.71,95.29,0,Normal
502,08:22,499.3,33.9,35.1,17.4,8.7424,9.620901,10.769611,0.5382,89.33,87.49,40383.149,77,77,5,5,1848,1843.0,100.0,99.73,4.71,95.29,0,Normal
503,08:23,500.8,33.7,34.8,17.4,8.7773,9.767189,10.936618,0.5465,89.31,87.59,40383.295,77,77,5,5,1848,1843.0,100.0,99.73,4.71,95.29,0,Normal
504,08:24,505.0,33.8,34.5,17.5,8.8451,9.914607,11.105011,0.555,89.28,87.54,40383.442,77,77,5,5,1848,1843.0,100.0,99.73,4.71,95.29,0,Normal
505,08:25,508.5,33.7,34.5,17.5,8.9088,10.063087,11.274559,0.5634,89.25,87.57,40383.591,77,77,5,5,1848,1843.0,100.0,99.73,4.71,95.29,1,Dégradé
506,08:26,511.3,33.9,34.7,17.5,8.9546,10.21233,11.445107,0.572,89.23,87.51,40383.74,77,77,5,5,1848,1843.0,100.0,99.73,4.71,95.29,1,Dégradé
507,08:27,515.0,33.8,34.5,17.5,9.0218,10.362693,11.616887,0.5805,89.2,87.53,40383.891,77,77,5,5,1848,1843.0,100.0,99.73,4.71,95.29,1,Dégradé
508,08:28,517.5,33.4,34.4,17.6,9.0762,10.513963,11.789438,0.5892,89.18,87.67,40384.042,77,77,5,5,1848,1843.0,100.0,99.73,4.71,95.29,1,Dégradé
509,08:29,520.7,33.6,34.5,17.7,9.1335,10.666188,11.963067,0.5978,89.16,87.67,40384.194,77,77,5,5,1848,1843.0,100.0,99.73,4.71,95.29,1,Dégradé
510,08:30,524.4,34.3,35.3,17.7,9.1769,10.819136,12.137928,0.6066,89.13,87.47,40384.347,77,77,5,5,1848,1843.0,100.0,99.73,4.71,95.29,1,Dégradé
511,08:31,530.0,34.4,35.6,17.7,9.2686,10.973613,12.314698,0.6154,89.11,87.39,40384.502,77,77,5,5,1848,1843.0,100.0,99.73,4.71,95.29,1,Dégradé
512,08:32,535.1,34.3,35.1,17.7,9.3622,11.129649,12.493162,0.6243,89.09,87.43,40384.658,77,77,5,5,1848,1843.0,100.0,99.73,4.71,95.29,1,Dégradé
513,08:33,540.3,34.7,35.4,17.8,9.4396,11.286976,12.673335,0.6333,89.06,87.32,40384.815,77,77,5,5,1848,1843.0,100.0,99.73,4.71,95.29,1,Dégradé
514,08:34,544.2,34.6,35.7,17.8,9.5128,11.445523,12.854817,0.6424,89.04,87.36,40384.973,77,77,5,5,1848,1843.0,100.0,99.73,4.71,95.29,1,Dégradé
515,08:35,545.2,34.6,35.7,17.8,9.5286,11.604333,13.036668,0.6515,89.01,87.33,40385.132,77,77,5,5,1848,1843.0,100.0,99.73,4.71,95.29,1,Dégradé
516,08:36,552.2,34.8,35.8,17.8,9.6482,11.765136,13.22083,0.6607,88.99,87.32,40385.293,77,77,5,5,1848,1843.0,100.0,99.73,4.71,95.29,1,Dégradé
517,08:37,557.2,34.9,36.0,17.9,9.7391,11.927454,13.406685,0.67,88.97,87.34,40385.455,77,77,5,5,1848,1843.0,100.0,99.73,4.71,95.29,1,Dégradé
518,08:38,560.0,34.8,35.9,17.9,9.7901,12.090622,13.593464,0.6793,88.94,87.36,40385.619,77,77,5,5,1848,1843.0,100.0,99.73,4.71,95.29,1,Dégradé
519,08:39,563.5,34.8,35.8,17.9,9.8498,12.254786,13.781398,0.6887,88.92,87.35,40385.783,77,77,5,5,1848,1843.0,100.0,99.73,4.71,95.29,1,Dégradé
520,08:40,568.4,34.8,35.9,18.0,9.9355,12.420377,13.97095,0.6982,88.9,87.36,40385.948,77,77,5,5,1848,1843.0,100.0,99.73,4.71,95.29,1,Dégradé
521,08:41,573.7,35.1,36.0,17.9,10.0108,12.587223,14.162272,0.7078,88.88,87.21,40386.115,77,77,5,5,1848,1843.0,100.0,99.73,4.71,95.29,1,Dégradé
522,08:42,577.9,35.1,36.1,17.9,10.0878,12.755353,14.354981,0.7174,88.86,87.25,40386.283,77,77,5,5,1848,1843.0,100.0,99.73,4.71,95.29,1,Dégradé
523,08:43,583.3,35.4,36.4,18.0,10.1791,12.925005,14.549537,0.7271,88.83,87.2,40386.453,77,77,5,5,1848,1843.0,100.0,99.73,4.71,95.29,1,Dégradé
524,08:44,587.8,35.3,36.5,18.0,10.2577,13.095967,14.745556,0.7369,88.81,87.22,40386.624,77,77,5,5,1848,1843.0,100.0,99.73,4.71,95.29,1,Dégradé
525,08:45,592.5,35.4,36.3,17.9,10.3368,13.268247,14.943192,0.7468,88.79,87.17,40386.796,77,77,5,5,1848,1843.0,100.0,99.73,4.71,95.29,1,Dégradé
526,08:46,597.8,35.5,36.5,17.9,10.4279,13.442046,15.142523,0.7567,88.77,87.19,40386.97,77,77,5,5,1848,1843.0,100.0,99.73,4.71,95.29,1,Dégradé
527,08:47,598.0,35.9,37.1,17.9,10.4163,13.615651,15.34193,0.7667,88.75,87.06,40387.144,77,77,5,5,1848,1843.0,100.0,99.73,4.71,95.29,1,Dégradé
528,08:48,598.6,35.6,36.5,18.0,10.4359,13.789582,15.541568,0.7767,88.73,87.12,40387.317,77,77,5,5,1848,1843.0,100.0,99.73,4.71,95.29,1,Dégradé
529,08:49,602.3,35.5,36.7,18.0,10.5052,13.964668,15.742438,0.7867,88.71,87.16,40387.493,77,77,5,5,1848,1843.0,100.0,99.73,4.71,95.29,1,Dégradé
530,08:50,607.7,35.5,36.8,18.0,10.6022,14.141372,15.945079,0.7969,88.69,87.2,40387.669,77,77,5,5,1848,1843.0,100.0,99.73,4.71,95.29,1,Dégradé
531,08:51,611.2,35.7,36.9,18.0,10.6572,14.318992,16.148936,0.807,88.67,87.13,40387.847,77,77,5,5,1848,1843.0,100.0,99.73,4.71,95.29,1,Dégradé
532,08:52,619.7,36.4,37.6,18.1,10.7773,14.498613,16.355581,0.8174,88.65,86.92,40388.027,77,77,5,5,1848,1843.0,100.0,99.73,4.71,95.29,1,Dégradé
533,08:53,623.1,36.6,38.0,18.1,10.8287,14.679091,16.563381,0.8278,88.62,86.85,40388.207,77,77,5,5,1848,1843.0,100.0,99.73,4.71,95.29,1,Dégradé
534,08:54,627.6,36.8,38.2,18.2,10.9,14.860758,16.772705,0.8382,88.6,86.79,40388.389,77,77,5,5,1848,1843.0,100.0,99.73,4.71,95.29,1,Dégradé
535,08:55,627.2,36.9,38.2,18.2,10.8911,15.042276,16.98189,0.8487,88.58,86.77,40388.57,77,77,5,5,1848,1843.0,100.0,99.73,4.71,95.29,1,Dégradé
536,08:56,632.7,37.5,38.7,18.2,10.9613,15.224964,17.192908,0.8592,88.55,86.57,40388.753,77,77,5,5,1848,1843.0,100.0,99.73,4.71,95.29,1,Dégradé
537,08:57,637.2,37.4,38.5,18.2,11.0411,15.408983,17.405405,0.8698,88.53,86.6,40388.937,77,77,5,5,1848,1843.0,100.0,99.73,4.71,95.29,1,Dégradé
538,08:58,634.6,37.2,38.1,18.2,11.0056,15.592409,17.617054,0.8804,88.51,86.67,40389.12,77,77,5,5,1848,1843.0,100.0,99.73,4.71,95.29,1,Dégradé
539,08:59,635.8,37.3,38.3,18.3,11.021,15.776093,17.829089,0.891,88.49,86.63,40389.304,77,77,5,5,1848,1843.0,100.0,99.73,4.71,95.29,1,Dégradé
540,09:00,643.4,37.9,39.3,18.3,11.1263,15.961531,18.043664,0.9017,88.46,86.42,40389.489,77,77,5,5,1848,1843.0,100.0,99.73,4.71,95.29,1,Dégradé
541,09:01,648.9,38.1,39.6,18.2,11.22,16.148531,18.260072,0.9125,88.44,86.41,40389.676,77,77,5,5,1848,1843.0,100.0,99.73,4.71,95.29,1,Dégradé
542,09:02,655.4,38.3,39.3,18.2,11.3225,16.337239,18.478651,0.9235,88.41,86.33,40389.865,77,77,5,5,1848,1843.0,100.0,99.73,4.71,95.29,1,Dégradé
543,09:03,661.7,38.4,39.6,18.3,11.4231,16.527624,18.699309,0.9345,88.39,86.28,40390.056,77,77,5,5,1848,1843.0,100.0,99.73,4.71,95.29,1,Dégradé
544,09:04,665.8,38.6,39.5,18.4,11.4913,16.719145,18.921338,0.9456,88.36,86.26,40390.247,77,77,5,5,1848,1843.0,100.0,99.73,4.71,95.29,1,Dégradé
545,09:05,670.0,38.9,40.2,18.4,11.5463,16.911584,19.144768,0.9568,88.34,86.13,40390.439,77,77,5,5,1848,1843.0,100.0,99.73,4.71,95.29,1,Dégradé
546,09:06,673.3,39.2,40.5,18.3,11.5965,17.104859,19.369337,0.968,88.31,86.06,40390.633,77,77,5,5,1848,1843.0,100.0,99.73,4.71,95.29,1,Dégradé
547,09:07,676.7,39.4,40.6,18.3,11.649,17.299009,19.595,0.9793,88.28,86.04,40390.827,77,77,5,5,1848,1843.0,100.0,99.73,4.71,95.29,1,Dégradé
548,09:08,682.5,39.3,40.5,18.3,11.7427,17.49472,19.822649,0.9906,88.26,85.97,40391.023,77,77,5,5,1848,1843.0,100.0,99.73,4.71,95.29,1,Dégradé
549,09:09,685.9,39.4,40.6,18.3,11.8035,17.691445,20.051377,1.0021,88.23,86.01,40391.219,77,77,5,5,1848,1843.0,100.0,99.73,4.71,95.29,1,Dégradé
550,09:10,689.2,39.7,41.0,18.4,11.8474,17.888902,20.281259,1.0135,88.2,85.89,40391.417,77,77,5,5,1848,1843.0,100.0,99.73,4.71,95.29,1,Dégradé
551,09:11,693.0,39.6,40.9,18.4,11.9201,18.087571,20.512373,1.0251,88.18,85.96,40391.615,77,77,5,5,1848,1843.0,100.0,99.73,4.71,95.29,1,Dégradé
552,09:12,693.9,39.8,41.1,18.4,11.9267,18.286349,20.743795,1.0367,88.15,85.89,40391.814,77,77,5,5,1848,1843.0,100.0,99.73,4.71,95.29,1,Dégradé
553,09:13,696.5,39.9,41.5,18.4,11.9656,18.485775,20.976065,1.0483,88.13,85.86,40392.014,77,77,5,5,1848,1843.0,100.0,99.73,4.71,95.29,1,Dégradé
554,09:14,701.0,40.2,41.4,18.5,12.0302,18.686279,21.209874,1.06,88.1,85.76,40392.214,77,77,5,5,1848,1843.0,100.0,99.73,4.71,95.29,1,Dégradé
555,09:15,704.1,40.1,41.4,18.5,12.0911,18.887798,21.444684,1.0717,88.08,85.82,40392.416,77,77,5,5,1848,1843.0,100.0,99.73,4.71,95.29,1,Dégradé
556,09:16,705.6,40.3,41.7,18.6,12.1093,19.089619,21.680033,1.0835,88.05,85.75,40392.618,77,77,5,5,1848,1843.0,100.0,99.73,4.71,95.29,1,Dégradé
557,09:17,709.1,40.7,41.9,18.6,12.148,19.292085,21.916537,1.0953,88.03,85.61,40392.82,77,77,5,5,1848,1843.0,100.0,99.73,4.71,95.29,1,Dégradé
558,09:18,713.7,41.5,43.2,18.7,12.2018,19.495448,22.154581,1.1072,88.0,85.43,40393.023,77,77,5,5,1848,1843.0,100.0,99.73,4.71,95.29,1,Dégradé
559,09:19,718.5,41.7,43.3,18.7,12.2664,19.699888,22.394227,1.1191,87.97,85.31,40393.228,77,77,5,5,1848,1843.0,100.0,99.73,4.71,95.29,1,Dégradé
560,09:20,719.1,41.7,43.1,18.8,12.2783,19.904527,22.634042,1.1311,87.94,85.33,40393.432,77,77,5,5,1848,1843.0,100.0,99.73,4.71,95.29,1,Dégradé
561,09:21,722.3,41.8,43.2,18.7,12.3301,20.110028,22.874935,1.1432,87.91,85.31,40393.638,77,77,5,5,1848,1843.0,100.0,99.73,4.71,95.29,1,Dégradé
562,09:22,723.3,42.1,43.5,18.8,12.3286,20.315504,23.116136,1.1552,87.88,85.19,40393.843,77,77,5,5,1848,1843.0,100.0,99.73,4.71,95.29,1,Dégradé
563,09:23,729.5,42.3,43.5,18.8,12.4301,20.522672,23.359416,1.1674,87.86,85.16,40394.051,77,77,5,5,1848,1843.0,100.0,99.73,4.71,95.29,1,Dégradé
564,09:24,734.6,42.6,44.1,18.8,12.5042,20.731076,23.60439,1.1796,87.83,85.07,40394.259,77,77,5,5,1848,1843.0,100.0,99.73,4.71,95.29,1,Dégradé
565,09:25,736.1,42.6,44.3,19.0,12.5277,20.939871,23.849887,1.1919,87.8,85.05,40394.468,77,77,5,5,1848,1843.0,100.0,99.73,4.71,95.29,1,Dégradé
566,09:26,739.6,42.6,43.9,19.0,12.5938,21.149767,24.096555,1.2042,87.77,85.09,40394.678,77,77,5,5,1848,1843.0,100.0,99.73,4.71,95.29,1,Dégradé
567,09:27,739.9,43.2,44.7,19.0,12.5613,21.359122,24.3433,1.2165,87.74,84.85,40394.887,77,77,5,5,1848,1843.0,100.0,99.73,4.71,95.29,1,Dégradé
568,09:28,747.0,43.3,45.0,19.0,12.6767,21.5704,24.592432,1.229,87.71,84.81,40395.098,77,77,5,5,1848,1843.0,100.0,99.73,4.71,95.29,1,Dégradé
569,09:29,750.5,43.6,45.2,19.0,12.7196,21.782394,24.842719,1.2415,87.68,84.7,40395.31,77,77,5,5,1848,1843.0,100.0,99.73,4.71,95.29,1,Dégradé
570,09:30,749.7,43.5,44.8,19.0,12.7219,21.994425,25.092759,1.254,87.65,84.8,40395.522,77,77,5,5,1848,1843.0,100.0,99.73,4.71,95.29,1,Dégradé
571,09:31,747.5,43.2,44.8,19.0,12.6875,22.205883,25.342045,1.2665,87.62,84.83,40395.734,77,77,5,5,1848,1843.0,100.0,99.73,4.71,95.29,2,Dégradé
572,09:32,752.6,43.5,45.0,19.0,12.7656,22.418643,25.593025,1.279,87.6,84.77,40395.947,77,77,5,5,1848,1843.0,100.0,99.73,4.71,95.29,2,Dégradé
573,09:33,758.8,43.5,45.1,19.0,12.8774,22.633266,25.846083,1.2916,87.57,84.81,40396.161,77,77,5,5,1848,1843.0,100.0,99.73,4.71,95.29,2,Dégradé
574,09:34,764.5,43.3,44.8,19.0,12.9761,22.849535,26.101051,1.3044,87.54,84.82,40396.377,77,77,5,5,1848,1843.0,100.0,99.73,4.71,95.29,2,Dégradé
575,09:35,766.4,43.3,44.7,19.1,13.008,23.066335,26.356635,1.3172,87.52,84.83,40396.594,77,77,5,5,1848,1843.0,100.0,99.73,4.71,95.29,2,Dégradé
576,09:36,769.1,43.0,44.6,19.1,13.0715,23.284194,26.613143,1.33,87.49,84.93,40396.812,77,77,5,5,1848,1843.0,100.0,99.73,4.71,95.29,2,Dégradé
577,09:37,770.1,43.2,44.8,19.1,13.0812,23.502214,26.869959,1.3428,87.47,84.89,40397.03,77,77,5,5,1848,1843.0,100.0,99.73,4.71,95.29,2,Dégradé
578,09:38,779.7,43.6,45.0,19.1,13.2247,23.722626,27.130009,1.3558,87.44,84.76,40397.251,77,77,5,5,1848,1843.0,100.0,99.73,4.71,95.29,2,Dégradé
579,09:39,779.7,43.5,45.1,19.2,13.2269,23.943075,27.390059,1.3688,87.42,84.77,40397.471,77,77,5,5,1848,1843.0,100.0,99.73,4.71,95.29,2,Dégradé
580,09:40,783.4,43.7,45.5,19.2,13.1089,24.161556,27.651341,1.3819,87.38,83.62,40397.689,77,76,5,5,1848,1819.0,98.7,98.43,4.71,95.29,2,Dégradé
581,09:41,787.4,43.9,45.6,19.3,13.1668,24.381002,27.913932,1.395,87.34,83.57,40397.909,77,76,5,5,1848,1819.0,98.7,98.43,4.71,95.29,2,Dégradé
582,09:42,790.1,44.2,45.8,19.3,13.1935,24.600894,28.177447,1.4082,87.31,83.45,40398.129,77,76,5,5,1848,1819.0,98.7,98.43,4.71,95.29,2,Dégradé
583,09:43,788.6,44.2,45.9,19.3,13.1694,24.820384,28.440423,1.4213,87.27,83.46,40398.348,77,76,5,5,1848,1819.0,98.7,98.43,4.71,95.29,2,Dégradé
584,09:44,791.3,44.3,46.0,19.3,13.2075,25.040509,28.704323,1.4345,87.24,83.41,40398.568,77,76,5,5,1848,1819.0,98.7,98.43,4.71,95.29,3,Dégradé
585,09:45,793.7,44.2,46.2,19.3,13.2629,25.261557,28.968993,1.4477,87.2,83.52,40398.789,77,76,5,5,1848,1819.0,98.7,98.43,4.71,95.29,3,Dégradé
586,09:46,795.1,44.7,46.5,19.3,13.2563,25.482495,29.234125,1.461,87.17,83.33,40399.01,77,76,5,5,1848,1819.0,98.7,98.43,4.71,95.29,3,Dégradé
587,09:47,795.7,44.7,46.3,19.3,13.2629,25.703543,29.499488,1.4742,87.13,83.3,40399.231,77,76,5,5,1848,1819.0,98.7,98.43,4.71,95.29,3,Dégradé
588,09:48,795.6,44.5,46.0,19.3,13.274,25.924777,29.76485,1.4875,87.1,83.37,40399.453,77,76,5,5,1848,1819.0,98.7,98.43,4.71,95.29,3,Dégradé
589,09:49,799.8,44.9,46.8,19.4,13.3188,26.146757,30.031598,1.5008,87.06,83.22,40399.675,77,76,5,5,1848,1819.0,98.7,98.43,4.71,95.29,3,Dégradé
590,09:50,802.1,44.6,46.2,19.3,13.3679,26.369555,30.299116,1.5142,87.03,83.28,40399.897,77,76,5,5,1848,1819.0,98.7,98.43,4.71,95.29,3,Dégradé
591,09:51,799.9,44.1,45.6,19.4,13.3646,26.592299,30.565865,1.5275,87.0,83.5,40400.12,77,76,5,5,1848,1819.0,98.7,98.43,4.71,95.29,3,Dégradé
592,09:52,801.9,44.2,45.8,19.5,13.3889,26.815448,30.833307,1.5409,86.97,83.44,40400.343,77,76,5,5,1848,1819.0,98.7,98.43,4.71,95.29,3,Dégradé
593,09:53,803.4,44.2,45.9,19.4,13.4187,27.039093,31.101211,1.5543,86.94,83.48,40400.567,77,76,5,5,1848,1819.0,98.7,98.43,4.71,95.29,3,Dégradé
594,09:54,804.7,44.2,45.8,19.4,13.438,27.26306,31.369577,1.5677,86.91,83.46,40400.791,77,76,5,5,1848,1819.0,98.7,98.43,4.71,95.29,3,Dégradé
595,09:55,805.4,44.1,45.9,19.4,13.4685,27.487535,31.638174,1.5811,86.88,83.57,40401.015,77,76,5,5,1848,1819.0,98.7,98.43,4.71,95.29,3,Dégradé
596,09:56,810.2,44.5,46.3,19.4,13.5141,27.71277,31.908387,1.5946,86.85,83.35,40401.241,77,76,5,5,1848,1819.0,98.7,98.43,4.71,95.29,3,Dégradé
597,09:57,811.0,45.4,47.1,19.4,13.4837,27.937498,32.178832,1.6081,86.82,83.1,40401.465,77,76,5,5,1848,1819.0,98.7,98.43,4.71,95.29,3,Dégradé
598,09:58,809.4,45.1,47.2,19.4,13.4755,28.162089,32.448738,1.6216,86.79,83.21,40401.69,77,76,5,5,1848,1819.0,98.7,98.43,4.71,95.29,3,Dégradé
599,09:59,814.3,45.3,47.1,19.5,13.548,28.387889,32.720322,1.6352,86.76,83.14,40401.916,77,76,5,5,1848,1819.0,98.7,98.43,4.71,95.29,4,Dégradé
600,10:00,816.5,45.5,47.4,19.5,13.5707,28.614068,32.992615,1.6488,86.73,83.06,40402.142,77,76,5,5,1848,1819.0,98.7,98.43,4.71,95.29,4,Dégradé
601,10:01,822.2,46.2,48.0,19.6,13.6336,28.841294,33.266832,1.6625,86.7,82.86,40402.369,77,76,5,5,1848,1819.0,98.7,98.43,4.71,95.29,4,Dégradé
602,10:02,825.0,46.1,47.9,19.5,13.6817,29.069323,33.541973,1.6763,86.67,82.88,40402.597,77,76,5,5,1848,1819.0,98.7,98.43,4.71,95.29,4,Dégradé
603,10:03,831.9,46.3,47.9,19.5,13.7901,29.299158,33.819424,1.6901,86.63,82.84,40402.827,77,76,5,5,1848,1819.0,98.7,98.43,4.71,95.29,4,Dégradé
604,10:04,837.1,46.3,48.2,19.5,13.8775,29.530449,34.098569,1.7041,86.6,82.86,40403.058,77,76,5,5,1848,1819.0,98.7,98.43,4.71,95.29,4,Dégradé
605,10:05,835.0,45.9,47.9,19.5,13.8613,29.761471,34.377021,1.718,86.57,82.97,40403.289,77,76,5,5,1848,1819.0,98.7,98.43,4.71,95.29,4,Dégradé
606,10:06,840.9,46.0,47.9,19.6,13.9477,29.993932,34.65746,1.732,86.54,82.89,40403.522,77,76,5,5,1848,1819.0,98.7,98.43,4.71,95.29,4,Dégradé
607,10:07,843.0,46.5,48.4,19.6,13.9613,30.22662,34.938607,1.746,86.51,82.76,40403.755,77,76,5,5,1848,1819.0,98.7,98.43,4.71,95.29,4,Dégradé
608,10:08,844.2,46.7,48.5,19.7,13.9615,30.459311,35.220139,1.7601,86.48,82.65,40403.987,77,76,5,5,1848,1819.0,98.7,98.43,4.71,95.29,4,Dégradé
609,10:09,850.9,46.9,48.9,19.7,14.0622,30.693681,35.503904,1.7743,86.45,82.59,40404.222,77,76,5,5,1848,1819.0,98.7,98.43,4.71,95.29,4,Dégradé
610,10:10,858.7,46.7,48.2,19.7,14.2049,30.93043,35.790272,1.7886,86.42,82.67,40404.458,77,76,5,5,1848,1819.0,98.7,98.43,4.71,95.29,4,Dégradé
611,10:11,862.1,47.0,48.9,19.7,14.2427,31.167808,36.077794,1.803,86.39,82.56,40404.696,77,76,5,5,1848,1819.0,98.7,98.43,4.71,95.29,4,Dégradé
612,10:12,863.6,47.1,49.1,19.7,14.2721,31.405677,36.365794,1.8174,86.36,82.59,40404.934,77,76,5,5,1848,1819.0,98.7,98.43,4.71,95.29,4,Dégradé
613,10:13,866.5,47.3,49.4,19.7,14.3065,31.644119,36.654779,1.8318,86.33,82.51,40405.172,77,76,5,5,1848,1819.0,98.7,98.43,4.71,95.29,4,Dégradé
614,10:14,863.0,47.3,49.3,19.8,14.2587,31.881764,36.942609,1.8462,86.3,82.56,40405.41,77,76,5,5,1848,1819.0,98.7,98.43,4.71,95.29,4,Dégradé
615,10:15,864.8,47.4,49.2,19.9,14.2811,32.119783,37.230994,1.8606,86.27,82.54,40405.648,77,76,5,5,1848,1819.0,98.7,98.43,4.71,95.29,4,Dégradé
616,10:16,864.5,47.6,49.4,19.9,14.2538,32.357346,37.519302,1.875,86.24,82.4,40405.885,77,76,5,5,1848,1819.0,98.7,98.43,4.71,95.29,4,Dégradé
617,10:17,865.9,47.6,49.6,19.9,14.2818,32.595376,37.808072,1.8895,86.21,82.43,40406.123,77,76,5,5,1848,1819.0,98.7,98.43,4.71,95.29,4,Dégradé
618,10:18,863.8,48.0,50.2,20.0,14.2215,32.832401,38.096134,1.9038,86.18,82.28,40406.36,77,76,5,5,1848,1819.0,98.7,98.43,4.71,95.29,4,Dégradé
619,10:19,864.5,47.8,50.0,19.9,14.2527,33.069946,38.384442,1.9183,86.15,82.39,40406.598,77,76,5,5,1848,1819.0,98.7,98.43,4.71,95.29,4,Dégradé
620,10:20,868.8,47.7,49.9,19.9,14.3342,33.308849,38.674197,1.9327,86.13,82.45,40406.837,77,76,5,5,1848,1819.0,98.7,98.43,4.71,95.29,4,Dégradé
621,10:21,876.5,47.4,49.3,19.8,14.4611,33.549868,38.966494,1.9473,86.1,82.46,40407.078,77,76,5,5,1848,1819.0,98.7,98.43,4.71,95.29,4,Dégradé
622,10:22,881.6,47.7,49.9,19.9,14.5288,33.792015,39.260485,1.962,86.07,82.37,40407.32,77,76,5,5,1848,1819.0,98.7,98.43,4.71,95.29,4,Dégradé
623,10:23,882.4,48.0,50.0,20.0,14.5257,34.03411,39.554783,1.9767,86.04,82.26,40407.562,77,76,5,5,1848,1819.0,98.7,98.43,4.71,95.29,4,Dégradé
624,10:24,885.6,48.0,50.1,20.1,14.5899,34.277275,39.850159,1.9915,86.02,82.32,40407.805,77,76,5,5,1848,1819.0,98.7,98.43,4.71,95.29,4,Dégradé
625,10:25,889.2,48.1,50.1,20.2,14.6432,34.521329,40.14669,2.0063,85.99,82.3,40408.049,77,76,5,5,1848,1819.0,98.7,98.43,4.71,95.29,4,Dégradé
626,10:26,890.2,48.0,49.9,20.1,14.653,34.765546,40.443606,2.0212,85.96,82.25,40408.293,77,76,5,5,1848,1819.0,98.7,98.43,4.71,95.29,4,Dégradé
627,10:27,892.2,47.9,50.1,20.1,14.7128,35.01076,40.741138,2.036,85.93,82.42,40408.539,77,76,5,5,1848,1819.0,98.7,98.43,4.71,95.29,4,Dégradé
628,10:28,893.8,47.8,50.2,20.2,14.7341,35.256329,41.039209,2.0509,85.91,82.39,40408.784,77,76,5,5,1848,1819.0,98.7,98.43,4.71,95.29,4,Dégradé
629,10:29,898.9,47.7,49.9,20.3,14.817,35.503279,41.338974,2.0659,85.88,82.38,40409.031,77,76,5,5,1848,1819.0,98.7,98.43,4.71,95.29,4,Dégradé
630,10:30,901.2,47.7,49.9,20.3,14.8593,35.750934,41.639509,2.0809,85.86,82.4,40409.279,77,76,5,5,1848,1819.0,98.7,98.43,4.71,95.29,4,Dégradé
631,10:31,901.3,47.9,49.9,20.4,14.8526,35.998478,41.940121,2.096,85.83,82.35,40409.526,77,76,5,5,1848,1819.0,98.7,98.43,4.71,95.29,4,Dégradé
632,10:32,906.3,48.2,50.2,20.4,14.9135,36.247036,42.24235,2.1111,85.81,82.24,40409.775,77,76,5,5,1848,1819.0,98.7,98.43,4.71,95.29,4,Dégradé
633,10:33,908.5,48.0,50.3,20.4,14.9614,36.496392,42.545349,2.1262,85.78,82.3,40410.024,77,76,5,5,1848,1819.0,98.7,98.43,4.71,95.29,4,Dégradé
634,10:34,910.0,47.6,49.9,20.4,15.0077,36.74652,42.84881,2.1414,85.76,82.43,40410.274,77,76,5,5,1848,1819.0,98.7,98.43,4.71,95.29,4,Dégradé
635,10:35,914.1,47.7,49.6,20.4,15.0709,36.997701,43.153657,2.1566,85.73,82.4,40410.526,77,76,5,5,1848,1819.0,98.7,98.43,4.71,95.29,4,Dégradé
636,10:36,913.8,48.1,50.4,20.4,15.0396,37.248361,43.458427,2.1718,85.71,82.25,40410.776,77,76,5,5,1848,1819.0,98.7,98.43,4.71,95.29,4,Dégradé
637,10:37,918.3,48.0,50.3,20.5,15.1266,37.500471,43.76466,2.1871,85.69,82.33,40411.028,77,76,5,5,1848,1819.0,98.7,98.43,4.71,95.29,4,Dégradé
638,10:38,920.7,47.9,50.0,20.5,15.173,37.753355,44.071724,2.2025,85.66,82.36,40411.281,77,76,5,5,1848,1819.0,98.7,98.43,4.71,95.29,4,Dégradé
639,10:39,923.6,48.0,50.2,20.5,15.2078,38.006818,44.379728,2.2179,85.64,82.29,40411.535,77,76,5,5,1848,1819.0,98.7,98.43,4.71,95.29,4,Dégradé
640,10:40,918.7,48.1,50.5,20.5,15.1356,38.259078,44.686115,2.2332,85.62,82.33,40411.787,77,76,5,5,1848,1819.0,98.7,98.43,4.71,95.29,4,Dégradé
641,10:41,925.2,48.2,50.5,20.4,15.2264,38.512852,44.994658,2.2486,85.59,82.25,40412.041,77,76,5,5,1848,1819.0,98.7,98.43,4.71,95.29,4,Dégradé
642,10:42,926.8,48.0,49.9,20.4,15.2671,38.767303,45.30374,2.2641,85.57,82.32,40412.295,77,76,5,5,1848,1819.0,98.7,98.43,4.71,95.29,4,Dégradé
643,10:43,930.0,48.3,50.4,20.5,15.3017,39.022332,45.613899,2.2796,85.55,82.23,40412.55,77,76,5,5,1848,1819.0,98.7,98.43,4.71,95.29,4,Dégradé
644,10:44,931.8,48.3,50.5,20.5,15.3346,39.277908,45.924659,2.2951,85.53,82.24,40412.806,77,76,5,5,1848,1819.0,98.7,98.43,4.71,95.29,4,Dégradé
645,10:45,935.4,48.6,50.8,20.6,15.3186,39.533218,46.23659,2.3107,85.5,81.85,40413.061,77,76,5,5,1848,1819.0,98.7,98.43,4.71,95.29,4,Dégradé
646,10:46,935.1,48.5,50.6,20.6,15.309,39.788368,46.548444,2.3263,85.48,81.82,40413.316,77,76,5,5,1848,1819.0,98.7,98.43,4.71,95.29,4,Dégradé
647,10:47,943.8,48.4,50.7,20.6,15.4452,40.045788,46.863208,2.342,85.45,81.78,40413.574,77,76,5,5,1848,1819.0,98.7,98.43,4.71,95.29,4,Dégradé
648,10:48,942.8,48.5,50.8,20.6,15.4357,40.303049,47.177603,2.3577,85.43,81.83,40413.831,77,76,5,5,1848,1819.0,98.7,98.43,4.71,95.29,4,Dégradé
649,10:49,948.3,49.0,51.1,20.6,15.4818,40.561079,47.493845,2.3735,85.4,81.59,40414.089,77,76,5,5,1848,1819.0,98.7,98.43,4.71,95.29,5,Dégradé
650,10:50,951.0,49.3,51.5,20.6,15.4964,40.819353,47.810996,2.3894,85.38,81.44,40414.347,77,76,5,5,1848,1819.0,98.7,98.43,4.71,95.29,5,Dégradé
651,10:51,953.0,49.5,51.9,20.5,15.5096,41.077847,48.12884,2.4052,85.35,81.33,40414.606,77,76,5,5,1848,1819.0,98.7,98.43,4.71,95.29,5,Dégradé
652,10:52,951.9,49.6,52.2,20.5,15.493,41.336063,48.446299,2.4211,85.32,81.34,40414.864,77,76,5,5,1848,1819.0,98.7,98.43,4.71,95.29,4,Dégradé
653,10:53,955.2,49.8,52.2,20.5,15.5167,41.594674,48.764851,2.437,85.3,81.18,40415.123,77,76,5,5,1848,1819.0,98.7,98.43,4.71,95.29,4,Dégradé
654,10:54,956.2,49.6,51.9,20.6,15.5344,41.85358,49.083773,2.453,85.27,81.18,40415.381,77,76,5,5,1848,1819.0,98.7,98.43,4.71,95.29,4,Dégradé
655,10:55,956.5,49.8,51.9,20.6,15.5308,42.112427,49.402772,2.4689,85.24,81.14,40415.64,77,76,5,5,1848,1819.0,98.7,98.43,4.71,95.29,4,Dégradé
656,10:56,961.9,50.4,52.7,20.7,15.5498,42.37159,49.723557,2.4849,85.21,80.79,40415.899,77,76,5,5,1848,1819.0,98.7,98.43,4.71,95.29,4,Dégradé
657,10:57,961.3,50.2,52.9,20.7,15.5489,42.630738,50.044173,2.501,85.19,80.83,40416.159,77,76,5,5,1848,1819.0,98.7,98.43,4.71,95.29,4,Dégradé
658,10:58,960.1,50.4,52.8,20.8,15.5408,42.889752,50.364342,2.517,85.16,80.9,40416.418,77,76,5,5,1848,1819.0,98.7,98.43,4.71,95.29,4,Dégradé
659,10:59,963.5,50.9,53.2,20.9,15.5446,43.148828,50.685666,2.533,85.13,80.63,40416.677,77,76,5,5,1848,1819.0,98.7,98.43,4.71,95.29,4,Dégradé
660,11:00,959.4,50.8,53.2,20.9,15.5277,43.407623,51.005604,2.549,85.1,80.89,40416.936,77,76,5,5,1848,1819.0,98.7,98.43,4.71,95.29,4,Dégradé
661,11:01,962.7,50.8,53.1,21.0,15.5482,43.66676,51.326682,2.5651,85.08,80.71,40417.195,77,76,5,5,1848,1819.0,98.7,98.43,4.71,95.29,4,Dégradé
662,11:02,963.0,51.1,53.8,21.0,15.5417,43.925789,51.647837,2.5811,85.05,80.66,40417.454,77,76,5,5,1848,1819.0,98.7,98.43,4.71,95.29,4,Dégradé
663,11:03,962.5,50.8,53.5,21.0,15.5407,44.1848,51.968838,2.5971,85.02,80.69,40417.713,77,76,5,5,1848,1819.0,98.7,98.43,4.71,95.29,4,Dégradé
664,11:04,962.9,50.9,53.2,21.0,15.5396,44.443794,52.289993,2.6132,84.99,80.64,40417.972,77,76,5,5,1848,1819.0,98.7,98.43,4.71,95.29,4,Dégradé
665,11:05,968.0,51.2,53.5,21.0,15.5586,44.703104,52.612842,2.6293,84.97,80.32,40418.231,77,76,5,5,1848,1819.0,98.7,98.43,4.71,95.29,4,Dégradé
666,11:06,967.3,50.9,53.3,20.9,15.561,44.962454,52.93546,2.6454,84.94,80.39,40418.49,77,76,5,5,1848,1819.0,98.7,98.43,4.71,95.29,4,Dégradé
667,11:07,963.9,51.1,53.4,20.9,15.5429,45.221502,53.256923,2.6615,84.91,80.58,40418.749,77,76,5,5,1848,1819.0,98.7,98.43,4.71,95.29,4,Dégradé
668,11:08,967.8,50.9,53.3,20.9,15.5625,45.480877,53.579695,2.6776,84.88,80.36,40419.009,77,76,5,5,1848,1819.0,98.7,98.43,4.71,95.29,4,Dégradé
669,11:09,962.8,50.5,53.3,20.9,15.5475,45.740002,53.900788,2.6937,84.86,80.7,40419.268,77,76,5,5,1848,1819.0,98.7,98.43,4.71,95.29,4,Dégradé
670,11:10,968.7,51.0,53.2,21.0,15.559,45.999319,54.223868,2.7098,84.83,80.26,40419.527,77,76,5,5,1848,1819.0,98.7,98.43,4.71,95.29,4,Dégradé
671,11:11,971.4,51.1,53.6,20.9,15.5635,46.258711,54.54781,2.726,84.8,80.07,40419.787,77,76,5,5,1848,1819.0,98.7,98.43,4.71,95.29,4,Dégradé
672,11:12,971.5,51.2,53.5,20.9,15.5637,46.518106,54.871814,2.7422,84.78,80.06,40420.046,77,76,5,5,1848,1819.0,98.7,98.43,4.71,95.29,4,Dégradé
673,11:13,969.1,51.0,53.8,20.8,15.5603,46.777444,55.194986,2.7584,84.75,80.25,40420.305,77,76,5,5,1848,1819.0,98.7,98.43,4.71,95.29,4,Dégradé
674,11:14,973.9,51.1,53.7,20.8,15.5657,47.036873,55.51976,2.7746,84.72,79.88,40420.565,77,76,5,5,1848,1819.0,98.7,98.43,4.71,95.29,4,Dégradé
675,11:15,975.3,51.0,53.5,20.8,15.5674,47.296329,55.845011,2.7909,84.69,79.77,40420.824,77,76,5,5,1848,1819.0,98.7,98.43,4.71,95.29,4,Dégradé
676,11:16,977.6,51.6,54.2,20.9,15.5661,47.555764,56.171017,2.8071,84.66,79.58,40421.084,77,76,5,5,1848,1819.0,98.7,98.43,4.71,95.29,4,Dégradé
677,11:17,977.7,51.6,54.3,20.9,15.5657,47.815193,56.497099,2.8234,84.63,79.56,40421.343,77,76,5,5,1848,1819.0,98.7,98.43,4.71,95.29,4,Dégradé
678,11:18,981.5,51.7,54.4,20.9,15.569,48.074676,56.824414,2.8398,84.6,79.28,40421.603,77,76,5,5,1848,1819.0,98.7,98.43,4.71,95.29,4,Dégradé
679,11:19,978.5,51.6,54.0,20.9,15.5677,48.334138,57.150728,2.8561,84.57,79.51,40421.862,77,76,5,5,1848,1819.0,98.7,98.43,4.71,95.29,4,Dégradé
680,11:20,978.6,51.8,54.2,20.9,15.5675,48.593596,57.477118,2.8724,84.54,79.49,40422.121,77,76,5,5,1848,1819.0,98.7,98.43,4.71,95.29,4,Dégradé
681,11:21,978.4,51.6,54.5,20.9,15.5683,48.853067,57.803431,2.8887,84.52,79.52,40422.381,77,76,5,5,1848,1819.0,98.7,98.43,4.71,95.29,4,Dégradé
682,11:22,979.3,51.7,54.1,21.0,15.5668,49.112513,58.130052,2.905,84.49,79.43,40422.64,77,76,5,5,1848,1819.0,98.7,98.43,4.71,95.29,5,Dégradé
683,11:23,985.8,52.0,54.6,21.0,15.5686,49.37199,58.458829,2.9215,84.46,78.92,40422.9,77,76,5,5,1848,1819.0,98.7,98.43,4.71,95.29,5,Dégradé
684,11:24,984.3,51.7,54.3,21.0,15.5713,49.631512,58.787068,2.9379,84.43,79.06,40423.159,77,76,5,5,1848,1819.0,98.7,98.43,4.71,95.29,5,Dégradé
685,11:25,984.2,51.9,54.5,21.1,15.5698,49.891008,59.115306,2.9543,84.4,79.06,40423.419,77,76,5,5,1848,1819.0,98.7,98.43,4.71,95.29,5,Dégradé
686,11:26,985.9,52.1,54.9,21.2,15.5699,50.150507,59.444084,2.9707,84.37,78.93,40423.678,77,76,5,5,1848,1819.0,98.7,98.43,4.71,95.29,5,Dégradé
687,11:27,823.1,46.9,49.4,21.2,13.5632,50.376561,59.718609,2.9844,84.36,82.34,40423.904,77,76,5,5,1848,1819.0,98.7,98.43,4.71,95.29,5,Dégradé
688,11:28,666.3,42.1,44.8,21.3,11.1955,50.563152,59.940807,2.9955,84.36,83.98,40424.091,77,76,5,5,1848,1819.0,98.7,98.43,4.71,95.29,5,Dégradé
689,11:29,507.3,37.3,40.2,21.3,8.6606,50.707496,60.10997,3.004,84.36,85.33,40424.235,77,76,5,5,1848,1819.0,98.7,98.43,4.71,95.29,5,Dégradé
690,11:30,346.3,32.3,34.8,21.3,5.9892,50.807316,60.225481,3.0098,84.36,86.42,40424.335,77,76,5,5,1848,1819.0,98.7,98.43,4.71,95.29,5,Dégradé
691,11:31,344.5,32.2,34.9,21.3,5.9582,50.906619,60.340376,3.0155,84.37,86.43,40424.435,77,76,5,5,1848,1819.0,98.7,98.43,4.71,95.29,5,Dégradé
692,11:32,343.3,32.2,35.0,21.4,5.9389,51.0056,60.454886,3.0212,84.37,86.44,40424.533,77,76,5,5,1848,1819.0,98.7,98.43,4.71,95.29,5,Dégradé
693,11:33,344.1,32.2,34.9,21.5,5.9512,51.104787,60.569642,3.027,84.37,86.43,40424.633,77,76,5,5,1848,1819.0,98.7,98.43,4.71,95.29,5,Dégradé
694,11:34,343.5,31.8,34.7,21.5,5.9487,51.203932,60.684168,3.0327,84.38,86.57,40424.732,77,76,5,5,1848,1819.0,98.7,98.43,4.71,95.29,5,Dégradé
695,11:35,344.1,31.5,34.3,21.4,5.9686,51.303408,60.798924,3.0384,84.38,86.68,40424.831,77,76,5,5,1848,1819.0,98.7,98.43,4.71,95.29,5,Dégradé
696,11:36,345.2,31.5,34.3,21.4,5.9885,51.403217,60.91405,3.0442,84.39,86.7,40424.931,77,76,5,5,1848,1819.0,98.7,98.43,4.71,95.29,5,Dégradé
697,11:37,346.5,31.7,34.3,21.3,6.0016,51.503243,61.029577,3.05,84.39,86.58,40425.031,77,76,5,5,1848,1819.0,98.7,98.43,4.71,95.29,5,Dégradé
698,11:38,346.3,32.1,34.9,21.4,5.9928,51.603123,61.145088,3.0557,84.39,86.47,40425.131,77,76,5,5,1848,1819.0,98.7,98.43,4.71,95.29,5,Dégradé
699,11:39,347.6,32.0,34.9,21.4,6.0145,51.703365,61.260999,3.0615,84.4,86.48,40425.231,77,76,5,5,1848,1819.0,98.7,98.43,4.71,95.29,5,Dégradé
700,11:40,347.2,32.0,34.9,21.4,6.0121,51.803567,61.376818,3.0673,84.4,86.52,40425.331,77,76,5,5,1848,1819.0,98.7,98.43,4.71,95.29,5,Dégradé
701,11:41,345.8,31.9,34.7,21.4,5.987,51.903351,61.492114,3.0731,84.41,86.55,40425.431,77,76,5,5,1848,1819.0,98.7,98.43,4.71,95.29,5,Dégradé
702,11:42,345.6,31.4,34.4,21.3,5.996,52.003285,61.607394,3.0788,84.41,86.69,40425.531,77,76,5,5,1848,1819.0,98.7,98.43,4.71,95.29,5,Dégradé
703,11:43,345.8,31.9,34.4,21.4,5.9879,52.103084,61.72269,3.0846,84.41,86.56,40425.631,77,76,5,5,1848,1819.0,98.7,98.43,4.71,95.29,5,Dégradé
704,11:44,345.1,31.8,34.7,21.4,5.9805,52.202759,61.837755,3.0903,84.42,86.62,40425.731,77,76,5,5,1848,1819.0,98.7,98.43,4.71,95.29,5,Dégradé
705,11:45,504.8,37.1,39.9,21.4,8.6256,52.346519,62.006071,3.0988,84.42,85.41,40425.874,77,76,5,5,1848,1819.0,98.7,98.43,4.71,95.29,5,Dégradé
706,11:46,665.5,42.4,45.2,21.5,11.1691,52.532671,62.228023,3.1098,84.42,83.87,40426.061,77,76,5,5,1848,1819.0,98.7,98.43,4.71,95.29,5,Dégradé
707,11:47,825.2,47.5,50.5,21.5,13.574,52.758904,62.503241,3.1236,84.41,82.2,40426.287,77,76,5,5,1848,1819.0,98.7,98.43,4.71,95.29,5,Dégradé
708,11:48,984.9,52.7,55.4,21.5,15.5689,53.018385,62.83171,3.14,84.38,79.0,40426.546,77,76,5,5,1848,1819.0,98.7,98.43,4.71,95.29,5,Dégradé
709,11:49,982.8,52.3,55.3,21.5,15.5685,53.27786,63.159486,3.1564,84.35,79.16,40426.806,77,76,5,5,1848,1819.0,98.7,98.43,4.71,95.29,5,Dégradé
710,11:50,982.7,52.3,54.9,21.5,15.5674,53.537316,63.487201,3.1728,84.33,79.17,40427.065,77,76,5,5,1848,1819.0,98.7,98.43,4.71,95.29,5,Dégradé
711,11:51,988.9,52.3,54.9,21.5,15.5713,53.796837,63.81698,3.1893,84.3,78.7,40427.325,77,76,5,5,1848,1819.0,98.7,98.43,4.71,95.29,5,Dégradé
712,11:52,987.3,52.3,55.2,21.5,15.5691,54.056322,64.14622,3.2057,84.27,78.81,40427.584,77,76,5,5,1848,1819.0,98.7,98.43,4.71,95.29,5,Dégradé
713,11:53,989.2,52.3,55.2,21.6,15.5699,54.315821,64.476152,3.2222,84.24,78.65,40427.844,77,76,5,5,1848,1819.0,98.7,98.43,4.71,95.29,5,Dégradé
714,11:54,989.3,52.1,55.2,21.6,15.5714,54.575345,64.806084,3.2387,84.21,78.66,40428.103,77,76,5,5,1848,1819.0,98.7,98.43,4.71,95.29,5,Dégradé
715,11:55,991.8,51.9,54.6,21.6,15.5711,54.834863,65.136863,3.2552,84.18,78.46,40428.363,77,76,5,5,1848,1819.0,98.7,98.43,4.71,95.29,5,Dégradé
716,11:56,989.2,51.8,54.5,21.5,15.571,55.094379,65.466795,3.2717,84.16,78.66,40428.622,77,76,5,5,1848,1819.0,98.7,98.43,4.71,95.29,5,Dégradé
717,11:57,988.3,52.1,55.1,21.6,15.5703,55.353884,65.796419,3.2882,84.13,78.73,40428.882,77,76,5,5,1848,1819.0,98.7,98.43,4.71,95.29,5,Dégradé
718,11:58,990.7,52.4,55.3,21.5,15.5703,55.613389,66.126814,3.3047,84.1,78.54,40429.141,77,76,5,5,1848,1819.0,98.7,98.43,4.71,95.29,5,Dégradé
719,11:59,986.9,51.8,54.9,21.5,15.5686,55.872866,66.455976,3.3211,84.08,78.83,40429.401,77,76,5,5,1848,1819.0,98.7,98.43,4.71,95.29,5,Dégradé
720,12:00,987.7,51.5,54.4,21.4,14.7967,56.119478,66.78537,3.3376,84.03,74.87,40429.647,77,76,5,5,1848,1819.0,98.7,98.43,4.71,95.29,5,Dégradé
721,12:01,987.0,51.7,54.5,21.4,14.7965,56.366086,67.114533,3.354,83.98,74.92,40429.894,77,76,5,5,1848,1819.0,98.7,98.43,4.71,95.29,5,Dégradé
722,12:02,983.2,51.8,55.0,21.5,14.7956,56.61268,67.442463,3.3704,83.94,75.2,40430.141,77,76,5,5,1848,1819.0,98.7,98.43,4.71,95.29,5,Dégradé
723,12:03,986.7,51.9,54.8,21.5,14.7961,56.859281,67.771548,3.3869,83.9,74.94,40430.387,77,76,5,5,1848,1819.0,98.7,98.43,4.71,95.29,5,Dégradé
724,12:04,985.2,51.9,54.9,21.6,14.7963,57.105886,68.100095,3.4033,83.86,75.06,40430.634,77,76,5,5,1848,1819.0,98.7,98.43,4.71,95.29,5,Dégradé
725,12:05,985.0,52.4,55.6,21.6,15.0025,57.355927,68.428565,3.4197,83.82,76.12,40430.884,77,77,5,5,1848,1843.0,100.0,99.73,4.71,95.29,5,Dégradé
726,12:06,980.1,52.5,55.7,21.7,14.9999,57.605925,68.755418,3.436,83.78,76.49,40431.134,77,77,5,5,1848,1843.0,100.0,99.73,4.71,95.29,5,Dégradé
727,12:07,985.8,52.7,55.6,21.7,15.0013,57.855947,69.084195,3.4525,83.75,76.05,40431.384,77,77,5,5,1848,1843.0,100.0,99.73,4.71,95.29,5,Dégradé
728,12:08,981.8,52.7,55.7,21.7,15.0003,58.105952,69.411602,3.4688,83.71,76.36,40431.634,77,77,5,5,1848,1843.0,100.0,99.73,4.71,95.29,5,Dégradé
729,12:09,978.3,52.6,55.9,21.7,14.9997,58.355947,69.737854,3.4851,83.68,76.63,40431.884,77,77,5,5,1848,1843.0,100.0,99.73,4.71,95.29,5,Dégradé
730,12:10,980.1,52.6,55.6,21.7,15.0005,58.605955,70.064707,3.5015,83.65,76.49,40432.134,77,77,5,5,1848,1843.0,100.0,99.73,4.71,95.29,5,Dégradé
731,12:11,983.1,52.6,55.8,21.7,15.0019,58.855986,70.392561,3.5179,83.61,76.26,40432.384,77,77,5,5,1848,1843.0,100.0,99.73,4.71,95.29,5,Dégradé
732,12:12,978.5,52.4,55.5,21.7,15.0001,59.105987,70.718875,3.5342,83.58,76.61,40432.634,77,77,5,5,1848,1843.0,100.0,99.73,4.71,95.29,5,Dégradé
733,12:13,977.2,52.2,55.5,21.7,14.9995,59.355979,71.044803,3.5505,83.55,76.7,40432.884,77,77,5,5,1848,1843.0,100.0,99.73,4.71,95.29,5,Dégradé
734,12:14,971.9,52.2,55.3,21.7,14.9941,59.605881,71.36896,3.5667,83.52,77.09,40433.134,77,77,5,5,1848,1843.0,100.0,99.73,4.71,95.29,5,Dégradé
735,12:15,971.0,52.4,55.8,21.6,14.9927,59.855759,71.692809,3.5828,83.49,77.16,40433.384,77,77,5,5,1848,1843.0,100.0,99.73,4.71,95.29,5,Dégradé
736,12:16,971.0,52.7,55.8,21.7,14.9934,60.105649,72.016658,3.599,83.46,77.16,40433.634,77,77,5,5,1848,1843.0,100.0,99.73,4.71,95.29,5,Dégradé
737,12:17,967.7,52.5,55.9,21.7,14.9819,60.355347,72.339368,3.6152,83.43,77.38,40433.883,77,77,5,5,1848,1843.0,100.0,99.73,4.71,95.29,5,Dégradé
738,12:18,963.4,52.3,55.5,21.8,14.9736,60.604907,72.660677,3.6312,83.41,77.67,40434.133,77,77,5,5,1848,1843.0,100.0,99.73,4.71,95.29,4,Dégradé
739,12:19,959.2,52.4,55.8,21.7,14.9417,60.853936,72.9806,3.6472,83.38,77.84,40434.382,77,77,5,5,1848,1843.0,100.0,99.73,4.71,95.29,4,Dégradé
740,12:20,958.0,52.6,55.9,21.8,14.9264,61.10271,73.300076,3.6632,83.36,77.87,40434.631,77,77,5,5,1848,1843.0,100.0,99.73,4.71,95.29,4,Dégradé
741,12:21,952.4,52.7,55.8,21.8,14.8718,61.350573,73.617704,3.679,83.34,78.04,40434.878,77,77,5,5,1848,1843.0,100.0,99.73,4.71,95.29,4,Dégradé
742,12:22,950.8,52.3,55.6,21.8,14.8684,61.598379,73.934793,3.6949,83.31,78.15,40435.126,77,77,5,5,1848,1843.0,100.0,99.73,4.71,95.29,4,Dégradé
743,12:23,953.7,52.2,55.4,21.9,14.9081,61.846848,74.252868,3.7108,83.29,78.12,40435.375,77,77,5,5,1848,1843.0,100.0,99.73,4.71,95.29,4,Dégradé
744,12:24,948.8,52.0,55.0,21.9,14.866,62.094615,74.569265,3.7266,83.27,78.31,40435.623,77,77,5,5,1848,1843.0,100.0,99.73,4.71,95.29,4,Dégradé
745,12:25,946.9,51.8,55.1,21.9,14.861,62.342298,74.885045,3.7424,83.25,78.44,40435.87,77,77,5,5,1848,1843.0,100.0,99.73,4.71,95.29,4,Dégradé
746,12:26,946.2,51.7,55.0,21.9,14.8537,62.589859,75.200594,3.7581,83.23,78.45,40436.118,77,77,5,5,1848,1843.0,100.0,99.73,4.71,95.29,4,Dégradé
747,12:27,945.9,51.7,55.0,21.9,14.858,62.837493,75.516051,3.7739,83.21,78.5,40436.365,77,77,5,5,1848,1843.0,100.0,99.73,4.71,95.29,4,Dégradé
748,12:28,946.4,52.3,55.8,22.0,14.8339,63.084724,75.831677,3.7897,83.19,78.33,40436.613,77,77,5,5,1848,1843.0,100.0,99.73,4.71,95.29,4,Dégradé
749,12:29,950.2,52.0,55.4,22.0,14.8835,63.332782,76.148597,3.8055,83.17,78.27,40436.861,77,77,5,5,1848,1843.0,100.0,99.73,4.71,95.29,4,Dégradé
750,12:30,946.1,51.9,55.4,22.0,14.8515,63.580307,76.464131,3.8213,83.15,78.45,40437.108,77,77,5,5,1848,1843.0,100.0,99.73,4.71,95.29,4,Dégradé
751,12:31,943.3,51.9,55.4,22.1,14.8177,63.827268,76.778741,3.837,83.13,78.5,40437.355,77,77,5,5,1848,1843.0,100.0,99.73,4.71,95.29,4,Dégradé
752,12:32,942.4,52.0,55.4,22.2,14.7976,64.073894,77.093043,3.8527,83.11,78.47,40437.602,77,77,5,5,1848,1843.0,100.0,99.73,4.71,95.29,4,Dégradé
753,12:33,942.6,51.8,55.3,22.1,14.8114,64.32075,77.407422,3.8684,83.09,78.52,40437.849,77,77,5,5,1848,1843.0,100.0,99.73,4.71,95.29,4,Dégradé
754,12:34,939.0,51.6,54.8,22.1,14.7808,64.567097,77.720584,3.8841,83.08,78.66,40438.095,77,77,5,5,1848,1843.0,100.0,99.73,4.71,95.29,4,Dégradé
755,12:35,941.6,51.6,55.0,22.1,14.8079,64.813895,78.034594,3.8998,83.06,78.6,40438.342,77,77,5,5,1848,1843.0,100.0,99.73,4.71,95.29,4,Dégradé
756,12:36,939.3,51.5,54.9,22.0,14.7941,65.060463,78.347834,3.9154,83.04,78.72,40438.588,77,77,5,5,1848,1843.0,100.0,99.73,4.71,95.29,4,Dégradé
757,12:37,936.5,51.2,54.6,22.0,14.774,65.306697,78.66015,3.931,83.02,78.84,40438.835,77,77,5,5,1848,1843.0,100.0,99.73,4.71,95.29,4,Dégradé
758,12:38,939.9,51.4,54.7,22.1,14.7984,65.553337,78.97362,3.9467,83.01,78.68,40439.081,77,77,5,5,1848,1843.0,100.0,99.73,4.71,95.29,4,Dégradé
759,12:39,937.8,51.3,54.7,22.1,14.7776,65.799631,79.286382,3.9623,82.99,78.75,40439.328,77,77,5,5,1848,1843.0,100.0,99.73,4.71,95.29,4,Dégradé
760,12:40,939.1,51.4,55.0,22.1,14.7922,66.046168,79.599545,3.978,82.97,78.72,40439.574,77,77,5,5,1848,1843.0,100.0,99.73,4.71,95.29,4,Dégradé
761,12:41,937.9,51.3,54.9,22.1,14.786,66.292601,79.912323,3.9936,82.96,78.79,40439.82,77,77,5,5,1848,1843.0,100.0,99.73,4.71,95.29,4,Dégradé
762,12:42,937.8,51.7,55.2,22.1,14.768,66.538734,80.225085,4.0092,82.94,78.7,40440.067,77,77,5,5,1848,1843.0,100.0,99.73,4.71,95.29,4,Dégradé
763,12:43,933.8,51.4,54.8,22.1,14.7322,66.784271,80.536477,4.0248,82.92,78.85,40440.312,77,77,5,5,1848,1843.0,100.0,99.73,4.71,95.29,4,Dégradé
764,12:44,931.3,51.5,54.7,22.1,14.7106,67.029448,80.847083,4.0403,82.91,78.94,40440.557,77,77,5,5,1848,1843.0,100.0,99.73,4.71,95.29,4,Dégradé
765,12:45,931.8,51.5,55.2,22.1,14.728,67.274915,81.157843,4.0559,82.89,78.99,40440.803,77,77,5,5,1848,1843.0,100.0,99.73,4.71,95.29,4,Dégradé
766,12:46,927.8,51.6,55.3,22.2,14.6686,67.519392,81.467233,4.0713,82.88,79.02,40441.047,77,77,5,5,1848,1843.0,100.0,99.73,4.71,95.29,4,Dégradé
767,12:47,928.4,52.1,55.8,22.2,14.6524,67.763598,81.776854,4.0868,82.86,78.87,40441.291,77,77,5,5,1848,1843.0,100.0,99.73,4.71,95.29,4,Dégradé
768,12:48,933.3,52.5,56.0,22.2,14.6884,68.008405,82.088092,4.1023,82.85,78.66,40441.536,77,77,5,5,1848,1843.0,100.0,99.73,4.71,95.29,4,Dégradé
769,12:49,930.8,52.6,55.9,22.3,14.6609,68.252753,82.398483,4.1179,82.83,78.72,40441.781,77,77,5,5,1848,1843.0,100.0,99.73,4.71,95.29,4,Dégradé
770,12:50,930.8,52.3,55.9,22.2,14.6758,68.497349,82.708874,4.1334,82.82,78.8,40442.025,77,77,5,5,1848,1843.0,100.0,99.73,4.71,95.29,4,Dégradé
771,12:51,935.2,52.5,56.1,22.3,14.7133,68.74257,83.020789,4.149,82.8,78.62,40442.27,77,77,5,5,1848,1843.0,100.0,99.73,4.71,95.29,4,Dégradé
772,12:52,937.9,52.6,56.0,22.3,14.7307,68.988082,83.333567,4.1646,82.79,78.49,40442.516,77,77,5,5,1848,1843.0,100.0,99.73,4.71,95.29,4,Dégradé
773,12:53,937.6,52.6,56.2,22.2,14.7329,69.23363,83.646267,4.1802,82.77,78.53,40442.762,77,77,5,5,1848,1843.0,100.0,99.73,4.71,95.29,4,Dégradé
774,12:54,934.8,52.6,56.4,22.2,14.7011,69.478648,83.958028,4.1958,82.75,78.59,40443.007,77,77,5,5,1848,1843.0,100.0,99.73,4.71,95.29,4,Dégradé
775,12:55,933.0,52.5,56.0,22.3,14.6855,69.723407,84.269188,4.2114,82.74,78.66,40443.251,77,77,5,5,1848,1843.0,100.0,99.73,4.71,95.29,4,Dégradé
776,12:56,934.0,52.8,56.3,22.3,14.6933,69.968296,84.580657,4.2269,82.72,78.62,40443.496,77,77,5,5,1848,1843.0,100.0,99.73,4.71,95.29,4,Dégradé
777,12:57,929.8,52.8,56.2,22.3,14.6414,70.21232,84.89074,4.2424,82.71,78.7,40443.74,77,77,5,5,1848,1843.0,100.0,99.73,4.71,95.29,4,Dégradé
778,12:58,927.9,52.7,56.5,22.3,14.6228,70.456034,85.200206,4.2579,82.69,78.75,40443.984,77,77,5,5,1848,1843.0,100.0,99.73,4.71,95.29,4,Dégradé
779,12:59,929.2,52.9,56.4,22.3,14.6344,70.69994,85.510119,4.2734,82.68,78.7,40444.228,77,77,5,5,1848,1843.0,100.0,99.73,4.71,95.29,4,Dégradé
780,13:00,928.7,52.8,56.4,22.2,15.1598,70.952604,85.819817,4.2888,82.68,81.58,40444.48,77,77,5,5,1848,1843.0,100.0,99.73,4.71,95.29,4,Dégradé
781,13:01,925.8,52.8,56.4,22.2,15.1078,71.204401,86.12859,4.3043,82.67,81.55,40444.732,77,77,5,5,1848,1843.0,100.0,99.73,4.71,95.29,4,Dégradé
782,13:02,922.9,52.6,56.2,22.2,15.0799,71.455733,86.436363,4.3197,82.67,81.66,40444.984,77,77,5,5,1848,1843.0,100.0,99.73,4.71,95.29,4,Dégradé
783,13:03,921.8,52.4,55.8,22.1,15.0727,71.706944,86.743751,4.335,82.67,81.72,40445.235,77,77,5,5,1848,1843.0,100.0,99.73,4.71,95.29,4,Dégradé
784,13:04,917.7,52.0,55.4,22.2,15.0233,71.957333,87.049829,4.3503,82.66,81.81,40445.485,77,77,5,5,1848,1843.0,100.0,99.73,4.71,95.29,4,Dégradé
785,13:05,919.3,52.1,55.7,22.2,15.0486,72.208143,87.356431,4.3656,82.66,81.8,40445.736,77,77,5,5,1848,1843.0,100.0,99.73,4.71,95.29,4,Dégradé
786,13:06,920.6,52.4,55.7,22.2,15.0531,72.459028,87.663434,4.381,82.66,81.72,40445.987,77,77,5,5,1848,1843.0,100.0,99.73,4.71,95.29,4,Dégradé
787,13:07,917.2,52.5,56.2,22.2,14.9903,72.708866,87.969343,4.3963,82.65,81.67,40446.237,77,77,5,5,1848,1843.0,100.0,99.73,4.71,95.29,4,Dégradé
788,13:08,910.9,51.7,55.1,22.1,14.9432,72.95792,88.273112,4.4114,82.65,81.99,40446.486,77,77,5,5,1848,1843.0,100.0,99.73,4.71,95.29,4,Dégradé
789,13:09,907.9,51.7,55.5,22.2,14.8804,73.205927,88.57588,4.4266,82.65,81.91,40446.734,77,77,5,5,1848,1843.0,100.0,99.73,4.71,95.29,4,Dégradé
790,13:10,907.1,51.6,55.5,22.1,14.8727,73.453806,88.878417,4.4417,82.65,81.93,40446.982,77,77,5,5,1848,1843.0,100.0,99.73,4.71,95.29,4,Dégradé
791,13:11,898.4,51.5,55.2,22.1,14.7499,73.699638,89.178028,4.4567,82.64,82.05,40447.228,77,77,5,5,1848,1843.0,100.0,99.73,4.71,95.29,4,Dégradé
792,13:12,894.0,51.3,55.0,22.0,14.6743,73.94421,89.476176,4.4716,82.64,82.03,40447.472,77,77,5,5,1848,1843.0,100.0,99.73,4.71,95.29,4,Dégradé
793,13:13,894.8,51.4,54.9,22.1,14.6807,74.188888,89.774571,4.4865,82.64,82.0,40447.717,77,77,5,5,1848,1843.0,100.0,99.73,4.71,95.29,4,Dégradé
794,13:14,894.6,51.3,54.8,22.1,14.6911,74.43374,90.07295,4.5014,82.64,82.06,40447.962,77,77,5,5,1848,1843.0,100.0,99.73,4.71,95.29,4,Dégradé
795,13:15,892.1,51.2,54.9,22.0,14.4607,74.674752,90.370482,4.5163,82.63,81.0,40448.203,76,76,5,5,1824,1819.0,100.0,99.73,4.71,95.29,4,Dégradé
796,13:16,890.6,50.9,54.7,22.0,14.4597,74.915747,90.667475,4.5311,82.63,81.15,40448.444,76,76,5,5,1824,1819.0,100.0,99.73,4.71,95.29,4,Dégradé
797,13:17,891.1,50.8,54.6,22.0,14.473,75.156964,90.964638,4.546,82.62,81.17,40448.685,76,76,5,5,1824,1819.0,100.0,99.73,4.71,95.29,4,Dégradé
798,13:18,888.1,50.5,54.4,22.0,14.4361,75.397566,91.2608,4.5608,82.62,81.24,40448.925,76,76,5,5,1824,1819.0,100.0,99.73,4.71,95.29,4,Dégradé
799,13:19,887.9,51.0,54.9,22.0,14.4114,75.637756,91.556946,4.5756,82.61,81.11,40449.166,76,76,5,5,1824,1819.0,100.0,99.73,4.71,95.29,4,Dégradé
800,13:20,888.5,50.7,54.8,22.0,14.4357,75.878351,91.853246,4.5904,82.61,81.2,40449.406,76,76,5,5,1824,1819.0,100.0,99.73,4.71,95.29,4,Dégradé
801,13:21,885.3,50.2,54.0,22.0,14.4086,76.118495,92.148469,4.6051,82.6,81.34,40449.646,76,76,5,5,1824,1819.0,100.0,99.73,4.71,95.29,4,Dégradé
802,13:22,885.2,49.8,53.8,22.0,14.4313,76.359017,92.443691,4.6199,82.6,81.47,40449.887,76,76,5,5,1824,1819.0,100.0,99.73,4.71,95.29,4,Dégradé
803,13:23,882.1,49.4,53.1,22.0,14.398,76.598984,92.737851,4.6346,82.6,81.58,40450.127,76,76,5,5,1824,1819.0,100.0,99.73,4.71,95.29,4,Dégradé
804,13:24,879.6,49.4,53.3,22.0,14.3503,76.838156,93.031225,4.6492,82.59,81.52,40450.366,76,76,5,5,1824,1819.0,100.0,99.73,4.71,95.29,4,Dégradé
805,13:25,874.7,49.2,53.4,21.9,14.2907,77.076335,93.322921,4.6638,82.59,81.65,40450.604,76,76,5,5,1824,1819.0,100.0,99.73,4.71,95.29,4,Dégradé
806,13:26,873.2,49.1,52.7,22.0,14.2738,77.314232,93.614139,4.6784,82.59,81.69,40450.842,76,76,5,5,1824,1819.0,100.0,99.73,4.71,95.29,4,Dégradé
807,13:27,870.2,49.1,53.0,22.0,14.217,77.551182,93.904356,4.6929,82.59,81.65,40451.079,76,76,5,5,1824,1819.0,100.0,99.73,4.71,95.29,4,Dégradé
808,13:28,868.0,49.2,53.3,22.0,14.1776,77.787475,94.193819,4.7073,82.58,81.63,40451.315,76,76,5,5,1824,1819.0,100.0,99.73,4.71,95.29,4,Dégradé
809,13:29,866.9,49.0,53.1,22.0,14.1825,78.02385,94.482958,4.7218,82.58,81.75,40451.552,76,76,5,5,1824,1819.0,100.0,99.73,4.71,95.29,4,Dégradé
810,13:30,861.8,48.6,52.9,22.0,14.1157,78.259112,94.770342,4.7361,82.58,81.86,40451.787,76,76,5,5,1824,1819.0,100.0,99.73,4.71,95.29,4,Dégradé
811,13:31,861.3,49.0,53.1,22.1,14.0906,78.493955,95.057572,4.7505,82.58,81.76,40452.022,76,76,5,5,1824,1819.0,100.0,99.73,4.71,95.29,4,Dégradé
812,13:32,863.2,48.8,52.8,22.1,14.1199,78.729287,95.345479,4.7649,82.57,81.74,40452.257,76,76,5,5,1824,1819.0,100.0,99.73,4.71,95.29,4,Dégradé
813,13:33,859.8,48.7,52.6,22.2,14.069,78.963771,95.632231,4.7792,82.57,81.77,40452.492,76,76,5,5,1824,1819.0,100.0,99.73,4.71,95.29,4,Dégradé
814,13:34,856.6,48.7,52.6,22.2,14.021,79.197454,95.917906,4.7935,82.57,81.8,40452.725,76,76,5,5,1824,1819.0,100.0,99.73,4.71,95.29,4,Dégradé
815,13:35,855.9,49.1,53.0,22.2,13.9899,79.430619,96.20335,4.8078,82.57,81.69,40452.959,76,76,5,5,1824,1819.0,100.0,99.73,4.71,95.29,4,Dégradé
816,13:36,852.0,49.0,52.8,22.1,13.9299,79.662784,96.487485,4.822,82.56,81.71,40453.191,76,76,5,5,1824,1819.0,100.0,99.73,4.71,95.29,4,Dégradé
817,13:37,847.7,48.8,52.8,22.1,13.8721,79.893986,96.770172,4.8361,82.56,81.79,40453.422,76,76,5,5,1824,1819.0,100.0,99.73,4.71,95.29,4,Dégradé
818,13:38,845.0,48.6,52.7,22.1,13.8389,80.124635,97.051997,4.8502,82.56,81.84,40453.653,76,76,5,5,1824,1819.0,100.0,99.73,4.71,95.29,4,Dégradé
819,13:39,839.3,48.4,52.5,22.0,13.7563,80.353906,97.331912,4.8642,82.56,81.91,40453.882,76,76,5,5,1824,1819.0,100.0,99.73,4.71,95.29,4,Dégradé
820,13:40,836.7,48.3,52.4,22.0,13.727,80.582689,97.610965,4.8781,82.55,81.99,40454.111,76,76,5,5,1824,1819.0,100.0,99.73,4.71,95.29,4,Dégradé
821,13:41,832.7,48.1,52.2,22.1,13.6685,80.810497,97.888647,4.892,82.55,82.04,40454.338,76,76,5,5,1824,1819.0,100.0,99.73,4.71,95.29,4,Dégradé
822,13:42,830.2,47.8,51.3,22.1,13.645,81.037913,98.165544,4.9058,82.55,82.13,40454.566,76,76,5,5,1824,1819.0,100.0,99.73,4.71,95.29,4,Dégradé
823,13:43,826.7,47.7,51.9,22.0,13.5875,81.264371,98.441225,4.9196,82.55,82.14,40454.792,76,76,5,5,1824,1819.0,100.0,99.73,4.71,95.29,4,Dégradé
824,13:44,826.8,47.8,51.9,22.0,13.5851,81.49079,98.716982,4.9334,82.55,82.11,40455.019,76,76,5,5,1824,1819.0,100.0,99.73,4.71,95.29,4,Dégradé
825,13:45,823.9,47.5,51.9,22.0,13.5449,81.716539,98.991739,4.9471,82.55,82.16,40455.244,76,76,5,5,1824,1819.0,100.0,99.73,4.71,95.29,4,Dégradé
826,13:46,821.0,47.3,51.4,22.0,13.5116,81.941733,99.265556,4.9608,82.55,82.24,40455.47,76,76,5,5,1824,1819.0,100.0,99.73,4.71,95.29,4,Dégradé
827,13:47,815.3,47.0,51.1,22.0,13.4399,82.165732,99.537463,4.9744,82.55,82.38,40455.694,76,76,5,5,1824,1819.0,100.0,99.73,4.71,95.29,4,Dégradé
828,13:48,813.6,47.2,51.2,22.0,13.3981,82.389034,99.808816,4.9879,82.55,82.29,40455.917,76,76,5,5,1824,1819.0,100.0,99.73,4.71,95.29,4,Dégradé
829,13:49,805.5,46.9,51.0,22.0,13.28,82.610368,100.077413,5.0014,82.55,82.4,40456.138,76,76,5,5,1824,1819.0,100.0,99.73,4.71,95.29,4,Dégradé
830,13:50,796.6,46.8,51.0,22.0,13.1436,82.829428,100.343084,5.0146,82.55,82.46,40456.357,76,76,5,5,1824,1819.0,100.0,99.73,4.71,95.29,4,Dégradé
831,13:51,792.9,46.8,50.5,22.1,13.0846,83.047505,100.607523,5.0279,82.55,82.47,40456.575,76,76,5,5,1824,1819.0,100.0,99.73,4.71,95.29,4,Dégradé
832,13:52,792.3,46.7,50.9,22.1,13.0738,83.265402,100.871731,5.0411,82.55,82.47,40456.793,76,76,5,5,1824,1819.0,100.0,99.73,4.71,95.29,4,Dégradé
833,13:53,787.6,46.7,50.8,22.1,12.991,83.481918,101.134399,5.0542,82.55,82.43,40457.01,76,76,5,5,1824,1819.0,100.0,99.73,4.71,95.29,4,Dégradé
834,13:54,782.4,46.5,50.6,22.0,12.9246,83.697328,101.395311,5.0672,82.55,82.56,40457.225,76,76,5,5,1824,1819.0,100.0,99.73,4.71,95.29,4,Dégradé
835,13:55,779.6,46.6,50.8,22.1,12.8638,83.911724,101.655284,5.0802,82.55,82.47,40457.44,76,76,5,5,1824,1819.0,100.0,99.73,4.71,95.29,4,Dégradé
836,13:56,776.8,46.8,50.7,22.1,12.8147,84.125303,101.914333,5.0932,82.55,82.45,40457.653,76,76,5,5,1824,1819.0,100.0,99.73,4.71,95.29,4,Dégradé
837,13:57,774.3,46.9,50.9,22.1,12.7691,84.338121,102.17255,5.1061,82.54,82.42,40457.866,76,76,5,5,1824,1819.0,100.0,99.73,4.71,95.29,4,Dégradé
838,13:58,772.0,46.9,51.4,22.1,12.725,84.550205,102.429997,5.1189,82.54,82.38,40458.078,76,76,5,5,1824,1819.0,100.0,99.73,4.71,95.29,4,Dégradé
839,13:59,766.0,46.9,50.9,22.1,12.6301,84.760706,102.685443,5.1317,82.54,82.41,40458.289,76,76,5,5,1824,1819.0,100.0,99.73,4.71,95.29,4,Dégradé
840,14:00,770.3,47.0,51.1,22.1,12.6962,84.97231,102.942336,5.1445,82.54,82.37,40458.5,76,76,5,5,1824,1819.0,100.0,99.73,4.71,95.29,4,Dégradé
841,14:01,770.0,46.8,51.0,22.1,12.7015,85.184002,103.199152,5.1574,82.54,82.43,40458.712,76,76,5,5,1824,1819.0,100.0,99.73,4.71,95.29,4,Dégradé
842,14:02,765.7,46.5,51.0,22.1,12.6418,85.394698,103.454505,5.1701,82.54,82.51,40458.923,76,76,5,5,1824,1819.0,100.0,99.73,4.71,95.29,4,Dégradé
843,14:03,761.1,46.9,51.2,22.1,12.5563,85.60397,103.708318,5.1828,82.54,82.45,40459.132,76,76,5,5,1824,1819.0,100.0,99.73,4.71,95.29,4,Dégradé
844,14:04,754.9,46.7,50.9,22.0,12.4535,85.811529,103.960068,5.1954,82.54,82.45,40459.339,76,76,5,5,1824,1819.0,100.0,99.73,4.71,95.29,4,Dégradé
845,14:05,748.4,46.6,50.8,22.0,12.3551,86.017447,104.209662,5.2079,82.54,82.5,40459.545,76,76,5,5,1824,1819.0,100.0,99.73,4.71,95.29,4,Dégradé
846,14:06,742.2,46.1,50.4,22.0,12.2797,86.222109,104.457177,5.2203,82.54,82.69,40459.75,76,76,5,5,1824,1819.0,100.0,99.73,4.71,95.29,4,Dégradé
847,14:07,737.3,45.6,49.5,22.0,12.2231,86.425828,104.703075,5.2325,82.54,82.85,40459.954,76,76,5,5,1824,1819.0,100.0,99.73,4.71,95.29,4,Dégradé
848,14:08,733.4,45.7,49.8,22.1,12.1525,86.628369,104.947664,5.2448,82.54,82.81,40460.156,76,76,5,5,1824,1819.0,100.0,99.73,4.71,95.29,4,Dégradé
849,14:09,728.8,45.7,50.1,22.2,12.0746,86.829613,105.190713,5.2569,82.54,82.8,40460.358,76,76,5,5,1824,1819.0,100.0,99.73,4.71,95.29,4,Dégradé
850,14:10,722.8,45.3,49.4,22.2,12.0015,87.029638,105.43176,5.269,82.55,82.98,40460.558,76,76,5,5,1824,1819.0,100.0,99.73,4.71,95.29,4,Dégradé
851,14:11,720.3,45.6,50.2,22.2,11.9414,87.228661,105.67196,5.281,82.55,82.86,40460.757,76,76,5,5,1824,1819.0,100.0,99.73,4.71,95.29,4,Dégradé
852,14:12,718.3,45.9,50.3,22.1,11.8888,87.426807,105.911529,5.2929,82.55,82.71,40460.955,76,76,5,5,1824,1819.0,100.0,99.73,4.71,95.29,4,Dégradé
853,14:13,715.6,46.1,50.4,22.1,11.8396,87.624133,106.150189,5.3049,82.55,82.68,40461.152,76,76,5,5,1824,1819.0,100.0,99.73,4.71,95.29,4,Dégradé
854,14:14,711.9,45.7,49.9,22.2,11.7916,87.820659,106.387617,5.3167,82.55,82.77,40461.349,76,76,5,5,1824,1819.0,100.0,99.73,4.71,95.29,4,Dégradé
855,14:15,706.8,45.4,49.8,22.2,11.7218,88.016022,106.623351,5.3285,82.55,82.87,40461.544,76,76,5,5,1824,1819.0,100.0,99.73,4.71,95.29,4,Dégradé
856,14:16,706.7,45.2,49.6,22.2,11.7322,88.211558,106.859009,5.3403,82.55,82.97,40461.739,76,76,5,5,1824,1819.0,100.0,99.73,4.71,95.29,4,Dégradé
857,14:17,705.4,45.2,49.6,22.3,11.7151,88.40681,107.094281,5.352,82.55,82.99,40461.935,76,76,5,5,1824,1819.0,100.0,99.73,4.71,95.29,4,Dégradé
858,14:18,702.2,44.9,49.2,22.2,11.6713,88.601332,107.328475,5.3637,82.55,83.06,40462.129,76,76,5,5,1824,1819.0,100.0,99.73,4.71,95.29,4,Dégradé
859,14:19,699.5,44.4,48.7,22.2,11.6472,88.795452,107.561746,5.3754,82.55,83.22,40462.323,76,76,5,5,1824,1819.0,100.0,99.73,4.71,95.29,4,Dégradé
860,14:20,699.8,44.4,48.9,22.2,11.6501,88.989621,107.795094,5.3871,82.55,83.21,40462.518,76,76,5,5,1824,1819.0,100.0,99.73,4.71,95.29,4,Dégradé
861,14:21,696.6,44.2,48.7,22.2,11.611,89.183137,108.02744,5.3987,82.56,83.29,40462.711,76,76,5,5,1824,1819.0,100.0,99.73,4.71,95.29,4,Dégradé
862,14:22,696.0,44.1,48.5,22.2,11.6026,89.376513,108.259555,5.4103,82.56,83.31,40462.904,76,76,5,5,1824,1819.0,100.0,99.73,4.71,95.29,4,Dégradé
863,14:23,693.1,44.0,48.4,22.2,11.5555,89.569104,108.490685,5.4218,82.56,83.33,40463.097,76,76,5,5,1824,1819.0,100.0,99.73,4.71,95.29,4,Dégradé
864,14:24,694.2,44.4,49.0,22.2,11.561,89.761787,108.722185,5.4334,82.56,83.23,40463.29,76,76,5,5,1824,1819.0,100.0,99.73,4.71,95.29,4,Dégradé
865,14:25,692.0,43.9,48.3,22.2,11.5468,89.954234,108.952991,5.4449,82.56,83.38,40463.482,76,76,5,5,1824,1819.0,100.0,99.73,4.71,95.29,4,Dégradé
866,14:26,690.4,43.2,47.9,22.2,11.5537,90.146796,109.183258,5.4564,82.56,83.63,40463.675,76,76,5,5,1824,1819.0,100.0,99.73,4.71,95.29,4,Dégradé
867,14:27,687.4,43.2,47.8,22.2,11.4956,90.33839,109.412524,5.4679,82.57,83.57,40463.866,76,76,5,5,1824,1819.0,100.0,99.73,4.71,95.29,4,Dégradé
868,14:28,685.9,43.4,47.8,22.2,11.4668,90.529503,109.641252,5.4793,82.57,83.55,40464.057,76,76,5,5,1824,1819.0,100.0,99.73,4.71,95.29,4,Dégradé
869,14:29,683.3,43.4,47.9,22.2,11.4271,90.719954,109.869133,5.4907,82.57,83.57,40464.248,76,76,5,5,1824,1819.0,100.0,99.73,4.71,95.29,4,Dégradé
870,14:30,679.1,43.4,47.9,22.2,11.3527,90.909166,110.095627,5.502,82.57,83.54,40464.437,76,76,5,5,1824,1819.0,100.0,99.73,4.71,95.29,4,Dégradé
871,14:31,676.3,43.2,47.9,22.3,11.3101,91.097667,110.321197,5.5133,82.57,83.57,40464.626,76,76,5,5,1824,1819.0,100.0,99.73,4.71,95.29,4,Dégradé
872,14:32,672.8,43.1,47.5,22.2,11.2628,91.28538,110.545551,5.5245,82.58,83.67,40464.813,76,76,5,5,1824,1819.0,100.0,99.73,4.71,95.29,4,Dégradé
873,14:33,668.0,42.9,47.6,22.2,11.1948,91.47196,110.76835,5.5357,82.58,83.74,40465.0,76,76,5,5,1824,1819.0,100.0,99.73,4.71,95.29,4,Dégradé
874,14:34,661.2,42.7,47.3,22.2,11.078,91.656594,110.988854,5.5467,82.58,83.73,40465.184,76,76,5,5,1824,1819.0,100.0,99.73,4.71,95.29,4,Dégradé
875,14:35,656.3,42.4,46.8,22.2,11.0108,91.840108,111.207726,5.5576,82.58,83.85,40465.368,76,76,5,5,1824,1819.0,100.0,99.73,4.71,95.29,4,Dégradé
876,14:36,651.6,42.8,47.4,22.3,10.9207,92.022119,111.425058,5.5685,82.59,83.75,40465.55,76,76,5,5,1824,1819.0,100.0,99.73,4.71,95.29,4,Dégradé
877,14:37,646.4,42.4,47.1,22.3,10.8493,92.20294,111.640634,5.5792,82.59,83.88,40465.731,76,76,5,5,1824,1819.0,100.0,99.73,4.71,95.29,4,Dégradé
878,14:38,643.5,42.2,46.9,22.3,10.8074,92.383064,111.85521,5.59,82.59,83.94,40465.911,76,76,5,5,1824,1819.0,100.0,99.73,4.71,95.29,4,Dégradé
879,14:39,638.7,41.6,46.0,22.4,10.7471,92.562182,112.06823,5.6006,82.59,84.09,40466.09,76,76,5,5,1824,1819.0,100.0,99.73,4.71,95.29,4,Dégradé
880,14:40,634.9,41.4,46.2,22.4,10.703,92.740565,112.279957,5.6112,82.6,84.25,40466.268,76,76,5,5,1824,1819.0,100.0,99.73,4.71,95.29,4,Dégradé
881,14:41,631.4,41.0,45.5,22.4,10.6524,92.918105,112.490529,5.6217,82.6,84.31,40466.446,76,76,5,5,1824,1819.0,100.0,99.73,4.71,95.29,4,Dégradé
882,14:42,630.2,40.6,45.0,22.3,10.6463,93.095544,112.700715,5.6322,82.6,84.42,40466.623,76,76,5,5,1824,1819.0,100.0,99.73,4.71,95.29,4,Dégradé
883,14:43,626.6,40.6,45.2,22.3,10.586,93.271977,112.90967,5.6427,82.61,84.44,40466.8,76,76,5,5,1824,1819.0,100.0,99.73,4.71,95.29,4,Dégradé
884,14:44,619.5,40.7,45.3,22.3,10.4602,93.446313,113.116299,5.653,82.61,84.37,40466.974,76,76,5,5,1824,1819.0,100.0,99.73,4.71,95.29,3,Dégradé
885,14:45,619.4,40.5,45.2,22.3,10.6054,93.62307,113.322867,5.6633,82.62,85.57,40467.151,77,77,5,5,1848,1843.0,100.0,99.73,4.71,95.29,3,Dégradé
886,14:46,618.3,40.3,44.8,22.3,10.5969,93.799685,113.52905,5.6736,82.62,85.66,40467.328,77,77,5,5,1848,1843.0,100.0,99.73,4.71,95.29,3,Dégradé
887,14:47,617.7,40.5,44.9,22.3,10.5783,93.97599,113.735078,5.6839,82.63,85.57,40467.504,77,77,5,5,1848,1843.0,100.0,99.73,4.71,95.29,3,Dégradé
888,14:48,612.3,40.6,45.3,22.3,10.4766,94.1506,113.939259,5.6941,82.63,85.52,40467.678,77,77,5,5,1848,1843.0,100.0,99.73,4.71,95.29,3,Dégradé
889,14:49,609.4,40.6,45.2,22.3,10.4249,94.324349,114.142516,5.7043,82.64,85.48,40467.852,77,77,5,5,1848,1843.0,100.0,99.73,4.71,95.29,3,Dégradé
890,14:50,608.2,40.4,45.2,22.3,10.4158,94.497946,114.345372,5.7144,82.64,85.58,40468.026,77,77,5,5,1848,1843.0,100.0,99.73,4.71,95.29,3,Dégradé
891,14:51,601.2,40.2,44.8,22.3,10.2953,94.669534,114.545857,5.7244,82.65,85.59,40468.197,77,77,5,5,1848,1843.0,100.0,99.73,4.71,95.29,3,Dégradé
892,14:52,597.9,40.3,44.9,22.3,10.2419,94.840232,114.745264,5.7344,82.65,85.6,40468.368,77,77,5,5,1848,1843.0,100.0,99.73,4.71,95.29,3,Dégradé
893,14:53,596.2,40.3,45.1,22.3,10.2135,95.010457,114.944132,5.7443,82.66,85.6,40468.538,77,77,5,5,1848,1843.0,100.0,99.73,4.71,95.29,3,Dégradé
894,14:54,591.8,39.6,44.2,22.3,10.1695,95.179949,115.141476,5.7542,82.66,85.89,40468.708,77,77,5,5,1848,1843.0,100.0,99.73,4.71,95.29,3,Dégradé
895,14:55,587.3,39.8,44.4,22.4,10.0756,95.347876,115.337341,5.764,82.67,85.74,40468.876,77,77,5,5,1848,1843.0,100.0,99.73,4.71,95.29,3,Dégradé
896,14:56,584.0,39.5,44.2,22.3,10.0298,95.51504,115.532128,5.7737,82.67,85.82,40469.043,77,77,5,5,1848,1843.0,100.0,99.73,4.71,95.29,3,Dégradé
897,14:57,579.1,39.3,43.8,22.3,9.9499,95.680871,115.725237,5.7834,82.68,85.87,40469.209,77,77,5,5,1848,1843.0,100.0,99.73,4.71,95.29,3,Dégradé
898,14:58,576.2,38.9,43.6,22.2,9.9196,95.846197,115.917406,5.793,82.68,86.03,40469.374,77,77,5,5,1848,1843.0,100.0,99.73,4.71,95.29,3,Dégradé
899,14:59,570.7,38.8,43.6,22.2,9.826,96.009963,116.107728,5.8025,82.69,86.05,40469.538,77,77,5,5,1848,1843.0,100.0,99.73,4.71,95.29,3,Dégradé
900,15:00,565.2,38.9,43.5,22.1,9.7293,96.172118,116.296217,5.8119,82.7,86.03,40469.7,77,77,5,5,1848,1843.0,100.0,99.73,4.71,95.29,3,Dégradé
901,15:01,562.7,39.0,43.7,22.0,9.6746,96.333361,116.483859,5.8213,82.7,85.93,40469.861,77,77,5,5,1848,1843.0,100.0,99.73,4.71,95.29,3,Dégradé
902,15:02,560.2,39.0,43.8,22.0,9.6361,96.493962,116.670715,5.8306,82.71,85.95,40470.022,77,77,5,5,1848,1843.0,100.0,99.73,4.71,95.29,3,Dégradé
903,15:03,557.3,39.2,44.1,22.1,9.5775,96.653587,116.856571,5.8399,82.71,85.89,40470.181,77,77,5,5,1848,1843.0,100.0,99.73,4.71,95.29,3,Dégradé
904,15:04,555.3,39.1,43.9,22.1,9.5486,96.812731,117.041749,5.8492,82.72,85.94,40470.341,77,77,5,5,1848,1843.0,100.0,99.73,4.71,95.29,3,Dégradé
905,15:05,550.4,38.9,43.8,22.1,9.462,96.970431,117.22531,5.8583,82.72,85.91,40470.498,77,77,5,5,1848,1843.0,100.0,99.73,4.71,95.29,3,Dégradé
906,15:06,547.4,39.3,44.2,22.1,9.4011,97.127116,117.40787,5.8675,82.73,85.83,40470.655,77,77,5,5,1848,1843.0,100.0,99.73,4.71,95.29,3,Dégradé
907,15:07,543.2,39.2,44.0,22.1,9.3306,97.282626,117.589029,5.8765,82.73,85.84,40470.811,77,77,5,5,1848,1843.0,100.0,99.73,4.71,95.29,3,Dégradé
908,15:08,539.6,39.0,44.1,22.1,9.2712,97.437146,117.768971,5.8855,82.74,85.87,40470.965,77,77,5,5,1848,1843.0,100.0,99.73,4.71,95.29,3,Dégradé
909,15:09,535.3,38.9,43.7,22.1,9.2097,97.590641,117.947512,5.8944,82.74,85.97,40471.119,77,77,5,5,1848,1843.0,100.0,99.73,4.71,95.29,3,Dégradé
910,15:10,533.1,38.6,43.5,22.1,9.1721,97.743509,118.125298,5.9033,82.75,85.98,40471.271,77,77,5,5,1848,1843.0,100.0,99.73,4.71,95.29,3,Dégradé
911,15:11,530.4,38.3,43.3,22.1,9.143,97.895893,118.302161,5.9122,82.75,86.16,40471.424,77,77,5,5,1848,1843.0,100.0,99.73,4.71,95.29,3,Dégradé
912,15:12,525.8,38.2,42.9,22.1,9.0609,98.046908,118.477484,5.9209,82.76,86.14,40471.575,77,77,5,5,1848,1843.0,100.0,99.73,4.71,95.29,3,Dégradé
913,15:13,522.0,38.1,42.9,22.1,8.9944,98.196815,118.651574,5.9296,82.76,86.11,40471.725,77,77,5,5,1848,1843.0,100.0,99.73,4.71,95.29,3,Dégradé
914,15:14,520.0,38.2,43.3,22.0,8.9632,98.346202,118.824972,5.9383,82.77,86.15,40471.874,77,77,5,5,1848,1843.0,100.0,99.73,4.71,95.29,3,Dégradé
915,15:15,517.5,38.0,42.8,22.1,8.9231,98.49492,118.997523,5.9469,82.77,86.19,40472.023,77,77,5,5,1848,1843.0,100.0,99.73,4.71,95.29,3,Dégradé
916,15:16,515.0,37.9,43.0,22.1,8.887,98.643037,119.169303,5.9555,82.78,86.22,40472.171,77,77,5,5,1848,1843.0,100.0,99.73,4.71,95.29,3,Dégradé
917,15:17,511.0,38.1,43.0,22.1,8.8108,98.789884,119.339698,5.964,82.78,86.18,40472.318,77,77,5,5,1848,1843.0,100.0,99.73,4.71,95.29,3,Dégradé
918,15:18,506.3,38.1,43.2,22.0,8.7306,98.935394,119.508553,5.9724,82.79,86.17,40472.463,77,77,5,5,1848,1843.0,100.0,99.73,4.71,95.29,3,Dégradé
919,15:19,502.3,37.8,42.9,22.0,8.6725,99.079936,119.676098,5.9808,82.79,86.27,40472.608,77,77,5,5,1848,1843.0,100.0,99.73,4.71,95.29,3,Dégradé
920,15:20,495.5,37.8,42.6,22.0,8.5484,99.222409,119.841334,5.9891,82.79,86.22,40472.75,77,77,5,5,1848,1843.0,100.0,99.73,4.71,95.29,3,Dégradé
921,15:21,491.3,37.2,42.5,21.9,8.4922,99.363946,120.005184,5.9973,82.8,86.38,40472.892,77,77,5,5,1848,1843.0,100.0,99.73,4.71,95.29,3,Dégradé
922,15:22,487.1,36.9,41.7,22.0,8.4293,99.504434,120.167648,6.0054,82.8,86.47,40473.032,77,77,5,5,1848,1843.0,100.0,99.73,4.71,95.29,3,Dégradé
923,15:23,482.4,36.5,41.3,22.1,8.3632,99.64382,120.32851,6.0134,82.81,86.65,40473.172,77,77,5,5,1848,1843.0,100.0,99.73,4.71,95.29,3,Dégradé
924,15:24,480.5,35.9,41.2,22.1,8.3459,99.782918,120.488741,6.0214,82.82,86.81,40473.311,77,77,5,5,1848,1843.0,100.0,99.73,4.71,95.29,3,Dégradé
925,15:25,478.4,35.9,40.9,22.1,8.3078,99.921381,120.648279,6.0294,82.82,86.79,40473.449,77,77,5,5,1848,1843.0,100.0,99.73,4.71,95.29,3,Dégradé
926,15:26,474.0,35.8,41.0,22.1,8.2346,100.058624,120.806354,6.0373,82.83,86.82,40473.587,77,77,5,5,1848,1843.0,100.0,99.73,4.71,95.29,3,Dégradé
927,15:27,471.0,35.7,40.6,22.2,8.1835,100.195015,120.963428,6.0452,82.83,86.83,40473.723,77,77,5,5,1848,1843.0,100.0,99.73,4.71,95.29,3,Dégradé
928,15:28,465.0,35.5,40.6,22.2,8.0829,100.32973,121.1185,6.0529,82.84,86.87,40473.858,77,77,5,5,1848,1843.0,100.0,99.73,4.71,95.29,3,Dégradé
929,15:29,459.8,35.3,40.2,22.2,8.0006,100.463074,121.271817,6.0606,82.84,86.97,40473.991,77,77,5,5,1848,1843.0,100.0,99.73,4.71,95.29,3,Dégradé
930,15:30,456.4,35.1,40.3,22.1,7.9438,100.595471,121.42404,6.0682,82.85,86.98,40474.123,77,77,5,5,1848,1843.0,100.0,99.73,4.71,95.29,3,Dégradé
931,15:31,452.9,35.1,40.1,22.1,7.8821,100.72684,121.575108,6.0757,82.85,86.96,40474.255,77,77,5,5,1848,1843.0,100.0,99.73,4.71,95.29,3,Dégradé
932,15:32,446.4,35.2,40.1,22.2,7.7696,100.856334,121.723959,6.0832,82.86,87.0,40474.384,77,77,5,5,1848,1843.0,100.0,99.73,4.71,95.29,3,Dégradé
933,15:33,443.5,35.2,40.4,22.2,7.7162,100.984938,121.87187,6.0906,82.86,86.95,40474.513,77,77,5,5,1848,1843.0,100.0,99.73,4.71,95.29,3,Dégradé
934,15:34,439.4,34.9,40.0,22.2,7.6477,101.1124,122.018411,6.0979,82.87,86.98,40474.64,77,77,5,5,1848,1843.0,100.0,99.73,4.71,95.29,3,Dégradé
935,15:35,437.5,34.8,39.7,22.2,7.6242,101.23947,122.164321,6.1052,82.87,87.09,40474.767,77,77,5,5,1848,1843.0,100.0,99.73,4.71,95.29,3,Dégradé
936,15:36,432.8,34.5,39.6,22.2,7.5449,101.365219,122.308629,6.1124,82.88,87.14,40474.893,77,77,5,5,1848,1843.0,100.0,99.73,4.71,95.29,3,Dégradé
937,15:37,428.8,34.5,39.9,22.3,7.4737,101.489781,122.451628,6.1195,82.88,87.11,40475.018,77,77,5,5,1848,1843.0,100.0,99.73,4.71,95.29,3,Dégradé
938,15:38,423.4,35.0,40.1,22.4,7.3637,101.61251,122.592841,6.1266,82.89,86.91,40475.14,77,77,5,5,1848,1843.0,100.0,99.73,4.71,95.29,3,Dégradé
939,15:39,418.8,34.9,40.3,22.3,7.2876,101.73397,122.732529,6.1336,82.89,86.95,40475.262,77,77,5,5,1848,1843.0,100.0,99.73,4.71,95.29,3,Dégradé
940,15:40,414.5,34.8,39.9,22.3,7.2145,101.854211,122.870754,6.1405,82.9,86.99,40475.382,77,77,5,5,1848,1843.0,100.0,99.73,4.71,95.29,3,Dégradé
941,15:41,409.2,34.9,39.9,22.3,7.1144,101.972784,123.007208,6.1473,82.9,86.9,40475.501,77,77,5,5,1848,1843.0,100.0,99.73,4.71,95.29,3,Dégradé
942,15:42,405.7,34.7,40.2,22.3,7.0634,102.090507,123.142507,6.1541,82.9,87.01,40475.618,77,77,5,5,1848,1843.0,100.0,99.73,4.71,95.29,3,Dégradé
943,15:43,400.2,34.2,39.8,22.2,6.9776,102.206801,123.275959,6.1607,82.91,87.14,40475.735,77,77,5,5,1848,1843.0,100.0,99.73,4.71,95.29,3,Dégradé
944,15:44,396.2,34.4,40.0,22.2,6.8999,102.321799,123.408101,6.1673,82.91,87.03,40475.85,77,77,5,5,1848,1843.0,100.0,99.73,4.71,95.29,3,Dégradé
945,15:45,392.9,33.9,38.9,22.1,6.8541,102.436034,123.539165,6.1739,82.92,87.16,40475.964,77,77,5,5,1848,1843.0,100.0,99.73,4.71,95.29,3,Dégradé
946,15:46,388.4,33.9,38.8,22.1,6.7794,102.549024,123.66869,6.1804,82.92,87.23,40476.077,77,77,5,5,1848,1843.0,100.0,99.73,4.71,95.29,3,Dégradé
947,15:47,383.9,33.5,38.7,22.1,6.7072,102.660811,123.796751,6.1868,82.93,87.29,40476.189,77,77,5,5,1848,1843.0,100.0,99.73,4.71,95.29,3,Dégradé
948,15:48,381.1,33.4,39.0,22.1,6.6554,102.771734,123.923827,6.1931,82.93,87.29,40476.3,77,77,5,5,1848,1843.0,100.0,99.73,4.71,95.29,3,Dégradé
949,15:49,374.6,33.3,38.6,22.2,6.544,102.880801,124.048747,6.1993,82.94,87.31,40476.409,77,77,5,5,1848,1843.0,100.0,99.73,4.71,95.29,3,Dégradé
950,15:50,369.6,33.0,38.1,22.1,6.4678,102.988598,124.172034,6.2055,82.94,87.44,40476.516,77,77,5,5,1848,1843.0,100.0,99.73,4.71,95.29,3,Dégradé
951,15:51,365.1,32.9,38.0,22.1,6.3895,103.09509,124.293782,6.2116,82.94,87.47,40476.623,77,77,5,5,1848,1843.0,100.0,99.73,4.71,95.29,3,Dégradé
952,15:52,362.0,33.1,38.1,22.2,6.3286,103.200566,124.414529,6.2176,82.95,87.35,40476.728,77,77,5,5,1848,1843.0,100.0,99.73,4.71,95.29,3,Dégradé
953,15:53,356.9,32.9,38.2,22.2,6.2433,103.304621,124.533582,6.2236,82.95,87.4,40476.833,77,77,5,5,1848,1843.0,100.0,99.73,4.71,95.29,3,Dégradé
954,15:54,352.7,32.8,38.1,22.2,6.1709,103.40747,124.651187,6.2295,82.96,87.45,40476.935,77,77,5,5,1848,1843.0,100.0,99.73,4.71,95.29,3,Dégradé
955,15:55,347.7,32.4,37.6,22.1,6.0899,103.508968,124.76716,6.2352,82.96,87.52,40477.037,77,77,5,5,1848,1843.0,100.0,99.73,4.71,95.29,3,Dégradé
956,15:56,345.6,32.2,37.6,22.1,6.0533,103.609856,124.88244,6.241,82.97,87.52,40477.138,77,77,5,5,1848,1843.0,100.0,99.73,4.71,95.29,3,Dégradé
957,15:57,339.1,32.0,37.2,22.1,5.9443,103.708928,124.995503,6.2467,82.97,87.63,40477.237,77,77,5,5,1848,1843.0,100.0,99.73,4.71,95.29,3,Dégradé
958,15:58,335.8,31.7,37.2,22.1,5.893,103.807145,125.107488,6.2523,82.97,87.71,40477.335,77,77,5,5,1848,1843.0,100.0,99.73,4.71,95.29,3,Dégradé
959,15:59,331.8,31.9,37.2,22.1,5.8189,103.904126,125.218148,6.2578,82.98,87.64,40477.432,77,77,5,5,1848,1843.0,100.0,99.73,4.71,95.29,3,Dégradé
960,16:00,326.6,31.8,37.3,22.2,5.729,103.99961,125.327053,6.2632,82.98,87.68,40477.527,77,77,5,5,1848,1843.0,100.0,99.73,4.71,95.29,3,Dégradé
961,16:01,322.6,31.9,37.3,22.2,5.656,104.093877,125.434649,6.2686,82.99,87.61,40477.622,77,77,5,5,1848,1843.0,100.0,99.73,4.71,95.29,3,Dégradé
962,16:02,318.3,32.0,37.6,22.1,5.5735,104.186768,125.540782,6.2739,82.99,87.52,40477.715,77,77,5,5,1848,1843.0,100.0,99.73,4.71,95.29,3,Dégradé
963,16:03,315.6,32.2,37.8,22.1,5.5261,104.27887,125.646052,6.2792,82.99,87.49,40477.807,77,77,5,5,1848,1843.0,100.0,99.73,4.71,95.29,3,Dégradé
964,16:04,311.3,31.9,37.3,22.1,5.4536,104.369764,125.749875,6.2844,83.0,87.55,40477.898,77,77,5,5,1848,1843.0,100.0,99.73,4.71,95.29,3,Dégradé
965,16:05,306.8,31.7,37.0,22.0,5.3761,104.459366,125.852158,6.2895,83.0,87.6,40477.987,77,77,5,5,1848,1843.0,100.0,99.73,4.71,95.29,3,Dégradé
966,16:06,302.1,31.9,37.3,22.0,5.2892,104.54752,125.952901,6.2945,83.01,87.5,40478.075,77,77,5,5,1848,1843.0,100.0,99.73,4.71,95.29,3,Dégradé
967,16:07,297.8,31.6,37.2,22.0,5.2213,104.634541,126.052182,6.2995,83.01,87.65,40478.162,77,77,5,5,1848,1843.0,100.0,99.73,4.71,95.29,3,Dégradé
968,16:08,294.3,31.4,36.6,22.0,5.1611,104.72056,126.150307,6.3044,83.01,87.66,40478.248,77,77,5,5,1848,1843.0,100.0,99.73,4.71,95.29,3,Dégradé
969,16:09,290.4,31.2,36.8,22.0,5.0936,104.805454,126.247124,6.3092,83.02,87.69,40478.333,77,77,5,5,1848,1843.0,100.0,99.73,4.71,95.29,3,Dégradé
970,16:10,286.6,31.3,36.6,22.0,5.0243,104.889192,126.342708,6.314,83.02,87.61,40478.417,77,77,5,5,1848,1843.0,100.0,99.73,4.71,95.29,3,Dégradé
971,16:11,282.6,31.5,37.0,22.0,4.948,104.971658,126.436983,6.3187,83.02,87.47,40478.5,77,77,5,5,1848,1843.0,100.0,99.73,4.71,95.29,3,Dégradé
972,16:12,279.0,31.3,37.2,22.0,4.8868,105.053104,126.530026,6.3234,83.03,87.54,40478.581,77,77,5,5,1848,1843.0,100.0,99.73,4.71,95.29,3,Dégradé
973,16:13,273.9,31.0,36.4,22.0,4.8064,105.13321,126.621375,6.3279,83.03,87.69,40478.661,77,77,5,5,1848,1843.0,100.0,99.73,4.71,95.29,3,Dégradé
974,16:14,270.0,30.5,35.7,21.9,4.7446,105.212287,126.711416,6.3324,83.03,87.82,40478.74,77,77,5,5,1848,1843.0,100.0,99.73,4.71,95.29,3,Dégradé
975,16:15,265.8,29.8,35.2,22.0,4.6822,105.290323,126.80007,6.3368,83.04,88.02,40478.818,77,77,5,5,1848,1843.0,100.0,99.73,4.71,95.29,3,Dégradé
976,16:16,261.1,29.6,35.3,22.0,4.6011,105.367008,126.887123,6.3412,83.04,88.09,40478.895,77,77,5,5,1848,1843.0,100.0,99.73,4.71,95.29,3,Dégradé
977,16:17,256.7,29.7,35.0,21.9,4.5179,105.442306,126.972713,6.3455,83.04,87.98,40478.97,77,77,5,5,1848,1843.0,100.0,99.73,4.71,95.29,3,Dégradé
978,16:18,253.4,29.8,35.2,21.9,4.4533,105.516527,127.057225,6.3497,83.05,87.82,40479.044,77,77,5,5,1848,1843.0,100.0,99.73,4.71,95.29,3,Dégradé
979,16:19,249.7,29.7,35.3,21.9,4.3935,105.589752,127.140505,6.3539,83.05,87.93,40479.118,77,77,5,5,1848,1843.0,100.0,99.73,4.71,95.29,3,Dégradé
980,16:20,243.9,29.2,34.7,21.9,4.297,105.661368,127.221845,6.3579,83.05,88.05,40479.189,77,77,5,5,1848,1843.0,100.0,99.73,4.71,95.29,3,Dégradé
981,16:21,240.0,29.1,34.8,21.9,4.2316,105.731894,127.301891,6.3619,83.06,88.11,40479.26,77,77,5,5,1848,1843.0,100.0,99.73,4.71,95.29,3,Dégradé
982,16:22,234.5,28.8,34.3,21.8,4.1375,105.800852,127.380089,6.3658,83.06,88.18,40479.329,77,77,5,5,1848,1843.0,100.0,99.73,4.71,95.29,3,Dégradé
983,16:23,230.5,28.3,33.8,21.8,4.0727,105.868731,127.456978,6.3697,83.06,88.28,40479.397,77,77,5,5,1848,1843.0,100.0,99.73,4.71,95.29,3,Dégradé
984,16:24,226.5,28.1,33.7,21.8,4.0025,105.93544,127.532543,6.3735,83.07,88.28,40479.463,77,77,5,5,1848,1843.0,100.0,99.73,4.71,95.29,3,Dégradé
985,16:25,222.9,28.1,34.1,21.8,3.9362,106.001043,127.606891,6.3772,83.07,88.24,40479.529,77,77,5,5,1848,1843.0,100.0,99.73,4.71,95.29,3,Dégradé
986,16:26,218.2,27.9,33.8,21.8,3.854,106.065277,127.679684,6.3808,83.07,88.24,40479.593,77,77,5,5,1848,1843.0,100.0,99.73,4.71,95.29,3,Dégradé
987,16:27,214.4,27.8,33.7,21.8,3.7853,106.128365,127.751183,6.3844,83.07,88.24,40479.656,77,77,5,5,1848,1843.0,100.0,99.73,4.71,95.29,3,Dégradé
988,16:28,210.0,28.0,33.7,21.7,3.7076,106.190159,127.821219,6.3879,83.08,88.23,40479.718,77,77,5,5,1848,1843.0,100.0,99.73,4.71,95.29,3,Dégradé
989,16:29,204.6,28.0,33.5,21.8,3.6112,106.250346,127.889484,6.3913,83.08,88.17,40479.778,77,77,5,5,1848,1843.0,100.0,99.73,4.71,95.29,3,Dégradé
990,16:30,200.3,28.1,33.6,21.7,3.5327,106.309225,127.956287,6.3946,83.08,88.14,40479.837,77,77,5,5,1848,1843.0,100.0,99.73,4.71,95.29,3,Dégradé
991,16:31,196.3,27.9,33.7,21.7,3.4622,106.366929,128.02178,6.3979,83.09,88.11,40479.895,77,77,5,5,1848,1843.0,100.0,99.73,4.71,95.29,3,Dégradé
992,16:32,192.8,28.0,33.7,21.7,3.3985,106.42357,128.086057,6.4011,83.09,88.12,40479.951,77,77,5,5,1848,1843.0,100.0,99.73,4.71,95.29,3,Dégradé
993,16:33,188.8,27.6,33.4,21.6,3.3299,106.479068,128.14901,6.4043,83.09,88.16,40480.007,77,77,5,5,1848,1843.0,100.0,99.73,4.71,95.29,3,Dégradé
994,16:34,184.8,27.5,33.3,21.6,3.2572,106.533354,128.210654,6.4073,83.09,88.06,40480.061,77,77,5,5,1848,1843.0,100.0,99.73,4.71,95.29,3,Dégradé
995,16:35,180.4,27.3,32.9,21.6,3.1807,106.586366,128.270835,6.4103,83.09,88.09,40480.114,77,77,5,5,1848,1843.0,100.0,99.73,4.71,95.29,3,Dégradé
996,16:36,176.2,27.1,33.1,21.5,3.1108,106.638213,128.32963,6.4133,83.1,88.18,40480.166,77,77,5,5,1848,1843.0,100.0,99.73,4.71,95.29,3,Dégradé
997,16:37,172.0,26.6,32.5,21.5,3.043,106.68893,128.386977,6.4161,83.1,88.44,40480.217,77,77,5,5,1848,1843.0,100.0,99.73,4.71,95.29,3,Dégradé
998,16:38,168.5,26.4,32.6,21.5,2.9798,106.738593,128.443154,6.419,83.1,88.4,40480.266,77,77,5,5,1848,1843.0,100.0,99.73,4.71,95.29,3,Dégradé
999,16:39,164.5,26.3,32.3,21.5,2.9098,106.787089,128.498022,6.4217,83.1,88.39,40480.315,77,77,5,5,1848,1843.0,100.0,99.73,4.71,95.29,3,Dégradé
1000,16:40,161.0,26.2,31.8,21.4,2.8469,106.834537,128.551735,6.4244,83.11,88.34,40480.362,77,77,5,5,1848,1843.0,100.0,99.73,4.71,95.29,3,Dégradé
1001,16:41,156.9,25.9,31.4,21.3,2.7743,106.880776,128.604062,6.427,83.11,88.37,40480.409,77,77,5,5,1848,1843.0,100.0,99.73,4.71,95.29,3,Dégradé
1002,16:42,153.5,25.6,31.3,21.3,2.7175,106.926067,128.65525,6.4296,83.11,88.48,40480.454,77,77,5,5,1848,1843.0,100.0,99.73,4.71,95.29,3,Dégradé
1003,16:43,149.9,25.7,31.6,21.2,2.6485,106.970209,128.705267,6.4321,83.11,88.25,40480.498,77,77,5,5,1848,1843.0,100.0,99.73,4.71,95.29,3,Dégradé
1004,16:44,146.0,25.5,31.2,21.2,2.5827,107.013254,128.753975,6.4345,83.11,88.37,40480.541,77,77,5,5,1848,1843.0,100.0,99.73,4.71,95.29,3,Dégradé
1005,16:45,142.2,25.3,31.1,21.2,2.52,107.055254,128.80139,6.4369,83.12,88.58,40480.583,77,77,5,5,1848,1843.0,100.0,99.73,4.71,95.29,3,Dégradé
1006,16:46,138.5,25.1,30.9,21.1,2.4533,107.096142,128.847573,6.4392,83.12,88.53,40480.624,77,77,5,5,1848,1843.0,100.0,99.73,4.71,95.29,3,Dégradé
1007,16:47,135.0,25.1,31.0,21.1,2.3901,107.135977,128.892601,6.4414,83.12,88.47,40480.664,77,77,5,5,1848,1843.0,100.0,99.73,4.71,95.29,3,Dégradé
1008,16:48,131.3,24.7,30.5,21.0,2.3268,107.174757,128.936397,6.4436,83.12,88.55,40480.703,77,77,5,5,1848,1843.0,100.0,99.73,4.71,95.29,3,Dégradé
1009,16:49,127.7,24.4,30.0,20.9,2.2628,107.21247,128.978961,6.4457,83.12,88.6,40480.74,77,77,5,5,1848,1843.0,100.0,99.73,4.71,95.29,3,Dégradé
1010,16:50,124.6,24.2,30.1,20.9,2.2082,107.249273,129.020524,6.4478,83.13,88.55,40480.777,77,77,5,5,1848,1843.0,100.0,99.73,4.71,95.29,3,Dégradé
1011,16:51,120.9,24.4,30.5,20.9,2.138,107.284907,129.060855,6.4498,83.13,88.35,40480.813,77,77,5,5,1848,1843.0,100.0,99.73,4.71,95.29,3,Dégradé
1012,16:52,117.4,24.4,30.1,20.9,2.0744,107.31948,129.100031,6.4518,83.13,88.25,40480.847,77,77,5,5,1848,1843.0,100.0,99.73,4.71,95.29,3,Dégradé
1013,16:53,113.3,24.5,30.4,20.9,2.0012,107.352833,129.137821,6.4537,83.13,88.26,40480.881,77,77,5,5,1848,1843.0,100.0,99.73,4.71,95.29,3,Dégradé
1014,16:54,109.3,24.4,30.4,20.8,1.9315,107.385025,129.174302,6.4555,83.13,88.24,40480.913,77,77,5,5,1848,1843.0,100.0,99.73,4.71,95.29,3,Dégradé
1015,16:55,105.9,24.2,30.2,20.8,1.8729,107.41624,129.209628,6.4573,83.13,88.36,40480.944,77,77,5,5,1848,1843.0,100.0,99.73,4.71,95.29,3,Dégradé
1016,16:56,102.2,24.5,30.4,20.8,1.8028,107.446287,129.243722,6.459,83.13,88.13,40480.974,77,77,5,5,1848,1843.0,100.0,99.73,4.71,95.29,3,Dégradé
1017,16:57,98.6,24.7,30.5,20.8,1.736,107.47522,129.276585,6.4606,83.14,,40481.003,77,77,5,5,1848,1843.0,100.0,99.73,4.71,95.29,3,Dégradé
1018,16:58,95.0,24.5,30.3,20.8,1.6714,107.503076,129.308292,6.4622,83.14,,40481.031,77,77,5,5,1848,1843.0,100.0,99.73,4.71,95.29,3,Dégradé
1019,16:59,91.3,24.2,30.0,20.8,1.6064,107.52985,129.338767,6.4637,83.14,,40481.058,77,77,5,5,1848,1843.0,100.0,99.73,4.71,95.29,3,Dégradé
1020,17:00,87.8,24.3,30.5,20.8,1.544,107.555584,129.368026,6.4652,83.14,,40481.083,77,77,5,5,1848,1843.0,100.0,99.73,4.71,95.29,3,Dégradé
1021,17:01,85.1,24.0,30.0,20.8,1.4966,107.580528,129.396422,6.4666,83.14,,40481.108,77,77,5,5,1848,1843.0,100.0,99.73,4.71,95.29,3,Dégradé
1022,17:02,82.0,24.4,30.2,20.8,1.4391,107.604513,129.423756,6.468,83.14,,40481.132,77,77,5,5,1848,1843.0,100.0,99.73,4.71,95.29,3,Dégradé
1023,17:03,78.5,24.0,30.2,20.7,1.3813,107.627535,129.44992,6.4693,83.14,,40481.155,77,77,5,5,1848,1843.0,100.0,99.73,4.71,95.29,3,Dégradé
1024,17:04,75.2,23.4,29.4,20.7,1.325,107.649619,129.475006,6.4705,83.14,,40481.178,77,77,5,5,1848,1843.0,100.0,99.73,4.71,95.29,3,Dégradé
1025,17:05,71.8,23.7,29.5,20.7,1.2625,107.670661,129.498937,6.4717,83.14,,40481.199,77,77,5,5,1848,1843.0,100.0,99.73,4.71,95.29,3,Dégradé
1026,17:06,68.2,23.4,29.3,20.6,1.1985,107.690636,129.521712,6.4728,83.14,,40481.219,77,77,5,5,1848,1843.0,100.0,99.73,4.71,95.29,3,Dégradé
1027,17:07,65.3,23.4,29.3,20.6,1.1461,107.709737,129.543487,6.4739,83.15,,40481.238,77,77,5,5,1848,1843.0,100.0,99.73,4.71,95.29,3,Dégradé
1028,17:08,62.2,23.2,29.3,20.6,1.0903,107.727908,129.56426,6.475,83.15,,40481.256,77,77,5,5,1848,1843.0,100.0,99.73,4.71,95.29,3,Dégradé
1029,17:09,59.1,23.3,29.3,20.5,1.0348,107.745154,129.583971,6.476,83.15,,40481.273,77,77,5,5,1848,1843.0,100.0,99.73,4.71,95.29,3,Dégradé
1030,17:10,55.8,22.8,28.9,20.5,0.9772,107.76144,129.602589,6.4769,83.15,,40481.289,77,77,5,5,1848,1843.0,100.0,99.73,4.71,95.29,3,Dégradé
1031,17:11,52.7,22.5,28.6,20.4,0.9217,107.776801,129.620144,6.4778,83.15,,40481.305,77,77,5,5,1848,1843.0,100.0,99.73,4.71,95.29,3,Dégradé
1032,17:12,49.6,22.6,28.6,20.4,0.8659,107.791233,129.636683,6.4786,83.15,,40481.319,77,77,5,5,1848,1843.0,100.0,99.73,4.71,95.29,3,Dégradé
1033,17:13,46.7,22.6,28.4,20.4,0.8189,107.804882,129.652237,6.4794,83.15,,40481.333,77,77,5,5,1848,1843.0,100.0,99.73,4.71,95.29,3,Dégradé
1034,17:14,43.8,22.8,28.6,20.4,0.7664,107.817655,129.666851,6.4801,83.15,,40481.346,77,77,5,5,1848,1843.0,100.0,99.73,4.71,95.29,3,Dégradé
1035,17:15,40.7,22.6,28.8,20.4,0.7111,107.829506,129.680403,6.4808,83.15,,40481.357,77,77,5,5,1848,1843.0,100.0,99.73,4.71,95.29,3,Dégradé
1036,17:16,37.8,22.4,28.4,20.4,0.6598,107.840502,129.693015,6.4814,83.15,,40481.368,77,77,5,5,1848,1843.0,100.0,99.73,4.71,95.29,3,Dégradé
1037,17:17,34.9,22.4,28.3,20.3,0.608,107.850635,129.704642,6.482,83.15,,40481.379,77,77,5,5,1848,1843.0,100.0,99.73,4.71,95.29,3,Dégradé
1038,17:18,32.0,22.3,28.5,20.3,0.5566,107.859912,129.715329,6.4825,83.15,,40481.388,77,77,5,5,1848,1843.0,100.0,99.73,4.71,95.29,3,Dégradé
1039,17:19,29.1,21.9,28.0,20.3,0.5059,107.868344,129.725031,6.483,83.15,,40481.396,77,77,5,5,1848,1843.0,100.0,99.73,4.71,95.29,3,Dégradé
1040,17:20,26.1,21.7,28.0,20.3,0.4525,107.875886,129.733732,6.4834,83.15,,40481.404,77,77,5,5,1848,1843.0,100.0,99.73,4.71,95.29,3,Dégradé
1041,17:21,23.3,21.5,27.4,20.3,0.4034,107.882609,129.741509,6.4838,83.15,,40481.41,77,77,5,5,1848,1843.0,100.0,99.73,4.71,95.29,3,Dégradé
1042,17:22,20.7,21.3,27.3,20.2,0.3572,107.888562,129.748423,6.4842,83.15,,40481.416,77,77,5,5,1848,1843.0,100.0,99.73,4.71,95.29,3,Dégradé
1043,17:23,18.1,20.8,26.8,20.2,0.3123,107.893767,129.754429,6.4845,83.15,,40481.422,77,77,5,5,1848,1843.0,100.0,99.73,4.71,95.29,3,Dégradé
1044,17:24,15.6,20.7,26.7,20.2,0.2726,107.898311,129.759649,6.4847,83.15,,40481.426,77,77,5,5,1848,1843.0,100.0,99.73,4.71,95.29,3,Dégradé
1045,17:25,13.1,20.5,26.5,20.1,0.229,107.902127,129.764038,6.485,83.15,,40481.43,77,77,5,5,1848,1843.0,100.0,99.73,4.71,95.29,3,Dégradé
1046,17:26,10.7,20.5,26.4,20.2,0.1868,107.90524,129.76758,6.4851,83.15,,40481.433,77,77,5,5,1848,1843.0,100.0,99.73,4.71,95.29,3,Dégradé
1047,17:27,8.5,20.4,26.8,20.1,0.1477,107.907702,129.770429,6.4853,83.15,,40481.436,77,77,5,5,1848,1843.0,100.0,99.73,4.71,95.29,3,Dégradé
1048,17:28,6.3,20.3,26.2,20.1,0.1102,107.909538,129.772508,6.4854,83.15,,40481.437,77,77,5,5,1848,1843.0,100.0,99.73,4.71,95.29,3,Dégradé
1049,17:29,0.0,20.1,26.0,20.1,0.0,107.909538,129.772508,6.4854,83.15,,40481.437,0,0,5,5,0,0.0,,,4.71,95.29,3,Dégradé
1050,17:30,0.0,20.2,26.1,20.2,0.0,107.909538,129.772508,6.4854,83.15,,40481.437,0,0,5,5,0,0.0,,,4.71,95.29,3,Dégradé
1051,17:31,0.0,20.1,26.1,20.1,0.0,107.909538,129.772508,6.4854,83.15,,40481.437,0,0,5,5,0,0.0,,,4.71,95.29,3,Dégradé
1052,17:32,0.0,20.2,26.2,20.2,0.0,107.909538,129.772508,6.4854,83.15,,40481.437,0,0,5,5,0,0.0,,,4.71,95.29,3,Dégradé
1053,17:33,0.0,20.1,26.1,20.1,0.0,107.909538,129.772508,6.4854,83.15,,40481.437,0,0,5,5,0,0.0,,,4.71,95.29,3,Dégradé
1054,17:34,0.0,20.1,26.3,20.1,0.0,107.909538,129.772508,6.4854,83.15,,40481.437,0,0,5,5,0,0.0,,,4.71,95.29,3,Dégradé
1055,17:35,0.0,20.1,26.4,20.1,0.0,107.909538,129.772508,6.4854,83.15,,40481.437,0,0,5,5,0,0.0,,,4.71,95.29,3,Dégradé
1056,17:36,0.0,20.1,25.9,20.1,0.0,107.909538,129.772508,6.4854,83.15,,40481.437,0,0,5,5,0,0.0,,,4.71,95.29,3,Dégradé
1057,17:37,0.0,20.2,26.1,20.2,0.0,107.909538,129.772508,6.4854,83.15,,40481.437,0,0,5,5,0,0.0,,,4.71,95.29,3,Dégradé
1058,17:38,0.0,20.1,26.1,20.1,0.0,107.909538,129.772508,6.4854,83.15,,40481.437,0,0,5,5,0,0.0,,,4.71,95.29,3,Dégradé
1059,17:39,0.0,20.1,26.1,20.1,0.0,107.909538,129.772508,6.4854,83.15,,40481.437,0,0,5,5,0,0.0,,,4.71,95.29,3,Dégradé
1060,17:40,0.0,20.1,26.1,20.1,0.0,107.909538,129.772508,6.4854,83.15,,40481.437,0,0,5,5,0,0.0,,,4.71,95.29,3,Dégradé
1061,17:41,0.0,20.0,25.8,20.0,0.0,107.909538,129.772508,6.4854,83.15,,40481.437,0,0,5,5,0,0.0,,,4.71,95.29,3,Dégradé
1062,17:42,0.0,20.0,26.3,20.0,0.0,107.909538,129.772508,6.4854,83.15,,40481.437,0,0,5,5,0,0.0,,,4.71,95.29,3,Dégradé
1063,17:43,0.0,20.0,26.2,20.0,0.0,107.909538,129.772508,6.4854,83.15,,40481.437,0,0,5,5,0,0.0,,,4.71,95.29,3,Dégradé
1064,17:44,0.0,20.0,26.3,20.0,0.0,107.909538,129.772508,6.4854,83.15,,40481.437,0,0,5,5,0,0.0,,,4.71,95.29,3,Dégradé
1065,17:45,0.0,19.9,25.8,19.9,0.0,107.909538,129.772508,6.4854,83.15,,40481.437,0,0,5,5,0,0.0,,,4.71,95.29,3,Dégradé
1066,17:46,0.0,19.9,25.9,19.9,0.0,107.909538,129.772508,6.4854,83.15,,40481.437,0,0,5,5,0,0.0,,,4.71,95.29,3,Dégradé
1067,17:47,0.0,19.8,25.6,19.8,0.0,107.909538,129.772508,6.4854,83.15,,40481.437,0,0,5,5,0,0.0,,,4.71,95.29,3,Dégradé
1068,17:48,0.0,19.8,25.8,19.8,0.0,107.909538,129.772508,6.4854,83.15,,40481.437,0,0,5,5,0,0.0,,,4.71,95.29,3,Dégradé
1069,17:49,0.0,19.7,25.6,19.7,0.0,107.909538,129.772508,6.4854,83.15,,40481.437,0,0,5,5,0,0.0,,,4.71,95.29,3,Dégradé
1070,17:50,0.0,19.8,25.8,19.8,0.0,107.909538,129.772508,6.4854,83.15,,40481.437,0,0,5,5,0,0.0,,,4.71,95.29,3,Dégradé
1071,17:51,0.0,19.7,25.7,19.7,0.0,107.909538,129.772508,6.4854,83.15,,40481.437,0,0,5,5,0,0.0,,,4.71,95.29,3,Dégradé
1072,17:52,0.0,19.7,25.5,19.7,0.0,107.909538,129.772508,6.4854,83.15,,40481.437,0,0,5,5,0,0.0,,,4.71,95.29,3,Dégradé
1073,17:53,0.0,19.7,25.8,19.7,0.0,107.909538,129.772508,6.4854,83.15,,40481.437,0,0,5,5,0,0.0,,,4.71,95.29,3,Dégradé
1074,17:54,0.0,19.7,25.7,19.7,0.0,107.909538,129.772508,6.4854,83.15,,40481.437,0,0,5,5,0,0.0,,,4.71,95.29,3,Dégradé
1075,17:55,0.0,19.7,25.7,19.7,0.0,107.909538,129.772508,6.4854,83.15,,40481.437,0,0,5,5,0,0.0,,,4.71,95.29,3,Dégradé
1076,17:56,0.0,19.6,25.3,19.6,0.0,107.909538,129.772508,6.4854,83.15,,40481.437,0,0,5,5,0,0.0,,,4.71,95.29,3,Dégradé
1077,17:57,0.0,19.6,26.1,19.6,0.0,107.909538,129.772508,6.4854,83.15,,40481.437,0,0,5,5,0,0.0,,,4.71,95.29,3,Dégradé
1078,17:58,0.0,19.6,25.6,19.6,0.0,107.909538,129.772508,6.4854,83.15,,40481.437,0,0,5,5,0,0.0,,,4.71,95.29,3,Dégradé
1079,17:59,0.0,19.6,25.9,19.6,0.0,107.909538,129.772508,6.4854,83.15,,40481.437,0,0,5,5,0,0.0,,,4.71,95.29,3,Dégradé
1080,18:00,0.0,19.6,25.6,19.6,0.0,107.909538,129.772508,6.4854,83.15,,40481.437,0,0,5,5,0,0.0,,,4.71,95.29,3,Dégradé
1081,18:01,0.0,19.5,25.5,19.5,0.0,107.909538,129.772508,6.4854,83.15,,40481.437,0,0,5,5,0,0.0,,,4.71,95.29,3,Dégradé
1082,18:02,0.0,19.4,25.3,19.4,0.0,107.909538,129.772508,6.4854,83.15,,40481.437,0,0,5,5,0,0.0,,,4.71,95.29,3,Dégradé
1083,18:03,0.0,19.4,25.4,19.4,0.0,107.909538,129.772508,6.4854,83.15,,40481.437,0,0,5,5,0,0.0,,,4.71,95.29,3,Dégradé
1084,18:04,0.0,19.4,25.4,19.4,0.0,107.909538,129.772508,6.4854,83.15,,40481.437,0,0,5,5,0,0.0,,,4.71,95.29,3,Dégradé
1085,18:05,0.0,19.4,25.2,19.4,0.0,107.909538,129.772508,6.4854,83.15,,40481.437,0,0,5,5,0,0.0,,,4.71,95.29,3,Dégradé
1086,18:06,0.0,19.4,25.2,19.4,0.0,107.909538,129.772508,6.4854,83.15,,40481.437,0,0,5,5,0,0.0,,,4.71,95.29,3,Dégradé
1087,18:07,0.0,19.4,25.5,19.4,0.0,107.909538,129.772508,6.4854,83.15,,40481.437,0,0,5,5,0,0.0,,,4.71,95.29,3,Dégradé
1088,18:08,0.0,19.4,25.5,19.4,0.0,107.909538,129.772508,6.4854,83.15,,40481.437,0,0,5,5,0,0.0,,,4.71,95.29,3,Dégradé
1089,18:09,0.0,19.4,25.4,19.4,0.0,107.909538,129.772508,6.4854,83.15,,40481.437,0,0,5,5,0,0.0,,,4.71,95.29,3,Dégradé
1090,18:10,0.0,19.3,25.4,19.3,0.0,107.909538,129.772508,6.4854,83.15,,40481.437,0,0,5,5,0,0.0,,,4.71,95.29,3,Dégradé
1091,18:11,0.0,19.4,25.5,19.4,0.0,107.909538,129.772508,6.4854,83.15,,40481.437,0,0,5,5,0,0.0,,,4.71,95.29,3,Dégradé
1092,18:12,0.0,19.4,25.2,19.4,0.0,107.909538,129.772508,6.4854,83.15,,40481.437,0,0,5,5,0,0.0,,,4.71,95.29,3,Dégradé
1093,18:13,0.0,19.4,25.4,19.4,0.0,107.909538,129.772508,6.4854,83.15,,40481.437,0,0,5,5,0,0.0,,,4.71,95.29,3,Dégradé
1094,18:14,0.0,19.4,25.5,19.4,0.0,107.909538,129.772508,6.4854,83.15,,40481.437,0,0,5,5,0,0.0,,,4.71,95.29,3,Dégradé
1095,18:15,0.0,19.3,25.3,19.3,0.0,107.909538,129.772508,6.4854,83.15,,40481.437,0,0,5,5,0,0.0,,,4.71,95.29,3,Dégradé
1096,18:16,0.0,19.2,25.4,19.2,0.0,107.909538,129.772508,6.4854,83.15,,40481.437,0,0,5,5,0,0.0,,,4.71,95.29,3,Dégradé
1097,18:17,0.0,19.1,25.3,19.1,0.0,107.909538,129.772508,6.4854,83.15,,40481.437,0,0,5,5,0,0.0,,,4.71,95.29,3,Dégradé
1098,18:18,0.0,19.0,24.8,19.0,0.0,107.909538,129.772508,6.4854,83.15,,40481.437,0,0,5,5,0,0.0,,,4.71,95.29,3,Dégradé
1099,18:19,0.0,19.0,25.3,19.0,0.0,107.909538,129.772508,6.4854,83.15,,40481.437,0,0,5,5,0,0.0,,,4.71,95.29,3,Dégradé
1100,18:20,0.0,19.0,24.9,19.0,0.0,107.909538,129.772508,6.4854,83.15,,40481.437,0,0,5,5,0,0.0,,,4.71,95.29,3,Dégradé
1101,18:21,0.0,19.0,25.1,19.0,0.0,107.909538,129.772508,6.4854,83.15,,40481.437,0,0,5,5,0,0.0,,,4.71,95.29,3,Dégradé
1102,18:22,0.0,19.0,24.9,19.0,0.0,107.909538,129.772508,6.4854,83.15,,40481.437,0,0,5,5,0,0.0,,,4.71,95.29,3,Dégradé
1103,18:23,0.0,19.0,25.2,19.0,0.0,107.909538,129.772508,6.4854,83.15,,40481.437,0,0,5,5,0,0.0,,,4.71,95.29,3,Dégradé
1104,18:24,0.0,19.0,25.1,19.0,0.0,107.909538,129.772508,6.4854,83.15,,40481.437,0,0,5,5,0,0.0,,,4.71,95.29,3,Dégradé
1105,18:25,0.0,19.0,25.1,19.0,0.0,107.909538,129.772508,6.4854,83.15,,40481.437,0,0,5,5,0,0.0,,,4.71,95.29,3,Dégradé
1106,18:26,0.0,19.0,25.0,19.0,0.0,107.909538,129.772508,6.4854,83.15,,40481.437,0,0,5,5,0,0.0,,,4.71,95.29,3,Dégradé
1107,18:27,0.0,19.0,25.0,19.0,0.0,107.909538,129.772508,6.4854,83.15,,40481.437,0,0,5,5,0,0.0,,,4.71,95.29,3,Dégradé
1108,18:28,0.0,18.9,24.9,18.9,0.0,107.909538,129.772508,6.4854,83.15,,40481.437,0,0,5,5,0,0.0,,,4.71,95.29,3,Dégradé
1109,18:29,0.0,18.9,24.8,18.9,0.0,107.909538,129.772508,6.4854,83.15,,40481.437,0,0,5,5,0,0.0,,,4.71,95.29,3,Dégradé
1110,18:30,0.0,18.9,25.2,18.9,0.0,107.909538,129.772508,6.4854,83.15,,40481.437,0,0,5,5,0,0.0,,,4.71,95.29,3,Dégradé
1111,18:31,0.0,18.9,24.9,18.9,0.0,107.909538,129.772508,6.4854,83.15,,40481.437,0,0,5,5,0,0.0,,,4.71,95.29,3,Dégradé
1112,18:32,0.0,18.8,24.9,18.8,0.0,107.909538,129.772508,6.4854,83.15,,40481.437,0,0,5,5,0,0.0,,,4.71,95.29,3,Dégradé
1113,18:33,0.0,18.9,24.8,18.9,0.0,107.909538,129.772508,6.4854,83.15,,40481.437,0,0,5,5,0,0.0,,,4.71,95.29,3,Dégradé
1114,18:34,0.0,18.9,24.9,18.9,0.0,107.909538,129.772508,6.4854,83.15,,40481.437,0,0,5,5,0,0.0,,,4.71,95.29,3,Dégradé
1115,18:35,0.0,18.8,24.9,18.8,0.0,107.909538,129.772508,6.4854,83.15,,40481.437,0,0,5,5,0,0.0,,,4.71,95.29,3,Dégradé
1116,18:36,0.0,18.7,24.9,18.7,0.0,107.909538,129.772508,6.4854,83.15,,40481.437,0,0,5,5,0,0.0,,,4.71,95.29,3,Dégradé
1117,18:37,0.0,18.7,24.9,18.7,0.0,107.909538,129.772508,6.4854,83.15,,40481.437,0,0,5,5,0,0.0,,,4.71,95.29,3,Dégradé
1118,18:38,0.0,18.7,24.7,18.7,0.0,107.909538,129.772508,6.4854,83.15,,40481.437,0,0,5,5,0,0.0,,,4.71,95.29,3,Dégradé
1119,18:39,0.0,18.7,24.4,18.7,0.0,107.909538,129.772508,6.4854,83.15,,40481.437,0,0,5,5,0,0.0,,,4.71,95.29,3,Dégradé
1120,18:40,0.0,18.7,24.7,18.7,0.0,107.909538,129.772508,6.4854,83.15,,40481.437,0,0,5,5,0,0.0,,,4.71,95.29,3,Dégradé
1121,18:41,0.0,18.7,24.9,18.7,0.0,107.909538,129.772508,6.4854,83.15,,40481.437,0,0,5,5,0,0.0,,,4.71,95.29,3,Dégradé
1122,18:42,0.0,18.6,24.8,18.6,0.0,107.909538,129.772508,6.4854,83.15,,40481.437,0,0,5,5,0,0.0,,,4.71,95.29,3,Dégradé
1123,18:43,0.0,18.6,24.6,18.6,0.0,107.909538,129.772508,6.4854,83.15,,40481.437,0,0,5,5,0,0.0,,,4.71,95.29,3,Dégradé
1124,18:44,0.0,18.5,24.2,18.5,0.0,107.909538,129.772508,6.4854,83.15,,40481.437,0,0,5,5,0,0.0,,,4.71,95.29,3,Dégradé
1125,18:45,0.0,18.5,24.7,18.5,0.0,107.909538,129.772508,6.4854,83.15,,40481.437,0,0,5,5,0,0.0,,,4.71,95.29,3,Dégradé
1126,18:46,0.0,18.4,24.2,18.4,0.0,107.909538,129.772508,6.4854,83.15,,40481.437,0,0,5,5,0,0.0,,,4.71,95.29,3,Dégradé
1127,18:47,0.0,18.4,24.3,18.4,0.0,107.909538,129.772508,6.4854,83.15,,40481.437,0,0,5,5,0,0.0,,,4.71,95.29,3,Dégradé
1128,18:48,0.0,18.4,24.6,18.4,0.0,107.909538,129.772508,6.4854,83.15,,40481.437,0,0,5,5,0,0.0,,,4.71,95.29,3,Dégradé
1129,18:49,0.0,18.4,24.4,18.4,0.0,107.909538,129.772508,6.4854,83.15,,40481.437,0,0,5,5,0,0.0,,,4.71,95.29,3,Dégradé
1130,18:50,0.0,18.4,24.5,18.4,0.0,107.909538,129.772508,6.4854,83.15,,40481.437,0,0,5,5,0,0.0,,,4.71,95.29,3,Dégradé
1131,18:51,0.0,18.3,24.2,18.3,0.0,107.909538,129.772508,6.4854,83.15,,40481.437,0,0,5,5,0,0.0,,,4.71,95.29,3,Dégradé
1132,18:52,0.0,18.3,24.2,18.3,0.0,107.909538,129.772508,6.4854,83.15,,40481.437,0,0,5,5,0,0.0,,,4.71,95.29,3,Dégradé
1133,18:53,0.0,18.2,24.0,18.2,0.0,107.909538,129.772508,6.4854,83.15,,40481.437,0,0,5,5,0,0.0,,,4.71,95.29,3,Dégradé
1134,18:54,0.0,18.2,24.1,18.2,0.0,107.909538,129.772508,6.4854,83.15,,40481.437,0,0,5,5,0,0.0,,,4.71,95.29,3,Dégradé
1135,18:55,0.0,18.2,24.1,18.2,0.0,107.909538,129.772508,6.4854,83.15,,40481.437,0,0,5,5,0,0.0,,,4.71,95.29,3,Dégradé
1136,18:56,0.0,18.3,24.4,18.3,0.0,107.909538,129.772508,6.4854,83.15,,40481.437,0,0,5,5,0,0.0,,,4.71,95.29,3,Dégradé
1137,18:57,0.0,18.3,24.4,18.3,0.0,107.909538,129.772508,6.4854,83.15,,40481.437,0,0,5,5,0,0.0,,,4.71,95.29,3,Dégradé
1138,18:58,0.0,18.2,24.1,18.2,0.0,107.909538,129.772508,6.4854,83.15,,40481.437,0,0,5,5,0,0.0,,,4.71,95.29,3,Dégradé
1139,18:59,0.0,18.3,24.4,18.3,0.0,107.909538,129.772508,6.4854,83.15,,40481.437,0,0,5,5,0,0.0,,,4.71,95.29,3,Dégradé
1140,19:00,0.0,18.2,24.2,18.2,0.0,107.909538,129.772508,6.4854,83.15,,40481.437,0,0,5,5,0,0.0,,,4.71,95.29,3,Dégradé
1141,19:01,0.0,18.2,24.4,18.2,0.0,107.909538,129.772508,6.4854,83.15,,40481.437,0,0,5,5,0,0.0,,,4.71,95.29,3,Dégradé
1142,19:02,0.0,18.2,23.9,18.2,0.0,107.909538,129.772508,6.4854,83.15,,40481.437,0,0,5,5,0,0.0,,,4.71,95.29,3,Dégradé
1143,19:03,0.0,18.3,24.5,18.3,0.0,107.909538,129.772508,6.4854,83.15,,40481.437,0,0,5,5,0,0.0,,,4.71,95.29,3,Dégradé
1144,19:04,0.0,18.3,24.4,18.3,0.0,107.909538,129.772508,6.4854,83.15,,40481.437,0,0,5,5,0,0.0,,,4.71,95.29,3,Dégradé
1145,19:05,0.0,18.3,24.2,18.3,0.0,107.909538,129.772508,6.4854,83.15,,40481.437,0,0,5,5,0,0.0,,,4.71,95.29,3,Dégradé
1146,19:06,0.0,18.3,24.3,18.3,0.0,107.909538,129.772508,6.4854,83.15,,40481.437,0,0,5,5,0,0.0,,,4.71,95.29,3,Dégradé
1147,19:07,0.0,18.3,24.1,18.3,0.0,107.909538,129.772508,6.4854,83.15,,40481.437,0,0,5,5,0,0.0,,,4.71,95.29,3,Dégradé
1148,19:08,0.0,18.2,24.2,18.2,0.0,107.909538,129.772508,6.4854,83.15,,40481.437,0,0,5,5,0,0.0,,,4.71,95.29,3,Dégradé
1149,19:09,0.0,18.1,24.3,18.1,0.0,107.909538,129.772508,6.4854,83.15,,40481.437,0,0,5,5,0,0.0,,,4.71,95.29,3,Dégradé
1150,19:10,0.0,18.1,23.9,18.1,0.0,107.909538,129.772508,6.4854,83.15,,40481.437,0,0,5,5,0,0.0,,,4.71,95.29,3,Dégradé
1151,19:11,0.0,18.1,24.0,18.1,0.0,107.909538,129.772508,6.4854,83.15,,40481.437,0,0,5,5,0,0.0,,,4.71,95.29,3,Dégradé
1152,19:12,0.0,18.1,24.4,18.1,0.0,107.909538,129.772508,6.4854,83.15,,40481.437,0,0,5,5,0,0.0,,,4.71,95.29,3,Dégradé
1153,19:13,0.0,18.1,24.1,18.1,0.0,107.909538,129.772508,6.4854,83.15,,40481.437,0,0,5,5,0,0.0,,,4.71,95.29,3,Dégradé
1154,19:14,0.0,18.1,24.3,18.1,0.0,107.909538,129.772508,6.4854,83.15,,40481.437,0,0,5,5,0,0.0,,,4.71,95.29,3,Dégradé
1155,19:15,0.0,18.0,24.0,18.0,0.0,107.909538,129.772508,6.4854,83.15,,40481.437,0,0,5,5,0,0.0,,,4.71,95.29,3,Dégradé
1156,19:16,0.0,18.0,23.9,18.0,0.0,107.909538,129.772508,6.4854,83.15,,40481.437,0,0,5,5,0,0.0,,,4.71,95.29,3,Dégradé
1157,19:17,0.0,18.0,24.2,18.0,0.0,107.909538,129.772508,6.4854,83.15,,40481.437,0,0,5,5,0,0.0,,,4.71,95.29,3,Dégradé
1158,19:18,0.0,18.0,23.8,18.0,0.0,107.909538,129.772508,6.4854,83.15,,40481.437,0,0,5,5,0,0.0,,,4.71,95.29,3,Dégradé
1159,19:19,0.0,18.0,23.7,18.0,0.0,107.909538,129.772508,6.4854,83.15,,40481.437,0,0,5,5,0,0.0,,,4.71,95.29,3,Dégradé
1160,19:20,0.0,17.9,23.9,17.9,0.0,107.909538,129.772508,6.4854,83.15,,40481.437,0,0,5,5,0,0.0,,,4.71,95.29,3,Dégradé
1161,19:21,0.0,17.9,23.6,17.9,0.0,107.909538,129.772508,6.4854,83.15,,40481.437,0,0,5,5,0,0.0,,,4.71,95.29,3,Dégradé
1162,19:22,0.0,17.8,23.9,17.8,0.0,107.909538,129.772508,6.4854,83.15,,40481.437,0,0,5,5,0,0.0,,,4.71,95.29,3,Dégradé
1163,19:23,0.0,17.8,23.8,17.8,0.0,107.909538,129.772508,6.4854,83.15,,40481.437,0,0,5,5,0,0.0,,,4.71,95.29,3,Dégradé
1164,19:24,0.0,17.8,23.8,17.8,0.0,107.909538,129.772508,6.4854,83.15,,40481.437,0,0,5,5,0,0.0,,,4.71,95.29,3,Dégradé
1165,19:25,0.0,17.8,23.7,17.8,0.0,107.909538,129.772508,6.4854,83.15,,40481.437,0,0,5,5,0,0.0,,,4.71,95.29,3,Dégradé
1166,19:26,0.0,17.8,23.6,17.8,0.0,107.909538,129.772508,6.4854,83.15,,40481.437,0,0,5,5,0,0.0,,,4.71,95.29,3,Dégradé
1167,19:27,0.0,17.7,23.7,17.7,0.0,107.909538,129.772508,6.4854,83.15,,40481.437,0,0,5,5,0,0.0,,,4.71,95.29,3,Dégradé
1168,19:28,0.0,17.8,23.6,17.8,0.0,107.909538,129.772508,6.4854,83.15,,40481.437,0,0,5,5,0,0.0,,,4.71,95.29,3,Dégradé
1169,19:29,0.0,17.8,23.6,17.8,0.0,107.909538,129.772508,6.4854,83.15,,40481.437,0,0,5,5,0,0.0,,,4.71,95.29,3,Dégradé
1170,19:30,0.0,17.8,23.6,17.8,0.0,107.909538,129.772508,6.4854,83.15,,40481.437,0,0,5,5,0,0.0,,,4.71,95.29,3,Dégradé
1171,19:31,0.0,17.8,23.8,17.8,0.0,107.909538,129.772508,6.4854,83.15,,40481.437,0,0,5,5,0,0.0,,,4.71,95.29,3,Dégradé
1172,19:32,0.0,17.8,23.8,17.8,0.0,107.909538,129.772508,6.4854,83.15,,40481.437,0,0,5,5,0,0.0,,,4.71,95.29,3,Dégradé
1173,19:33,0.0,17.8,23.7,17.8,0.0,107.909538,129.772508,6.4854,83.15,,40481.437,0,0,5,5,0,0.0,,,4.71,95.29,3,Dégradé
1174,19:34,0.0,17.8,23.9,17.8,0.0,107.909538,129.772508,6.4854,83.15,,40481.437,0,0,5,5,0,0.0,,,4.71,95.29,3,Dégradé
1175,19:35,0.0,17.7,23.7,17.7,0.0,107.909538,129.772508,6.4854,83.15,,40481.437,0,0,5,5,0,0.0,,,4.71,95.29,3,Dégradé
1176,19:36,0.0,17.7,23.7,17.7,0.0,107.909538,129.772508,6.4854,83.15,,40481.437,0,0,5,5,0,0.0,,,4.71,95.29,3,Dégradé
1177,19:37,0.0,17.7,23.3,17.7,0.0,107.909538,129.772508,6.4854,83.15,,40481.437,0,0,5,5,0,0.0,,,4.71,95.29,3,Dégradé
1178,19:38,0.0,17.7,23.8,17.7,0.0,107.909538,129.772508,6.4854,83.15,,40481.437,0,0,5,5,0,0.0,,,4.71,95.29,3,Dégradé
1179,19:39,0.0,17.8,23.9,17.8,0.0,107.909538,129.772508,6.4854,83.15,,40481.437,0,0,5,5,0,0.0,,,4.71,95.29,3,Dégradé
1180,19:40,0.0,17.7,23.5,17.7,0.0,107.909538,129.772508,6.4854,83.15,,40481.437,0,0,5,5,0,0.0,,,4.71,95.29,3,Dégradé
1181,19:41,0.0,17.7,23.6,17.7,0.0,107.909538,129.772508,6.4854,83.15,,40481.437,0,0,5,5,0,0.0,,,4.71,95.29,3,Dégradé
1182,19:42,0.0,17.6,23.8,17.6,0.0,107.909538,129.772508,6.4854,83.15,,40481.437,0,0,5,5,0,0.0,,,4.71,95.29,3,Dégradé
1183,19:43,0.0,17.6,23.6,17.6,0.0,107.909538,129.772508,6.4854,83.15,,40481.437,0,0,5,5,0,0.0,,,4.71,95.29,3,Dégradé
1184,19:44,0.0,17.6,23.5,17.6,0.0,107.909538,129.772508,6.4854,83.15,,40481.437,0,0,5,5,0,0.0,,,4.71,95.29,3,Dégradé
1185,19:45,0.0,17.5,23.6,17.5,0.0,107.909538,129.772508,6.4854,83.15,,40481.437,0,0,5,5,0,0.0,,,4.71,95.29,3,Dégradé
1186,19:46,0.0,17.5,23.3,17.5,0.0,107.909538,129.772508,6.4854,83.15,,40481.437,0,0,5,5,0,0.0,,,4.71,95.29,3,Dégradé
1187,19:47,0.0,17.5,23.7,17.5,0.0,107.909538,129.772508,6.4854,83.15,,40481.437,0,0,5,5,0,0.0,,,4.71,95.29,3,Dégradé
1188,19:48,0.0,17.4,23.7,17.4,0.0,107.909538,129.772508,6.4854,83.15,,40481.437,0,0,5,5,0,0.0,,,4.71,95.29,3,Dégradé
1189,19:49,0.0,17.5,23.6,17.5,0.0,107.909538,129.772508,6.4854,83.15,,40481.437,0,0,5,5,0,0.0,,,4.71,95.29,3,Dégradé
1190,19:50,0.0,17.4,23.3,17.4,0.0,107.909538,129.772508,6.4854,83.15,,40481.437,0,0,5,5,0,0.0,,,4.71,95.29,3,Dégradé
1191,19:51,0.0,17.4,23.6,17.4,0.0,107.909538,129.772508,6.4854,83.15,,40481.437,0,0,5,5,0,0.0,,,4.71,95.29,3,Dégradé
1192,19:52,0.0,17.3,23.3,17.3,0.0,107.909538,129.772508,6.4854,83.15,,40481.437,0,0,5,5,0,0.0,,,4.71,95.29,3,Dégradé
1193,19:53,0.0,17.2,23.2,17.2,0.0,107.909538,129.772508,6.4854,83.15,,40481.437,0,0,5,5,0,0.0,,,4.71,95.29,3,Dégradé
1194,19:54,0.0,17.2,23.2,17.2,0.0,107.909538,129.772508,6.4854,83.15,,40481.437,0,0,5,5,0,0.0,,,4.71,95.29,3,Dégradé
1195,19:55,0.0,17.1,23.0,17.1,0.0,107.909538,129.772508,6.4854,83.15,,40481.437,0,0,5,5,0,0.0,,,4.71,95.29,3,Dégradé
1196,19:56,0.0,17.1,23.0,17.1,0.0,107.909538,129.772508,6.4854,83.15,,40481.437,0,0,5,5,0,0.0,,,4.71,95.29,3,Dégradé
1197,19:57,0.0,17.1,23.1,17.1,0.0,107.909538,129.772508,6.4854,83.15,,40481.437,0,0,5,5,0,0.0,,,4.71,95.29,3,Dégradé
1198,19:58,0.0,17.1,22.7,17.1,0.0,107.909538,129.772508,6.4854,83.15,,40481.437,0,0,5,5,0,0.0,,,4.71,95.29,3,Dégradé
1199,19:59,0.0,17.1,23.0,17.1,0.0,107.909538,129.772508,6.4854,83.15,,40481.437,0,0,5,5,0,0.0,,,4.71,95.29,3,Dégradé
1200,20:00,0.0,17.1,23.2,17.1,0.0,107.909538,129.772508,6.4854,83.15,,40481.437,0,0,5,5,0,0.0,,,4.71,95.29,3,Dégradé
1201,20:01,0.0,17.1,23.2,17.1,0.0,107.909538,129.772508,6.4854,83.15,,40481.437,0,0,5,5,0,0.0,,,4.71,95.29,3,Dégradé
1202,20:02,0.0,17.1,23.0,17.1,0.0,107.909538,129.772508,6.4854,83.15,,40481.437,0,0,5,5,0,0.0,,,4.71,95.29,3,Dégradé
1203,20:03,0.0,17.1,23.1,17.1,0.0,107.909538,129.772508,6.4854,83.15,,40481.437,0,0,5,5,0,0.0,,,4.71,95.29,3,Dégradé
1204,20:04,0.0,17.1,23.3,17.1,0.0,107.909538,129.772508,6.4854,83.15,,40481.437,0,0,5,5,0,0.0,,,4.71,95.29,3,Dégradé
1205,20:05,0.0,17.1,23.1,17.1,0.0,107.909538,129.772508,6.4854,83.15,,40481.437,0,0,5,5,0,0.0,,,4.71,95.29,3,Dégradé
1206,20:06,0.0,17.1,23.1,17.1,0.0,107.909538,129.772508,6.4854,83.15,,40481.437,0,0,5,5,0,0.0,,,4.71,95.29,3,Dégradé
1207,20:07,0.0,17.1,23.0,17.1,0.0,107.909538,129.772508,6.4854,83.15,,40481.437,0,0,5,5,0,0.0,,,4.71,95.29,3,Dégradé
1208,20:08,0.0,17.0,22.7,17.0,0.0,107.909538,129.772508,6.4854,83.15,,40481.437,0,0,5,5,0,0.0,,,4.71,95.29,3,Dégradé
1209,20:09,0.0,17.1,23.2,17.1,0.0,107.909538,129.772508,6.4854,83.15,,40481.437,0,0,5,5,0,0.0,,,4.71,95.29,3,Dégradé
1210,20:10,0.0,17.0,22.8,17.0,0.0,107.909538,129.772508,6.4854,83.15,,40481.437,0,0,5,5,0,0.0,,,4.71,95.29,3,Dégradé
1211,20:11,0.0,17.0,23.2,17.0,0.0,107.909538,129.772508,6.4854,83.15,,40481.437,0,0,5,5,0,0.0,,,4.71,95.29,3,Dégradé
1212,20:12,0.0,16.9,23.1,16.9,0.0,107.909538,129.772508,6.4854,83.15,,40481.437,0,0,5,5,0,0.0,,,4.71,95.29,3,Dégradé
1213,20:13,0.0,16.8,22.8,16.8,0.0,107.909538,129.772508,6.4854,83.15,,40481.437,0,0,5,5,0,0.0,,,4.71,95.29,3,Dégradé
1214,20:14,0.0,16.8,23.1,16.8,0.0,107.909538,129.772508,6.4854,83.15,,40481.437,0,0,5,5,0,0.0,,,4.71,95.29,3,Dégradé
1215,20:15,0.0,16.8,22.9,16.8,0.0,107.909538,129.772508,6.4854,83.15,,40481.437,0,0,5,5,0,0.0,,,4.71,95.29,3,Dégradé
1216,20:16,0.0,16.8,22.6,16.8,0.0,107.909538,129.772508,6.4854,83.15,,40481.437,0,0,5,5,0,0.0,,,4.71,95.29,3,Dégradé
1217,20:17,0.0,16.7,22.8,16.7,0.0,107.909538,129.772508,6.4854,83.15,,40481.437,0,0,5,5,0,0.0,,,4.71,95.29,3,Dégradé
1218,20:18,0.0,16.7,22.8,16.7,0.0,107.909538,129.772508,6.4854,83.15,,40481.437,0,0,5,5,0,0.0,,,4.71,95.29,3,Dégradé
1219,20:19,0.0,16.7,22.7,16.7,0.0,107.909538,129.772508,6.4854,83.15,,40481.437,0,0,5,5,0,0.0,,,4.71,95.29,3,Dégradé
1220,20:20,0.0,16.7,22.8,16.7,0.0,107.909538,129.772508,6.4854,83.15,,40481.437,0,0,5,5,0,0.0,,,4.71,95.29,3,Dégradé
1221,20:21,0.0,16.7,22.7,16.7,0.0,107.909538,129.772508,6.4854,83.15,,40481.437,0,0,5,5,0,0.0,,,4.71,95.29,3,Dégradé
1222,20:22,0.0,16.8,22.8,16.8,0.0,107.909538,129.772508,6.4854,83.15,,40481.437,0,0,5,5,0,0.0,,,4.71,95.29,3,Dégradé
1223,20:23,0.0,16.7,22.7,16.7,0.0,107.909538,129.772508,6.4854,83.15,,40481.437,0,0,5,5,0,0.0,,,4.71,95.29,3,Dégradé
1224,20:24,0.0,16.7,22.5,16.7,0.0,107.909538,129.772508,6.4854,83.15,,40481.437,0,0,5,5,0,0.0,,,4.71,95.29,3,Dégradé
1225,20:25,0.0,16.7,22.7,16.7,0.0,107.909538,129.772508,6.4854,83.15,,40481.437,0,0,5,5,0,0.0,,,4.71,95.29,3,Dégradé
1226,20:26,0.0,16.6,22.6,16.6,0.0,107.909538,129.772508,6.4854,83.15,,40481.437,0,0,5,5,0,0.0,,,4.71,95.29,3,Dégradé
1227,20:27,0.0,16.5,22.4,16.5,0.0,107.909538,129.772508,6.4854,83.15,,40481.437,0,0,5,5,0,0.0,,,4.71,95.29,3,Dégradé
1228,20:28,0.0,16.5,22.8,16.5,0.0,107.909538,129.772508,6.4854,83.15,,40481.437,0,0,5,5,0,0.0,,,4.71,95.29,3,Dégradé
1229,20:29,0.0,16.5,22.4,16.5,0.0,107.909538,129.772508,6.4854,83.15,,40481.437,0,0,5,5,0,0.0,,,4.71,95.29,3,Dégradé
1230,20:30,0.0,16.5,22.3,16.5,0.0,107.909538,129.772508,6.4854,83.15,,40481.437,0,0,5,5,0,0.0,,,4.71,95.29,3,Dégradé
1231,20:31,0.0,16.4,22.3,16.4,0.0,107.909538,129.772508,6.4854,83.15,,40481.437,0,0,5,5,0,0.0,,,4.71,95.29,3,Dégradé
1232,20:32,0.0,16.4,22.6,16.4,0.0,107.909538,129.772508,6.4854,83.15,,40481.437,0,0,5,5,0,0.0,,,4.71,95.29,3,Dégradé
1233,20:33,0.0,16.3,22.3,16.3,0.0,107.909538,129.772508,6.4854,83.15,,40481.437,0,0,5,5,0,0.0,,,4.71,95.29,3,Dégradé
1234,20:34,0.0,16.3,22.3,16.3,0.0,107.909538,129.772508,6.4854,83.15,,40481.437,0,0,5,5,0,0.0,,,4.71,95.29,3,Dégradé
1235,20:35,0.0,16.2,22.2,16.2,0.0,107.909538,129.772508,6.4854,83.15,,40481.437,0,0,5,5,0,0.0,,,4.71,95.29,3,Dégradé
1236,20:36,0.0,16.1,22.1,16.1,0.0,107.909538,129.772508,6.4854,83.15,,40481.437,0,0,5,5,0,0.0,,,4.71,95.29,3,Dégradé
1237,20:37,0.0,16.1,22.2,16.1,0.0,107.909538,129.772508,6.4854,83.15,,40481.437,0,0,5,5,0,0.0,,,4.71,95.29,3,Dégradé
1238,20:38,0.0,16.1,22.1,16.1,0.0,107.909538,129.772508,6.4854,83.15,,40481.437,0,0,5,5,0,0.0,,,4.71,95.29,3,Dégradé
1239,20:39,0.0,16.0,22.1,16.0,0.0,107.909538,129.772508,6.4854,83.15,,40481.437,0,0,5,5,0,0.0,,,4.71,95.29,3,Dégradé
1240,20:40,0.0,16.0,21.9,16.0,0.0,107.909538,129.772508,6.4854,83.15,,40481.437,0,0,5,5,0,0.0,,,4.71,95.29,3,Dégradé
1241,20:41,0.0,16.1,21.9,16.1,0.0,107.909538,129.772508,6.4854,83.15,,40481.437,0,0,5,5,0,0.0,,,4.71,95.29,3,Dégradé
1242,20:42,0.0,16.1,22.2,16.1,0.0,107.909538,129.772508,6.4854,83.15,,40481.437,0,0,5,5,0,0.0,,,4.71,95.29,3,Dégradé
1243,20:43,0.0,16.1,22.3,16.1,0.0,107.909538,129.772508,6.4854,83.15,,40481.437,0,0,5,5,0,0.0,,,4.71,95.29,3,Dégradé
1244,20:44,0.0,15.9,22.0,15.9,0.0,107.909538,129.772508,6.4854,83.15,,40481.437,0,0,5,5,0,0.0,,,4.71,95.29,3,Dégradé
1245,20:45,0.0,15.9,21.8,15.9,0.0,107.909538,129.772508,6.4854,83.15,,40481.437,0,0,5,5,0,0.0,,,4.71,95.29,3,Dégradé
1246,20:46,0.0,15.9,22.1,15.9,0.0,107.909538,129.772508,6.4854,83.15,,40481.437,0,0,5,5,0,0.0,,,4.71,95.29,3,Dégradé
1247,20:47,0.0,16.0,22.2,16.0,0.0,107.909538,129.772508,6.4854,83.15,,40481.437,0,0,5,5,0,0.0,,,4.71,95.29,3,Dégradé
1248,20:48,0.0,16.0,22.0,16.0,0.0,107.909538,129.772508,6.4854,83.15,,40481.437,0,0,5,5,0,0.0,,,4.71,95.29,3,Dégradé
1249,20:49,0.0,15.9,22.0,15.9,0.0,107.909538,129.772508,6.4854,83.15,,40481.437,0,0,5,5,0,0.0,,,4.71,95.29,3,Dégradé
1250,20:50,0.0,15.8,21.8,15.8,0.0,107.909538,129.772508,6.4854,83.15,,40481.437,0,0,5,5,0,0.0,,,4.71,95.29,3,Dégradé
1251,20:51,0.0,15.8,21.5,15.8,0.0,107.909538,129.772508,6.4854,83.15,,40481.437,0,0,5,5,0,0.0,,,4.71,95.29,3,Dégradé
1252,20:52,0.0,15.7,22.0,15.7,0.0,107.909538,129.772508,6.4854,83.15,,40481.437,0,0,5,5,0,0.0,,,4.71,95.29,3,Dégradé
1253,20:53,0.0,15.7,21.5,15.7,0.0,107.909538,129.772508,6.4854,83.15,,40481.437,0,0,5,5,0,0.0,,,4.71,95.29,3,Dégradé
1254,20:54,0.0,15.6,21.4,15.6,0.0,107.909538,129.772508,6.4854,83.15,,40481.437,0,0,5,5,0,0.0,,,4.71,95.29,3,Dégradé
1255,20:55,0.0,15.5,21.5,15.5,0.0,107.909538,129.772508,6.4854,83.15,,40481.437,0,0,5,5,0,0.0,,,4.71,95.29,3,Dégradé
1256,20:56,0.0,15.5,21.1,15.5,0.0,107.909538,129.772508,6.4854,83.15,,40481.437,0,0,5,5,0,0.0,,,4.71,95.29,3,Dégradé
1257,20:57,0.0,15.4,21.3,15.4,0.0,107.909538,129.772508,6.4854,83.15,,40481.437,0,0,5,5,0,0.0,,,4.71,95.29,3,Dégradé
1258,20:58,0.0,15.4,21.5,15.4,0.0,107.909538,129.772508,6.4854,83.15,,40481.437,0,0,5,5,0,0.0,,,4.71,95.29,3,Dégradé
1259,20:59,0.0,15.4,21.6,15.4,0.0,107.909538,129.772508,6.4854,83.15,,40481.437,0,0,5,5,0,0.0,,,4.71,95.29,3,Dégradé
1260,21:00,0.0,15.4,21.2,15.4,0.0,107.909538,129.772508,6.4854,83.15,,40481.437,0,0,5,5,0,0.0,,,4.71,95.29,3,Dégradé
1261,21:01,0.0,15.3,21.4,15.3,0.0,107.909538,129.772508,6.4854,83.15,,40481.437,0,0,5,5,0,0.0,,,4.71,95.29,3,Dégradé
1262,21:02,0.0,15.3,21.3,15.3,0.0,107.909538,129.772508,6.4854,83.15,,40481.437,0,0,5,5,0,0.0,,,4.71,95.29,3,Dégradé
1263,21:03,0.0,15.3,21.4,15.3,0.0,107.909538,129.772508,6.4854,83.15,,40481.437,0,0,5,5,0,0.0,,,4.71,95.29,3,Dégradé
1264,21:04,0.0,15.3,21.5,15.3,0.0,107.909538,129.772508,6.4854,83.15,,40481.437,0,0,5,5,0,0.0,,,4.71,95.29,3,Dégradé
1265,21:05,0.0,15.2,21.3,15.2,0.0,107.909538,129.772508,6.4854,83.15,,40481.437,0,0,5,5,0,0.0,,,4.71,95.29,3,Dégradé
1266,21:06,0.0,15.2,21.5,15.2,0.0,107.909538,129.772508,6.4854,83.15,,40481.437,0,0,5,5,0,0.0,,,4.71,95.29,3,Dégradé
1267,21:07,0.0,15.1,21.2,15.1,0.0,107.909538,129.772508,6.4854,83.15,,40481.437,0,0,5,5,0,0.0,,,4.71,95.29,3,Dégradé
1268,21:08,0.0,15.1,21.3,15.1,0.0,107.909538,129.772508,6.4854,83.15,,40481.437,0,0,5,5,0,0.0,,,4.71,95.29,3,Dégradé
1269,21:09,0.0,15.1,21.4,15.1,0.0,107.909538,129.772508,6.4854,83.15,,40481.437,0,0,5,5,0,0.0,,,4.71,95.29,3,Dégradé
1270,21:10,0.0,15.1,21.3,15.1,0.0,107.909538,129.772508,6.4854,83.15,,40481.437,0,0,5,5,0,0.0,,,4.71,95.29,3,Dégradé
1271,21:11,0.0,15.1,21.3,15.1,0.0,107.909538,129.772508,6.4854,83.15,,40481.437,0,0,5,5,0,0.0,,,4.71,95.29,3,Dégradé
1272,21:12,0.0,15.1,21.1,15.1,0.0,107.909538,129.772508,6.4854,83.15,,40481.437,0,0,5,5,0,0.0,,,4.71,95.29,3,Dégradé
1273,21:13,0.0,15.1,21.1,15.1,0.0,107.909538,129.772508,6.4854,83.15,,40481.437,0,0,5,5,0,0.0,,,4.71,95.29,3,Dégradé
1274,21:14,0.0,15.0,21.1,15.0,0.0,107.909538,129.772508,6.4854,83.15,,40481.437,0,0,5,5,0,0.0,,,4.71,95.29,3,Dégradé
1275,21:15,0.0,15.0,20.8,15.0,0.0,107.909538,129.772508,6.4854,83.15,,40481.437,0,0,5,5,0,0.0,,,4.71,95.29,3,Dégradé
1276,21:16,0.0,14.9,21.1,14.9,0.0,107.909538,129.772508,6.4854,83.15,,40481.437,0,0,5,5,0,0.0,,,4.71,95.29,3,Dégradé
1277,21:17,0.0,14.9,20.9,14.9,0.0,107.909538,129.772508,6.4854,83.15,,40481.437,0,0,5,5,0,0.0,,,4.71,95.29,3,Dégradé
1278,21:18,0.0,14.9,20.9,14.9,0.0,107.909538,129.772508,6.4854,83.15,,40481.437,0,0,5,5,0,0.0,,,4.71,95.29,3,Dégradé
1279,21:19,0.0,14.8,21.0,14.8,0.0,107.909538,129.772508,6.4854,83.15,,40481.437,0,0,5,5,0,0.0,,,4.71,95.29,3,Dégradé
1280,21:20,0.0,14.8,20.9,14.8,0.0,107.909538,129.772508,6.4854,83.15,,40481.437,0,0,5,5,0,0.0,,,4.71,95.29,3,Dégradé
1281,21:21,0.0,14.7,20.8,14.7,0.0,107.909538,129.772508,6.4854,83.15,,40481.437,0,0,5,5,0,0.0,,,4.71,95.29,3,Dégradé
1282,21:22,0.0,14.7,20.5,14.7,0.0,107.909538,129.772508,6.4854,83.15,,40481.437,0,0,5,5,0,0.0,,,4.71,95.29,3,Dégradé
1283,21:23,0.0,14.7,20.5,14.7,0.0,107.909538,129.772508,6.4854,83.15,,40481.437,0,0,5,5,0,0.0,,,4.71,95.29,3,Dégradé
1284,21:24,0.0,14.6,20.5,14.6,0.0,107.909538,129.772508,6.4854,83.15,,40481.437,0,0,5,5,0,0.0,,,4.71,95.29,3,Dégradé
1285,21:25,0.0,14.6,20.4,14.6,0.0,107.909538,129.772508,6.4854,83.15,,40481.437,0,0,5,5,0,0.0,,,4.71,95.29,3,Dégradé
1286,21:26,0.0,14.5,20.3,14.5,0.0,107.909538,129.772508,6.4854,83.15,,40481.437,0,0,5,5,0,0.0,,,4.71,95.29,3,Dégradé
1287,21:27,0.0,14.5,20.6,14.5,0.0,107.909538,129.772508,6.4854,83.15,,40481.437,0,0,5,5,0,0.0,,,4.71,95.29,3,Dégradé
1288,21:28,0.0,14.4,20.4,14.4,0.0,107.909538,129.772508,6.4854,83.15,,40481.437,0,0,5,5,0,0.0,,,4.71,95.29,3,Dégradé
1289,21:29,0.0,14.4,20.3,14.4,0.0,107.909538,129.772508,6.4854,83.15,,40481.437,0,0,5,5,0,0.0,,,4.71,95.29,3,Dégradé
1290,21:30,0.0,14.4,20.5,14.4,0.0,107.909538,129.772508,6.4854,83.15,,40481.437,0,0,5,5,0,0.0,,,4.71,95.29,3,Dégradé
1291,21:31,0.0,14.5,20.9,14.5,0.0,107.909538,129.772508,6.4854,83.15,,40481.437,0,0,5,5,0,0.0,,,4.71,95.29,3,Dégradé
1292,21:32,0.0,14.4,20.2,14.4,0.0,107.909538,129.772508,6.4854,83.15,,40481.437,0,0,5,5,0,0.0,,,4.71,95.29,3,Dégradé
1293,21:33,0.0,14.4,20.5,14.4,0.0,107.909538,129.772508,6.4854,83.15,,40481.437,0,0,5,5,0,0.0,,,4.71,95.29,3,Dégradé
1294,21:34,0.0,14.4,20.3,14.4,0.0,107.909538,129.772508,6.4854,83.15,,40481.437,0,0,5,5,0,0.0,,,4.71,95.29,3,Dégradé
1295,21:35,0.0,14.4,20.2,14.4,0.0,107.909538,129.772508,6.4854,83.15,,40481.437,0,0,5,5,0,0.0,,,4.71,95.29,3,Dégradé
1296,21:36,0.0,14.4,20.3,14.4,0.0,107.909538,129.772508,6.4854,83.15,,40481.437,0,0,5,5,0,0.0,,,4.71,95.29,3,Dégradé
1297,21:37,0.0,14.4,20.5,14.4,0.0,107.909538,129.772508,6.4854,83.15,,40481.437,0,0,5,5,0,0.0,,,4.71,95.29,3,Dégradé
1298,21:38,0.0,14.4,20.5,14.4,0.0,107.909538,129.772508,6.4854,83.15,,40481.437,0,0,5,5,0,0.0,,,4.71,95.29,3,Dégradé
1299,21:39,0.0,14.3,20.4,14.3,0.0,107.909538,129.772508,6.4854,83.15,,40481.437,0,0,5,5,0,0.0,,,4.71,95.29,3,Dégradé
1300,21:40,0.0,14.3,20.3,14.3,0.0,107.909538,129.772508,6.4854,83.15,,40481.437,0,0,5,5,0,0.0,,,4.71,95.29,3,Dégradé
1301,21:41,0.0,14.3,20.3,14.3,0.0,107.909538,129.772508,6.4854,83.15,,40481.437,0,0,5,5,0,0.0,,,4.71,95.29,3,Dégradé
1302,21:42,0.0,14.2,20.3,14.2,0.0,107.909538,129.772508,6.4854,83.15,,40481.437,0,0,5,5,0,0.0,,,4.71,95.29,3,Dégradé
1303,21:43,0.0,14.1,20.2,14.1,0.0,107.909538,129.772508,6.4854,83.15,,40481.437,0,0,5,5,0,0.0,,,4.71,95.29,3,Dégradé
1304,21:44,0.0,14.1,20.2,14.1,0.0,107.909538,129.772508,6.4854,83.15,,40481.437,0,0,5,5,0,0.0,,,4.71,95.29,3,Dégradé
1305,21:45,0.0,14.1,20.2,14.1,0.0,107.909538,129.772508,6.4854,83.15,,40481.437,0,0,5,5,0,0.0,,,4.71,95.29,3,Dégradé
1306,21:46,0.0,14.1,19.9,14.1,0.0,107.909538,129.772508,6.4854,83.15,,40481.437,0,0,5,5,0,0.0,,,4.71,95.29,3,Dégradé
1307,21:47,0.0,14.2,20.1,14.2,0.0,107.909538,129.772508,6.4854,83.15,,40481.437,0,0,5,5,0,0.0,,,4.71,95.29,3,Dégradé
1308,21:48,0.0,14.1,20.3,14.1,0.0,107.909538,129.772508,6.4854,83.15,,40481.437,0,0,5,5,0,0.0,,,4.71,95.29,3,Dégradé
1309,21:49,0.0,14.0,20.0,14.0,0.0,107.909538,129.772508,6.4854,83.15,,40481.437,0,0,5,5,0,0.0,,,4.71,95.29,3,Dégradé
1310,21:50,0.0,14.0,20.1,14.0,0.0,107.909538,129.772508,6.4854,83.15,,40481.437,0,0,5,5,0,0.0,,,4.71,95.29,3,Dégradé
1311,21:51,0.0,14.0,20.0,14.0,0.0,107.909538,129.772508,6.4854,83.15,,40481.437,0,0,5,5,0,0.0,,,4.71,95.29,3,Dégradé
1312,21:52,0.0,14.0,19.8,14.0,0.0,107.909538,129.772508,6.4854,83.15,,40481.437,0,0,5,5,0,0.0,,,4.71,95.29,3,Dégradé
1313,21:53,0.0,13.9,20.0,13.9,0.0,107.909538,129.772508,6.4854,83.15,,40481.437,0,0,5,5,0,0.0,,,4.71,95.29,3,Dégradé
1314,21:54,0.0,14.0,20.1,14.0,0.0,107.909538,129.772508,6.4854,83.15,,40481.437,0,0,5,5,0,0.0,,,4.71,95.29,3,Dégradé
1315,21:55,0.0,13.9,19.8,13.9,0.0,107.909538,129.772508,6.4854,83.15,,40481.437,0,0,5,5,0,0.0,,,4.71,95.29,3,Dégradé
1316,21:56,0.0,13.8,20.2,13.8,0.0,107.909538,129.772508,6.4854,83.15,,40481.437,0,0,5,5,0,0.0,,,4.71,95.29,3,Dégradé
1317,21:57,0.0,13.8,20.0,13.8,0.0,107.909538,129.772508,6.4854,83.15,,40481.437,0,0,5,5,0,0.0,,,4.71,95.29,3,Dégradé
1318,21:58,0.0,13.8,19.9,13.8,0.0,107.909538,129.772508,6.4854,83.15,,40481.437,0,0,5,5,0,0.0,,,4.71,95.29,3,Dégradé
1319,21:59,0.0,13.9,19.9,13.9,0.0,107.909538,129.772508,6.4854,83.15,,40481.437,0,0,5,5,0,0.0,,,4.71,95.29,3,Dégradé
1320,22:00,0.0,13.8,19.7,13.8,0.0,107.909538,129.772508,6.4854,83.15,,40481.437,0,0,5,5,0,0.0,,,4.71,95.29,3,Dégradé
1321,22:01,0.0,13.8,19.6,13.8,0.0,107.909538,129.772508,6.4854,83.15,,40481.437,0,0,5,5,0,0.0,,,4.71,95.29,3,Dégradé
1322,22:02,0.0,13.8,19.8,13.8,0.0,107.909538,129.772508,6.4854,83.15,,40481.437,0,0,5,5,0,0.0,,,4.71,95.29,3,Dégradé
1323,22:03,0.0,13.8,19.9,13.8,0.0,107.909538,129.772508,6.4854,83.15,,40481.437,0,0,5,5,0,0.0,,,4.71,95.29,3,Dégradé
1324,22:04,0.0,13.8,20.0,13.8,0.0,107.909538,129.772508,6.4854,83.15,,40481.437,0,0,5,5,0,0.0,,,4.71,95.29,3,Dégradé
1325,22:05,0.0,13.9,19.8,13.9,0.0,107.909538,129.772508,6.4854,83.15,,40481.437,0,0,5,5,0,0.0,,,4.71,95.29,3,Dégradé
1326,22:06,0.0,13.9,19.8,13.9,0.0,107.909538,129.772508,6.4854,83.15,,40481.437,0,0,5,5,0,0.0,,,4.71,95.29,3,Dégradé
1327,22:07,0.0,13.9,20.0,13.9,0.0,107.909538,129.772508,6.4854,83.15,,40481.437,0,0,5,5,0,0.0,,,4.71,95.29,3,Dégradé
1328,22:08,0.0,13.9,19.9,13.9,0.0,107.909538,129.772508,6.4854,83.15,,40481.437,0,0,5,5,0,0.0,,,4.71,95.29,3,Dégradé
1329,22:09,0.0,13.8,19.8,13.8,0.0,107.909538,129.772508,6.4854,83.15,,40481.437,0,0,5,5,0,0.0,,,4.71,95.29,3,Dégradé
1330,22:10,0.0,13.7,19.7,13.7,0.0,107.909538,129.772508,6.4854,83.15,,40481.437,0,0,5,5,0,0.0,,,4.71,95.29,3,Dégradé
1331,22:11,0.0,13.7,20.0,13.7,0.0,107.909538,129.772508,6.4854,83.15,,40481.437,0,0,5,5,0,0.0,,,4.71,95.29,3,Dégradé
1332,22:12,0.0,13.7,19.5,13.7,0.0,107.909538,129.772508,6.4854,83.15,,40481.437,0,0,5,5,0,0.0,,,4.71,95.29,3,Dégradé
1333,22:13,0.0,13.7,19.6,13.7,0.0,107.909538,129.772508,6.4854,83.15,,40481.437,0,0,5,5,0,0.0,,,4.71,95.29,3,Dégradé
1334,22:14,0.0,13.6,19.8,13.6,0.0,107.909538,129.772508,6.4854,83.15,,40481.437,0,0,5,5,0,0.0,,,4.71,95.29,3,Dégradé
1335,22:15,0.0,13.6,19.9,13.6,0.0,107.909538,129.772508,6.4854,83.15,,40481.437,0,0,5,5,0,0.0,,,4.71,95.29,3,Dégradé
1336,22:16,0.0,13.5,19.5,13.5,0.0,107.909538,129.772508,6.4854,83.15,,40481.437,0,0,5,5,0,0.0,,,4.71,95.29,3,Dégradé
1337,22:17,0.0,13.4,19.5,13.4,0.0,107.909538,129.772508,6.4854,83.15,,40481.437,0,0,5,5,0,0.0,,,4.71,95.29,3,Dégradé
1338,22:18,0.0,13.3,19.2,13.3,0.0,107.909538,129.772508,6.4854,83.15,,40481.437,0,0,5,5,0,0.0,,,4.71,95.29,3,Dégradé
1339,22:19,0.0,13.4,19.3,13.4,0.0,107.909538,129.772508,6.4854,83.15,,40481.437,0,0,5,5,0,0.0,,,4.71,95.29,3,Dégradé
1340,22:20,0.0,13.4,19.6,13.4,0.0,107.909538,129.772508,6.4854,83.15,,40481.437,0,0,5,5,0,0.0,,,4.71,95.29,3,Dégradé
1341,22:21,0.0,13.3,19.3,13.3,0.0,107.909538,129.772508,6.4854,83.15,,40481.437,0,0,5,5,0,0.0,,,4.71,95.29,3,Dégradé
1342,22:22,0.0,13.3,19.3,13.3,0.0,107.909538,129.772508,6.4854,83.15,,40481.437,0,0,5,5,0,0.0,,,4.71,95.29,3,Dégradé
1343,22:23,0.0,13.4,19.5,13.4,0.0,107.909538,129.772508,6.4854,83.15,,40481.437,0,0,5,5,0,0.0,,,4.71,95.29,3,Dégradé
1344,22:24,0.0,13.3,19.3,13.3,0.0,107.909538,129.772508,6.4854,83.15,,40481.437,0,0,5,5,0,0.0,,,4.71,95.29,3,Dégradé
1345,22:25,0.0,13.3,19.3,13.3,0.0,107.909538,129.772508,6.4854,83.15,,40481.437,0,0,5,5,0,0.0,,,4.71,95.29,3,Dégradé
1346,22:26,0.0,13.4,19.5,13.4,0.0,107.909538,129.772508,6.4854,83.15,,40481.437,0,0,5,5,0,0.0,,,4.71,95.29,3,Dégradé
1347,22:27,0.0,13.3,19.2,13.3,0.0,107.909538,129.772508,6.4854,83.15,,40481.437,0,0,5,5,0,0.0,,,4.71,95.29,3,Dégradé
1348,22:28,0.0,13.3,19.4,13.3,0.0,107.909538,129.772508,6.4854,83.15,,40481.437,0,0,5,5,0,0.0,,,4.71,95.29,3,Dégradé
1349,22:29,0.0,13.3,19.3,13.3,0.0,107.909538,129.772508,6.4854,83.15,,40481.437,0,0,5,5,0,0.0,,,4.71,95.29,3,Dégradé
1350,22:30,0.0,13.2,19.3,13.2,0.0,107.909538,129.772508,6.4854,83.15,,40481.437,0,0,5,5,0,0.0,,,4.71,95.29,3,Dégradé
1351,22:31,0.0,13.2,19.3,13.2,0.0,107.909538,129.772508,6.4854,83.15,,40481.437,0,0,5,5,0,0.0,,,4.71,95.29,3,Dégradé
1352,22:32,0.0,13.2,19.3,13.2,0.0,107.909538,129.772508,6.4854,83.15,,40481.437,0,0,5,5,0,0.0,,,4.71,95.29,3,Dégradé
1353,22:33,0.0,13.1,19.2,13.1,0.0,107.909538,129.772508,6.4854,83.15,,40481.437,0,0,5,5,0,0.0,,,4.71,95.29,3,Dégradé
1354,22:34,0.0,13.1,19.0,13.1,0.0,107.909538,129.772508,6.4854,83.15,,40481.437,0,0,5,5,0,0.0,,,4.71,95.29,3,Dégradé
1355,22:35,0.0,13.0,19.0,13.0,0.0,107.909538,129.772508,6.4854,83.15,,40481.437,0,0,5,5,0,0.0,,,4.71,95.29,3,Dégradé
1356,22:36,0.0,13.0,18.6,13.0,0.0,107.909538,129.772508,6.4854,83.15,,40481.437,0,0,5,5,0,0.0,,,4.71,95.29,3,Dégradé
1357,22:37,0.0,13.0,19.1,13.0,0.0,107.909538,129.772508,6.4854,83.15,,40481.437,0,0,5,5,0,0.0,,,4.71,95.29,3,Dégradé
1358,22:38,0.0,13.0,18.9,13.0,0.0,107.909538,129.772508,6.4854,83.15,,40481.437,0,0,5,5,0,0.0,,,4.71,95.29,3,Dégradé
1359,22:39,0.0,12.9,19.2,12.9,0.0,107.909538,129.772508,6.4854,83.15,,40481.437,0,0,5,5,0,0.0,,,4.71,95.29,3,Dégradé
1360,22:40,0.0,12.8,18.6,12.8,0.0,107.909538,129.772508,6.4854,83.15,,40481.437,0,0,5,5,0,0.0,,,4.71,95.29,3,Dégradé
1361,22:41,0.0,12.8,18.8,12.8,0.0,107.909538,129.772508,6.4854,83.15,,40481.437,0,0,5,5,0,0.0,,,4.71,95.29,3,Dégradé
1362,22:42,0.0,12.8,18.9,12.8,0.0,107.909538,129.772508,6.4854,83.15,,40481.437,0,0,5,5,0,0.0,,,4.71,95.29,3,Dégradé
1363,22:43,0.0,12.7,18.7,12.7,0.0,107.909538,129.772508,6.4854,83.15,,40481.437,0,0,5,5,0,0.0,,,4.71,95.29,3,Dégradé
1364,22:44,0.0,12.7,18.8,12.7,0.0,107.909538,129.772508,6.4854,83.15,,40481.437,0,0,5,5,0,0.0,,,4.71,95.29,3,Dégradé
1365,22:45,0.0,12.7,18.6,12.7,0.0,107.909538,129.772508,6.4854,83.15,,40481.437,0,0,5,5,0,0.0,,,4.71,95.29,3,Dégradé
1366,22:46,0.0,12.7,18.7,12.7,0.0,107.909538,129.772508,6.4854,83.15,,40481.437,0,0,5,5,0,0.0,,,4.71,95.29,3,Dégradé
1367,22:47,0.0,12.7,18.8,12.7,0.0,107.909538,129.772508,6.4854,83.15,,40481.437,0,0,5,5,0,0.0,,,4.71,95.29,3,Dégradé
1368,22:48,0.0,12.6,18.6,12.6,0.0,107.909538,129.772508,6.4854,83.15,,40481.437,0,0,5,5,0,0.0,,,4.71,95.29,3,Dégradé
1369,22:49,0.0,12.6,18.5,12.6,0.0,107.909538,129.772508,6.4854,83.15,,40481.437,0,0,5,5,0,0.0,,,4.71,95.29,3,Dégradé
1370,22:50,0.0,12.6,18.6,12.6,0.0,107.909538,129.772508,6.4854,83.15,,40481.437,0,0,5,5,0,0.0,,,4.71,95.29,3,Dégradé
1371,22:51,0.0,12.7,18.8,12.7,0.0,107.909538,129.772508,6.4854,83.15,,40481.437,0,0,5,5,0,0.0,,,4.71,95.29,3,Dégradé
1372,22:52,0.0,12.6,18.8,12.6,0.0,107.909538,129.772508,6.4854,83.15,,40481.437,0,0,5,5,0,0.0,,,4.71,95.29,3,Dégradé
1373,22:53,0.0,12.6,18.7,12.6,0.0,107.909538,129.772508,6.4854,83.15,,40481.437,0,0,5,5,0,0.0,,,4.71,95.29,3,Dégradé
1374,22:54,0.0,12.6,18.6,12.6,0.0,107.909538,129.772508,6.4854,83.15,,40481.437,0,0,5,5,0,0.0,,,4.71,95.29,3,Dégradé
1375,22:55,0.0,12.6,18.7,12.6,0.0,107.909538,129.772508,6.4854,83.15,,40481.437,0,0,5,5,0,0.0,,,4.71,95.29,3,Dégradé
1376,22:56,0.0,12.6,18.6,12.6,0.0,107.909538,129.772508,6.4854,83.15,,40481.437,0,0,5,5,0,0.0,,,4.71,95.29,3,Dégradé
1377,22:57,0.0,12.4,18.6,12.4,0.0,107.909538,129.772508,6.4854,83.15,,40481.437,0,0,5,5,0,0.0,,,4.71,95.29,3,Dégradé
1378,22:58,0.0,12.4,18.5,12.4,0.0,107.909538,129.772508,6.4854,83.15,,40481.437,0,0,5,5,0,0.0,,,4.71,95.29,3,Dégradé
1379,22:59,0.0,12.4,18.2,12.4,0.0,107.909538,129.772508,6.4854,83.15,,40481.437,0,0,5,5,0,0.0,,,4.71,95.29,3,Dégradé
1380,23:00,0.0,12.4,18.4,12.4,0.0,107.909538,129.772508,6.4854,83.15,,40481.437,0,0,5,5,0,0.0,,,4.71,95.29,3,Dégradé
1381,23:01,0.0,12.4,18.3,12.4,0.0,107.909538,129.772508,6.4854,83.15,,40481.437,0,0,5,5,0,0.0,,,4.71,95.29,3,Dégradé
1382,23:02,0.0,12.3,18.3,12.3,0.0,107.909538,129.772508,6.4854,83.15,,40481.437,0,0,5,5,0,0.0,,,4.71,95.29,3,Dégradé
1383,23:03,0.0,12.3,18.6,12.3,0.0,107.909538,129.772508,6.4854,83.15,,40481.437,0,0,5,5,0,0.0,,,4.71,95.29,3,Dégradé
1384,23:04,0.0,12.2,18.2,12.2,0.0,107.909538,129.772508,6.4854,83.15,,40481.437,0,0,5,5,0,0.0,,,4.71,95.29,3,Dégradé
1385,23:05,0.0,12.3,18.2,12.3,0.0,107.909538,129.772508,6.4854,83.15,,40481.437,0,0,5,5,0,0.0,,,4.71,95.29,3,Dégradé
1386,23:06,0.0,12.3,18.4,12.3,0.0,107.909538,129.772508,6.4854,83.15,,40481.437,0,0,5,5,0,0.0,,,4.71,95.29,3,Dégradé
1387,23:07,0.0,12.3,18.4,12.3,0.0,107.909538,129.772508,6.4854,83.15,,40481.437,0,0,5,5,0,0.0,,,4.71,95.29,3,Dégradé
1388,23:08,0.0,12.3,18.4,12.3,0.0,107.909538,129.772508,6.4854,83.15,,40481.437,0,0,5,5,0,0.0,,,4.71,95.29,3,Dégradé
1389,23:09,0.0,12.3,18.4,12.3,0.0,107.909538,129.772508,6.4854,83.15,,40481.437,0,0,5,5,0,0.0,,,4.71,95.29,3,Dégradé
1390,23:10,0.0,12.3,18.5,12.3,0.0,107.909538,129.772508,6.4854,83.15,,40481.437,0,0,5,5,0,0.0,,,4.71,95.29,3,Dégradé
1391,23:11,0.0,12.3,18.5,12.3,0.0,107.909538,129.772508,6.4854,83.15,,40481.437,0,0,5,5,0,0.0,,,4.71,95.29,3,Dégradé
1392,23:12,0.0,12.3,18.4,12.3,0.0,107.909538,129.772508,6.4854,83.15,,40481.437,0,0,5,5,0,0.0,,,4.71,95.29,3,Dégradé
1393,23:13,0.0,12.2,18.4,12.2,0.0,107.909538,129.772508,6.4854,83.15,,40481.437,0,0,5,5,0,0.0,,,4.71,95.29,3,Dégradé
1394,23:14,0.0,12.1,18.3,12.1,0.0,107.909538,129.772508,6.4854,83.15,,40481.437,0,0,5,5,0,0.0,,,4.71,95.29,3,Dégradé
1395,23:15,0.0,12.1,18.0,12.1,0.0,107.909538,129.772508,6.4854,83.15,,40481.437,0,0,5,5,0,0.0,,,4.71,95.29,3,Dégradé
1396,23:16,0.0,12.1,17.9,12.1,0.0,107.909538,129.772508,6.4854,83.15,,40481.437,0,0,5,5,0,0.0,,,4.71,95.29,3,Dégradé
1397,23:17,0.0,12.0,17.9,12.0,0.0,107.909538,129.772508,6.4854,83.15,,40481.437,0,0,5,5,0,0.0,,,4.71,95.29,3,Dégradé
1398,23:18,0.0,12.0,17.9,12.0,0.0,107.909538,129.772508,6.4854,83.15,,40481.437,0,0,5,5,0,0.0,,,4.71,95.29,3,Dégradé
1399,23:19,0.0,12.0,18.1,12.0,0.0,107.909538,129.772508,6.4854,83.15,,40481.437,0,0,5,5,0,0.0,,,4.71,95.29,3,Dégradé
1400,23:20,0.0,12.0,18.0,12.0,0.0,107.909538,129.772508,6.4854,83.15,,40481.437,0,0,5,5,0,0.0,,,4.71,95.29,3,Dégradé
1401,23:21,0.0,12.0,17.9,12.0,0.0,107.909538,129.772508,6.4854,83.15,,40481.437,0,0,5,5,0,0.0,,,4.71,95.29,3,Dégradé
1402,23:22,0.0,12.0,18.2,12.0,0.0,107.909538,129.772508,6.4854,83.15,,40481.437,0,0,5,5,0,0.0,,,4.71,95.29,3,Dégradé
1403,23:23,0.0,12.1,18.0,12.1,0.0,107.909538,129.772508,6.4854,83.15,,40481.437,0,0,5,5,0,0.0,,,4.71,95.29,3,Dégradé
1404,23:24,0.0,12.1,18.2,12.1,0.0,107.909538,129.772508,6.4854,83.15,,40481.437,0,0,5,5,0,0.0,,,4.71,95.29,3,Dégradé
1405,23:25,0.0,12.0,18.1,12.0,0.0,107.909538,129.772508,6.4854,83.15,,40481.437,0,0,5,5,0,0.0,,,4.71,95.29,3,Dégradé
1406,23:26,0.0,12.0,18.1,12.0,0.0,107.909538,129.772508,6.4854,83.15,,40481.437,0,0,5,5,0,0.0,,,4.71,95.29,3,Dégradé
1407,23:27,0.0,12.0,18.0,12.0,0.0,107.909538,129.772508,6.4854,83.15,,40481.437,0,0,5,5,0,0.0,,,4.71,95.29,3,Dégradé
1408,23:28,0.0,12.0,18.3,12.0,0.0,107.909538,129.772508,6.4854,83.15,,40481.437,0,0,5,5,0,0.0,,,4.71,95.29,3,Dégradé
1409,23:29,0.0,12.0,18.1,12.0,0.0,107.909538,129.772508,6.4854,83.15,,40481.437,0,0,5,5,0,0.0,,,4.71,95.29,3,Dégradé
1410,23:30,0.0,12.0,17.7,12.0,0.0,107.909538,129.772508,6.4854,83.15,,40481.437,0,0,5,5,0,0.0,,,4.71,95.29,3,Dégradé
1411,23:31,0.0,12.0,18.1,12.0,0.0,107.909538,129.772508,6.4854,83.15,,40481.437,0,0,5,5,0,0.0,,,4.71,95.29,3,Dégradé
1412,23:32,0.0,12.1,18.0,12.1,0.0,107.909538,129.772508,6.4854,83.15,,40481.437,0,0,5,5,0,0.0,,,4.71,95.29,3,Dégradé
1413,23:33,0.0,12.0,18.1,12.0,0.0,107.909538,129.772508,6.4854,83.15,,40481.437,0,0,5,5,0,0.0,,,4.71,95.29,3,Dégradé
1414,23:34,0.0,12.0,18.0,12.0,0.0,107.909538,129.772508,6.4854,83.15,,40481.437,0,0,5,5,0,0.0,,,4.71,95.29,3,Dégradé
1415,23:35,0.0,12.0,18.2,12.0,0.0,107.909538,129.772508,6.4854,83.15,,40481.437,0,0,5,5,0,0.0,,,4.71,95.29,3,Dégradé
1416,23:36,0.0,11.9,17.6,11.9,0.0,107.909538,129.772508,6.4854,83.15,,40481.437,0,0,5,5,0,0.0,,,4.71,95.29,3,Dégradé
1417,23:37,0.0,11.8,17.9,11.8,0.0,107.909538,129.772508,6.4854,83.15,,40481.437,0,0,5,5,0,0.0,,,4.71,95.29,3,Dégradé
1418,23:38,0.0,11.8,17.9,11.8,0.0,107.909538,129.772508,6.4854,83.15,,40481.437,0,0,5,5,0,0.0,,,4.71,95.29,3,Dégradé
1419,23:39,0.0,11.8,17.8,11.8,0.0,107.909538,129.772508,6.4854,83.15,,40481.437,0,0,5,5,0,0.0,,,4.71,95.29,3,Dégradé
1420,23:40,0.0,11.8,18.0,11.8,0.0,107.909538,129.772508,6.4854,83.15,,40481.437,0,0,5,5,0,0.0,,,4.71,95.29,3,Dégradé
1421,23:41,0.0,11.7,17.3,11.7,0.0,107.909538,129.772508,6.4854,83.15,,40481.437,0,0,5,5,0,0.0,,,4.71,95.29,3,Dégradé
1422,23:42,0.0,11.7,17.8,11.7,0.0,107.909538,129.772508,6.4854,83.15,,40481.437,0,0,5,5,0,0.0,,,4.71,95.29,3,Dégradé
1423,23:43,0.0,11.7,17.5,11.7,0.0,107.909538,129.772508,6.4854,83.15,,40481.437,0,0,5,5,0,0.0,,,4.71,95.29,3,Dégradé
1424,23:44,0.0,11.6,17.7,11.6,0.0,107.909538,129.772508,6.4854,83.15,,40481.437,0,0,5,5,0,0.0,,,4.71,95.29,3,Dégradé
1425,23:45,0.0,11.6,17.5,11.6,0.0,107.909538,129.772508,6.4854,83.15,,40481.437,0,0,5,5,0,0.0,,,4.71,95.29,3,Dégradé
1426,23:46,0.0,11.6,17.5,11.6,0.0,107.909538,129.772508,6.4854,83.15,,40481.437,0,0,5,5,0,0.0,,,4.71,95.29,3,Dégradé
1427,23:47,0.0,11.5,17.5,11.5,0.0,107.909538,129.772508,6.4854,83.15,,40481.437,0,0,5,5,0,0.0,,,4.71,95.29,3,Dégradé
1428,23:48,0.0,11.5,17.5,11.5,0.0,107.909538,129.772508,6.4854,83.15,,40481.437,0,0,5,5,0,0.0,,,4.71,95.29,3,Dégradé
1429,23:49,0.0,11.4,17.5,11.4,0.0,107.909538,129.772508,6.4854,83.15,,40481.437,0,0,5,5,0,0.0,,,4.71,95.29,3,Dégradé
1430,23:50,0.0,11.4,17.5,11.4,0.0,107.909538,129.772508,6.4854,83.15,,40481.437,0,0,5,5,0,0.0,,,4.71,95.29,3,Dégradé
1431,23:51,0.0,11.5,17.5,11.5,0.0,107.909538,129.772508,6.4854,83.15,,40481.437,0,0,5,5,0,0.0,,,4.71,95.29,3,Dégradé
1432,23:52,0.0,11.5,17.8,11.5,0.0,107.909538,129.772508,6.4854,83.15,,40481.437,0,0,5,5,0,0.0,,,4.71,95.29,3,Dégradé
1433,23:53,0.0,11.5,17.8,11.5,0.0,107.909538,129.772508,6.4854,83.15,,40481.437,0,0,5,5,0,0.0,,,4.71,95.29,3,Dégradé
1434,23:54,0.0,11.4,17.6,11.4,0.0,107.909538,129.772508,6.4854,83.15,,40481.437,0,0,5,5,0,0.0,,,4.71,95.29,3,Dégradé
1435,23:55,0.0,11.5,17.8,11.5,0.0,107.909538,129.772508,6.4854,83.15,,40481.437,0,0,5,5,0,0.0,,,4.71,95.29,3,Dégradé
1436,23:56,0.0,11.4,17.5,11.4,0.0,107.909538,129.772508,6.4854,83.15,,40481.437,0,0,5,5,0,0.0,,,4.71,95.29,3,Dégradé
1437,23:57,0.0,11.4,17.3,11.4,0.0,107.909538,129.772508,6.4854,83.15,,40481.437,0,0,5,5,0,0.0,,,4.71,95.29,3,Dégradé
1438,23:58,0.0,11.4,17.4,11.4,0.0,107.909538,129.772508,6.4854,83.15,,40481.437,0,0,5,5,0,0.0,,,4.71,95.29,3,Dégradé
1439,23:59,0.0,11.4,17.6,11.4,0.0,107.909538,129.772508,6.4854,83.15,,40481.437,0,0,5,5,0,0.0,,,4.71,95.29,3,Dégradé
