minute,time,ptr_id,inverters_total,inverters_scope,inverters_available,grid_setpoint_pct,power_delivered_kw,theoretical_kwh,loss_temperature_kwh,loss_soiling_kwh,loss_wiring_kwh,loss_dc_fault_kwh,loss_drift_kwh,loss_inverter_kwh,loss_clipping_kwh,loss_derating_kwh,loss_grid_kwh,loss_outage_kwh,loss_maintenance_kwh,loss_transformer_kwh,delivered_kwh
0,00:00,PTR6,15,0,0,100.0,0.0,0.0,0.0,0.0,0.0,0.0,0.0,0.0,0.0,0.0,0.0,0.0,0.0,0.0,0.0
0,00:00,PTR7,15,0,0,100.0,0.0,0.0,0.0,0.0,0.0,0.0,0.0,0.0,0.0,0.0,0.0,0.0,0.0,0.0,0.0
0,00:00,PTR8,16,0,0,100.0,0.0,0.0,0.0,0.0,0.0,0.0,0.0,0.0,0.0,0.0,0.0,0.0,0.0,0.0,0.0
0,00:00,PTR9,15,0,0,100.0,0.0,0.0,0.0,0.0,0.0,0.0,0.0,0.0,0.0,0.0,0.0,0.0,0.0,0.0,0.0
0,00:00,PTR10,16,0,0,100.0,0.0,0.0,0.0,0.0,0.0,0.0,0.0,0.0,0.0,0.0,0.0,0.0,0.0,0.0,0.0
1,00:01,PTR6,15,0,0,100.0,0.0,0.0,0.0,0.0,0.0,0.0,0.0,0.0,0.0,0.0,0.0,0.0,0.0,0.0,0.0
1,00:01,PTR7,15,0,0,100.0,0.0,0.0,0.0,0.0,0.0,0.0,0.0,0.0,0.0,0.0,0.0,0.0,0.0,0.0,0.0
1,00:01,PTR8,16,0,0,100.0,0.0,0.0,0.0,0.0,0.0,0.0,0.0,0.0,0.0,0.0,0.0,0.0,0.0,0.0,0.0
1,00:01,PTR9,15,0,0,100.0,0.0,0.0,0.0,0.0,0.0,0.0,0.0,0.0,0.0,0.0,0.0,0.0,0.0,0.0,0.0
1,00:01,PTR10,16,0,0,100.0,0.0,0.0,0.0,0.0,0.0,0.0,0.0,0.0,0.0,0.0,0.0,0.0,0.0,0.0,0.0
2,00:02,PTR6,15,0,0,100.0,0.0,0.0,0.0,0.0,0.0,0.0,0.0,0.0,0.0,0.0,0.0,0.0,0.0,0.0,0.0
2,00:02,PTR7,15,0,0,100.0,0.0,0.0,0.0,0.0,0.0,0.0,0.0,0.0,0.0,0.0,0.0,0.0,0.0,0.0,0.0
2,00:02,PTR8,16,0,0,100.0,0.0,0.0,0.0,0.0,0.0,0.0,0.0,0.0,0.0,0.0,0.0,0.0,0.0,0.0,0.0
2,00:02,PTR9,15,0,0,100.0,0.0,0.0,0.0,0.0,0.0,0.0,0.0,0.0,0.0,0.0,0.0,0.0,0.0,0.0,0.0
2,00:02,PTR10,16,0,0,100.0,0.0,0.0,0.0,0.0,0.0,0.0,0.0,0.0,0.0,0.0,0.0,0.0,0.0,0.0,0.0
3,00:03,PTR6,15,0,0,100.0,0.0,0.0,0.0,0.0,0.0,0.0,0.0,0.0,0.0,0.0,0.0,0.0,0.0,0.0,0.0
3,00:03,PTR7,15,0,0,100.0,0.0,0.0,0.0,0.0,0.0,0.0,0.0,0.0,0.0,0.0,0.0,0.0,0.0,0.0,0.0
3,00:03,PTR8,16,0,0,100.0,0.0,0.0,0.0,0.0,0.0,0.0,0.0,0.0,0.0,0.0,0.0,0.0,0.0,0.0,0.0
3,00:03,PTR9,15,0,0,100.0,0.0,0.0,0.0,0.0,0.0,0.0,0.0,0.0,0.0,0.0,0.0,0.0,0.0,0.0,0.0
3,00:03,PTR10,16,0,0,100.0,0.0,0.0,0.0,0.0,0.0,0.0,0.0,0.0,0.0,0.0,0.0,0.0,0.0,0.0,0.0
4,00:04,PTR6,15,0,0,100.0,0.0,0.0,0.0,0.0,0.0,0.0,0.0,0.0,0.0,0.0,0.0,0.0,0.0,0.0,0.0
4,00:04,PTR7,15,0,0,100.0,0.0,0.0,0.0,0.0,0.0,0.0,0.0,0.0,0.0,0.0,0.0,0.0,0.0,0.0,0.0
4,00:04,PTR8,16,0,0,100.0,0.0,0.0,0.0,0.0,0.0,0.0,0.0,0.0,0.0,0.0,0.0,0.0,0.0,0.0,0.0
4,00:04,PTR9,15,0,0,100.0,0.0,0.0,0.0,0.0,0.0,0.0,0.0,0.0,0.0,0.0,0.0,0.0,0.0,0.0,0.0
4,00:04,PTR10,16,0,0,100.0,0.0,0.0,0.0,0.0,0.0,0.0,0.0,0.0,0.0,0.0,0.0,0.0,0.0,0.0,0.0
5,00:05,PTR6,15,0,0,100.0,0.0,0.0,0.0,0.0,0.0,0.0,0.0,0.0,0.0,0.0,0.0,0.0,0.0,0.0,0.0
5,00:05,PTR7,15,0,0,100.0,0.0,0.0,0.0,0.0,0.0,0.0,0.0,0.0,0.0,0.0,0.0,0.0,0.0,0.0,0.0
5,00:05,PTR8,16,0,0,100.0,0.0,0.0,0.0,0.0,0.0,0.0,0.0,0.0,0.0,0.0,0.0,0.0,0.0,0.0,0.0
5,00:05,PTR9,15,0,0,100.0,0.0,0.0,0.0,0.0,0.0,0.0,0.0,0.0,0.0,0.0,0.0,0.0,0.0,0.0,0.0
5,00:05,PTR10,16,0,0,100.0,0.0,0.0,0.0,0.0,0.0,0.0,0.0,0.0,0.0,0.0,0.0,0.0,0.0,0.0,0.0
6,00:06,PTR6,15,0,0,100.0,0.0,0.0,0.0,0.0,0.0,0.0,0.0,0.0,0.0,0.0,0.0,0.0,0.0,0.0,0.0
6,00:06,PTR7,15,0,0,100.0,0.0,0.0,0.0,0.0,0.0,0.0,0.0,0.0,0.0,0.0,0.0,0.0,0.0,0.0,0.0
6,00:06,PTR8,16,0,0,100.0,0.0,0.0,0.0,0.0,0.0,0.0,0.0,0.0,0.0,0.0,0.0,0.0,0.0,0.0,0.0
6,00:06,PTR9,15,0,0,100.0,0.0,0.0,0.0,0.0,0.0,0.0,0.0,0.0,0.0,0.0,0.0,0.0,0.0,0.0,0.0
6,00:06,PTR10,16,0,0,100.0,0.0,0.0,0.0,0.0,0.0,0.0,0.0,0.0,0.0,0.0,0.0,0.0,0.0,0.0,0.0
7,00:07,PTR6,15,0,0,100.0,0.0,0.0,0.0,0.0,0.0,0.0,0.0,0.0,0.0,0.0,0.0,0.0,0.0,0.0,0.0
7,00:07,PTR7,15,0,0,100.0,0.0,0.0,0.0,0.0,0.0,0.0,0.0,0.0,0.0,0.0,0.0,0.0,0.0,0.0,0.0
7,00:07,PTR8,16,0,0,100.0,0.0,0.0,0.0,0.0,0.0,0.0,0.0,0.0,0.0,0.0,0.0,0.0,0.0,0.0,0.0
7,00:07,PTR9,15,0,0,100.0,0.0,0.0,0.0,0.0,0.0,0.0,0.0,0.0,0.0,0.0,0.0,0.0,0.0,0.0,0.0
7,00:07,PTR10,16,0,0,100.0,0.0,0.0,0.0,0.0,0.0,0.0,0.0,0.0,0.0,0.0,0.0,0.0,0.0,0.0,0.0
8,00:08,PTR6,15,0,0,100.0,0.0,0.0,0.0,0.0,0.0,0.0,0.0,0.0,0.0,0.0,0.0,0.0,0.0,0.0,0.0
8,00:08,PTR7,15,0,0,100.0,0.0,0.0,0.0,0.0,0.0,0.0,0.0,0.0,0.0,0.0,0.0,0.0,0.0,0.0,0.0
8,00:08,PTR8,16,0,0,100.0,0.0,0.0,0.0,0.0,0.0,0.0,0.0,0.0,0.0,0.0,0.0,0.0,0.0,0.0,0.0
8,00:08,PTR9,15,0,0,100.0,0.0,0.0,0.0,0.0,0.0,0.0,0.0,0.0,0.0,0.0,0.0,0.0,0.0,0.0,0.0
8,00:08,PTR10,16,0,0,100.0,0.0,0.0,0.0,0.0,0.0,0.0,0.0,0.0,0.0,0.0,0.0,0.0,0.0,0.0,0.0
9,00:09,PTR6,15,0,0,100.0,0.0,0.0,0.0,0.0,0.0,0.0,0.0,0.0,0.0,0.0,0.0,0.0,0.0,0.0,0.0
9,00:09,PTR7,15,0,0,100.0,0.0,0.0,0.0,0.0,0.0,0.0,0.0,0.0,0.0,0.0,0.0,0.0,0.0,0.0,0.0
9,00:09,PTR8,16,0,0,100.0,0.0,0.0,0.0,0.0,0.0,0.0,0.0,0.0,0.0,0.0,0.0,0.0,0.0,0.0,0.0
9,00:09,PTR9,15,0,0,100.0,0.0,0.0,0.0,0.0,0.0,0.0,0.0,0.0,0.0,0.0,0.0,0.0,0.0,0.0,0.0
9,00:09,PTR10,16,0,0,100.0,0.0,0.0,0.0,0.0,0.0,0.0,0.0,0.0,0.0,0.0,0.0,0.0,0.0,0.0,0.0
10,00:10,PTR6,15,0,0,100.0,0.0,0.0,0.0,0.0,0.0,0.0,0.0,0.0,0.0,0.0,0.0,0.0,0.0,0.0,0.0
10,00:10,PTR7,15,0,0,100.0,0.0,0.0,0.0,0.0,0.0,0.0,0.0,0.0,0.0,0.0,0.0,0.0,0.0,0.0,0.0
10,00:10,PTR8,16,0,0,100.0,0.0,0.0,0.0,0.0,0.0,0.0,0.0,0.0,0.0,0.0,0.0,0.0,0.0,0.0,0.0
10,00:10,PTR9,15,0,0,100.0,0.0,0.0,0.0,0.0,0.0,0.0,0.0,0.0,0.0,0.0,0.0,0.0,0.0,0.0,0.0
10,00:10,PTR10,16,0,0,100.0,0.0,0.0,0.0,0.0,0.0,0.0,0.0,0.0,0.0,0.0,0.0,0.0,0.0,0.0,0.0
11,00:11,PTR6,15,0,0,100.0,0.0,0.0,0.0,0.0,0.0,0.0,0.0,0.0,0.0,0.0,0.0,0.0,0.0,0.0,0.0
11,00:11,PTR7,15,0,0,100.0,0.0,0.0,0.0,0.0,0.0,0.0,0.0,0.0,0.0,0.0,0.0,0.0,0.0,0.0,0.0
11,00:11,PTR8,16,0,0,100.0,0.0,0.0,0.0,0.0,0.0,0.0,0.0,0.0,0.0,0.0,0.0,0.0,0.0,0.0,0.0
11,00:11,PTR9,15,0,0,100.0,0.0,0.0,0.0,0.0,0.0,0.0,0.0,0.0,0.0,0.0,0.0,0.0,0.0,0.0,0.0
11,00:11,PTR10,16,0,0,100.0,0.0,0.0,0.0,0.0,0.0,0.0,0.0,0.0,0.0,0.0,0.0,0.0,0.0,0.0,0.0
12,00:12,PTR6,15,0,0,100.0,0.0,0.0,0.0,0.0,0.0,0.0,0.0,0.0,0.0,0.0,0.0,0.0,0.0,0.0,0.0
12,00:12,PTR7,15,0,0,100.0,0.0,0.0,0.0,0.0,0.0,0.0,0.0,0.0,0.0,0.0,0.0,0.0,0.0,0.0,0.0
12,00:12,PTR8,16,0,0,100.0,0.0,0.0,0.0,0.0,0.0,0.0,0.0,0.0,0.0,0.0,0.0,0.0,0.0,0.0,0.0
12,00:12,PTR9,15,0,0,100.0,0.0,0.0,0.0,0.0,0.0,0.0,0.0,0.0,0.0,0.0,0.0,0.0,0.0,0.0,0.0
12,00:12,PTR10,16,0,0,100.0,0.0,0.0,0.0,0.0,0.0,0.0,0.0,0.0,0.0,0.0,0.0,0.0,0.0,0.0,0.0
13,00:13,PTR6,15,0,0,100.0,0.0,0.0,0.0,0.0,0.0,0.0,0.0,0.0,0.0,0.0,0.0,0.0,0.0,0.0,0.0
13,00:13,PTR7,15,0,0,100.0,0.0,0.0,0.0,0.0,0.0,0.0,0.0,0.0,0.0,0.0,0.0,0.0,0.0,0.0,0.0
13,00:13,PTR8,16,0,0,100.0,0.0,0.0,0.0,0.0,0.0,0.0,0.0,0.0,0.0,0.0,0.0,0.0,0.0,0.0,0.0
13,00:13,PTR9,15,0,0,100.0,0.0,0.0,0.0,0.0,0.0,0.0,0.0,0.0,0.0,0.0,0.0,0.0,0.0,0.0,0.0
13,00:13,PTR10,16,0,0,100.0,0.0,0.0,0.0,0.0,0.0,0.0,0.0,0.0,0.0,0.0,0.0,0.0,0.0,0.0,0.0
14,00:14,PTR6,15,0,0,100.0,0.0,0.0,0.0,0.0,0.0,0.0,0.0,0.0,0.0,0.0,0.0,0.0,0.0,0.0,0.0
14,00:14,PTR7,15,0,0,100.0,0.0,0.0,0.0,0.0,0.0,0.0,0.0,0.0,0.0,0.0,0.0,0.0,0.0,0.0,0.0
14,00:14,PTR8,16,0,0,100.0,0.0,0.0,0.0,0.0,0.0,0.0,0.0,0.0,0.0,0.0,0.0,0.0,0.0,0.0,0.0
14,00:14,PTR9,15,0,0,100.0,0.0,0.0,0.0,0.0,0.0,0.0,0.0,0.0,0.0,0.0,0.0,0.0,0.0,0.0,0.0
14,00:14,PTR10,16,0,0,100.0,0.0,0.0,0.0,0.0,0.0,0.0,0.0,0.0,0.0,0.0,0.0,0.0,0.0,0.0,0.0
15,00:15,PTR6,15,0,0,100.0,0.0,0.0,0.0,0.0,0.0,0.0,0.0,0.0,0.0,0.0,0.0,0.0,0.0,0.0,0.0
15,00:15,PTR7,15,0,0,100.0,0.0,0.0,0.0,0.0,0.0,0.0,0.0,0.0,0.0,0.0,0.0,0.0,0.0,0.0,0.0
15,00:15,PTR8,16,0,0,100.0,0.0,0.0,0.0,0.0,0.0,0.0,0.0,0.0,0.0,0.0,0.0,0.0,0.0,0.0,0.0
15,00:15,PTR9,15,0,0,100.0,0.0,0.0,0.0,0.0,0.0,0.0,0.0,0.0,0.0,0.0,0.0,0.0,0.0,0.0,0.0
15,00:15,PTR10,16,0,0,100.0,0.0,0.0,0.0,0.0,0.0,0.0,0.0,0.0,0.0,0.0,0.0,0.0,0.0,0.0,0.0
16,00:16,PTR6,15,0,0,100.0,0.0,0.0,0.0,0.0,0.0,0.0,0.0,0.0,0.0,0.0,0.0,0.0,0.0,0.0,0.0
16,00:16,PTR7,15,0,0,100.0,0.0,0.0,0.0,0.0,0.0,0.0,0.0,0.0,0.0,0.0,0.0,0.0,0.0,0.0,0.0
16,00:16,PTR8,16,0,0,100.0,0.0,0.0,0.0,0.0,0.0,0.0,0.0,0.0,0.0,0.0,0.0,0.0,0.0,0.0,0.0
16,00:16,PTR9,15,0,0,100.0,0.0,0.0,0.0,0.0,0.0,0.0,0.0,0.0,0.0,0.0,0.0,0.0,0.0,0.0,0.0
16,00:16,PTR10,16,0,0,100.0,0.0,0.0,0.0,0.0,0.0,0.0,0.0,0.0,0.0,0.0,0.0,0.0,0.0,0.0,0.0
17,00:17,PTR6,15,0,0,100.0,0.0,0.0,0.0,0.0,0.0,0.0,0.0,0.0,0.0,0.0,0.0,0.0,0.0,0.0,0.0
17,00:17,PTR7,15,0,0,100.0,0.0,0.0,0.0,0.0,0.0,0.0,0.0,0.0,0.0,0.0,0.0,0.0,0.0,0.0,0.0
17,00:17,PTR8,16,0,0,100.0,0.0,0.0,0.0,0.0,0.0,0.0,0.0,0.0,0.0,0.0,0.0,0.0,0.0,0.0,0.0
17,00:17,PTR9,15,0,0,100.0,0.0,0.0,0.0,0.0,0.0,0.0,0.0,0.0,0.0,0.0,0.0,0.0,0.0,0.0,0.0
17,00:17,PTR10,16,0,0,100.0,0.0,0.0,0.0,0.0,0.0,0.0,0.0,0.0,0.0,0.0,0.0,0.0,0.0,0.0,0.0
18,00:18,PTR6,15,0,0,100.0,0.0,0.0,0.0,0.0,0.0,0.0,0.0,0.0,0.0,0.0,0.0,0.0,0.0,0.0,0.0
18,00:18,PTR7,15,0,0,100.0,0.0,0.0,0.0,0.0,0.0,0.0,0.0,0.0,0.0,0.0,0.0,0.0,0.0,0.0,0.0
18,00:18,PTR8,16,0,0,100.0,0.0,0.0,0.0,0.0,0.0,0.0,0.0,0.0,0.0,0.0,0.0,0.0,0.0,0.0,0.0
18,00:18,PTR9,15,0,0,100.0,0.0,0.0,0.0,0.0,0.0,0.0,0.0,0.0,0.0,0.0,0.0,0.0,0.0,0.0,0.0
18,00:18,PTR10,16,0,0,100.0,0.0,0.0,0.0,0.0,0.0,0.0,0.0,0.0,0.0,0.0,0.0,0.0,0.0,0.0,0.0
19,00:19,PTR6,15,0,0,100.0,0.0,0.0,0.0,0.0,0.0,0.0,0.0,0.0,0.0,0.0,0.0,0.0,0.0,0.0,0.0
19,00:19,PTR7,15,0,0,100.0,0.0,0.0,0.0,0.0,0.0,0.0,0.0,0.0,0.0,0.0,0.0,0.0,0.0,0.0,0.0
19,00:19,PTR8,16,0,0,100.0,0.0,0.0,0.0,0.0,0.0,0.0,0.0,0.0,0.0,0.0,0.0,0.0,0.0,0.0,0.0
19,00:19,PTR9,15,0,0,100.0,0.0,0.0,0.0,0.0,0.0,0.0,0.0,0.0,0.0,0.0,0.0,0.0,0.0,0.0,0.0
19,00:19,PTR10,16,0,0,100.0,0.0,0.0,0.0,0.0,0.0,0.0,0.0,0.0,0.0,0.0,0.0,0.0,0.0,0.0,0.0
20,00:20,PTR6,15,0,0,100.0,0.0,0.0,0.0,0.0,0.0,0.0,0.0,0.0,0.0,0.0,0.0,0.0,0.0,0.0,0.0
20,00:20,PTR7,15,0,0,100.0,0.0,0.0,0.0,0.0,0.0,0.0,0.0,0.0,0.0,0.0,0.0,0.0,0.0,0.0,0.0
20,00:20,PTR8,16,0,0,100.0,0.0,0.0,0.0,0.0,0.0,0.0,0.0,0.0,0.0,0.0,0.0,0.0,0.0,0.0,0.0
20,00:20,PTR9,15,0,0,100.0,0.0,0.0,0.0,0.0,0.0,0.0,0.0,0.0,0.0,0.0,0.0,0.0,0.0,0.0,0.0
20,00:20,PTR10,16,0,0,100.0,0.0,0.0,0.0,0.0,0.0,0.0,0.0,0.0,0.0,0.0,0.0,0.0,0.0,0.0,0.0
21,00:21,PTR6,15,0,0,100.0,0.0,0.0,0.0,0.0,0.0,0.0,0.0,0.0,0.0,0.0,0.0,0.0,0.0,0.0,0.0
21,00:21,PTR7,15,0,0,100.0,0.0,0.0,0.0,0.0,0.0,0.0,0.0,0.0,0.0,0.0,0.0,0.0,0.0,0.0,0.0
21,00:21,PTR8,16,0,0,100.0,0.0,0.0,0.0,0.0,0.0,0.0,0.0,0.0,0.0,0.0,0.0,0.0,0.0,0.0,0.0
21,00:21,PTR9,15,0,0,100.0,0.0,0.0,0.0,0.0,0.0,0.0,0.0,0.0,0.0,0.0,0.0,0.0,0.0,0.0,0.0
21,00:21,PTR10,16,0,0,100.0,0.0,0.0,0.0,0.0,0.0,0.0,0.0,0.0,0.0,0.0,0.0,0.0,0.0,0.0,0.0
22,00:22,PTR6,15,0,0,100.0,0.0,0.0,0.0,0.0,0.0,0.0,0.0,0.0,0.0,0.0,0.0,0.0,0.0,0.0,0.0
22,00:22,PTR7,15,0,0,100.0,0.0,0.0,0.0,0.0,0.0,0.0,0.0,0.0,0.0,0.0,0.0,0.0,0.0,0.0,0.0
22,00:22,PTR8,16,0,0,100.0,0.0,0.0,0.0,0.0,0.0,0.0,0.0,0.0,0.0,0.0,0.0,0.0,0.0,0.0,0.0
22,00:22,PTR9,15,0,0,100.0,0.0,0.0,0.0,0.0,0.0,0.0,0.0,0.0,0.0,0.0,0.0,0.0,0.0,0.0,0.0
22,00:22,PTR10,16,0,0,100.0,0.0,0.0,0.0,0.0,0.0,0.0,0.0,0.0,0.0,0.0,0.0,0.0,0.0,0.0,0.0
23,00:23,PTR6,15,0,0,100.0,0.0,0.0,0.0,0.0,0.0,0.0,0.0,0.0,0.0,0.0,0.0,0.0,0.0,0.0,0.0
23,00:23,PTR7,15,0,0,100.0,0.0,0.0,0.0,0.0,0.0,0.0,0.0,0.0,0.0,0.0,0.0,0.0,0.0,0.0,0.0
23,00:23,PTR8,16,0,0,100.0,0.0,0.0,0.0,0.0,0.0,0.0,0.0,0.0,0.0,0.0,0.0,0.0,0.0,0.0,0.0
23,00:23,PTR9,15,0,0,100.0,0.0,0.0,0.0,0.0,0.0,0.0,0.0,0.0,0.0,0.0,0.0,0.0,0.0,0.0,0.0
23,00:23,PTR10,16,0,0,100.0,0.0,0.0,0.0,0.0,0.0,0.0,0.0,0.0,0.0,0.0,0.0,0.0,0.0,0.0,0.0
24,00:24,PTR6,15,0,0,100.0,0.0,0.0,0.0,0.0,0.0,0.0,0.0,0.0,0.0,0.0,0.0,0.0,0.0,0.0,0.0
24,00:24,PTR7,15,0,0,100.0,0.0,0.0,0.0,0.0,0.0,0.0,0.0,0.0,0.0,0.0,0.0,0.0,0.0,0.0,0.0
24,00:24,PTR8,16,0,0,100.0,0.0,0.0,0.0,0.0,0.0,0.0,0.0,0.0,0.0,0.0,0.0,0.0,0.0,0.0,0.0
24,00:24,PTR9,15,0,0,100.0,0.0,0.0,0.0,0.0,0.0,0.0,0.0,0.0,0.0,0.0,0.0,0.0,0.0,0.0,0.0
24,00:24,PTR10,16,0,0,100.0,0.0,0.0,0.0,0.0,0.0,0.0,0.0,0.0,0.0,0.0,0.0,0.0,0.0,0.0,0.0
25,00:25,PTR6,15,0,0,100.0,0.0,0.0,0.0,0.0,0.0,0.0,0.0,0.0,0.0,0.0,0.0,0.0,0.0,0.0,0.0
25,00:25,PTR7,15,0,0,100.0,0.0,0.0,0.0,0.0,0.0,0.0,0.0,0.0,0.0,0.0,0.0,0.0,0.0,0.0,0.0
25,00:25,PTR8,16,0,0,100.0,0.0,0.0,0.0,0.0,0.0,0.0,0.0,0.0,0.0,0.0,0.0,0.0,0.0,0.0,0.0
25,00:25,PTR9,15,0,0,100.0,0.0,0.0,0.0,0.0,0.0,0.0,0.0,0.0,0.0,0.0,0.0,0.0,0.0,0.0,0.0
25,00:25,PTR10,16,0,0,100.0,0.0,0.0,0.0,0.0,0.0,0.0,0.0,0.0,0.0,0.0,0.0,0.0,0.0,0.0,0.0
26,00:26,PTR6,15,0,0,100.0,0.0,0.0,0.0,0.0,0.0,0.0,0.0,0.0,0.0,0.0,0.0,0.0,0.0,0.0,0.0
26,00:26,PTR7,15,0,0,100.0,0.0,0.0,0.0,0.0,0.0,0.0,0.0,0.0,0.0,0.0,0.0,0.0,0.0,0.0,0.0
26,00:26,PTR8,16,0,0,100.0,0.0,0.0,0.0,0.0,0.0,0.0,0.0,0.0,0.0,0.0,0.0,0.0,0.0,0.0,0.0
26,00:26,PTR9,15,0,0,100.0,0.0,0.0,0.0,0.0,0.0,0.0,0.0,0.0,0.0,0.0,0.0,0.0,0.0,0.0,0.0
26,00:26,PTR10,16,0,0,100.0,0.0,0.0,0.0,0.0,0.0,0.0,0.0,0.0,0.0,0.0,0.0,0.0,0.0,0.0,0.0
27,00:27,PTR6,15,0,0,100.0,0.0,0.0,0.0,0.0,0.0,0.0,0.0,0.0,0.0,0.0,0.0,0.0,0.0,0.0,0.0
27,00:27,PTR7,15,0,0,100.0,0.0,0.0,0.0,0.0,0.0,0.0,0.0,0.0,0.0,0.0,0.0,0.0,0.0,0.0,0.0
27,00:27,PTR8,16,0,0,100.0,0.0,0.0,0.0,0.0,0.0,0.0,0.0,0.0,0.0,0.0,0.0,0.0,0.0,0.0,0.0
27,00:27,PTR9,15,0,0,100.0,0.0,0.0,0.0,0.0,0.0,0.0,0.0,0.0,0.0,0.0,0.0,0.0,0.0,0.0,0.0
27,00:27,PTR10,16,0,0,100.0,0.0,0.0,0.0,0.0,0.0,0.0,0.0,0.0,0.0,0.0,0.0,0.0,0.0,0.0,0.0
28,00:28,PTR6,15,0,0,100.0,0.0,0.0,0.0,0.0,0.0,0.0,0.0,0.0,0.0,0.0,0.0,0.0,0.0,0.0,0.0
28,00:28,PTR7,15,0,0,100.0,0.0,0.0,0.0,0.0,0.0,0.0,0.0,0.0,0.0,0.0,0.0,0.0,0.0,0.0,0.0
28,00:28,PTR8,16,0,0,100.0,0.0,0.0,0.0,0.0,0.0,0.0,0.0,0.0,0.0,0.0,0.0,0.0,0.0,0.0,0.0
28,00:28,PTR9,15,0,0,100.0,0.0,0.0,0.0,0.0,0.0,0.0,0.0,0.0,0.0,0.0,0.0,0.0,0.0,0.0,0.0
28,00:28,PTR10,16,0,0,100.0,0.0,0.0,0.0,0.0,0.0,0.0,0.0,0.0,0.0,0.0,0.0,0.0,0.0,0.0,0.0
29,00:29,PTR6,15,0,0,100.0,0.0,0.0,0.0,0.0,0.0,0.0,0.0,0.0,0.0,0.0,0.0,0.0,0.0,0.0,0.0
29,00:29,PTR7,15,0,0,100.0,0.0,0.0,0.0,0.0,0.0,0.0,0.0,0.0,0.0,0.0,0.0,0.0,0.0,0.0,0.0
29,00:29,PTR8,16,0,0,100.0,0.0,0.0,0.0,0.0,0.0,0.0,0.0,0.0,0.0,0.0,0.0,0.0,0.0,0.0,0.0
29,00:29,PTR9,15,0,0,100.0,0.0,0.0,0.0,0.0,0.0,0.0,0.0,0.0,0.0,0.0,0.0,0.0,0.0,0.0,0.0
29,00:29,PTR10,16,0,0,100.0,0.0,0.0,0.0,0.0,0.0,0.0,0.0,0.0,0.0,0.0,0.0,0.0,0.0,0.0,0.0
30,00:30,PTR6,15,0,0,100.0,0.0,0.0,0.0,0.0,0.0,0.0,0.0,0.0,0.0,0.0,0.0,0.0,0.0,0.0,0.0
30,00:30,PTR7,15,0,0,100.0,0.0,0.0,0.0,0.0,0.0,0.0,0.0,0.0,0.0,0.0,0.0,0.0,0.0,0.0,0.0
30,00:30,PTR8,16,0,0,100.0,0.0,0.0,0.0,0.0,0.0,0.0,0.0,0.0,0.0,0.0,0.0,0.0,0.0,0.0,0.0
30,00:30,PTR9,15,0,0,100.0,0.0,0.0,0.0,0.0,0.0,0.0,0.0,0.0,0.0,0.0,0.0,0.0,0.0,0.0,0.0
30,00:30,PTR10,16,0,0,100.0,0.0,0.0,0.0,0.0,0.0,0.0,0.0,0.0,0.0,0.0,0.0,0.0,0.0,0.0,0.0
31,00:31,PTR6,15,0,0,100.0,0.0,0.0,0.0,0.0,0.0,0.0,0.0,0.0,0.0,0.0,0.0,0.0,0.0,0.0,0.0
31,00:31,PTR7,15,0,0,100.0,0.0,0.0,0.0,0.0,0.0,0.0,0.0,0.0,0.0,0.0,0.0,0.0,0.0,0.0,0.0
31,00:31,PTR8,16,0,0,100.0,0.0,0.0,0.0,0.0,0.0,0.0,0.0,0.0,0.0,0.0,0.0,0.0,0.0,0.0,0.0
31,00:31,PTR9,15,0,0,100.0,0.0,0.0,0.0,0.0,0.0,0.0,0.0,0.0,0.0,0.0,0.0,0.0,0.0,0.0,0.0
31,00:31,PTR10,16,0,0,100.0,0.0,0.0,0.0,0.0,0.0,0.0,0.0,0.0,0.0,0.0,0.0,0.0,0.0,0.0,0.0
32,00:32,PTR6,15,0,0,100.0,0.0,0.0,0.0,0.0,0.0,0.0,0.0,0.0,0.0,0.0,0.0,0.0,0.0,0.0,0.0
32,00:32,PTR7,15,0,0,100.0,0.0,0.0,0.0,0.0,0.0,0.0,0.0,0.0,0.0,0.0,0.0,0.0,0.0,0.0,0.0
32,00:32,PTR8,16,0,0,100.0,0.0,0.0,0.0,0.0,0.0,0.0,0.0,0.0,0.0,0.0,0.0,0.0,0.0,0.0,0.0
32,00:32,PTR9,15,0,0,100.0,0.0,0.0,0.0,0.0,0.0,0.0,0.0,0.0,0.0,0.0,0.0,0.0,0.0,0.0,0.0
32,00:32,PTR10,16,0,0,100.0,0.0,0.0,0.0,0.0,0.0,0.0,0.0,0.0,0.0,0.0,0.0,0.0,0.0,0.0,0.0
33,00:33,PTR6,15,0,0,100.0,0.0,0.0,0.0,0.0,0.0,0.0,0.0,0.0,0.0,0.0,0.0,0.0,0.0,0.0,0.0
33,00:33,PTR7,15,0,0,100.0,0.0,0.0,0.0,0.0,0.0,0.0,0.0,0.0,0.0,0.0,0.0,0.0,0.0,0.0,0.0
33,00:33,PTR8,16,0,0,100.0,0.0,0.0,0.0,0.0,0.0,0.0,0.0,0.0,0.0,0.0,0.0,0.0,0.0,0.0,0.0
33,00:33,PTR9,15,0,0,100.0,0.0,0.0,0.0,0.0,0.0,0.0,0.0,0.0,0.0,0.0,0.0,0.0,0.0,0.0,0.0
33,00:33,PTR10,16,0,0,100.0,0.0,0.0,0.0,0.0,0.0,0.0,0.0,0.0,0.0,0.0,0.0,0.0,0.0,0.0,0.0
34,00:34,PTR6,15,0,0,100.0,0.0,0.0,0.0,0.0,0.0,0.0,0.0,0.0,0.0,0.0,0.0,0.0,0.0,0.0,0.0
34,00:34,PTR7,15,0,0,100.0,0.0,0.0,0.0,0.0,0.0,0.0,0.0,0.0,0.0,0.0,0.0,0.0,0.0,0.0,0.0
34,00:34,PTR8,16,0,0,100.0,0.0,0.0,0.0,0.0,0.0,0.0,0.0,0.0,0.0,0.0,0.0,0.0,0.0,0.0,0.0
34,00:34,PTR9,15,0,0,100.0,0.0,0.0,0.0,0.0,0.0,0.0,0.0,0.0,0.0,0.0,0.0,0.0,0.0,0.0,0.0
34,00:34,PTR10,16,0,0,100.0,0.0,0.0,0.0,0.0,0.0,0.0,0.0,0.0,0.0,0.0,0.0,0.0,0.0,0.0,0.0
35,00:35,PTR6,15,0,0,100.0,0.0,0.0,0.0,0.0,0.0,0.0,0.0,0.0,0.0,0.0,0.0,0.0,0.0,0.0,0.0
35,00:35,PTR7,15,0,0,100.0,0.0,0.0,0.0,0.0,0.0,0.0,0.0,0.0,0.0,0.0,0.0,0.0,0.0,0.0,0.0
35,00:35,PTR8,16,0,0,100.0,0.0,0.0,0.0,0.0,0.0,0.0,0.0,0.0,0.0,0.0,0.0,0.0,0.0,0.0,0.0
35,00:35,PTR9,15,0,0,100.0,0.0,0.0,0.0,0.0,0.0,0.0,0.0,0.0,0.0,0.0,0.0,0.0,0.0,0.0,0.0
35,00:35,PTR10,16,0,0,100.0,0.0,0.0,0.0,0.0,0.0,0.0,0.0,0.0,0.0,0.0,0.0,0.0,0.0,0.0,0.0
36,00:36,PTR6,15,0,0,100.0,0.0,0.0,0.0,0.0,0.0,0.0,0.0,0.0,0.0,0.0,0.0,0.0,0.0,0.0,0.0
36,00:36,PTR7,15,0,0,100.0,0.0,0.0,0.0,0.0,0.0,0.0,0.0,0.0,0.0,0.0,0.0,0.0,0.0,0.0,0.0
36,00:36,PTR8,16,0,0,100.0,0.0,0.0,0.0,0.0,0.0,0.0,0.0,0.0,0.0,0.0,0.0,0.0,0.0,0.0,0.0
36,00:36,PTR9,15,0,0,100.0,0.0,0.0,0.0,0.0,0.0,0.0,0.0,0.0,0.0,0.0,0.0,0.0,0.0,0.0,0.0
36,00:36,PTR10,16,0,0,100.0,0.0,0.0,0.0,0.0,0.0,0.0,0.0,0.0,0.0,0.0,0.0,0.0,0.0,0.0,0.0
37,00:37,PTR6,15,0,0,100.0,0.0,0.0,0.0,0.0,0.0,0.0,0.0,0.0,0.0,0.0,0.0,0.0,0.0,0.0,0.0
37,00:37,PTR7,15,0,0,100.0,0.0,0.0,0.0,0.0,0.0,0.0,0.0,0.0,0.0,0.0,0.0,0.0,0.0,0.0,0.0
37,00:37,PTR8,16,0,0,100.0,0.0,0.0,0.0,0.0,0.0,0.0,0.0,0.0,0.0,0.0,0.0,0.0,0.0,0.0,0.0
37,00:37,PTR9,15,0,0,100.0,0.0,0.0,0.0,0.0,0.0,0.0,0.0,0.0,0.0,0.0,0.0,0.0,0.0,0.0,0.0
37,00:37,PTR10,16,0,0,100.0,0.0,0.0,0.0,0.0,0.0,0.0,0.0,0.0,0.0,0.0,0.0,0.0,0.0,0.0,0.0
38,00:38,PTR6,15,0,0,100.0,0.0,0.0,0.0,0.0,0.0,0.0,0.0,0.0,0.0,0.0,0.0,0.0,0.0,0.0,0.0
38,00:38,PTR7,15,0,0,100.0,0.0,0.0,0.0,0.0,0.0,0.0,0.0,0.0,0.0,0.0,0.0,0.0,0.0,0.0,0.0
38,00:38,PTR8,16,0,0,100.0,0.0,0.0,0.0,0.0,0.0,0.0,0.0,0.0,0.0,0.0,0.0,0.0,0.0,0.0,0.0
38,00:38,PTR9,15,0,0,100.0,0.0,0.0,0.0,0.0,0.0,0.0,0.0,0.0,0.0,0.0,0.0,0.0,0.0,0.0,0.0
38,00:38,PTR10,16,0,0,100.0,0.0,0.0,0.0,0.0,0.0,0.0,0.0,0.0,0.0,0.0,0.0,0.0,0.0,0.0,0.0
39,00:39,PTR6,15,0,0,100.0,0.0,0.0,0.0,0.0,0.0,0.0,0.0,0.0,0.0,0.0,0.0,0.0,0.0,0.0,0.0
39,00:39,PTR7,15,0,0,100.0,0.0,0.0,0.0,0.0,0.0,0.0,0.0,0.0,0.0,0.0,0.0,0.0,0.0,0.0,0.0
39,00:39,PTR8,16,0,0,100.0,0.0,0.0,0.0,0.0,0.0,0.0,0.0,0.0,0.0,0.0,0.0,0.0,0.0,0.0,0.0
39,00:39,PTR9,15,0,0,100.0,0.0,0.0,0.0,0.0,0.0,0.0,0.0,0.0,0.0,0.0,0.0,0.0,0.0,0.0,0.0
39,00:39,PTR10,16,0,0,100.0,0.0,0.0,0.0,0.0,0.0,0.0,0.0,0.0,0.0,0.0,0.0,0.0,0.0,0.0,0.0
40,00:40,PTR6,15,0,0,100.0,0.0,0.0,0.0,0.0,0.0,0.0,0.0,0.0,0.0,0.0,0.0,0.0,0.0,0.0,0.0
40,00:40,PTR7,15,0,0,100.0,0.0,0.0,0.0,0.0,0.0,0.0,0.0,0.0,0.0,0.0,0.0,0.0,0.0,0.0,0.0
40,00:40,PTR8,16,0,0,100.0,0.0,0.0,0.0,0.0,0.0,0.0,0.0,0.0,0.0,0.0,0.0,0.0,0.0,0.0,0.0
40,00:40,PTR9,15,0,0,100.0,0.0,0.0,0.0,0.0,0.0,0.0,0.0,0.0,0.0,0.0,0.0,0.0,0.0,0.0,0.0
40,00:40,PTR10,16,0,0,100.0,0.0,0.0,0.0,0.0,0.0,0.0,0.0,0.0,0.0,0.0,0.0,0.0,0.0,0.0,0.0
41,00:41,PTR6,15,0,0,100.0,0.0,0.0,0.0,0.0,0.0,0.0,0.0,0.0,0.0,0.0,0.0,0.0,0.0,0.0,0.0
41,00:41,PTR7,15,0,0,100.0,0.0,0.0,0.0,0.0,0.0,0.0,0.0,0.0,0.0,0.0,0.0,0.0,0.0,0.0,0.0
41,00:41,PTR8,16,0,0,100.0,0.0,0.0,0.0,0.0,0.0,0.0,0.0,0.0,0.0,0.0,0.0,0.0,0.0,0.0,0.0
41,00:41,PTR9,15,0,0,100.0,0.0,0.0,0.0,0.0,0.0,0.0,0.0,0.0,0.0,0.0,0.0,0.0,0.0,0.0,0.0
41,00:41,PTR10,16,0,0,100.0,0.0,0.0,0.0,0.0,0.0,0.0,0.0,0.0,0.0,0.0,0.0,0.0,0.0,0.0,0.0
42,00:42,PTR6,15,0,0,100.0,0.0,0.0,0.0,0.0,0.0,0.0,0.0,0.0,0.0,0.0,0.0,0.0,0.0,0.0,0.0
42,00:42,PTR7,15,0,0,100.0,0.0,0.0,0.0,0.0,0.0,0.0,0.0,0.0,0.0,0.0,0.0,0.0,0.0,0.0,0.0
42,00:42,PTR8,16,0,0,100.0,0.0,0.0,0.0,0.0,0.0,0.0,0.0,0.0,0.0,0.0,0.0,0.0,0.0,0.0,0.0
42,00:42,PTR9,15,0,0,100.0,0.0,0.0,0.0,0.0,0.0,0.0,0.0,0.0,0.0,0.0,0.0,0.0,0.0,0.0,0.0
42,00:42,PTR10,16,0,0,100.0,0.0,0.0,0.0,0.0,0.0,0.0,0.0,0.0,0.0,0.0,0.0,0.0,0.0,0.0,0.0
43,00:43,PTR6,15,0,0,100.0,0.0,0.0,0.0,0.0,0.0,0.0,0.0,0.0,0.0,0.0,0.0,0.0,0.0,0.0,0.0
43,00:43,PTR7,15,0,0,100.0,0.0,0.0,0.0,0.0,0.0,0.0,0.0,0.0,0.0,0.0,0.0,0.0,0.0,0.0,0.0
43,00:43,PTR8,16,0,0,100.0,0.0,0.0,0.0,0.0,0.0,0.0,0.0,0.0,0.0,0.0,0.0,0.0,0.0,0.0,0.0
43,00:43,PTR9,15,0,0,100.0,0.0,0.0,0.0,0.0,0.0,0.0,0.0,0.0,0.0,0.0,0.0,0.0,0.0,0.0,0.0
43,00:43,PTR10,16,0,0,100.0,0.0,0.0,0.0,0.0,0.0,0.0,0.0,0.0,0.0,0.0,0.0,0.0,0.0,0.0,0.0
44,00:44,PTR6,15,0,0,100.0,0.0,0.0,0.0,0.0,0.0,0.0,0.0,0.0,0.0,0.0,0.0,0.0,0.0,0.0,0.0
44,00:44,PTR7,15,0,0,100.0,0.0,0.0,0.0,0.0,0.0,0.0,0.0,0.0,0.0,0.0,0.0,0.0,0.0,0.0,0.0
44,00:44,PTR8,16,0,0,100.0,0.0,0.0,0.0,0.0,0.0,0.0,0.0,0.0,0.0,0.0,0.0,0.0,0.0,0.0,0.0
44,00:44,PTR9,15,0,0,100.0,0.0,0.0,0.0,0.0,0.0,0.0,0.0,0.0,0.0,0.0,0.0,0.0,0.0,0.0,0.0
44,00:44,PTR10,16,0,0,100.0,0.0,0.0,0.0,0.0,0.0,0.0,0.0,0.0,0.0,0.0,0.0,0.0,0.0,0.0,0.0
45,00:45,PTR6,15,0,0,100.0,0.0,0.0,0.0,0.0,0.0,0.0,0.0,0.0,0.0,0.0,0.0,0.0,0.0,0.0,0.0
45,00:45,PTR7,15,0,0,100.0,0.0,0.0,0.0,0.0,0.0,0.0,0.0,0.0,0.0,0.0,0.0,0.0,0.0,0.0,0.0
45,00:45,PTR8,16,0,0,100.0,0.0,0.0,0.0,0.0,0.0,0.0,0.0,0.0,0.0,0.0,0.0,0.0,0.0,0.0,0.0
45,00:45,PTR9,15,0,0,100.0,0.0,0.0,0.0,0.0,0.0,0.0,0.0,0.0,0.0,0.0,0.0,0.0,0.0,0.0,0.0
45,00:45,PTR10,16,0,0,100.0,0.0,0.0,0.0,0.0,0.0,0.0,0.0,0.0,0.0,0.0,0.0,0.0,0.0,0.0,0.0
46,00:46,PTR6,15,0,0,100.0,0.0,0.0,0.0,0.0,0.0,0.0,0.0,0.0,0.0,0.0,0.0,0.0,0.0,0.0,0.0
46,00:46,PTR7,15,0,0,100.0,0.0,0.0,0.0,0.0,0.0,0.0,0.0,0.0,0.0,0.0,0.0,0.0,0.0,0.0,0.0
46,00:46,PTR8,16,0,0,100.0,0.0,0.0,0.0,0.0,0.0,0.0,0.0,0.0,0.0,0.0,0.0,0.0,0.0,0.0,0.0
46,00:46,PTR9,15,0,0,100.0,0.0,0.0,0.0,0.0,0.0,0.0,0.0,0.0,0.0,0.0,0.0,0.0,0.0,0.0,0.0
46,00:46,PTR10,16,0,0,100.0,0.0,0.0,0.0,0.0,0.0,0.0,0.0,0.0,0.0,0.0,0.0,0.0,0.0,0.0,0.0
47,00:47,PTR6,15,0,0,100.0,0.0,0.0,0.0,0.0,0.0,0.0,0.0,0.0,0.0,0.0,0.0,0.0,0.0,0.0,0.0
47,00:47,PTR7,15,0,0,100.0,0.0,0.0,0.0,0.0,0.0,0.0,0.0,0.0,0.0,0.0,0.0,0.0,0.0,0.0,0.0
47,00:47,PTR8,16,0,0,100.0,0.0,0.0,0.0,0.0,0.0,0.0,0.0,0.0,0.0,0.0,0.0,0.0,0.0,0.0,0.0
47,00:47,PTR9,15,0,0,100.0,0.0,0.0,0.0,0.0,0.0,0.0,0.0,0.0,0.0,0.0,0.0,0.0,0.0,0.0,0.0
47,00:47,PTR10,16,0,0,100.0,0.0,0.0,0.0,0.0,0.0,0.0,0.0,0.0,0.0,0.0,0.0,0.0,0.0,0.0,0.0
48,00:48,PTR6,15,0,0,100.0,0.0,0.0,0.0,0.0,0.0,0.0,0.0,0.0,0.0,0.0,0.0,0.0,0.0,0.0,0.0
48,00:48,PTR7,15,0,0,100.0,0.0,0.0,0.0,0.0,0.0,0.0,0.0,0.0,0.0,0.0,0.0,0.0,0.0,0.0,0.0
48,00:48,PTR8,16,0,0,100.0,0.0,0.0,0.0,0.0,0.0,0.0,0.0,0.0,0.0,0.0,0.0,0.0,0.0,0.0,0.0
48,00:48,PTR9,15,0,0,100.0,0.0,0.0,0.0,0.0,0.0,0.0,0.0,0.0,0.0,0.0,0.0,0.0,0.0,0.0,0.0
48,00:48,PTR10,16,0,0,100.0,0.0,0.0,0.0,0.0,0.0,0.0,0.0,0.0,0.0,0.0,0.0,0.0,0.0,0.0,0.0
49,00:49,PTR6,15,0,0,100.0,0.0,0.0,0.0,0.0,0.0,0.0,0.0,0.0,0.0,0.0,0.0,0.0,0.0,0.0,0.0
49,00:49,PTR7,15,0,0,100.0,0.0,0.0,0.0,0.0,0.0,0.0,0.0,0.0,0.0,0.0,0.0,0.0,0.0,0.0,0.0
49,00:49,PTR8,16,0,0,100.0,0.0,0.0,0.0,0.0,0.0,0.0,0.0,0.0,0.0,0.0,0.0,0.0,0.0,0.0,0.0
49,00:49,PTR9,15,0,0,100.0,0.0,0.0,0.0,0.0,0.0,0.0,0.0,0.0,0.0,0.0,0.0,0.0,0.0,0.0,0.0
49,00:49,PTR10,16,0,0,100.0,0.0,0.0,0.0,0.0,0.0,0.0,0.0,0.0,0.0,0.0,0.0,0.0,0.0,0.0,0.0
50,00:50,PTR6,15,0,0,100.0,0.0,0.0,0.0,0.0,0.0,0.0,0.0,0.0,0.0,0.0,0.0,0.0,0.0,0.0,0.0
50,00:50,PTR7,15,0,0,100.0,0.0,0.0,0.0,0.0,0.0,0.0,0.0,0.0,0.0,0.0,0.0,0.0,0.0,0.0,0.0
50,00:50,PTR8,16,0,0,100.0,0.0,0.0,0.0,0.0,0.0,0.0,0.0,0.0,0.0,0.0,0.0,0.0,0.0,0.0,0.0
50,00:50,PTR9,15,0,0,100.0,0.0,0.0,0.0,0.0,0.0,0.0,0.0,0.0,0.0,0.0,0.0,0.0,0.0,0.0,0.0
50,00:50,PTR10,16,0,0,100.0,0.0,0.0,0.0,0.0,0.0,0.0,0.0,0.0,0.0,0.0,0.0,0.0,0.0,0.0,0.0
51,00:51,PTR6,15,0,0,100.0,0.0,0.0,0.0,0.0,0.0,0.0,0.0,0.0,0.0,0.0,0.0,0.0,0.0,0.0,0.0
51,00:51,PTR7,15,0,0,100.0,0.0,0.0,0.0,0.0,0.0,0.0,0.0,0.0,0.0,0.0,0.0,0.0,0.0,0.0,0.0
51,00:51,PTR8,16,0,0,100.0,0.0,0.0,0.0,0.0,0.0,0.0,0.0,0.0,0.0,0.0,0.0,0.0,0.0,0.0,0.0
51,00:51,PTR9,15,0,0,100.0,0.0,0.0,0.0,0.0,0.0,0.0,0.0,0.0,0.0,0.0,0.0,0.0,0.0,0.0,0.0
51,00:51,PTR10,16,0,0,100.0,0.0,0.0,0.0,0.0,0.0,0.0,0.0,0.0,0.0,0.0,0.0,0.0,0.0,0.0,0.0
52,00:52,PTR6,15,0,0,100.0,0.0,0.0,0.0,0.0,0.0,0.0,0.0,0.0,0.0,0.0,0.0,0.0,0.0,0.0,0.0
52,00:52,PTR7,15,0,0,100.0,0.0,0.0,0.0,0.0,0.0,0.0,0.0,0.0,0.0,0.0,0.0,0.0,0.0,0.0,0.0
52,00:52,PTR8,16,0,0,100.0,0.0,0.0,0.0,0.0,0.0,0.0,0.0,0.0,0.0,0.0,0.0,0.0,0.0,0.0,0.0
52,00:52,PTR9,15,0,0,100.0,0.0,0.0,0.0,0.0,0.0,0.0,0.0,0.0,0.0,0.0,0.0,0.0,0.0,0.0,0.0
52,00:52,PTR10,16,0,0,100.0,0.0,0.0,0.0,0.0,0.0,0.0,0.0,0.0,0.0,0.0,0.0,0.0,0.0,0.0,0.0
53,00:53,PTR6,15,0,0,100.0,0.0,0.0,0.0,0.0,0.0,0.0,0.0,0.0,0.0,0.0,0.0,0.0,0.0,0.0,0.0
53,00:53,PTR7,15,0,0,100.0,0.0,0.0,0.0,0.0,0.0,0.0,0.0,0.0,0.0,0.0,0.0,0.0,0.0,0.0,0.0
53,00:53,PTR8,16,0,0,100.0,0.0,0.0,0.0,0.0,0.0,0.0,0.0,0.0,0.0,0.0,0.0,0.0,0.0,0.0,0.0
53,00:53,PTR9,15,0,0,100.0,0.0,0.0,0.0,0.0,0.0,0.0,0.0,0.0,0.0,0.0,0.0,0.0,0.0,0.0,0.0
53,00:53,PTR10,16,0,0,100.0,0.0,0.0,0.0,0.0,0.0,0.0,0.0,0.0,0.0,0.0,0.0,0.0,0.0,0.0,0.0
54,00:54,PTR6,15,0,0,100.0,0.0,0.0,0.0,0.0,0.0,0.0,0.0,0.0,0.0,0.0,0.0,0.0,0.0,0.0,0.0
54,00:54,PTR7,15,0,0,100.0,0.0,0.0,0.0,0.0,0.0,0.0,0.0,0.0,0.0,0.0,0.0,0.0,0.0,0.0,0.0
54,00:54,PTR8,16,0,0,100.0,0.0,0.0,0.0,0.0,0.0,0.0,0.0,0.0,0.0,0.0,0.0,0.0,0.0,0.0,0.0
54,00:54,PTR9,15,0,0,100.0,0.0,0.0,0.0,0.0,0.0,0.0,0.0,0.0,0.0,0.0,0.0,0.0,0.0,0.0,0.0
54,00:54,PTR10,16,0,0,100.0,0.0,0.0,0.0,0.0,0.0,0.0,0.0,0.0,0.0,0.0,0.0,0.0,0.0,0.0,0.0
55,00:55,PTR6,15,0,0,100.0,0.0,0.0,0.0,0.0,0.0,0.0,0.0,0.0,0.0,0.0,0.0,0.0,0.0,0.0,0.0
55,00:55,PTR7,15,0,0,100.0,0.0,0.0,0.0,0.0,0.0,0.0,0.0,0.0,0.0,0.0,0.0,0.0,0.0,0.0,0.0
55,00:55,PTR8,16,0,0,100.0,0.0,0.0,0.0,0.0,0.0,0.0,0.0,0.0,0.0,0.0,0.0,0.0,0.0,0.0,0.0
55,00:55,PTR9,15,0,0,100.0,0.0,0.0,0.0,0.0,0.0,0.0,0.0,0.0,0.0,0.0,0.0,0.0,0.0,0.0,0.0
55,00:55,PTR10,16,0,0,100.0,0.0,0.0,0.0,0.0,0.0,0.0,0.0,0.0,0.0,0.0,0.0,0.0,0.0,0.0,0.0
56,00:56,PTR6,15,0,0,100.0,0.0,0.0,0.0,0.0,0.0,0.0,0.0,0.0,0.0,0.0,0.0,0.0,0.0,0.0,0.0
56,00:56,PTR7,15,0,0,100.0,0.0,0.0,0.0,0.0,0.0,0.0,0.0,0.0,0.0,0.0,0.0,0.0,0.0,0.0,0.0
56,00:56,PTR8,16,0,0,100.0,0.0,0.0,0.0,0.0,0.0,0.0,0.0,0.0,0.0,0.0,0.0,0.0,0.0,0.0,0.0
56,00:56,PTR9,15,0,0,100.0,0.0,0.0,0.0,0.0,0.0,0.0,0.0,0.0,0.0,0.0,0.0,0.0,0.0,0.0,0.0
56,00:56,PTR10,16,0,0,100.0,0.0,0.0,0.0,0.0,0.0,0.0,0.0,0.0,0.0,0.0,0.0,0.0,0.0,0.0,0.0
57,00:57,PTR6,15,0,0,100.0,0.0,0.0,0.0,0.0,0.0,0.0,0.0,0.0,0.0,0.0,0.0,0.0,0.0,0.0,0.0
57,00:57,PTR7,15,0,0,100.0,0.0,0.0,0.0,0.0,0.0,0.0,0.0,0.0,0.0,0.0,0.0,0.0,0.0,0.0,0.0
57,00:57,PTR8,16,0,0,100.0,0.0,0.0,0.0,0.0,0.0,0.0,0.0,0.0,0.0,0.0,0.0,0.0,0.0,0.0,0.0
57,00:57,PTR9,15,0,0,100.0,0.0,0.0,0.0,0.0,0.0,0.0,0.0,0.0,0.0,0.0,0.0,0.0,0.0,0.0,0.0
57,00:57,PTR10,16,0,0,100.0,0.0,0.0,0.0,0.0,0.0,0.0,0.0,0.0,0.0,0.0,0.0,0.0,0.0,0.0,0.0
58,00:58,PTR6,15,0,0,100.0,0.0,0.0,0.0,0.0,0.0,0.0,0.0,0.0,0.0,0.0,0.0,0.0,0.0,0.0,0.0
58,00:58,PTR7,15,0,0,100.0,0.0,0.0,0.0,0.0,0.0,0.0,0.0,0.0,0.0,0.0,0.0,0.0,0.0,0.0,0.0
58,00:58,PTR8,16,0,0,100.0,0.0,0.0,0.0,0.0,0.0,0.0,0.0,0.0,0.0,0.0,0.0,0.0,0.0,0.0,0.0
58,00:58,PTR9,15,0,0,100.0,0.0,0.0,0.0,0.0,0.0,0.0,0.0,0.0,0.0,0.0,0.0,0.0,0.0,0.0,0.0
58,00:58,PTR10,16,0,0,100.0,0.0,0.0,0.0,0.0,0.0,0.0,0.0,0.0,0.0,0.0,0.0,0.0,0.0,0.0,0.0
59,00:59,PTR6,15,0,0,100.0,0.0,0.0,0.0,0.0,0.0,0.0,0.0,0.0,0.0,0.0,0.0,0.0,0.0,0.0,0.0
59,00:59,PTR7,15,0,0,100.0,0.0,0.0,0.0,0.0,0.0,0.0,0.0,0.0,0.0,0.0,0.0,0.0,0.0,0.0,0.0
59,00:59,PTR8,16,0,0,100.0,0.0,0.0,0.0,0.0,0.0,0.0,0.0,0.0,0.0,0.0,0.0,0.0,0.0,0.0,0.0
59,00:59,PTR9,15,0,0,100.0,0.0,0.0,0.0,0.0,0.0,0.0,0.0,0.0,0.0,0.0,0.0,0.0,0.0,0.0,0.0
59,00:59,PTR10,16,0,0,100.0,0.0,0.0,0.0,0.0,0.0,0.0,0.0,0.0,0.0,0.0,0.0,0.0,0.0,0.0,0.0
60,01:00,PTR6,15,0,0,100.0,0.0,0.0,0.0,0.0,0.0,0.0,0.0,0.0,0.0,0.0,0.0,0.0,0.0,0.0,0.0
60,01:00,PTR7,15,0,0,100.0,0.0,0.0,0.0,0.0,0.0,0.0,0.0,0.0,0.0,0.0,0.0,0.0,0.0,0.0,0.0
60,01:00,PTR8,16,0,0,100.0,0.0,0.0,0.0,0.0,0.0,0.0,0.0,0.0,0.0,0.0,0.0,0.0,0.0,0.0,0.0
60,01:00,PTR9,15,0,0,100.0,0.0,0.0,0.0,0.0,0.0,0.0,0.0,0.0,0.0,0.0,0.0,0.0,0.0,0.0,0.0
60,01:00,PTR10,16,0,0,100.0,0.0,0.0,0.0,0.0,0.0,0.0,0.0,0.0,0.0,0.0,0.0,0.0,0.0,0.0,0.0
61,01:01,PTR6,15,0,0,100.0,0.0,0.0,0.0,0.0,0.0,0.0,0.0,0.0,0.0,0.0,0.0,0.0,0.0,0.0,0.0
61,01:01,PTR7,15,0,0,100.0,0.0,0.0,0.0,0.0,0.0,0.0,0.0,0.0,0.0,0.0,0.0,0.0,0.0,0.0,0.0
61,01:01,PTR8,16,0,0,100.0,0.0,0.0,0.0,0.0,0.0,0.0,0.0,0.0,0.0,0.0,0.0,0.0,0.0,0.0,0.0
61,01:01,PTR9,15,0,0,100.0,0.0,0.0,0.0,0.0,0.0,0.0,0.0,0.0,0.0,0.0,0.0,0.0,0.0,0.0,0.0
61,01:01,PTR10,16,0,0,100.0,0.0,0.0,0.0,0.0,0.0,0.0,0.0,0.0,0.0,0.0,0.0,0.0,0.0,0.0,0.0
62,01:02,PTR6,15,0,0,100.0,0.0,0.0,0.0,0.0,0.0,0.0,0.0,0.0,0.0,0.0,0.0,0.0,0.0,0.0,0.0
62,01:02,PTR7,15,0,0,100.0,0.0,0.0,0.0,0.0,0.0,0.0,0.0,0.0,0.0,0.0,0.0,0.0,0.0,0.0,0.0
62,01:02,PTR8,16,0,0,100.0,0.0,0.0,0.0,0.0,0.0,0.0,0.0,0.0,0.0,0.0,0.0,0.0,0.0,0.0,0.0
62,01:02,PTR9,15,0,0,100.0,0.0,0.0,0.0,0.0,0.0,0.0,0.0,0.0,0.0,0.0,0.0,0.0,0.0,0.0,0.0
62,01:02,PTR10,16,0,0,100.0,0.0,0.0,0.0,0.0,0.0,0.0,0.0,0.0,0.0,0.0,0.0,0.0,0.0,0.0,0.0
63,01:03,PTR6,15,0,0,100.0,0.0,0.0,0.0,0.0,0.0,0.0,0.0,0.0,0.0,0.0,0.0,0.0,0.0,0.0,0.0
63,01:03,PTR7,15,0,0,100.0,0.0,0.0,0.0,0.0,0.0,0.0,0.0,0.0,0.0,0.0,0.0,0.0,0.0,0.0,0.0
63,01:03,PTR8,16,0,0,100.0,0.0,0.0,0.0,0.0,0.0,0.0,0.0,0.0,0.0,0.0,0.0,0.0,0.0,0.0,0.0
63,01:03,PTR9,15,0,0,100.0,0.0,0.0,0.0,0.0,0.0,0.0,0.0,0.0,0.0,0.0,0.0,0.0,0.0,0.0,0.0
63,01:03,PTR10,16,0,0,100.0,0.0,0.0,0.0,0.0,0.0,0.0,0.0,0.0,0.0,0.0,0.0,0.0,0.0,0.0,0.0
64,01:04,PTR6,15,0,0,100.0,0.0,0.0,0.0,0.0,0.0,0.0,0.0,0.0,0.0,0.0,0.0,0.0,0.0,0.0,0.0
64,01:04,PTR7,15,0,0,100.0,0.0,0.0,0.0,0.0,0.0,0.0,0.0,0.0,0.0,0.0,0.0,0.0,0.0,0.0,0.0
64,01:04,PTR8,16,0,0,100.0,0.0,0.0,0.0,0.0,0.0,0.0,0.0,0.0,0.0,0.0,0.0,0.0,0.0,0.0,0.0
64,01:04,PTR9,15,0,0,100.0,0.0,0.0,0.0,0.0,0.0,0.0,0.0,0.0,0.0,0.0,0.0,0.0,0.0,0.0,0.0
64,01:04,PTR10,16,0,0,100.0,0.0,0.0,0.0,0.0,0.0,0.0,0.0,0.0,0.0,0.0,0.0,0.0,0.0,0.0,0.0
65,01:05,PTR6,15,0,0,100.0,0.0,0.0,0.0,0.0,0.0,0.0,0.0,0.0,0.0,0.0,0.0,0.0,0.0,0.0,0.0
65,01:05,PTR7,15,0,0,100.0,0.0,0.0,0.0,0.0,0.0,0.0,0.0,0.0,0.0,0.0,0.0,0.0,0.0,0.0,0.0
65,01:05,PTR8,16,0,0,100.0,0.0,0.0,0.0,0.0,0.0,0.0,0.0,0.0,0.0,0.0,0.0,0.0,0.0,0.0,0.0
65,01:05,PTR9,15,0,0,100.0,0.0,0.0,0.0,0.0,0.0,0.0,0.0,0.0,0.0,0.0,0.0,0.0,0.0,0.0,0.0
65,01:05,PTR10,16,0,0,100.0,0.0,0.0,0.0,0.0,0.0,0.0,0.0,0.0,0.0,0.0,0.0,0.0,0.0,0.0,0.0
66,01:06,PTR6,15,0,0,100.0,0.0,0.0,0.0,0.0,0.0,0.0,0.0,0.0,0.0,0.0,0.0,0.0,0.0,0.0,0.0
66,01:06,PTR7,15,0,0,100.0,0.0,0.0,0.0,0.0,0.0,0.0,0.0,0.0,0.0,0.0,0.0,0.0,0.0,0.0,0.0
66,01:06,PTR8,16,0,0,100.0,0.0,0.0,0.0,0.0,0.0,0.0,0.0,0.0,0.0,0.0,0.0,0.0,0.0,0.0,0.0
66,01:06,PTR9,15,0,0,100.0,0.0,0.0,0.0,0.0,0.0,0.0,0.0,0.0,0.0,0.0,0.0,0.0,0.0,0.0,0.0
66,01:06,PTR10,16,0,0,100.0,0.0,0.0,0.0,0.0,0.0,0.0,0.0,0.0,0.0,0.0,0.0,0.0,0.0,0.0,0.0
67,01:07,PTR6,15,0,0,100.0,0.0,0.0,0.0,0.0,0.0,0.0,0.0,0.0,0.0,0.0,0.0,0.0,0.0,0.0,0.0
67,01:07,PTR7,15,0,0,100.0,0.0,0.0,0.0,0.0,0.0,0.0,0.0,0.0,0.0,0.0,0.0,0.0,0.0,0.0,0.0
67,01:07,PTR8,16,0,0,100.0,0.0,0.0,0.0,0.0,0.0,0.0,0.0,0.0,0.0,0.0,0.0,0.0,0.0,0.0,0.0
67,01:07,PTR9,15,0,0,100.0,0.0,0.0,0.0,0.0,0.0,0.0,0.0,0.0,0.0,0.0,0.0,0.0,0.0,0.0,0.0
67,01:07,PTR10,16,0,0,100.0,0.0,0.0,0.0,0.0,0.0,0.0,0.0,0.0,0.0,0.0,0.0,0.0,0.0,0.0,0.0
68,01:08,PTR6,15,0,0,100.0,0.0,0.0,0.0,0.0,0.0,0.0,0.0,0.0,0.0,0.0,0.0,0.0,0.0,0.0,0.0
68,01:08,PTR7,15,0,0,100.0,0.0,0.0,0.0,0.0,0.0,0.0,0.0,0.0,0.0,0.0,0.0,0.0,0.0,0.0,0.0
68,01:08,PTR8,16,0,0,100.0,0.0,0.0,0.0,0.0,0.0,0.0,0.0,0.0,0.0,0.0,0.0,0.0,0.0,0.0,0.0
68,01:08,PTR9,15,0,0,100.0,0.0,0.0,0.0,0.0,0.0,0.0,0.0,0.0,0.0,0.0,0.0,0.0,0.0,0.0,0.0
68,01:08,PTR10,16,0,0,100.0,0.0,0.0,0.0,0.0,0.0,0.0,0.0,0.0,0.0,0.0,0.0,0.0,0.0,0.0,0.0
69,01:09,PTR6,15,0,0,100.0,0.0,0.0,0.0,0.0,0.0,0.0,0.0,0.0,0.0,0.0,0.0,0.0,0.0,0.0,0.0
69,01:09,PTR7,15,0,0,100.0,0.0,0.0,0.0,0.0,0.0,0.0,0.0,0.0,0.0,0.0,0.0,0.0,0.0,0.0,0.0
69,01:09,PTR8,16,0,0,100.0,0.0,0.0,0.0,0.0,0.0,0.0,0.0,0.0,0.0,0.0,0.0,0.0,0.0,0.0,0.0
69,01:09,PTR9,15,0,0,100.0,0.0,0.0,0.0,0.0,0.0,0.0,0.0,0.0,0.0,0.0,0.0,0.0,0.0,0.0,0.0
69,01:09,PTR10,16,0,0,100.0,0.0,0.0,0.0,0.0,0.0,0.0,0.0,0.0,0.0,0.0,0.0,0.0,0.0,0.0,0.0
70,01:10,PTR6,15,0,0,100.0,0.0,0.0,0.0,0.0,0.0,0.0,0.0,0.0,0.0,0.0,0.0,0.0,0.0,0.0,0.0
70,01:10,PTR7,15,0,0,100.0,0.0,0.0,0.0,0.0,0.0,0.0,0.0,0.0,0.0,0.0,0.0,0.0,0.0,0.0,0.0
70,01:10,PTR8,16,0,0,100.0,0.0,0.0,0.0,0.0,0.0,0.0,0.0,0.0,0.0,0.0,0.0,0.0,0.0,0.0,0.0
70,01:10,PTR9,15,0,0,100.0,0.0,0.0,0.0,0.0,0.0,0.0,0.0,0.0,0.0,0.0,0.0,0.0,0.0,0.0,0.0
70,01:10,PTR10,16,0,0,100.0,0.0,0.0,0.0,0.0,0.0,0.0,0.0,0.0,0.0,0.0,0.0,0.0,0.0,0.0,0.0
71,01:11,PTR6,15,0,0,100.0,0.0,0.0,0.0,0.0,0.0,0.0,0.0,0.0,0.0,0.0,0.0,0.0,0.0,0.0,0.0
71,01:11,PTR7,15,0,0,100.0,0.0,0.0,0.0,0.0,0.0,0.0,0.0,0.0,0.0,0.0,0.0,0.0,0.0,0.0,0.0
71,01:11,PTR8,16,0,0,100.0,0.0,0.0,0.0,0.0,0.0,0.0,0.0,0.0,0.0,0.0,0.0,0.0,0.0,0.0,0.0
71,01:11,PTR9,15,0,0,100.0,0.0,0.0,0.0,0.0,0.0,0.0,0.0,0.0,0.0,0.0,0.0,0.0,0.0,0.0,0.0
71,01:11,PTR10,16,0,0,100.0,0.0,0.0,0.0,0.0,0.0,0.0,0.0,0.0,0.0,0.0,0.0,0.0,0.0,0.0,0.0
72,01:12,PTR6,15,0,0,100.0,0.0,0.0,0.0,0.0,0.0,0.0,0.0,0.0,0.0,0.0,0.0,0.0,0.0,0.0,0.0
72,01:12,PTR7,15,0,0,100.0,0.0,0.0,0.0,0.0,0.0,0.0,0.0,0.0,0.0,0.0,0.0,0.0,0.0,0.0,0.0
72,01:12,PTR8,16,0,0,100.0,0.0,0.0,0.0,0.0,0.0,0.0,0.0,0.0,0.0,0.0,0.0,0.0,0.0,0.0,0.0
72,01:12,PTR9,15,0,0,100.0,0.0,0.0,0.0,0.0,0.0,0.0,0.0,0.0,0.0,0.0,0.0,0.0,0.0,0.0,0.0
72,01:12,PTR10,16,0,0,100.0,0.0,0.0,0.0,0.0,0.0,0.0,0.0,0.0,0.0,0.0,0.0,0.0,0.0,0.0,0.0
73,01:13,PTR6,15,0,0,100.0,0.0,0.0,0.0,0.0,0.0,0.0,0.0,0.0,0.0,0.0,0.0,0.0,0.0,0.0,0.0
73,01:13,PTR7,15,0,0,100.0,0.0,0.0,0.0,0.0,0.0,0.0,0.0,0.0,0.0,0.0,0.0,0.0,0.0,0.0,0.0
73,01:13,PTR8,16,0,0,100.0,0.0,0.0,0.0,0.0,0.0,0.0,0.0,0.0,0.0,0.0,0.0,0.0,0.0,0.0,0.0
73,01:13,PTR9,15,0,0,100.0,0.0,0.0,0.0,0.0,0.0,0.0,0.0,0.0,0.0,0.0,0.0,0.0,0.0,0.0,0.0
73,01:13,PTR10,16,0,0,100.0,0.0,0.0,0.0,0.0,0.0,0.0,0.0,0.0,0.0,0.0,0.0,0.0,0.0,0.0,0.0
74,01:14,PTR6,15,0,0,100.0,0.0,0.0,0.0,0.0,0.0,0.0,0.0,0.0,0.0,0.0,0.0,0.0,0.0,0.0,0.0
74,01:14,PTR7,15,0,0,100.0,0.0,0.0,0.0,0.0,0.0,0.0,0.0,0.0,0.0,0.0,0.0,0.0,0.0,0.0,0.0
74,01:14,PTR8,16,0,0,100.0,0.0,0.0,0.0,0.0,0.0,0.0,0.0,0.0,0.0,0.0,0.0,0.0,0.0,0.0,0.0
74,01:14,PTR9,15,0,0,100.0,0.0,0.0,0.0,0.0,0.0,0.0,0.0,0.0,0.0,0.0,0.0,0.0,0.0,0.0,0.0
74,01:14,PTR10,16,0,0,100.0,0.0,0.0,0.0,0.0,0.0,0.0,0.0,0.0,0.0,0.0,0.0,0.0,0.0,0.0,0.0
75,01:15,PTR6,15,0,0,100.0,0.0,0.0,0.0,0.0,0.0,0.0,0.0,0.0,0.0,0.0,0.0,0.0,0.0,0.0,0.0
75,01:15,PTR7,15,0,0,100.0,0.0,0.0,0.0,0.0,0.0,0.0,0.0,0.0,0.0,0.0,0.0,0.0,0.0,0.0,0.0
75,01:15,PTR8,16,0,0,100.0,0.0,0.0,0.0,0.0,0.0,0.0,0.0,0.0,0.0,0.0,0.0,0.0,0.0,0.0,0.0
75,01:15,PTR9,15,0,0,100.0,0.0,0.0,0.0,0.0,0.0,0.0,0.0,0.0,0.0,0.0,0.0,0.0,0.0,0.0,0.0
75,01:15,PTR10,16,0,0,100.0,0.0,0.0,0.0,0.0,0.0,0.0,0.0,0.0,0.0,0.0,0.0,0.0,0.0,0.0,0.0
76,01:16,PTR6,15,0,0,100.0,0.0,0.0,0.0,0.0,0.0,0.0,0.0,0.0,0.0,0.0,0.0,0.0,0.0,0.0,0.0
76,01:16,PTR7,15,0,0,100.0,0.0,0.0,0.0,0.0,0.0,0.0,0.0,0.0,0.0,0.0,0.0,0.0,0.0,0.0,0.0
76,01:16,PTR8,16,0,0,100.0,0.0,0.0,0.0,0.0,0.0,0.0,0.0,0.0,0.0,0.0,0.0,0.0,0.0,0.0,0.0
76,01:16,PTR9,15,0,0,100.0,0.0,0.0,0.0,0.0,0.0,0.0,0.0,0.0,0.0,0.0,0.0,0.0,0.0,0.0,0.0
76,01:16,PTR10,16,0,0,100.0,0.0,0.0,0.0,0.0,0.0,0.0,0.0,0.0,0.0,0.0,0.0,0.0,0.0,0.0,0.0
77,01:17,PTR6,15,0,0,100.0,0.0,0.0,0.0,0.0,0.0,0.0,0.0,0.0,0.0,0.0,0.0,0.0,0.0,0.0,0.0
77,01:17,PTR7,15,0,0,100.0,0.0,0.0,0.0,0.0,0.0,0.0,0.0,0.0,0.0,0.0,0.0,0.0,0.0,0.0,0.0
77,01:17,PTR8,16,0,0,100.0,0.0,0.0,0.0,0.0,0.0,0.0,0.0,0.0,0.0,0.0,0.0,0.0,0.0,0.0,0.0
77,01:17,PTR9,15,0,0,100.0,0.0,0.0,0.0,0.0,0.0,0.0,0.0,0.0,0.0,0.0,0.0,0.0,0.0,0.0,0.0
77,01:17,PTR10,16,0,0,100.0,0.0,0.0,0.0,0.0,0.0,0.0,0.0,0.0,0.0,0.0,0.0,0.0,0.0,0.0,0.0
78,01:18,PTR6,15,0,0,100.0,0.0,0.0,0.0,0.0,0.0,0.0,0.0,0.0,0.0,0.0,0.0,0.0,0.0,0.0,0.0
78,01:18,PTR7,15,0,0,100.0,0.0,0.0,0.0,0.0,0.0,0.0,0.0,0.0,0.0,0.0,0.0,0.0,0.0,0.0,0.0
78,01:18,PTR8,16,0,0,100.0,0.0,0.0,0.0,0.0,0.0,0.0,0.0,0.0,0.0,0.0,0.0,0.0,0.0,0.0,0.0
78,01:18,PTR9,15,0,0,100.0,0.0,0.0,0.0,0.0,0.0,0.0,0.0,0.0,0.0,0.0,0.0,0.0,0.0,0.0,0.0
78,01:18,PTR10,16,0,0,100.0,0.0,0.0,0.0,0.0,0.0,0.0,0.0,0.0,0.0,0.0,0.0,0.0,0.0,0.0,0.0
79,01:19,PTR6,15,0,0,100.0,0.0,0.0,0.0,0.0,0.0,0.0,0.0,0.0,0.0,0.0,0.0,0.0,0.0,0.0,0.0
79,01:19,PTR7,15,0,0,100.0,0.0,0.0,0.0,0.0,0.0,0.0,0.0,0.0,0.0,0.0,0.0,0.0,0.0,0.0,0.0
79,01:19,PTR8,16,0,0,100.0,0.0,0.0,0.0,0.0,0.0,0.0,0.0,0.0,0.0,0.0,0.0,0.0,0.0,0.0,0.0
79,01:19,PTR9,15,0,0,100.0,0.0,0.0,0.0,0.0,0.0,0.0,0.0,0.0,0.0,0.0,0.0,0.0,0.0,0.0,0.0
79,01:19,PTR10,16,0,0,100.0,0.0,0.0,0.0,0.0,0.0,0.0,0.0,0.0,0.0,0.0,0.0,0.0,0.0,0.0,0.0
80,01:20,PTR6,15,0,0,100.0,0.0,0.0,0.0,0.0,0.0,0.0,0.0,0.0,0.0,0.0,0.0,0.0,0.0,0.0,0.0
80,01:20,PTR7,15,0,0,100.0,0.0,0.0,0.0,0.0,0.0,0.0,0.0,0.0,0.0,0.0,0.0,0.0,0.0,0.0,0.0
80,01:20,PTR8,16,0,0,100.0,0.0,0.0,0.0,0.0,0.0,0.0,0.0,0.0,0.0,0.0,0.0,0.0,0.0,0.0,0.0
80,01:20,PTR9,15,0,0,100.0,0.0,0.0,0.0,0.0,0.0,0.0,0.0,0.0,0.0,0.0,0.0,0.0,0.0,0.0,0.0
80,01:20,PTR10,16,0,0,100.0,0.0,0.0,0.0,0.0,0.0,0.0,0.0,0.0,0.0,0.0,0.0,0.0,0.0,0.0,0.0
81,01:21,PTR6,15,0,0,100.0,0.0,0.0,0.0,0.0,0.0,0.0,0.0,0.0,0.0,0.0,0.0,0.0,0.0,0.0,0.0
81,01:21,PTR7,15,0,0,100.0,0.0,0.0,0.0,0.0,0.0,0.0,0.0,0.0,0.0,0.0,0.0,0.0,0.0,0.0,0.0
81,01:21,PTR8,16,0,0,100.0,0.0,0.0,0.0,0.0,0.0,0.0,0.0,0.0,0.0,0.0,0.0,0.0,0.0,0.0,0.0
81,01:21,PTR9,15,0,0,100.0,0.0,0.0,0.0,0.0,0.0,0.0,0.0,0.0,0.0,0.0,0.0,0.0,0.0,0.0,0.0
81,01:21,PTR10,16,0,0,100.0,0.0,0.0,0.0,0.0,0.0,0.0,0.0,0.0,0.0,0.0,0.0,0.0,0.0,0.0,0.0
82,01:22,PTR6,15,0,0,100.0,0.0,0.0,0.0,0.0,0.0,0.0,0.0,0.0,0.0,0.0,0.0,0.0,0.0,0.0,0.0
82,01:22,PTR7,15,0,0,100.0,0.0,0.0,0.0,0.0,0.0,0.0,0.0,0.0,0.0,0.0,0.0,0.0,0.0,0.0,0.0
82,01:22,PTR8,16,0,0,100.0,0.0,0.0,0.0,0.0,0.0,0.0,0.0,0.0,0.0,0.0,0.0,0.0,0.0,0.0,0.0
82,01:22,PTR9,15,0,0,100.0,0.0,0.0,0.0,0.0,0.0,0.0,0.0,0.0,0.0,0.0,0.0,0.0,0.0,0.0,0.0
82,01:22,PTR10,16,0,0,100.0,0.0,0.0,0.0,0.0,0.0,0.0,0.0,0.0,0.0,0.0,0.0,0.0,0.0,0.0,0.0
83,01:23,PTR6,15,0,0,100.0,0.0,0.0,0.0,0.0,0.0,0.0,0.0,0.0,0.0,0.0,0.0,0.0,0.0,0.0,0.0
83,01:23,PTR7,15,0,0,100.0,0.0,0.0,0.0,0.0,0.0,0.0,0.0,0.0,0.0,0.0,0.0,0.0,0.0,0.0,0.0
83,01:23,PTR8,16,0,0,100.0,0.0,0.0,0.0,0.0,0.0,0.0,0.0,0.0,0.0,0.0,0.0,0.0,0.0,0.0,0.0
83,01:23,PTR9,15,0,0,100.0,0.0,0.0,0.0,0.0,0.0,0.0,0.0,0.0,0.0,0.0,0.0,0.0,0.0,0.0,0.0
83,01:23,PTR10,16,0,0,100.0,0.0,0.0,0.0,0.0,0.0,0.0,0.0,0.0,0.0,0.0,0.0,0.0,0.0,0.0,0.0
84,01:24,PTR6,15,0,0,100.0,0.0,0.0,0.0,0.0,0.0,0.0,0.0,0.0,0.0,0.0,0.0,0.0,0.0,0.0,0.0
84,01:24,PTR7,15,0,0,100.0,0.0,0.0,0.0,0.0,0.0,0.0,0.0,0.0,0.0,0.0,0.0,0.0,0.0,0.0,0.0
84,01:24,PTR8,16,0,0,100.0,0.0,0.0,0.0,0.0,0.0,0.0,0.0,0.0,0.0,0.0,0.0,0.0,0.0,0.0,0.0
84,01:24,PTR9,15,0,0,100.0,0.0,0.0,0.0,0.0,0.0,0.0,0.0,0.0,0.0,0.0,0.0,0.0,0.0,0.0,0.0
84,01:24,PTR10,16,0,0,100.0,0.0,0.0,0.0,0.0,0.0,0.0,0.0,0.0,0.0,0.0,0.0,0.0,0.0,0.0,0.0
85,01:25,PTR6,15,0,0,100.0,0.0,0.0,0.0,0.0,0.0,0.0,0.0,0.0,0.0,0.0,0.0,0.0,0.0,0.0,0.0
85,01:25,PTR7,15,0,0,100.0,0.0,0.0,0.0,0.0,0.0,0.0,0.0,0.0,0.0,0.0,0.0,0.0,0.0,0.0,0.0
85,01:25,PTR8,16,0,0,100.0,0.0,0.0,0.0,0.0,0.0,0.0,0.0,0.0,0.0,0.0,0.0,0.0,0.0,0.0,0.0
85,01:25,PTR9,15,0,0,100.0,0.0,0.0,0.0,0.0,0.0,0.0,0.0,0.0,0.0,0.0,0.0,0.0,0.0,0.0,0.0
85,01:25,PTR10,16,0,0,100.0,0.0,0.0,0.0,0.0,0.0,0.0,0.0,0.0,0.0,0.0,0.0,0.0,0.0,0.0,0.0
86,01:26,PTR6,15,0,0,100.0,0.0,0.0,0.0,0.0,0.0,0.0,0.0,0.0,0.0,0.0,0.0,0.0,0.0,0.0,0.0
86,01:26,PTR7,15,0,0,100.0,0.0,0.0,0.0,0.0,0.0,0.0,0.0,0.0,0.0,0.0,0.0,0.0,0.0,0.0,0.0
86,01:26,PTR8,16,0,0,100.0,0.0,0.0,0.0,0.0,0.0,0.0,0.0,0.0,0.0,0.0,0.0,0.0,0.0,0.0,0.0
86,01:26,PTR9,15,0,0,100.0,0.0,0.0,0.0,0.0,0.0,0.0,0.0,0.0,0.0,0.0,0.0,0.0,0.0,0.0,0.0
86,01:26,PTR10,16,0,0,100.0,0.0,0.0,0.0,0.0,0.0,0.0,0.0,0.0,0.0,0.0,0.0,0.0,0.0,0.0,0.0
87,01:27,PTR6,15,0,0,100.0,0.0,0.0,0.0,0.0,0.0,0.0,0.0,0.0,0.0,0.0,0.0,0.0,0.0,0.0,0.0
87,01:27,PTR7,15,0,0,100.0,0.0,0.0,0.0,0.0,0.0,0.0,0.0,0.0,0.0,0.0,0.0,0.0,0.0,0.0,0.0
87,01:27,PTR8,16,0,0,100.0,0.0,0.0,0.0,0.0,0.0,0.0,0.0,0.0,0.0,0.0,0.0,0.0,0.0,0.0,0.0
87,01:27,PTR9,15,0,0,100.0,0.0,0.0,0.0,0.0,0.0,0.0,0.0,0.0,0.0,0.0,0.0,0.0,0.0,0.0,0.0
87,01:27,PTR10,16,0,0,100.0,0.0,0.0,0.0,0.0,0.0,0.0,0.0,0.0,0.0,0.0,0.0,0.0,0.0,0.0,0.0
88,01:28,PTR6,15,0,0,100.0,0.0,0.0,0.0,0.0,0.0,0.0,0.0,0.0,0.0,0.0,0.0,0.0,0.0,0.0,0.0
88,01:28,PTR7,15,0,0,100.0,0.0,0.0,0.0,0.0,0.0,0.0,0.0,0.0,0.0,0.0,0.0,0.0,0.0,0.0,0.0
88,01:28,PTR8,16,0,0,100.0,0.0,0.0,0.0,0.0,0.0,0.0,0.0,0.0,0.0,0.0,0.0,0.0,0.0,0.0,0.0
88,01:28,PTR9,15,0,0,100.0,0.0,0.0,0.0,0.0,0.0,0.0,0.0,0.0,0.0,0.0,0.0,0.0,0.0,0.0,0.0
88,01:28,PTR10,16,0,0,100.0,0.0,0.0,0.0,0.0,0.0,0.0,0.0,0.0,0.0,0.0,0.0,0.0,0.0,0.0,0.0
89,01:29,PTR6,15,0,0,100.0,0.0,0.0,0.0,0.0,0.0,0.0,0.0,0.0,0.0,0.0,0.0,0.0,0.0,0.0,0.0
89,01:29,PTR7,15,0,0,100.0,0.0,0.0,0.0,0.0,0.0,0.0,0.0,0.0,0.0,0.0,0.0,0.0,0.0,0.0,0.0
89,01:29,PTR8,16,0,0,100.0,0.0,0.0,0.0,0.0,0.0,0.0,0.0,0.0,0.0,0.0,0.0,0.0,0.0,0.0,0.0
89,01:29,PTR9,15,0,0,100.0,0.0,0.0,0.0,0.0,0.0,0.0,0.0,0.0,0.0,0.0,0.0,0.0,0.0,0.0,0.0
89,01:29,PTR10,16,0,0,100.0,0.0,0.0,0.0,0.0,0.0,0.0,0.0,0.0,0.0,0.0,0.0,0.0,0.0,0.0,0.0
90,01:30,PTR6,15,0,0,100.0,0.0,0.0,0.0,0.0,0.0,0.0,0.0,0.0,0.0,0.0,0.0,0.0,0.0,0.0,0.0
90,01:30,PTR7,15,0,0,100.0,0.0,0.0,0.0,0.0,0.0,0.0,0.0,0.0,0.0,0.0,0.0,0.0,0.0,0.0,0.0
90,01:30,PTR8,16,0,0,100.0,0.0,0.0,0.0,0.0,0.0,0.0,0.0,0.0,0.0,0.0,0.0,0.0,0.0,0.0,0.0
90,01:30,PTR9,15,0,0,100.0,0.0,0.0,0.0,0.0,0.0,0.0,0.0,0.0,0.0,0.0,0.0,0.0,0.0,0.0,0.0
90,01:30,PTR10,16,0,0,100.0,0.0,0.0,0.0,0.0,0.0,0.0,0.0,0.0,0.0,0.0,0.0,0.0,0.0,0.0,0.0
91,01:31,PTR6,15,0,0,100.0,0.0,0.0,0.0,0.0,0.0,0.0,0.0,0.0,0.0,0.0,0.0,0.0,0.0,0.0,0.0
91,01:31,PTR7,15,0,0,100.0,0.0,0.0,0.0,0.0,0.0,0.0,0.0,0.0,0.0,0.0,0.0,0.0,0.0,0.0,0.0
91,01:31,PTR8,16,0,0,100.0,0.0,0.0,0.0,0.0,0.0,0.0,0.0,0.0,0.0,0.0,0.0,0.0,0.0,0.0,0.0
91,01:31,PTR9,15,0,0,100.0,0.0,0.0,0.0,0.0,0.0,0.0,0.0,0.0,0.0,0.0,0.0,0.0,0.0,0.0,0.0
91,01:31,PTR10,16,0,0,100.0,0.0,0.0,0.0,0.0,0.0,0.0,0.0,0.0,0.0,0.0,0.0,0.0,0.0,0.0,0.0
92,01:32,PTR6,15,0,0,100.0,0.0,0.0,0.0,0.0,0.0,0.0,0.0,0.0,0.0,0.0,0.0,0.0,0.0,0.0,0.0
92,01:32,PTR7,15,0,0,100.0,0.0,0.0,0.0,0.0,0.0,0.0,0.0,0.0,0.0,0.0,0.0,0.0,0.0,0.0,0.0
92,01:32,PTR8,16,0,0,100.0,0.0,0.0,0.0,0.0,0.0,0.0,0.0,0.0,0.0,0.0,0.0,0.0,0.0,0.0,0.0
92,01:32,PTR9,15,0,0,100.0,0.0,0.0,0.0,0.0,0.0,0.0,0.0,0.0,0.0,0.0,0.0,0.0,0.0,0.0,0.0
92,01:32,PTR10,16,0,0,100.0,0.0,0.0,0.0,0.0,0.0,0.0,0.0,0.0,0.0,0.0,0.0,0.0,0.0,0.0,0.0
93,01:33,PTR6,15,0,0,100.0,0.0,0.0,0.0,0.0,0.0,0.0,0.0,0.0,0.0,0.0,0.0,0.0,0.0,0.0,0.0
93,01:33,PTR7,15,0,0,100.0,0.0,0.0,0.0,0.0,0.0,0.0,0.0,0.0,0.0,0.0,0.0,0.0,0.0,0.0,0.0
93,01:33,PTR8,16,0,0,100.0,0.0,0.0,0.0,0.0,0.0,0.0,0.0,0.0,0.0,0.0,0.0,0.0,0.0,0.0,0.0
93,01:33,PTR9,15,0,0,100.0,0.0,0.0,0.0,0.0,0.0,0.0,0.0,0.0,0.0,0.0,0.0,0.0,0.0,0.0,0.0
93,01:33,PTR10,16,0,0,100.0,0.0,0.0,0.0,0.0,0.0,0.0,0.0,0.0,0.0,0.0,0.0,0.0,0.0,0.0,0.0
94,01:34,PTR6,15,0,0,100.0,0.0,0.0,0.0,0.0,0.0,0.0,0.0,0.0,0.0,0.0,0.0,0.0,0.0,0.0,0.0
94,01:34,PTR7,15,0,0,100.0,0.0,0.0,0.0,0.0,0.0,0.0,0.0,0.0,0.0,0.0,0.0,0.0,0.0,0.0,0.0
94,01:34,PTR8,16,0,0,100.0,0.0,0.0,0.0,0.0,0.0,0.0,0.0,0.0,0.0,0.0,0.0,0.0,0.0,0.0,0.0
94,01:34,PTR9,15,0,0,100.0,0.0,0.0,0.0,0.0,0.0,0.0,0.0,0.0,0.0,0.0,0.0,0.0,0.0,0.0,0.0
94,01:34,PTR10,16,0,0,100.0,0.0,0.0,0.0,0.0,0.0,0.0,0.0,0.0,0.0,0.0,0.0,0.0,0.0,0.0,0.0
95,01:35,PTR6,15,0,0,100.0,0.0,0.0,0.0,0.0,0.0,0.0,0.0,0.0,0.0,0.0,0.0,0.0,0.0,0.0,0.0
95,01:35,PTR7,15,0,0,100.0,0.0,0.0,0.0,0.0,0.0,0.0,0.0,0.0,0.0,0.0,0.0,0.0,0.0,0.0,0.0
95,01:35,PTR8,16,0,0,100.0,0.0,0.0,0.0,0.0,0.0,0.0,0.0,0.0,0.0,0.0,0.0,0.0,0.0,0.0,0.0
95,01:35,PTR9,15,0,0,100.0,0.0,0.0,0.0,0.0,0.0,0.0,0.0,0.0,0.0,0.0,0.0,0.0,0.0,0.0,0.0
95,01:35,PTR10,16,0,0,100.0,0.0,0.0,0.0,0.0,0.0,0.0,0.0,0.0,0.0,0.0,0.0,0.0,0.0,0.0,0.0
96,01:36,PTR6,15,0,0,100.0,0.0,0.0,0.0,0.0,0.0,0.0,0.0,0.0,0.0,0.0,0.0,0.0,0.0,0.0,0.0
96,01:36,PTR7,15,0,0,100.0,0.0,0.0,0.0,0.0,0.0,0.0,0.0,0.0,0.0,0.0,0.0,0.0,0.0,0.0,0.0
96,01:36,PTR8,16,0,0,100.0,0.0,0.0,0.0,0.0,0.0,0.0,0.0,0.0,0.0,0.0,0.0,0.0,0.0,0.0,0.0
96,01:36,PTR9,15,0,0,100.0,0.0,0.0,0.0,0.0,0.0,0.0,0.0,0.0,0.0,0.0,0.0,0.0,0.0,0.0,0.0
96,01:36,PTR10,16,0,0,100.0,0.0,0.0,0.0,0.0,0.0,0.0,0.0,0.0,0.0,0.0,0.0,0.0,0.0,0.0,0.0
97,01:37,PTR6,15,0,0,100.0,0.0,0.0,0.0,0.0,0.0,0.0,0.0,0.0,0.0,0.0,0.0,0.0,0.0,0.0,0.0
97,01:37,PTR7,15,0,0,100.0,0.0,0.0,0.0,0.0,0.0,0.0,0.0,0.0,0.0,0.0,0.0,0.0,0.0,0.0,0.0
97,01:37,PTR8,16,0,0,100.0,0.0,0.0,0.0,0.0,0.0,0.0,0.0,0.0,0.0,0.0,0.0,0.0,0.0,0.0,0.0
97,01:37,PTR9,15,0,0,100.0,0.0,0.0,0.0,0.0,0.0,0.0,0.0,0.0,0.0,0.0,0.0,0.0,0.0,0.0,0.0
97,01:37,PTR10,16,0,0,100.0,0.0,0.0,0.0,0.0,0.0,0.0,0.0,0.0,0.0,0.0,0.0,0.0,0.0,0.0,0.0
98,01:38,PTR6,15,0,0,100.0,0.0,0.0,0.0,0.0,0.0,0.0,0.0,0.0,0.0,0.0,0.0,0.0,0.0,0.0,0.0
98,01:38,PTR7,15,0,0,100.0,0.0,0.0,0.0,0.0,0.0,0.0,0.0,0.0,0.0,0.0,0.0,0.0,0.0,0.0,0.0
98,01:38,PTR8,16,0,0,100.0,0.0,0.0,0.0,0.0,0.0,0.0,0.0,0.0,0.0,0.0,0.0,0.0,0.0,0.0,0.0
98,01:38,PTR9,15,0,0,100.0,0.0,0.0,0.0,0.0,0.0,0.0,0.0,0.0,0.0,0.0,0.0,0.0,0.0,0.0,0.0
98,01:38,PTR10,16,0,0,100.0,0.0,0.0,0.0,0.0,0.0,0.0,0.0,0.0,0.0,0.0,0.0,0.0,0.0,0.0,0.0
99,01:39,PTR6,15,0,0,100.0,0.0,0.0,0.0,0.0,0.0,0.0,0.0,0.0,0.0,0.0,0.0,0.0,0.0,0.0,0.0
99,01:39,PTR7,15,0,0,100.0,0.0,0.0,0.0,0.0,0.0,0.0,0.0,0.0,0.0,0.0,0.0,0.0,0.0,0.0,0.0
99,01:39,PTR8,16,0,0,100.0,0.0,0.0,0.0,0.0,0.0,0.0,0.0,0.0,0.0,0.0,0.0,0.0,0.0,0.0,0.0
99,01:39,PTR9,15,0,0,100.0,0.0,0.0,0.0,0.0,0.0,0.0,0.0,0.0,0.0,0.0,0.0,0.0,0.0,0.0,0.0
99,01:39,PTR10,16,0,0,100.0,0.0,0.0,0.0,0.0,0.0,0.0,0.0,0.0,0.0,0.0,0.0,0.0,0.0,0.0,0.0
100,01:40,PTR6,15,0,0,100.0,0.0,0.0,0.0,0.0,0.0,0.0,0.0,0.0,0.0,0.0,0.0,0.0,0.0,0.0,0.0
100,01:40,PTR7,15,0,0,100.0,0.0,0.0,0.0,0.0,0.0,0.0,0.0,0.0,0.0,0.0,0.0,0.0,0.0,0.0,0.0
100,01:40,PTR8,16,0,0,100.0,0.0,0.0,0.0,0.0,0.0,0.0,0.0,0.0,0.0,0.0,0.0,0.0,0.0,0.0,0.0
100,01:40,PTR9,15,0,0,100.0,0.0,0.0,0.0,0.0,0.0,0.0,0.0,0.0,0.0,0.0,0.0,0.0,0.0,0.0,0.0
100,01:40,PTR10,16,0,0,100.0,0.0,0.0,0.0,0.0,0.0,0.0,0.0,0.0,0.0,0.0,0.0,0.0,0.0,0.0,0.0
101,01:41,PTR6,15,0,0,100.0,0.0,0.0,0.0,0.0,0.0,0.0,0.0,0.0,0.0,0.0,0.0,0.0,0.0,0.0,0.0
101,01:41,PTR7,15,0,0,100.0,0.0,0.0,0.0,0.0,0.0,0.0,0.0,0.0,0.0,0.0,0.0,0.0,0.0,0.0,0.0
101,01:41,PTR8,16,0,0,100.0,0.0,0.0,0.0,0.0,0.0,0.0,0.0,0.0,0.0,0.0,0.0,0.0,0.0,0.0,0.0
101,01:41,PTR9,15,0,0,100.0,0.0,0.0,0.0,0.0,0.0,0.0,0.0,0.0,0.0,0.0,0.0,0.0,0.0,0.0,0.0
101,01:41,PTR10,16,0,0,100.0,0.0,0.0,0.0,0.0,0.0,0.0,0.0,0.0,0.0,0.0,0.0,0.0,0.0,0.0,0.0
102,01:42,PTR6,15,0,0,100.0,0.0,0.0,0.0,0.0,0.0,0.0,0.0,0.0,0.0,0.0,0.0,0.0,0.0,0.0,0.0
102,01:42,PTR7,15,0,0,100.0,0.0,0.0,0.0,0.0,0.0,0.0,0.0,0.0,0.0,0.0,0.0,0.0,0.0,0.0,0.0
102,01:42,PTR8,16,0,0,100.0,0.0,0.0,0.0,0.0,0.0,0.0,0.0,0.0,0.0,0.0,0.0,0.0,0.0,0.0,0.0
102,01:42,PTR9,15,0,0,100.0,0.0,0.0,0.0,0.0,0.0,0.0,0.0,0.0,0.0,0.0,0.0,0.0,0.0,0.0,0.0
102,01:42,PTR10,16,0,0,100.0,0.0,0.0,0.0,0.0,0.0,0.0,0.0,0.0,0.0,0.0,0.0,0.0,0.0,0.0,0.0
103,01:43,PTR6,15,0,0,100.0,0.0,0.0,0.0,0.0,0.0,0.0,0.0,0.0,0.0,0.0,0.0,0.0,0.0,0.0,0.0
103,01:43,PTR7,15,0,0,100.0,0.0,0.0,0.0,0.0,0.0,0.0,0.0,0.0,0.0,0.0,0.0,0.0,0.0,0.0,0.0
103,01:43,PTR8,16,0,0,100.0,0.0,0.0,0.0,0.0,0.0,0.0,0.0,0.0,0.0,0.0,0.0,0.0,0.0,0.0,0.0
103,01:43,PTR9,15,0,0,100.0,0.0,0.0,0.0,0.0,0.0,0.0,0.0,0.0,0.0,0.0,0.0,0.0,0.0,0.0,0.0
103,01:43,PTR10,16,0,0,100.0,0.0,0.0,0.0,0.0,0.0,0.0,0.0,0.0,0.0,0.0,0.0,0.0,0.0,0.0,0.0
104,01:44,PTR6,15,0,0,100.0,0.0,0.0,0.0,0.0,0.0,0.0,0.0,0.0,0.0,0.0,0.0,0.0,0.0,0.0,0.0
104,01:44,PTR7,15,0,0,100.0,0.0,0.0,0.0,0.0,0.0,0.0,0.0,0.0,0.0,0.0,0.0,0.0,0.0,0.0,0.0
104,01:44,PTR8,16,0,0,100.0,0.0,0.0,0.0,0.0,0.0,0.0,0.0,0.0,0.0,0.0,0.0,0.0,0.0,0.0,0.0
104,01:44,PTR9,15,0,0,100.0,0.0,0.0,0.0,0.0,0.0,0.0,0.0,0.0,0.0,0.0,0.0,0.0,0.0,0.0,0.0
104,01:44,PTR10,16,0,0,100.0,0.0,0.0,0.0,0.0,0.0,0.0,0.0,0.0,0.0,0.0,0.0,0.0,0.0,0.0,0.0
105,01:45,PTR6,15,0,0,100.0,0.0,0.0,0.0,0.0,0.0,0.0,0.0,0.0,0.0,0.0,0.0,0.0,0.0,0.0,0.0
105,01:45,PTR7,15,0,0,100.0,0.0,0.0,0.0,0.0,0.0,0.0,0.0,0.0,0.0,0.0,0.0,0.0,0.0,0.0,0.0
105,01:45,PTR8,16,0,0,100.0,0.0,0.0,0.0,0.0,0.0,0.0,0.0,0.0,0.0,0.0,0.0,0.0,0.0,0.0,0.0
105,01:45,PTR9,15,0,0,100.0,0.0,0.0,0.0,0.0,0.0,0.0,0.0,0.0,0.0,0.0,0.0,0.0,0.0,0.0,0.0
105,01:45,PTR10,16,0,0,100.0,0.0,0.0,0.0,0.0,0.0,0.0,0.0,0.0,0.0,0.0,0.0,0.0,0.0,0.0,0.0
106,01:46,PTR6,15,0,0,100.0,0.0,0.0,0.0,0.0,0.0,0.0,0.0,0.0,0.0,0.0,0.0,0.0,0.0,0.0,0.0
106,01:46,PTR7,15,0,0,100.0,0.0,0.0,0.0,0.0,0.0,0.0,0.0,0.0,0.0,0.0,0.0,0.0,0.0,0.0,0.0
106,01:46,PTR8,16,0,0,100.0,0.0,0.0,0.0,0.0,0.0,0.0,0.0,0.0,0.0,0.0,0.0,0.0,0.0,0.0,0.0
106,01:46,PTR9,15,0,0,100.0,0.0,0.0,0.0,0.0,0.0,0.0,0.0,0.0,0.0,0.0,0.0,0.0,0.0,0.0,0.0
106,01:46,PTR10,16,0,0,100.0,0.0,0.0,0.0,0.0,0.0,0.0,0.0,0.0,0.0,0.0,0.0,0.0,0.0,0.0,0.0
107,01:47,PTR6,15,0,0,100.0,0.0,0.0,0.0,0.0,0.0,0.0,0.0,0.0,0.0,0.0,0.0,0.0,0.0,0.0,0.0
107,01:47,PTR7,15,0,0,100.0,0.0,0.0,0.0,0.0,0.0,0.0,0.0,0.0,0.0,0.0,0.0,0.0,0.0,0.0,0.0
107,01:47,PTR8,16,0,0,100.0,0.0,0.0,0.0,0.0,0.0,0.0,0.0,0.0,0.0,0.0,0.0,0.0,0.0,0.0,0.0
107,01:47,PTR9,15,0,0,100.0,0.0,0.0,0.0,0.0,0.0,0.0,0.0,0.0,0.0,0.0,0.0,0.0,0.0,0.0,0.0
107,01:47,PTR10,16,0,0,100.0,0.0,0.0,0.0,0.0,0.0,0.0,0.0,0.0,0.0,0.0,0.0,0.0,0.0,0.0,0.0
108,01:48,PTR6,15,0,0,100.0,0.0,0.0,0.0,0.0,0.0,0.0,0.0,0.0,0.0,0.0,0.0,0.0,0.0,0.0,0.0
108,01:48,PTR7,15,0,0,100.0,0.0,0.0,0.0,0.0,0.0,0.0,0.0,0.0,0.0,0.0,0.0,0.0,0.0,0.0,0.0
108,01:48,PTR8,16,0,0,100.0,0.0,0.0,0.0,0.0,0.0,0.0,0.0,0.0,0.0,0.0,0.0,0.0,0.0,0.0,0.0
108,01:48,PTR9,15,0,0,100.0,0.0,0.0,0.0,0.0,0.0,0.0,0.0,0.0,0.0,0.0,0.0,0.0,0.0,0.0,0.0
108,01:48,PTR10,16,0,0,100.0,0.0,0.0,0.0,0.0,0.0,0.0,0.0,0.0,0.0,0.0,0.0,0.0,0.0,0.0,0.0
109,01:49,PTR6,15,0,0,100.0,0.0,0.0,0.0,0.0,0.0,0.0,0.0,0.0,0.0,0.0,0.0,0.0,0.0,0.0,0.0
109,01:49,PTR7,15,0,0,100.0,0.0,0.0,0.0,0.0,0.0,0.0,0.0,0.0,0.0,0.0,0.0,0.0,0.0,0.0,0.0
109,01:49,PTR8,16,0,0,100.0,0.0,0.0,0.0,0.0,0.0,0.0,0.0,0.0,0.0,0.0,0.0,0.0,0.0,0.0,0.0
109,01:49,PTR9,15,0,0,100.0,0.0,0.0,0.0,0.0,0.0,0.0,0.0,0.0,0.0,0.0,0.0,0.0,0.0,0.0,0.0
109,01:49,PTR10,16,0,0,100.0,0.0,0.0,0.0,0.0,0.0,0.0,0.0,0.0,0.0,0.0,0.0,0.0,0.0,0.0,0.0
110,01:50,PTR6,15,0,0,100.0,0.0,0.0,0.0,0.0,0.0,0.0,0.0,0.0,0.0,0.0,0.0,0.0,0.0,0.0,0.0
110,01:50,PTR7,15,0,0,100.0,0.0,0.0,0.0,0.0,0.0,0.0,0.0,0.0,0.0,0.0,0.0,0.0,0.0,0.0,0.0
110,01:50,PTR8,16,0,0,100.0,0.0,0.0,0.0,0.0,0.0,0.0,0.0,0.0,0.0,0.0,0.0,0.0,0.0,0.0,0.0
110,01:50,PTR9,15,0,0,100.0,0.0,0.0,0.0,0.0,0.0,0.0,0.0,0.0,0.0,0.0,0.0,0.0,0.0,0.0,0.0
110,01:50,PTR10,16,0,0,100.0,0.0,0.0,0.0,0.0,0.0,0.0,0.0,0.0,0.0,0.0,0.0,0.0,0.0,0.0,0.0
111,01:51,PTR6,15,0,0,100.0,0.0,0.0,0.0,0.0,0.0,0.0,0.0,0.0,0.0,0.0,0.0,0.0,0.0,0.0,0.0
111,01:51,PTR7,15,0,0,100.0,0.0,0.0,0.0,0.0,0.0,0.0,0.0,0.0,0.0,0.0,0.0,0.0,0.0,0.0,0.0
111,01:51,PTR8,16,0,0,100.0,0.0,0.0,0.0,0.0,0.0,0.0,0.0,0.0,0.0,0.0,0.0,0.0,0.0,0.0,0.0
111,01:51,PTR9,15,0,0,100.0,0.0,0.0,0.0,0.0,0.0,0.0,0.0,0.0,0.0,0.0,0.0,0.0,0.0,0.0,0.0
111,01:51,PTR10,16,0,0,100.0,0.0,0.0,0.0,0.0,0.0,0.0,0.0,0.0,0.0,0.0,0.0,0.0,0.0,0.0,0.0
112,01:52,PTR6,15,0,0,100.0,0.0,0.0,0.0,0.0,0.0,0.0,0.0,0.0,0.0,0.0,0.0,0.0,0.0,0.0,0.0
112,01:52,PTR7,15,0,0,100.0,0.0,0.0,0.0,0.0,0.0,0.0,0.0,0.0,0.0,0.0,0.0,0.0,0.0,0.0,0.0
112,01:52,PTR8,16,0,0,100.0,0.0,0.0,0.0,0.0,0.0,0.0,0.0,0.0,0.0,0.0,0.0,0.0,0.0,0.0,0.0
112,01:52,PTR9,15,0,0,100.0,0.0,0.0,0.0,0.0,0.0,0.0,0.0,0.0,0.0,0.0,0.0,0.0,0.0,0.0,0.0
112,01:52,PTR10,16,0,0,100.0,0.0,0.0,0.0,0.0,0.0,0.0,0.0,0.0,0.0,0.0,0.0,0.0,0.0,0.0,0.0
113,01:53,PTR6,15,0,0,100.0,0.0,0.0,0.0,0.0,0.0,0.0,0.0,0.0,0.0,0.0,0.0,0.0,0.0,0.0,0.0
113,01:53,PTR7,15,0,0,100.0,0.0,0.0,0.0,0.0,0.0,0.0,0.0,0.0,0.0,0.0,0.0,0.0,0.0,0.0,0.0
113,01:53,PTR8,16,0,0,100.0,0.0,0.0,0.0,0.0,0.0,0.0,0.0,0.0,0.0,0.0,0.0,0.0,0.0,0.0,0.0
113,01:53,PTR9,15,0,0,100.0,0.0,0.0,0.0,0.0,0.0,0.0,0.0,0.0,0.0,0.0,0.0,0.0,0.0,0.0,0.0
113,01:53,PTR10,16,0,0,100.0,0.0,0.0,0.0,0.0,0.0,0.0,0.0,0.0,0.0,0.0,0.0,0.0,0.0,0.0,0.0
114,01:54,PTR6,15,0,0,100.0,0.0,0.0,0.0,0.0,0.0,0.0,0.0,0.0,0.0,0.0,0.0,0.0,0.0,0.0,0.0
114,01:54,PTR7,15,0,0,100.0,0.0,0.0,0.0,0.0,0.0,0.0,0.0,0.0,0.0,0.0,0.0,0.0,0.0,0.0,0.0
114,01:54,PTR8,16,0,0,100.0,0.0,0.0,0.0,0.0,0.0,0.0,0.0,0.0,0.0,0.0,0.0,0.0,0.0,0.0,0.0
114,01:54,PTR9,15,0,0,100.0,0.0,0.0,0.0,0.0,0.0,0.0,0.0,0.0,0.0,0.0,0.0,0.0,0.0,0.0,0.0
114,01:54,PTR10,16,0,0,100.0,0.0,0.0,0.0,0.0,0.0,0.0,0.0,0.0,0.0,0.0,0.0,0.0,0.0,0.0,0.0
115,01:55,PTR6,15,0,0,100.0,0.0,0.0,0.0,0.0,0.0,0.0,0.0,0.0,0.0,0.0,0.0,0.0,0.0,0.0,0.0
115,01:55,PTR7,15,0,0,100.0,0.0,0.0,0.0,0.0,0.0,0.0,0.0,0.0,0.0,0.0,0.0,0.0,0.0,0.0,0.0
115,01:55,PTR8,16,0,0,100.0,0.0,0.0,0.0,0.0,0.0,0.0,0.0,0.0,0.0,0.0,0.0,0.0,0.0,0.0,0.0
115,01:55,PTR9,15,0,0,100.0,0.0,0.0,0.0,0.0,0.0,0.0,0.0,0.0,0.0,0.0,0.0,0.0,0.0,0.0,0.0
115,01:55,PTR10,16,0,0,100.0,0.0,0.0,0.0,0.0,0.0,0.0,0.0,0.0,0.0,0.0,0.0,0.0,0.0,0.0,0.0
116,01:56,PTR6,15,0,0,100.0,0.0,0.0,0.0,0.0,0.0,0.0,0.0,0.0,0.0,0.0,0.0,0.0,0.0,0.0,0.0
116,01:56,PTR7,15,0,0,100.0,0.0,0.0,0.0,0.0,0.0,0.0,0.0,0.0,0.0,0.0,0.0,0.0,0.0,0.0,0.0
116,01:56,PTR8,16,0,0,100.0,0.0,0.0,0.0,0.0,0.0,0.0,0.0,0.0,0.0,0.0,0.0,0.0,0.0,0.0,0.0
116,01:56,PTR9,15,0,0,100.0,0.0,0.0,0.0,0.0,0.0,0.0,0.0,0.0,0.0,0.0,0.0,0.0,0.0,0.0,0.0
116,01:56,PTR10,16,0,0,100.0,0.0,0.0,0.0,0.0,0.0,0.0,0.0,0.0,0.0,0.0,0.0,0.0,0.0,0.0,0.0
117,01:57,PTR6,15,0,0,100.0,0.0,0.0,0.0,0.0,0.0,0.0,0.0,0.0,0.0,0.0,0.0,0.0,0.0,0.0,0.0
117,01:57,PTR7,15,0,0,100.0,0.0,0.0,0.0,0.0,0.0,0.0,0.0,0.0,0.0,0.0,0.0,0.0,0.0,0.0,0.0
117,01:57,PTR8,16,0,0,100.0,0.0,0.0,0.0,0.0,0.0,0.0,0.0,0.0,0.0,0.0,0.0,0.0,0.0,0.0,0.0
117,01:57,PTR9,15,0,0,100.0,0.0,0.0,0.0,0.0,0.0,0.0,0.0,0.0,0.0,0.0,0.0,0.0,0.0,0.0,0.0
117,01:57,PTR10,16,0,0,100.0,0.0,0.0,0.0,0.0,0.0,0.0,0.0,0.0,0.0,0.0,0.0,0.0,0.0,0.0,0.0
118,01:58,PTR6,15,0,0,100.0,0.0,0.0,0.0,0.0,0.0,0.0,0.0,0.0,0.0,0.0,0.0,0.0,0.0,0.0,0.0
118,01:58,PTR7,15,0,0,100.0,0.0,0.0,0.0,0.0,0.0,0.0,0.0,0.0,0.0,0.0,0.0,0.0,0.0,0.0,0.0
118,01:58,PTR8,16,0,0,100.0,0.0,0.0,0.0,0.0,0.0,0.0,0.0,0.0,0.0,0.0,0.0,0.0,0.0,0.0,0.0
118,01:58,PTR9,15,0,0,100.0,0.0,0.0,0.0,0.0,0.0,0.0,0.0,0.0,0.0,0.0,0.0,0.0,0.0,0.0,0.0
118,01:58,PTR10,16,0,0,100.0,0.0,0.0,0.0,0.0,0.0,0.0,0.0,0.0,0.0,0.0,0.0,0.0,0.0,0.0,0.0
119,01:59,PTR6,15,0,0,100.0,0.0,0.0,0.0,0.0,0.0,0.0,0.0,0.0,0.0,0.0,0.0,0.0,0.0,0.0,0.0
119,01:59,PTR7,15,0,0,100.0,0.0,0.0,0.0,0.0,0.0,0.0,0.0,0.0,0.0,0.0,0.0,0.0,0.0,0.0,0.0
119,01:59,PTR8,16,0,0,100.0,0.0,0.0,0.0,0.0,0.0,0.0,0.0,0.0,0.0,0.0,0.0,0.0,0.0,0.0,0.0
119,01:59,PTR9,15,0,0,100.0,0.0,0.0,0.0,0.0,0.0,0.0,0.0,0.0,0.0,0.0,0.0,0.0,0.0,0.0,0.0
119,01:59,PTR10,16,0,0,100.0,0.0,0.0,0.0,0.0,0.0,0.0,0.0,0.0,0.0,0.0,0.0,0.0,0.0,0.0,0.0
120,02:00,PTR6,15,0,0,100.0,0.0,0.0,0.0,0.0,0.0,0.0,0.0,0.0,0.0,0.0,0.0,0.0,0.0,0.0,0.0
120,02:00,PTR7,15,0,0,100.0,0.0,0.0,0.0,0.0,0.0,0.0,0.0,0.0,0.0,0.0,0.0,0.0,0.0,0.0,0.0
120,02:00,PTR8,16,0,0,100.0,0.0,0.0,0.0,0.0,0.0,0.0,0.0,0.0,0.0,0.0,0.0,0.0,0.0,0.0,0.0
120,02:00,PTR9,15,0,0,100.0,0.0,0.0,0.0,0.0,0.0,0.0,0.0,0.0,0.0,0.0,0.0,0.0,0.0,0.0,0.0
120,02:00,PTR10,16,0,0,100.0,0.0,0.0,0.0,0.0,0.0,0.0,0.0,0.0,0.0,0.0,0.0,0.0,0.0,0.0,0.0
121,02:01,PTR6,15,0,0,100.0,0.0,0.0,0.0,0.0,0.0,0.0,0.0,0.0,0.0,0.0,0.0,0.0,0.0,0.0,0.0
121,02:01,PTR7,15,0,0,100.0,0.0,0.0,0.0,0.0,0.0,0.0,0.0,0.0,0.0,0.0,0.0,0.0,0.0,0.0,0.0
121,02:01,PTR8,16,0,0,100.0,0.0,0.0,0.0,0.0,0.0,0.0,0.0,0.0,0.0,0.0,0.0,0.0,0.0,0.0,0.0
121,02:01,PTR9,15,0,0,100.0,0.0,0.0,0.0,0.0,0.0,0.0,0.0,0.0,0.0,0.0,0.0,0.0,0.0,0.0,0.0
121,02:01,PTR10,16,0,0,100.0,0.0,0.0,0.0,0.0,0.0,0.0,0.0,0.0,0.0,0.0,0.0,0.0,0.0,0.0,0.0
122,02:02,PTR6,15,0,0,100.0,0.0,0.0,0.0,0.0,0.0,0.0,0.0,0.0,0.0,0.0,0.0,0.0,0.0,0.0,0.0
122,02:02,PTR7,15,0,0,100.0,0.0,0.0,0.0,0.0,0.0,0.0,0.0,0.0,0.0,0.0,0.0,0.0,0.0,0.0,0.0
122,02:02,PTR8,16,0,0,100.0,0.0,0.0,0.0,0.0,0.0,0.0,0.0,0.0,0.0,0.0,0.0,0.0,0.0,0.0,0.0
122,02:02,PTR9,15,0,0,100.0,0.0,0.0,0.0,0.0,0.0,0.0,0.0,0.0,0.0,0.0,0.0,0.0,0.0,0.0,0.0
122,02:02,PTR10,16,0,0,100.0,0.0,0.0,0.0,0.0,0.0,0.0,0.0,0.0,0.0,0.0,0.0,0.0,0.0,0.0,0.0
123,02:03,PTR6,15,0,0,100.0,0.0,0.0,0.0,0.0,0.0,0.0,0.0,0.0,0.0,0.0,0.0,0.0,0.0,0.0,0.0
123,02:03,PTR7,15,0,0,100.0,0.0,0.0,0.0,0.0,0.0,0.0,0.0,0.0,0.0,0.0,0.0,0.0,0.0,0.0,0.0
123,02:03,PTR8,16,0,0,100.0,0.0,0.0,0.0,0.0,0.0,0.0,0.0,0.0,0.0,0.0,0.0,0.0,0.0,0.0,0.0
123,02:03,PTR9,15,0,0,100.0,0.0,0.0,0.0,0.0,0.0,0.0,0.0,0.0,0.0,0.0,0.0,0.0,0.0,0.0,0.0
123,02:03,PTR10,16,0,0,100.0,0.0,0.0,0.0,0.0,0.0,0.0,0.0,0.0,0.0,0.0,0.0,0.0,0.0,0.0,0.0
124,02:04,PTR6,15,0,0,100.0,0.0,0.0,0.0,0.0,0.0,0.0,0.0,0.0,0.0,0.0,0.0,0.0,0.0,0.0,0.0
124,02:04,PTR7,15,0,0,100.0,0.0,0.0,0.0,0.0,0.0,0.0,0.0,0.0,0.0,0.0,0.0,0.0,0.0,0.0,0.0
124,02:04,PTR8,16,0,0,100.0,0.0,0.0,0.0,0.0,0.0,0.0,0.0,0.0,0.0,0.0,0.0,0.0,0.0,0.0,0.0
124,02:04,PTR9,15,0,0,100.0,0.0,0.0,0.0,0.0,0.0,0.0,0.0,0.0,0.0,0.0,0.0,0.0,0.0,0.0,0.0
124,02:04,PTR10,16,0,0,100.0,0.0,0.0,0.0,0.0,0.0,0.0,0.0,0.0,0.0,0.0,0.0,0.0,0.0,0.0,0.0
125,02:05,PTR6,15,0,0,100.0,0.0,0.0,0.0,0.0,0.0,0.0,0.0,0.0,0.0,0.0,0.0,0.0,0.0,0.0,0.0
125,02:05,PTR7,15,0,0,100.0,0.0,0.0,0.0,0.0,0.0,0.0,0.0,0.0,0.0,0.0,0.0,0.0,0.0,0.0,0.0
125,02:05,PTR8,16,0,0,100.0,0.0,0.0,0.0,0.0,0.0,0.0,0.0,0.0,0.0,0.0,0.0,0.0,0.0,0.0,0.0
125,02:05,PTR9,15,0,0,100.0,0.0,0.0,0.0,0.0,0.0,0.0,0.0,0.0,0.0,0.0,0.0,0.0,0.0,0.0,0.0
125,02:05,PTR10,16,0,0,100.0,0.0,0.0,0.0,0.0,0.0,0.0,0.0,0.0,0.0,0.0,0.0,0.0,0.0,0.0,0.0
126,02:06,PTR6,15,0,0,100.0,0.0,0.0,0.0,0.0,0.0,0.0,0.0,0.0,0.0,0.0,0.0,0.0,0.0,0.0,0.0
126,02:06,PTR7,15,0,0,100.0,0.0,0.0,0.0,0.0,0.0,0.0,0.0,0.0,0.0,0.0,0.0,0.0,0.0,0.0,0.0
126,02:06,PTR8,16,0,0,100.0,0.0,0.0,0.0,0.0,0.0,0.0,0.0,0.0,0.0,0.0,0.0,0.0,0.0,0.0,0.0
126,02:06,PTR9,15,0,0,100.0,0.0,0.0,0.0,0.0,0.0,0.0,0.0,0.0,0.0,0.0,0.0,0.0,0.0,0.0,0.0
126,02:06,PTR10,16,0,0,100.0,0.0,0.0,0.0,0.0,0.0,0.0,0.0,0.0,0.0,0.0,0.0,0.0,0.0,0.0,0.0
127,02:07,PTR6,15,0,0,100.0,0.0,0.0,0.0,0.0,0.0,0.0,0.0,0.0,0.0,0.0,0.0,0.0,0.0,0.0,0.0
127,02:07,PTR7,15,0,0,100.0,0.0,0.0,0.0,0.0,0.0,0.0,0.0,0.0,0.0,0.0,0.0,0.0,0.0,0.0,0.0
127,02:07,PTR8,16,0,0,100.0,0.0,0.0,0.0,0.0,0.0,0.0,0.0,0.0,0.0,0.0,0.0,0.0,0.0,0.0,0.0
127,02:07,PTR9,15,0,0,100.0,0.0,0.0,0.0,0.0,0.0,0.0,0.0,0.0,0.0,0.0,0.0,0.0,0.0,0.0,0.0
127,02:07,PTR10,16,0,0,100.0,0.0,0.0,0.0,0.0,0.0,0.0,0.0,0.0,0.0,0.0,0.0,0.0,0.0,0.0,0.0
128,02:08,PTR6,15,0,0,100.0,0.0,0.0,0.0,0.0,0.0,0.0,0.0,0.0,0.0,0.0,0.0,0.0,0.0,0.0,0.0
128,02:08,PTR7,15,0,0,100.0,0.0,0.0,0.0,0.0,0.0,0.0,0.0,0.0,0.0,0.0,0.0,0.0,0.0,0.0,0.0
128,02:08,PTR8,16,0,0,100.0,0.0,0.0,0.0,0.0,0.0,0.0,0.0,0.0,0.0,0.0,0.0,0.0,0.0,0.0,0.0
128,02:08,PTR9,15,0,0,100.0,0.0,0.0,0.0,0.0,0.0,0.0,0.0,0.0,0.0,0.0,0.0,0.0,0.0,0.0,0.0
128,02:08,PTR10,16,0,0,100.0,0.0,0.0,0.0,0.0,0.0,0.0,0.0,0.0,0.0,0.0,0.0,0.0,0.0,0.0,0.0
129,02:09,PTR6,15,0,0,100.0,0.0,0.0,0.0,0.0,0.0,0.0,0.0,0.0,0.0,0.0,0.0,0.0,0.0,0.0,0.0
129,02:09,PTR7,15,0,0,100.0,0.0,0.0,0.0,0.0,0.0,0.0,0.0,0.0,0.0,0.0,0.0,0.0,0.0,0.0,0.0
129,02:09,PTR8,16,0,0,100.0,0.0,0.0,0.0,0.0,0.0,0.0,0.0,0.0,0.0,0.0,0.0,0.0,0.0,0.0,0.0
129,02:09,PTR9,15,0,0,100.0,0.0,0.0,0.0,0.0,0.0,0.0,0.0,0.0,0.0,0.0,0.0,0.0,0.0,0.0,0.0
129,02:09,PTR10,16,0,0,100.0,0.0,0.0,0.0,0.0,0.0,0.0,0.0,0.0,0.0,0.0,0.0,0.0,0.0,0.0,0.0
130,02:10,PTR6,15,0,0,100.0,0.0,0.0,0.0,0.0,0.0,0.0,0.0,0.0,0.0,0.0,0.0,0.0,0.0,0.0,0.0
130,02:10,PTR7,15,0,0,100.0,0.0,0.0,0.0,0.0,0.0,0.0,0.0,0.0,0.0,0.0,0.0,0.0,0.0,0.0,0.0
130,02:10,PTR8,16,0,0,100.0,0.0,0.0,0.0,0.0,0.0,0.0,0.0,0.0,0.0,0.0,0.0,0.0,0.0,0.0,0.0
130,02:10,PTR9,15,0,0,100.0,0.0,0.0,0.0,0.0,0.0,0.0,0.0,0.0,0.0,0.0,0.0,0.0,0.0,0.0,0.0
130,02:10,PTR10,16,0,0,100.0,0.0,0.0,0.0,0.0,0.0,0.0,0.0,0.0,0.0,0.0,0.0,0.0,0.0,0.0,0.0
131,02:11,PTR6,15,0,0,100.0,0.0,0.0,0.0,0.0,0.0,0.0,0.0,0.0,0.0,0.0,0.0,0.0,0.0,0.0,0.0
131,02:11,PTR7,15,0,0,100.0,0.0,0.0,0.0,0.0,0.0,0.0,0.0,0.0,0.0,0.0,0.0,0.0,0.0,0.0,0.0
131,02:11,PTR8,16,0,0,100.0,0.0,0.0,0.0,0.0,0.0,0.0,0.0,0.0,0.0,0.0,0.0,0.0,0.0,0.0,0.0
131,02:11,PTR9,15,0,0,100.0,0.0,0.0,0.0,0.0,0.0,0.0,0.0,0.0,0.0,0.0,0.0,0.0,0.0,0.0,0.0
131,02:11,PTR10,16,0,0,100.0,0.0,0.0,0.0,0.0,0.0,0.0,0.0,0.0,0.0,0.0,0.0,0.0,0.0,0.0,0.0
132,02:12,PTR6,15,0,0,100.0,0.0,0.0,0.0,0.0,0.0,0.0,0.0,0.0,0.0,0.0,0.0,0.0,0.0,0.0,0.0
132,02:12,PTR7,15,0,0,100.0,0.0,0.0,0.0,0.0,0.0,0.0,0.0,0.0,0.0,0.0,0.0,0.0,0.0,0.0,0.0
132,02:12,PTR8,16,0,0,100.0,0.0,0.0,0.0,0.0,0.0,0.0,0.0,0.0,0.0,0.0,0.0,0.0,0.0,0.0,0.0
132,02:12,PTR9,15,0,0,100.0,0.0,0.0,0.0,0.0,0.0,0.0,0.0,0.0,0.0,0.0,0.0,0.0,0.0,0.0,0.0
132,02:12,PTR10,16,0,0,100.0,0.0,0.0,0.0,0.0,0.0,0.0,0.0,0.0,0.0,0.0,0.0,0.0,0.0,0.0,0.0
133,02:13,PTR6,15,0,0,100.0,0.0,0.0,0.0,0.0,0.0,0.0,0.0,0.0,0.0,0.0,0.0,0.0,0.0,0.0,0.0
133,02:13,PTR7,15,0,0,100.0,0.0,0.0,0.0,0.0,0.0,0.0,0.0,0.0,0.0,0.0,0.0,0.0,0.0,0.0,0.0
133,02:13,PTR8,16,0,0,100.0,0.0,0.0,0.0,0.0,0.0,0.0,0.0,0.0,0.0,0.0,0.0,0.0,0.0,0.0,0.0
133,02:13,PTR9,15,0,0,100.0,0.0,0.0,0.0,0.0,0.0,0.0,0.0,0.0,0.0,0.0,0.0,0.0,0.0,0.0,0.0
133,02:13,PTR10,16,0,0,100.0,0.0,0.0,0.0,0.0,0.0,0.0,0.0,0.0,0.0,0.0,0.0,0.0,0.0,0.0,0.0
134,02:14,PTR6,15,0,0,100.0,0.0,0.0,0.0,0.0,0.0,0.0,0.0,0.0,0.0,0.0,0.0,0.0,0.0,0.0,0.0
134,02:14,PTR7,15,0,0,100.0,0.0,0.0,0.0,0.0,0.0,0.0,0.0,0.0,0.0,0.0,0.0,0.0,0.0,0.0,0.0
134,02:14,PTR8,16,0,0,100.0,0.0,0.0,0.0,0.0,0.0,0.0,0.0,0.0,0.0,0.0,0.0,0.0,0.0,0.0,0.0
134,02:14,PTR9,15,0,0,100.0,0.0,0.0,0.0,0.0,0.0,0.0,0.0,0.0,0.0,0.0,0.0,0.0,0.0,0.0,0.0
134,02:14,PTR10,16,0,0,100.0,0.0,0.0,0.0,0.0,0.0,0.0,0.0,0.0,0.0,0.0,0.0,0.0,0.0,0.0,0.0
135,02:15,PTR6,15,0,0,100.0,0.0,0.0,0.0,0.0,0.0,0.0,0.0,0.0,0.0,0.0,0.0,0.0,0.0,0.0,0.0
135,02:15,PTR7,15,0,0,100.0,0.0,0.0,0.0,0.0,0.0,0.0,0.0,0.0,0.0,0.0,0.0,0.0,0.0,0.0,0.0
135,02:15,PTR8,16,0,0,100.0,0.0,0.0,0.0,0.0,0.0,0.0,0.0,0.0,0.0,0.0,0.0,0.0,0.0,0.0,0.0
135,02:15,PTR9,15,0,0,100.0,0.0,0.0,0.0,0.0,0.0,0.0,0.0,0.0,0.0,0.0,0.0,0.0,0.0,0.0,0.0
135,02:15,PTR10,16,0,0,100.0,0.0,0.0,0.0,0.0,0.0,0.0,0.0,0.0,0.0,0.0,0.0,0.0,0.0,0.0,0.0
136,02:16,PTR6,15,0,0,100.0,0.0,0.0,0.0,0.0,0.0,0.0,0.0,0.0,0.0,0.0,0.0,0.0,0.0,0.0,0.0
136,02:16,PTR7,15,0,0,100.0,0.0,0.0,0.0,0.0,0.0,0.0,0.0,0.0,0.0,0.0,0.0,0.0,0.0,0.0,0.0
136,02:16,PTR8,16,0,0,100.0,0.0,0.0,0.0,0.0,0.0,0.0,0.0,0.0,0.0,0.0,0.0,0.0,0.0,0.0,0.0
136,02:16,PTR9,15,0,0,100.0,0.0,0.0,0.0,0.0,0.0,0.0,0.0,0.0,0.0,0.0,0.0,0.0,0.0,0.0,0.0
136,02:16,PTR10,16,0,0,100.0,0.0,0.0,0.0,0.0,0.0,0.0,0.0,0.0,0.0,0.0,0.0,0.0,0.0,0.0,0.0
137,02:17,PTR6,15,0,0,100.0,0.0,0.0,0.0,0.0,0.0,0.0,0.0,0.0,0.0,0.0,0.0,0.0,0.0,0.0,0.0
137,02:17,PTR7,15,0,0,100.0,0.0,0.0,0.0,0.0,0.0,0.0,0.0,0.0,0.0,0.0,0.0,0.0,0.0,0.0,0.0
137,02:17,PTR8,16,0,0,100.0,0.0,0.0,0.0,0.0,0.0,0.0,0.0,0.0,0.0,0.0,0.0,0.0,0.0,0.0,0.0
137,02:17,PTR9,15,0,0,100.0,0.0,0.0,0.0,0.0,0.0,0.0,0.0,0.0,0.0,0.0,0.0,0.0,0.0,0.0,0.0
137,02:17,PTR10,16,0,0,100.0,0.0,0.0,0.0,0.0,0.0,0.0,0.0,0.0,0.0,0.0,0.0,0.0,0.0,0.0,0.0
138,02:18,PTR6,15,0,0,100.0,0.0,0.0,0.0,0.0,0.0,0.0,0.0,0.0,0.0,0.0,0.0,0.0,0.0,0.0,0.0
138,02:18,PTR7,15,0,0,100.0,0.0,0.0,0.0,0.0,0.0,0.0,0.0,0.0,0.0,0.0,0.0,0.0,0.0,0.0,0.0
138,02:18,PTR8,16,0,0,100.0,0.0,0.0,0.0,0.0,0.0,0.0,0.0,0.0,0.0,0.0,0.0,0.0,0.0,0.0,0.0
138,02:18,PTR9,15,0,0,100.0,0.0,0.0,0.0,0.0,0.0,0.0,0.0,0.0,0.0,0.0,0.0,0.0,0.0,0.0,0.0
138,02:18,PTR10,16,0,0,100.0,0.0,0.0,0.0,0.0,0.0,0.0,0.0,0.0,0.0,0.0,0.0,0.0,0.0,0.0,0.0
139,02:19,PTR6,15,0,0,100.0,0.0,0.0,0.0,0.0,0.0,0.0,0.0,0.0,0.0,0.0,0.0,0.0,0.0,0.0,0.0
139,02:19,PTR7,15,0,0,100.0,0.0,0.0,0.0,0.0,0.0,0.0,0.0,0.0,0.0,0.0,0.0,0.0,0.0,0.0,0.0
139,02:19,PTR8,16,0,0,100.0,0.0,0.0,0.0,0.0,0.0,0.0,0.0,0.0,0.0,0.0,0.0,0.0,0.0,0.0,0.0
139,02:19,PTR9,15,0,0,100.0,0.0,0.0,0.0,0.0,0.0,0.0,0.0,0.0,0.0,0.0,0.0,0.0,0.0,0.0,0.0
139,02:19,PTR10,16,0,0,100.0,0.0,0.0,0.0,0.0,0.0,0.0,0.0,0.0,0.0,0.0,0.0,0.0,0.0,0.0,0.0
140,02:20,PTR6,15,0,0,100.0,0.0,0.0,0.0,0.0,0.0,0.0,0.0,0.0,0.0,0.0,0.0,0.0,0.0,0.0,0.0
140,02:20,PTR7,15,0,0,100.0,0.0,0.0,0.0,0.0,0.0,0.0,0.0,0.0,0.0,0.0,0.0,0.0,0.0,0.0,0.0
140,02:20,PTR8,16,0,0,100.0,0.0,0.0,0.0,0.0,0.0,0.0,0.0,0.0,0.0,0.0,0.0,0.0,0.0,0.0,0.0
140,02:20,PTR9,15,0,0,100.0,0.0,0.0,0.0,0.0,0.0,0.0,0.0,0.0,0.0,0.0,0.0,0.0,0.0,0.0,0.0
140,02:20,PTR10,16,0,0,100.0,0.0,0.0,0.0,0.0,0.0,0.0,0.0,0.0,0.0,0.0,0.0,0.0,0.0,0.0,0.0
141,02:21,PTR6,15,0,0,100.0,0.0,0.0,0.0,0.0,0.0,0.0,0.0,0.0,0.0,0.0,0.0,0.0,0.0,0.0,0.0
141,02:21,PTR7,15,0,0,100.0,0.0,0.0,0.0,0.0,0.0,0.0,0.0,0.0,0.0,0.0,0.0,0.0,0.0,0.0,0.0
141,02:21,PTR8,16,0,0,100.0,0.0,0.0,0.0,0.0,0.0,0.0,0.0,0.0,0.0,0.0,0.0,0.0,0.0,0.0,0.0
141,02:21,PTR9,15,0,0,100.0,0.0,0.0,0.0,0.0,0.0,0.0,0.0,0.0,0.0,0.0,0.0,0.0,0.0,0.0,0.0
141,02:21,PTR10,16,0,0,100.0,0.0,0.0,0.0,0.0,0.0,0.0,0.0,0.0,0.0,0.0,0.0,0.0,0.0,0.0,0.0
142,02:22,PTR6,15,0,0,100.0,0.0,0.0,0.0,0.0,0.0,0.0,0.0,0.0,0.0,0.0,0.0,0.0,0.0,0.0,0.0
142,02:22,PTR7,15,0,0,100.0,0.0,0.0,0.0,0.0,0.0,0.0,0.0,0.0,0.0,0.0,0.0,0.0,0.0,0.0,0.0
142,02:22,PTR8,16,0,0,100.0,0.0,0.0,0.0,0.0,0.0,0.0,0.0,0.0,0.0,0.0,0.0,0.0,0.0,0.0,0.0
142,02:22,PTR9,15,0,0,100.0,0.0,0.0,0.0,0.0,0.0,0.0,0.0,0.0,0.0,0.0,0.0,0.0,0.0,0.0,0.0
142,02:22,PTR10,16,0,0,100.0,0.0,0.0,0.0,0.0,0.0,0.0,0.0,0.0,0.0,0.0,0.0,0.0,0.0,0.0,0.0
143,02:23,PTR6,15,0,0,100.0,0.0,0.0,0.0,0.0,0.0,0.0,0.0,0.0,0.0,0.0,0.0,0.0,0.0,0.0,0.0
143,02:23,PTR7,15,0,0,100.0,0.0,0.0,0.0,0.0,0.0,0.0,0.0,0.0,0.0,0.0,0.0,0.0,0.0,0.0,0.0
143,02:23,PTR8,16,0,0,100.0,0.0,0.0,0.0,0.0,0.0,0.0,0.0,0.0,0.0,0.0,0.0,0.0,0.0,0.0,0.0
143,02:23,PTR9,15,0,0,100.0,0.0,0.0,0.0,0.0,0.0,0.0,0.0,0.0,0.0,0.0,0.0,0.0,0.0,0.0,0.0
143,02:23,PTR10,16,0,0,100.0,0.0,0.0,0.0,0.0,0.0,0.0,0.0,0.0,0.0,0.0,0.0,0.0,0.0,0.0,0.0
144,02:24,PTR6,15,0,0,100.0,0.0,0.0,0.0,0.0,0.0,0.0,0.0,0.0,0.0,0.0,0.0,0.0,0.0,0.0,0.0
144,02:24,PTR7,15,0,0,100.0,0.0,0.0,0.0,0.0,0.0,0.0,0.0,0.0,0.0,0.0,0.0,0.0,0.0,0.0,0.0
144,02:24,PTR8,16,0,0,100.0,0.0,0.0,0.0,0.0,0.0,0.0,0.0,0.0,0.0,0.0,0.0,0.0,0.0,0.0,0.0
144,02:24,PTR9,15,0,0,100.0,0.0,0.0,0.0,0.0,0.0,0.0,0.0,0.0,0.0,0.0,0.0,0.0,0.0,0.0,0.0
144,02:24,PTR10,16,0,0,100.0,0.0,0.0,0.0,0.0,0.0,0.0,0.0,0.0,0.0,0.0,0.0,0.0,0.0,0.0,0.0
145,02:25,PTR6,15,0,0,100.0,0.0,0.0,0.0,0.0,0.0,0.0,0.0,0.0,0.0,0.0,0.0,0.0,0.0,0.0,0.0
145,02:25,PTR7,15,0,0,100.0,0.0,0.0,0.0,0.0,0.0,0.0,0.0,0.0,0.0,0.0,0.0,0.0,0.0,0.0,0.0
145,02:25,PTR8,16,0,0,100.0,0.0,0.0,0.0,0.0,0.0,0.0,0.0,0.0,0.0,0.0,0.0,0.0,0.0,0.0,0.0
145,02:25,PTR9,15,0,0,100.0,0.0,0.0,0.0,0.0,0.0,0.0,0.0,0.0,0.0,0.0,0.0,0.0,0.0,0.0,0.0
145,02:25,PTR10,16,0,0,100.0,0.0,0.0,0.0,0.0,0.0,0.0,0.0,0.0,0.0,0.0,0.0,0.0,0.0,0.0,0.0
146,02:26,PTR6,15,0,0,100.0,0.0,0.0,0.0,0.0,0.0,0.0,0.0,0.0,0.0,0.0,0.0,0.0,0.0,0.0,0.0
146,02:26,PTR7,15,0,0,100.0,0.0,0.0,0.0,0.0,0.0,0.0,0.0,0.0,0.0,0.0,0.0,0.0,0.0,0.0,0.0
146,02:26,PTR8,16,0,0,100.0,0.0,0.0,0.0,0.0,0.0,0.0,0.0,0.0,0.0,0.0,0.0,0.0,0.0,0.0,0.0
146,02:26,PTR9,15,0,0,100.0,0.0,0.0,0.0,0.0,0.0,0.0,0.0,0.0,0.0,0.0,0.0,0.0,0.0,0.0,0.0
146,02:26,PTR10,16,0,0,100.0,0.0,0.0,0.0,0.0,0.0,0.0,0.0,0.0,0.0,0.0,0.0,0.0,0.0,0.0,0.0
147,02:27,PTR6,15,0,0,100.0,0.0,0.0,0.0,0.0,0.0,0.0,0.0,0.0,0.0,0.0,0.0,0.0,0.0,0.0,0.0
147,02:27,PTR7,15,0,0,100.0,0.0,0.0,0.0,0.0,0.0,0.0,0.0,0.0,0.0,0.0,0.0,0.0,0.0,0.0,0.0
147,02:27,PTR8,16,0,0,100.0,0.0,0.0,0.0,0.0,0.0,0.0,0.0,0.0,0.0,0.0,0.0,0.0,0.0,0.0,0.0
147,02:27,PTR9,15,0,0,100.0,0.0,0.0,0.0,0.0,0.0,0.0,0.0,0.0,0.0,0.0,0.0,0.0,0.0,0.0,0.0
147,02:27,PTR10,16,0,0,100.0,0.0,0.0,0.0,0.0,0.0,0.0,0.0,0.0,0.0,0.0,0.0,0.0,0.0,0.0,0.0
148,02:28,PTR6,15,0,0,100.0,0.0,0.0,0.0,0.0,0.0,0.0,0.0,0.0,0.0,0.0,0.0,0.0,0.0,0.0,0.0
148,02:28,PTR7,15,0,0,100.0,0.0,0.0,0.0,0.0,0.0,0.0,0.0,0.0,0.0,0.0,0.0,0.0,0.0,0.0,0.0
148,02:28,PTR8,16,0,0,100.0,0.0,0.0,0.0,0.0,0.0,0.0,0.0,0.0,0.0,0.0,0.0,0.0,0.0,0.0,0.0
148,02:28,PTR9,15,0,0,100.0,0.0,0.0,0.0,0.0,0.0,0.0,0.0,0.0,0.0,0.0,0.0,0.0,0.0,0.0,0.0
148,02:28,PTR10,16,0,0,100.0,0.0,0.0,0.0,0.0,0.0,0.0,0.0,0.0,0.0,0.0,0.0,0.0,0.0,0.0,0.0
149,02:29,PTR6,15,0,0,100.0,0.0,0.0,0.0,0.0,0.0,0.0,0.0,0.0,0.0,0.0,0.0,0.0,0.0,0.0,0.0
149,02:29,PTR7,15,0,0,100.0,0.0,0.0,0.0,0.0,0.0,0.0,0.0,0.0,0.0,0.0,0.0,0.0,0.0,0.0,0.0
149,02:29,PTR8,16,0,0,100.0,0.0,0.0,0.0,0.0,0.0,0.0,0.0,0.0,0.0,0.0,0.0,0.0,0.0,0.0,0.0
149,02:29,PTR9,15,0,0,100.0,0.0,0.0,0.0,0.0,0.0,0.0,0.0,0.0,0.0,0.0,0.0,0.0,0.0,0.0,0.0
149,02:29,PTR10,16,0,0,100.0,0.0,0.0,0.0,0.0,0.0,0.0,0.0,0.0,0.0,0.0,0.0,0.0,0.0,0.0,0.0
150,02:30,PTR6,15,0,0,100.0,0.0,0.0,0.0,0.0,0.0,0.0,0.0,0.0,0.0,0.0,0.0,0.0,0.0,0.0,0.0
150,02:30,PTR7,15,0,0,100.0,0.0,0.0,0.0,0.0,0.0,0.0,0.0,0.0,0.0,0.0,0.0,0.0,0.0,0.0,0.0
150,02:30,PTR8,16,0,0,100.0,0.0,0.0,0.0,0.0,0.0,0.0,0.0,0.0,0.0,0.0,0.0,0.0,0.0,0.0,0.0
150,02:30,PTR9,15,0,0,100.0,0.0,0.0,0.0,0.0,0.0,0.0,0.0,0.0,0.0,0.0,0.0,0.0,0.0,0.0,0.0
150,02:30,PTR10,16,0,0,100.0,0.0,0.0,0.0,0.0,0.0,0.0,0.0,0.0,0.0,0.0,0.0,0.0,0.0,0.0,0.0
151,02:31,PTR6,15,0,0,100.0,0.0,0.0,0.0,0.0,0.0,0.0,0.0,0.0,0.0,0.0,0.0,0.0,0.0,0.0,0.0
151,02:31,PTR7,15,0,0,100.0,0.0,0.0,0.0,0.0,0.0,0.0,0.0,0.0,0.0,0.0,0.0,0.0,0.0,0.0,0.0
151,02:31,PTR8,16,0,0,100.0,0.0,0.0,0.0,0.0,0.0,0.0,0.0,0.0,0.0,0.0,0.0,0.0,0.0,0.0,0.0
151,02:31,PTR9,15,0,0,100.0,0.0,0.0,0.0,0.0,0.0,0.0,0.0,0.0,0.0,0.0,0.0,0.0,0.0,0.0,0.0
151,02:31,PTR10,16,0,0,100.0,0.0,0.0,0.0,0.0,0.0,0.0,0.0,0.0,0.0,0.0,0.0,0.0,0.0,0.0,0.0
152,02:32,PTR6,15,0,0,100.0,0.0,0.0,0.0,0.0,0.0,0.0,0.0,0.0,0.0,0.0,0.0,0.0,0.0,0.0,0.0
152,02:32,PTR7,15,0,0,100.0,0.0,0.0,0.0,0.0,0.0,0.0,0.0,0.0,0.0,0.0,0.0,0.0,0.0,0.0,0.0
152,02:32,PTR8,16,0,0,100.0,0.0,0.0,0.0,0.0,0.0,0.0,0.0,0.0,0.0,0.0,0.0,0.0,0.0,0.0,0.0
152,02:32,PTR9,15,0,0,100.0,0.0,0.0,0.0,0.0,0.0,0.0,0.0,0.0,0.0,0.0,0.0,0.0,0.0,0.0,0.0
152,02:32,PTR10,16,0,0,100.0,0.0,0.0,0.0,0.0,0.0,0.0,0.0,0.0,0.0,0.0,0.0,0.0,0.0,0.0,0.0
153,02:33,PTR6,15,0,0,100.0,0.0,0.0,0.0,0.0,0.0,0.0,0.0,0.0,0.0,0.0,0.0,0.0,0.0,0.0,0.0
153,02:33,PTR7,15,0,0,100.0,0.0,0.0,0.0,0.0,0.0,0.0,0.0,0.0,0.0,0.0,0.0,0.0,0.0,0.0,0.0
153,02:33,PTR8,16,0,0,100.0,0.0,0.0,0.0,0.0,0.0,0.0,0.0,0.0,0.0,0.0,0.0,0.0,0.0,0.0,0.0
153,02:33,PTR9,15,0,0,100.0,0.0,0.0,0.0,0.0,0.0,0.0,0.0,0.0,0.0,0.0,0.0,0.0,0.0,0.0,0.0
153,02:33,PTR10,16,0,0,100.0,0.0,0.0,0.0,0.0,0.0,0.0,0.0,0.0,0.0,0.0,0.0,0.0,0.0,0.0,0.0
154,02:34,PTR6,15,0,0,100.0,0.0,0.0,0.0,0.0,0.0,0.0,0.0,0.0,0.0,0.0,0.0,0.0,0.0,0.0,0.0
154,02:34,PTR7,15,0,0,100.0,0.0,0.0,0.0,0.0,0.0,0.0,0.0,0.0,0.0,0.0,0.0,0.0,0.0,0.0,0.0
154,02:34,PTR8,16,0,0,100.0,0.0,0.0,0.0,0.0,0.0,0.0,0.0,0.0,0.0,0.0,0.0,0.0,0.0,0.0,0.0
154,02:34,PTR9,15,0,0,100.0,0.0,0.0,0.0,0.0,0.0,0.0,0.0,0.0,0.0,0.0,0.0,0.0,0.0,0.0,0.0
154,02:34,PTR10,16,0,0,100.0,0.0,0.0,0.0,0.0,0.0,0.0,0.0,0.0,0.0,0.0,0.0,0.0,0.0,0.0,0.0
155,02:35,PTR6,15,0,0,100.0,0.0,0.0,0.0,0.0,0.0,0.0,0.0,0.0,0.0,0.0,0.0,0.0,0.0,0.0,0.0
155,02:35,PTR7,15,0,0,100.0,0.0,0.0,0.0,0.0,0.0,0.0,0.0,0.0,0.0,0.0,0.0,0.0,0.0,0.0,0.0
155,02:35,PTR8,16,0,0,100.0,0.0,0.0,0.0,0.0,0.0,0.0,0.0,0.0,0.0,0.0,0.0,0.0,0.0,0.0,0.0
155,02:35,PTR9,15,0,0,100.0,0.0,0.0,0.0,0.0,0.0,0.0,0.0,0.0,0.0,0.0,0.0,0.0,0.0,0.0,0.0
155,02:35,PTR10,16,0,0,100.0,0.0,0.0,0.0,0.0,0.0,0.0,0.0,0.0,0.0,0.0,0.0,0.0,0.0,0.0,0.0
156,02:36,PTR6,15,0,0,100.0,0.0,0.0,0.0,0.0,0.0,0.0,0.0,0.0,0.0,0.0,0.0,0.0,0.0,0.0,0.0
156,02:36,PTR7,15,0,0,100.0,0.0,0.0,0.0,0.0,0.0,0.0,0.0,0.0,0.0,0.0,0.0,0.0,0.0,0.0,0.0
156,02:36,PTR8,16,0,0,100.0,0.0,0.0,0.0,0.0,0.0,0.0,0.0,0.0,0.0,0.0,0.0,0.0,0.0,0.0,0.0
156,02:36,PTR9,15,0,0,100.0,0.0,0.0,0.0,0.0,0.0,0.0,0.0,0.0,0.0,0.0,0.0,0.0,0.0,0.0,0.0
156,02:36,PTR10,16,0,0,100.0,0.0,0.0,0.0,0.0,0.0,0.0,0.0,0.0,0.0,0.0,0.0,0.0,0.0,0.0,0.0
157,02:37,PTR6,15,0,0,100.0,0.0,0.0,0.0,0.0,0.0,0.0,0.0,0.0,0.0,0.0,0.0,0.0,0.0,0.0,0.0
157,02:37,PTR7,15,0,0,100.0,0.0,0.0,0.0,0.0,0.0,0.0,0.0,0.0,0.0,0.0,0.0,0.0,0.0,0.0,0.0
157,02:37,PTR8,16,0,0,100.0,0.0,0.0,0.0,0.0,0.0,0.0,0.0,0.0,0.0,0.0,0.0,0.0,0.0,0.0,0.0
157,02:37,PTR9,15,0,0,100.0,0.0,0.0,0.0,0.0,0.0,0.0,0.0,0.0,0.0,0.0,0.0,0.0,0.0,0.0,0.0
157,02:37,PTR10,16,0,0,100.0,0.0,0.0,0.0,0.0,0.0,0.0,0.0,0.0,0.0,0.0,0.0,0.0,0.0,0.0,0.0
158,02:38,PTR6,15,0,0,100.0,0.0,0.0,0.0,0.0,0.0,0.0,0.0,0.0,0.0,0.0,0.0,0.0,0.0,0.0,0.0
158,02:38,PTR7,15,0,0,100.0,0.0,0.0,0.0,0.0,0.0,0.0,0.0,0.0,0.0,0.0,0.0,0.0,0.0,0.0,0.0
158,02:38,PTR8,16,0,0,100.0,0.0,0.0,0.0,0.0,0.0,0.0,0.0,0.0,0.0,0.0,0.0,0.0,0.0,0.0,0.0
158,02:38,PTR9,15,0,0,100.0,0.0,0.0,0.0,0.0,0.0,0.0,0.0,0.0,0.0,0.0,0.0,0.0,0.0,0.0,0.0
158,02:38,PTR10,16,0,0,100.0,0.0,0.0,0.0,0.0,0.0,0.0,0.0,0.0,0.0,0.0,0.0,0.0,0.0,0.0,0.0
159,02:39,PTR6,15,0,0,100.0,0.0,0.0,0.0,0.0,0.0,0.0,0.0,0.0,0.0,0.0,0.0,0.0,0.0,0.0,0.0
159,02:39,PTR7,15,0,0,100.0,0.0,0.0,0.0,0.0,0.0,0.0,0.0,0.0,0.0,0.0,0.0,0.0,0.0,0.0,0.0
159,02:39,PTR8,16,0,0,100.0,0.0,0.0,0.0,0.0,0.0,0.0,0.0,0.0,0.0,0.0,0.0,0.0,0.0,0.0,0.0
159,02:39,PTR9,15,0,0,100.0,0.0,0.0,0.0,0.0,0.0,0.0,0.0,0.0,0.0,0.0,0.0,0.0,0.0,0.0,0.0
159,02:39,PTR10,16,0,0,100.0,0.0,0.0,0.0,0.0,0.0,0.0,0.0,0.0,0.0,0.0,0.0,0.0,0.0,0.0,0.0
160,02:40,PTR6,15,0,0,100.0,0.0,0.0,0.0,0.0,0.0,0.0,0.0,0.0,0.0,0.0,0.0,0.0,0.0,0.0,0.0
160,02:40,PTR7,15,0,0,100.0,0.0,0.0,0.0,0.0,0.0,0.0,0.0,0.0,0.0,0.0,0.0,0.0,0.0,0.0,0.0
160,02:40,PTR8,16,0,0,100.0,0.0,0.0,0.0,0.0,0.0,0.0,0.0,0.0,0.0,0.0,0.0,0.0,0.0,0.0,0.0
160,02:40,PTR9,15,0,0,100.0,0.0,0.0,0.0,0.0,0.0,0.0,0.0,0.0,0.0,0.0,0.0,0.0,0.0,0.0,0.0
160,02:40,PTR10,16,0,0,100.0,0.0,0.0,0.0,0.0,0.0,0.0,0.0,0.0,0.0,0.0,0.0,0.0,0.0,0.0,0.0
161,02:41,PTR6,15,0,0,100.0,0.0,0.0,0.0,0.0,0.0,0.0,0.0,0.0,0.0,0.0,0.0,0.0,0.0,0.0,0.0
161,02:41,PTR7,15,0,0,100.0,0.0,0.0,0.0,0.0,0.0,0.0,0.0,0.0,0.0,0.0,0.0,0.0,0.0,0.0,0.0
161,02:41,PTR8,16,0,0,100.0,0.0,0.0,0.0,0.0,0.0,0.0,0.0,0.0,0.0,0.0,0.0,0.0,0.0,0.0,0.0
161,02:41,PTR9,15,0,0,100.0,0.0,0.0,0.0,0.0,0.0,0.0,0.0,0.0,0.0,0.0,0.0,0.0,0.0,0.0,0.0
161,02:41,PTR10,16,0,0,100.0,0.0,0.0,0.0,0.0,0.0,0.0,0.0,0.0,0.0,0.0,0.0,0.0,0.0,0.0,0.0
162,02:42,PTR6,15,0,0,100.0,0.0,0.0,0.0,0.0,0.0,0.0,0.0,0.0,0.0,0.0,0.0,0.0,0.0,0.0,0.0
162,02:42,PTR7,15,0,0,100.0,0.0,0.0,0.0,0.0,0.0,0.0,0.0,0.0,0.0,0.0,0.0,0.0,0.0,0.0,0.0
162,02:42,PTR8,16,0,0,100.0,0.0,0.0,0.0,0.0,0.0,0.0,0.0,0.0,0.0,0.0,0.0,0.0,0.0,0.0,0.0
162,02:42,PTR9,15,0,0,100.0,0.0,0.0,0.0,0.0,0.0,0.0,0.0,0.0,0.0,0.0,0.0,0.0,0.0,0.0,0.0
162,02:42,PTR10,16,0,0,100.0,0.0,0.0,0.0,0.0,0.0,0.0,0.0,0.0,0.0,0.0,0.0,0.0,0.0,0.0,0.0
163,02:43,PTR6,15,0,0,100.0,0.0,0.0,0.0,0.0,0.0,0.0,0.0,0.0,0.0,0.0,0.0,0.0,0.0,0.0,0.0
163,02:43,PTR7,15,0,0,100.0,0.0,0.0,0.0,0.0,0.0,0.0,0.0,0.0,0.0,0.0,0.0,0.0,0.0,0.0,0.0
163,02:43,PTR8,16,0,0,100.0,0.0,0.0,0.0,0.0,0.0,0.0,0.0,0.0,0.0,0.0,0.0,0.0,0.0,0.0,0.0
163,02:43,PTR9,15,0,0,100.0,0.0,0.0,0.0,0.0,0.0,0.0,0.0,0.0,0.0,0.0,0.0,0.0,0.0,0.0,0.0
163,02:43,PTR10,16,0,0,100.0,0.0,0.0,0.0,0.0,0.0,0.0,0.0,0.0,0.0,0.0,0.0,0.0,0.0,0.0,0.0
164,02:44,PTR6,15,0,0,100.0,0.0,0.0,0.0,0.0,0.0,0.0,0.0,0.0,0.0,0.0,0.0,0.0,0.0,0.0,0.0
164,02:44,PTR7,15,0,0,100.0,0.0,0.0,0.0,0.0,0.0,0.0,0.0,0.0,0.0,0.0,0.0,0.0,0.0,0.0,0.0
164,02:44,PTR8,16,0,0,100.0,0.0,0.0,0.0,0.0,0.0,0.0,0.0,0.0,0.0,0.0,0.0,0.0,0.0,0.0,0.0
164,02:44,PTR9,15,0,0,100.0,0.0,0.0,0.0,0.0,0.0,0.0,0.0,0.0,0.0,0.0,0.0,0.0,0.0,0.0,0.0
164,02:44,PTR10,16,0,0,100.0,0.0,0.0,0.0,0.0,0.0,0.0,0.0,0.0,0.0,0.0,0.0,0.0,0.0,0.0,0.0
165,02:45,PTR6,15,0,0,100.0,0.0,0.0,0.0,0.0,0.0,0.0,0.0,0.0,0.0,0.0,0.0,0.0,0.0,0.0,0.0
165,02:45,PTR7,15,0,0,100.0,0.0,0.0,0.0,0.0,0.0,0.0,0.0,0.0,0.0,0.0,0.0,0.0,0.0,0.0,0.0
165,02:45,PTR8,16,0,0,100.0,0.0,0.0,0.0,0.0,0.0,0.0,0.0,0.0,0.0,0.0,0.0,0.0,0.0,0.0,0.0
165,02:45,PTR9,15,0,0,100.0,0.0,0.0,0.0,0.0,0.0,0.0,0.0,0.0,0.0,0.0,0.0,0.0,0.0,0.0,0.0
165,02:45,PTR10,16,0,0,100.0,0.0,0.0,0.0,0.0,0.0,0.0,0.0,0.0,0.0,0.0,0.0,0.0,0.0,0.0,0.0
166,02:46,PTR6,15,0,0,100.0,0.0,0.0,0.0,0.0,0.0,0.0,0.0,0.0,0.0,0.0,0.0,0.0,0.0,0.0,0.0
166,02:46,PTR7,15,0,0,100.0,0.0,0.0,0.0,0.0,0.0,0.0,0.0,0.0,0.0,0.0,0.0,0.0,0.0,0.0,0.0
166,02:46,PTR8,16,0,0,100.0,0.0,0.0,0.0,0.0,0.0,0.0,0.0,0.0,0.0,0.0,0.0,0.0,0.0,0.0,0.0
166,02:46,PTR9,15,0,0,100.0,0.0,0.0,0.0,0.0,0.0,0.0,0.0,0.0,0.0,0.0,0.0,0.0,0.0,0.0,0.0
166,02:46,PTR10,16,0,0,100.0,0.0,0.0,0.0,0.0,0.0,0.0,0.0,0.0,0.0,0.0,0.0,0.0,0.0,0.0,0.0
167,02:47,PTR6,15,0,0,100.0,0.0,0.0,0.0,0.0,0.0,0.0,0.0,0.0,0.0,0.0,0.0,0.0,0.0,0.0,0.0
167,02:47,PTR7,15,0,0,100.0,0.0,0.0,0.0,0.0,0.0,0.0,0.0,0.0,0.0,0.0,0.0,0.0,0.0,0.0,0.0
167,02:47,PTR8,16,0,0,100.0,0.0,0.0,0.0,0.0,0.0,0.0,0.0,0.0,0.0,0.0,0.0,0.0,0.0,0.0,0.0
167,02:47,PTR9,15,0,0,100.0,0.0,0.0,0.0,0.0,0.0,0.0,0.0,0.0,0.0,0.0,0.0,0.0,0.0,0.0,0.0
167,02:47,PTR10,16,0,0,100.0,0.0,0.0,0.0,0.0,0.0,0.0,0.0,0.0,0.0,0.0,0.0,0.0,0.0,0.0,0.0
168,02:48,PTR6,15,0,0,100.0,0.0,0.0,0.0,0.0,0.0,0.0,0.0,0.0,0.0,0.0,0.0,0.0,0.0,0.0,0.0
168,02:48,PTR7,15,0,0,100.0,0.0,0.0,0.0,0.0,0.0,0.0,0.0,0.0,0.0,0.0,0.0,0.0,0.0,0.0,0.0
168,02:48,PTR8,16,0,0,100.0,0.0,0.0,0.0,0.0,0.0,0.0,0.0,0.0,0.0,0.0,0.0,0.0,0.0,0.0,0.0
168,02:48,PTR9,15,0,0,100.0,0.0,0.0,0.0,0.0,0.0,0.0,0.0,0.0,0.0,0.0,0.0,0.0,0.0,0.0,0.0
168,02:48,PTR10,16,0,0,100.0,0.0,0.0,0.0,0.0,0.0,0.0,0.0,0.0,0.0,0.0,0.0,0.0,0.0,0.0,0.0
169,02:49,PTR6,15,0,0,100.0,0.0,0.0,0.0,0.0,0.0,0.0,0.0,0.0,0.0,0.0,0.0,0.0,0.0,0.0,0.0
169,02:49,PTR7,15,0,0,100.0,0.0,0.0,0.0,0.0,0.0,0.0,0.0,0.0,0.0,0.0,0.0,0.0,0.0,0.0,0.0
169,02:49,PTR8,16,0,0,100.0,0.0,0.0,0.0,0.0,0.0,0.0,0.0,0.0,0.0,0.0,0.0,0.0,0.0,0.0,0.0
169,02:49,PTR9,15,0,0,100.0,0.0,0.0,0.0,0.0,0.0,0.0,0.0,0.0,0.0,0.0,0.0,0.0,0.0,0.0,0.0
169,02:49,PTR10,16,0,0,100.0,0.0,0.0,0.0,0.0,0.0,0.0,0.0,0.0,0.0,0.0,0.0,0.0,0.0,0.0,0.0
170,02:50,PTR6,15,0,0,100.0,0.0,0.0,0.0,0.0,0.0,0.0,0.0,0.0,0.0,0.0,0.0,0.0,0.0,0.0,0.0
170,02:50,PTR7,15,0,0,100.0,0.0,0.0,0.0,0.0,0.0,0.0,0.0,0.0,0.0,0.0,0.0,0.0,0.0,0.0,0.0
170,02:50,PTR8,16,0,0,100.0,0.0,0.0,0.0,0.0,0.0,0.0,0.0,0.0,0.0,0.0,0.0,0.0,0.0,0.0,0.0
170,02:50,PTR9,15,0,0,100.0,0.0,0.0,0.0,0.0,0.0,0.0,0.0,0.0,0.0,0.0,0.0,0.0,0.0,0.0,0.0
170,02:50,PTR10,16,0,0,100.0,0.0,0.0,0.0,0.0,0.0,0.0,0.0,0.0,0.0,0.0,0.0,0.0,0.0,0.0,0.0
171,02:51,PTR6,15,0,0,100.0,0.0,0.0,0.0,0.0,0.0,0.0,0.0,0.0,0.0,0.0,0.0,0.0,0.0,0.0,0.0
171,02:51,PTR7,15,0,0,100.0,0.0,0.0,0.0,0.0,0.0,0.0,0.0,0.0,0.0,0.0,0.0,0.0,0.0,0.0,0.0
171,02:51,PTR8,16,0,0,100.0,0.0,0.0,0.0,0.0,0.0,0.0,0.0,0.0,0.0,0.0,0.0,0.0,0.0,0.0,0.0
171,02:51,PTR9,15,0,0,100.0,0.0,0.0,0.0,0.0,0.0,0.0,0.0,0.0,0.0,0.0,0.0,0.0,0.0,0.0,0.0
171,02:51,PTR10,16,0,0,100.0,0.0,0.0,0.0,0.0,0.0,0.0,0.0,0.0,0.0,0.0,0.0,0.0,0.0,0.0,0.0
172,02:52,PTR6,15,0,0,100.0,0.0,0.0,0.0,0.0,0.0,0.0,0.0,0.0,0.0,0.0,0.0,0.0,0.0,0.0,0.0
172,02:52,PTR7,15,0,0,100.0,0.0,0.0,0.0,0.0,0.0,0.0,0.0,0.0,0.0,0.0,0.0,0.0,0.0,0.0,0.0
172,02:52,PTR8,16,0,0,100.0,0.0,0.0,0.0,0.0,0.0,0.0,0.0,0.0,0.0,0.0,0.0,0.0,0.0,0.0,0.0
172,02:52,PTR9,15,0,0,100.0,0.0,0.0,0.0,0.0,0.0,0.0,0.0,0.0,0.0,0.0,0.0,0.0,0.0,0.0,0.0
172,02:52,PTR10,16,0,0,100.0,0.0,0.0,0.0,0.0,0.0,0.0,0.0,0.0,0.0,0.0,0.0,0.0,0.0,0.0,0.0
173,02:53,PTR6,15,0,0,100.0,0.0,0.0,0.0,0.0,0.0,0.0,0.0,0.0,0.0,0.0,0.0,0.0,0.0,0.0,0.0
173,02:53,PTR7,15,0,0,100.0,0.0,0.0,0.0,0.0,0.0,0.0,0.0,0.0,0.0,0.0,0.0,0.0,0.0,0.0,0.0
173,02:53,PTR8,16,0,0,100.0,0.0,0.0,0.0,0.0,0.0,0.0,0.0,0.0,0.0,0.0,0.0,0.0,0.0,0.0,0.0
173,02:53,PTR9,15,0,0,100.0,0.0,0.0,0.0,0.0,0.0,0.0,0.0,0.0,0.0,0.0,0.0,0.0,0.0,0.0,0.0
173,02:53,PTR10,16,0,0,100.0,0.0,0.0,0.0,0.0,0.0,0.0,0.0,0.0,0.0,0.0,0.0,0.0,0.0,0.0,0.0
174,02:54,PTR6,15,0,0,100.0,0.0,0.0,0.0,0.0,0.0,0.0,0.0,0.0,0.0,0.0,0.0,0.0,0.0,0.0,0.0
174,02:54,PTR7,15,0,0,100.0,0.0,0.0,0.0,0.0,0.0,0.0,0.0,0.0,0.0,0.0,0.0,0.0,0.0,0.0,0.0
174,02:54,PTR8,16,0,0,100.0,0.0,0.0,0.0,0.0,0.0,0.0,0.0,0.0,0.0,0.0,0.0,0.0,0.0,0.0,0.0
174,02:54,PTR9,15,0,0,100.0,0.0,0.0,0.0,0.0,0.0,0.0,0.0,0.0,0.0,0.0,0.0,0.0,0.0,0.0,0.0
174,02:54,PTR10,16,0,0,100.0,0.0,0.0,0.0,0.0,0.0,0.0,0.0,0.0,0.0,0.0,0.0,0.0,0.0,0.0,0.0
175,02:55,PTR6,15,0,0,100.0,0.0,0.0,0.0,0.0,0.0,0.0,0.0,0.0,0.0,0.0,0.0,0.0,0.0,0.0,0.0
175,02:55,PTR7,15,0,0,100.0,0.0,0.0,0.0,0.0,0.0,0.0,0.0,0.0,0.0,0.0,0.0,0.0,0.0,0.0,0.0
175,02:55,PTR8,16,0,0,100.0,0.0,0.0,0.0,0.0,0.0,0.0,0.0,0.0,0.0,0.0,0.0,0.0,0.0,0.0,0.0
175,02:55,PTR9,15,0,0,100.0,0.0,0.0,0.0,0.0,0.0,0.0,0.0,0.0,0.0,0.0,0.0,0.0,0.0,0.0,0.0
175,02:55,PTR10,16,0,0,100.0,0.0,0.0,0.0,0.0,0.0,0.0,0.0,0.0,0.0,0.0,0.0,0.0,0.0,0.0,0.0
176,02:56,PTR6,15,0,0,100.0,0.0,0.0,0.0,0.0,0.0,0.0,0.0,0.0,0.0,0.0,0.0,0.0,0.0,0.0,0.0
176,02:56,PTR7,15,0,0,100.0,0.0,0.0,0.0,0.0,0.0,0.0,0.0,0.0,0.0,0.0,0.0,0.0,0.0,0.0,0.0
176,02:56,PTR8,16,0,0,100.0,0.0,0.0,0.0,0.0,0.0,0.0,0.0,0.0,0.0,0.0,0.0,0.0,0.0,0.0,0.0
176,02:56,PTR9,15,0,0,100.0,0.0,0.0,0.0,0.0,0.0,0.0,0.0,0.0,0.0,0.0,0.0,0.0,0.0,0.0,0.0
176,02:56,PTR10,16,0,0,100.0,0.0,0.0,0.0,0.0,0.0,0.0,0.0,0.0,0.0,0.0,0.0,0.0,0.0,0.0,0.0
177,02:57,PTR6,15,0,0,100.0,0.0,0.0,0.0,0.0,0.0,0.0,0.0,0.0,0.0,0.0,0.0,0.0,0.0,0.0,0.0
177,02:57,PTR7,15,0,0,100.0,0.0,0.0,0.0,0.0,0.0,0.0,0.0,0.0,0.0,0.0,0.0,0.0,0.0,0.0,0.0
177,02:57,PTR8,16,0,0,100.0,0.0,0.0,0.0,0.0,0.0,0.0,0.0,0.0,0.0,0.0,0.0,0.0,0.0,0.0,0.0
177,02:57,PTR9,15,0,0,100.0,0.0,0.0,0.0,0.0,0.0,0.0,0.0,0.0,0.0,0.0,0.0,0.0,0.0,0.0,0.0
177,02:57,PTR10,16,0,0,100.0,0.0,0.0,0.0,0.0,0.0,0.0,0.0,0.0,0.0,0.0,0.0,0.0,0.0,0.0,0.0
178,02:58,PTR6,15,0,0,100.0,0.0,0.0,0.0,0.0,0.0,0.0,0.0,0.0,0.0,0.0,0.0,0.0,0.0,0.0,0.0
178,02:58,PTR7,15,0,0,100.0,0.0,0.0,0.0,0.0,0.0,0.0,0.0,0.0,0.0,0.0,0.0,0.0,0.0,0.0,0.0
178,02:58,PTR8,16,0,0,100.0,0.0,0.0,0.0,0.0,0.0,0.0,0.0,0.0,0.0,0.0,0.0,0.0,0.0,0.0,0.0
178,02:58,PTR9,15,0,0,100.0,0.0,0.0,0.0,0.0,0.0,0.0,0.0,0.0,0.0,0.0,0.0,0.0,0.0,0.0,0.0
178,02:58,PTR10,16,0,0,100.0,0.0,0.0,0.0,0.0,0.0,0.0,0.0,0.0,0.0,0.0,0.0,0.0,0.0,0.0,0.0
179,02:59,PTR6,15,0,0,100.0,0.0,0.0,0.0,0.0,0.0,0.0,0.0,0.0,0.0,0.0,0.0,0.0,0.0,0.0,0.0
179,02:59,PTR7,15,0,0,100.0,0.0,0.0,0.0,0.0,0.0,0.0,0.0,0.0,0.0,0.0,0.0,0.0,0.0,0.0,0.0
179,02:59,PTR8,16,0,0,100.0,0.0,0.0,0.0,0.0,0.0,0.0,0.0,0.0,0.0,0.0,0.0,0.0,0.0,0.0,0.0
179,02:59,PTR9,15,0,0,100.0,0.0,0.0,0.0,0.0,0.0,0.0,0.0,0.0,0.0,0.0,0.0,0.0,0.0,0.0,0.0
179,02:59,PTR10,16,0,0,100.0,0.0,0.0,0.0,0.0,0.0,0.0,0.0,0.0,0.0,0.0,0.0,0.0,0.0,0.0,0.0
180,03:00,PTR6,15,0,0,100.0,0.0,0.0,0.0,0.0,0.0,0.0,0.0,0.0,0.0,0.0,0.0,0.0,0.0,0.0,0.0
180,03:00,PTR7,15,0,0,100.0,0.0,0.0,0.0,0.0,0.0,0.0,0.0,0.0,0.0,0.0,0.0,0.0,0.0,0.0,0.0
180,03:00,PTR8,16,0,0,100.0,0.0,0.0,0.0,0.0,0.0,0.0,0.0,0.0,0.0,0.0,0.0,0.0,0.0,0.0,0.0
180,03:00,PTR9,15,0,0,100.0,0.0,0.0,0.0,0.0,0.0,0.0,0.0,0.0,0.0,0.0,0.0,0.0,0.0,0.0,0.0
180,03:00,PTR10,16,0,0,100.0,0.0,0.0,0.0,0.0,0.0,0.0,0.0,0.0,0.0,0.0,0.0,0.0,0.0,0.0,0.0
181,03:01,PTR6,15,0,0,100.0,0.0,0.0,0.0,0.0,0.0,0.0,0.0,0.0,0.0,0.0,0.0,0.0,0.0,0.0,0.0
181,03:01,PTR7,15,0,0,100.0,0.0,0.0,0.0,0.0,0.0,0.0,0.0,0.0,0.0,0.0,0.0,0.0,0.0,0.0,0.0
181,03:01,PTR8,16,0,0,100.0,0.0,0.0,0.0,0.0,0.0,0.0,0.0,0.0,0.0,0.0,0.0,0.0,0.0,0.0,0.0
181,03:01,PTR9,15,0,0,100.0,0.0,0.0,0.0,0.0,0.0,0.0,0.0,0.0,0.0,0.0,0.0,0.0,0.0,0.0,0.0
181,03:01,PTR10,16,0,0,100.0,0.0,0.0,0.0,0.0,0.0,0.0,0.0,0.0,0.0,0.0,0.0,0.0,0.0,0.0,0.0
182,03:02,PTR6,15,0,0,100.0,0.0,0.0,0.0,0.0,0.0,0.0,0.0,0.0,0.0,0.0,0.0,0.0,0.0,0.0,0.0
182,03:02,PTR7,15,0,0,100.0,0.0,0.0,0.0,0.0,0.0,0.0,0.0,0.0,0.0,0.0,0.0,0.0,0.0,0.0,0.0
182,03:02,PTR8,16,0,0,100.0,0.0,0.0,0.0,0.0,0.0,0.0,0.0,0.0,0.0,0.0,0.0,0.0,0.0,0.0,0.0
182,03:02,PTR9,15,0,0,100.0,0.0,0.0,0.0,0.0,0.0,0.0,0.0,0.0,0.0,0.0,0.0,0.0,0.0,0.0,0.0
182,03:02,PTR10,16,0,0,100.0,0.0,0.0,0.0,0.0,0.0,0.0,0.0,0.0,0.0,0.0,0.0,0.0,0.0,0.0,0.0
183,03:03,PTR6,15,0,0,100.0,0.0,0.0,0.0,0.0,0.0,0.0,0.0,0.0,0.0,0.0,0.0,0.0,0.0,0.0,0.0
183,03:03,PTR7,15,0,0,100.0,0.0,0.0,0.0,0.0,0.0,0.0,0.0,0.0,0.0,0.0,0.0,0.0,0.0,0.0,0.0
183,03:03,PTR8,16,0,0,100.0,0.0,0.0,0.0,0.0,0.0,0.0,0.0,0.0,0.0,0.0,0.0,0.0,0.0,0.0,0.0
183,03:03,PTR9,15,0,0,100.0,0.0,0.0,0.0,0.0,0.0,0.0,0.0,0.0,0.0,0.0,0.0,0.0,0.0,0.0,0.0
183,03:03,PTR10,16,0,0,100.0,0.0,0.0,0.0,0.0,0.0,0.0,0.0,0.0,0.0,0.0,0.0,0.0,0.0,0.0,0.0
184,03:04,PTR6,15,0,0,100.0,0.0,0.0,0.0,0.0,0.0,0.0,0.0,0.0,0.0,0.0,0.0,0.0,0.0,0.0,0.0
184,03:04,PTR7,15,0,0,100.0,0.0,0.0,0.0,0.0,0.0,0.0,0.0,0.0,0.0,0.0,0.0,0.0,0.0,0.0,0.0
184,03:04,PTR8,16,0,0,100.0,0.0,0.0,0.0,0.0,0.0,0.0,0.0,0.0,0.0,0.0,0.0,0.0,0.0,0.0,0.0
184,03:04,PTR9,15,0,0,100.0,0.0,0.0,0.0,0.0,0.0,0.0,0.0,0.0,0.0,0.0,0.0,0.0,0.0,0.0,0.0
184,03:04,PTR10,16,0,0,100.0,0.0,0.0,0.0,0.0,0.0,0.0,0.0,0.0,0.0,0.0,0.0,0.0,0.0,0.0,0.0
185,03:05,PTR6,15,0,0,100.0,0.0,0.0,0.0,0.0,0.0,0.0,0.0,0.0,0.0,0.0,0.0,0.0,0.0,0.0,0.0
185,03:05,PTR7,15,0,0,100.0,0.0,0.0,0.0,0.0,0.0,0.0,0.0,0.0,0.0,0.0,0.0,0.0,0.0,0.0,0.0
185,03:05,PTR8,16,0,0,100.0,0.0,0.0,0.0,0.0,0.0,0.0,0.0,0.0,0.0,0.0,0.0,0.0,0.0,0.0,0.0
185,03:05,PTR9,15,0,0,100.0,0.0,0.0,0.0,0.0,0.0,0.0,0.0,0.0,0.0,0.0,0.0,0.0,0.0,0.0,0.0
185,03:05,PTR10,16,0,0,100.0,0.0,0.0,0.0,0.0,0.0,0.0,0.0,0.0,0.0,0.0,0.0,0.0,0.0,0.0,0.0
186,03:06,PTR6,15,0,0,100.0,0.0,0.0,0.0,0.0,0.0,0.0,0.0,0.0,0.0,0.0,0.0,0.0,0.0,0.0,0.0
186,03:06,PTR7,15,0,0,100.0,0.0,0.0,0.0,0.0,0.0,0.0,0.0,0.0,0.0,0.0,0.0,0.0,0.0,0.0,0.0
186,03:06,PTR8,16,0,0,100.0,0.0,0.0,0.0,0.0,0.0,0.0,0.0,0.0,0.0,0.0,0.0,0.0,0.0,0.0,0.0
186,03:06,PTR9,15,0,0,100.0,0.0,0.0,0.0,0.0,0.0,0.0,0.0,0.0,0.0,0.0,0.0,0.0,0.0,0.0,0.0
186,03:06,PTR10,16,0,0,100.0,0.0,0.0,0.0,0.0,0.0,0.0,0.0,0.0,0.0,0.0,0.0,0.0,0.0,0.0,0.0
187,03:07,PTR6,15,0,0,100.0,0.0,0.0,0.0,0.0,0.0,0.0,0.0,0.0,0.0,0.0,0.0,0.0,0.0,0.0,0.0
187,03:07,PTR7,15,0,0,100.0,0.0,0.0,0.0,0.0,0.0,0.0,0.0,0.0,0.0,0.0,0.0,0.0,0.0,0.0,0.0
187,03:07,PTR8,16,0,0,100.0,0.0,0.0,0.0,0.0,0.0,0.0,0.0,0.0,0.0,0.0,0.0,0.0,0.0,0.0,0.0
187,03:07,PTR9,15,0,0,100.0,0.0,0.0,0.0,0.0,0.0,0.0,0.0,0.0,0.0,0.0,0.0,0.0,0.0,0.0,0.0
187,03:07,PTR10,16,0,0,100.0,0.0,0.0,0.0,0.0,0.0,0.0,0.0,0.0,0.0,0.0,0.0,0.0,0.0,0.0,0.0
188,03:08,PTR6,15,0,0,100.0,0.0,0.0,0.0,0.0,0.0,0.0,0.0,0.0,0.0,0.0,0.0,0.0,0.0,0.0,0.0
188,03:08,PTR7,15,0,0,100.0,0.0,0.0,0.0,0.0,0.0,0.0,0.0,0.0,0.0,0.0,0.0,0.0,0.0,0.0,0.0
188,03:08,PTR8,16,0,0,100.0,0.0,0.0,0.0,0.0,0.0,0.0,0.0,0.0,0.0,0.0,0.0,0.0,0.0,0.0,0.0
188,03:08,PTR9,15,0,0,100.0,0.0,0.0,0.0,0.0,0.0,0.0,0.0,0.0,0.0,0.0,0.0,0.0,0.0,0.0,0.0
188,03:08,PTR10,16,0,0,100.0,0.0,0.0,0.0,0.0,0.0,0.0,0.0,0.0,0.0,0.0,0.0,0.0,0.0,0.0,0.0
189,03:09,PTR6,15,0,0,100.0,0.0,0.0,0.0,0.0,0.0,0.0,0.0,0.0,0.0,0.0,0.0,0.0,0.0,0.0,0.0
189,03:09,PTR7,15,0,0,100.0,0.0,0.0,0.0,0.0,0.0,0.0,0.0,0.0,0.0,0.0,0.0,0.0,0.0,0.0,0.0
189,03:09,PTR8,16,0,0,100.0,0.0,0.0,0.0,0.0,0.0,0.0,0.0,0.0,0.0,0.0,0.0,0.0,0.0,0.0,0.0
189,03:09,PTR9,15,0,0,100.0,0.0,0.0,0.0,0.0,0.0,0.0,0.0,0.0,0.0,0.0,0.0,0.0,0.0,0.0,0.0
189,03:09,PTR10,16,0,0,100.0,0.0,0.0,0.0,0.0,0.0,0.0,0.0,0.0,0.0,0.0,0.0,0.0,0.0,0.0,0.0
190,03:10,PTR6,15,0,0,100.0,0.0,0.0,0.0,0.0,0.0,0.0,0.0,0.0,0.0,0.0,0.0,0.0,0.0,0.0,0.0
190,03:10,PTR7,15,0,0,100.0,0.0,0.0,0.0,0.0,0.0,0.0,0.0,0.0,0.0,0.0,0.0,0.0,0.0,0.0,0.0
190,03:10,PTR8,16,0,0,100.0,0.0,0.0,0.0,0.0,0.0,0.0,0.0,0.0,0.0,0.0,0.0,0.0,0.0,0.0,0.0
190,03:10,PTR9,15,0,0,100.0,0.0,0.0,0.0,0.0,0.0,0.0,0.0,0.0,0.0,0.0,0.0,0.0,0.0,0.0,0.0
190,03:10,PTR10,16,0,0,100.0,0.0,0.0,0.0,0.0,0.0,0.0,0.0,0.0,0.0,0.0,0.0,0.0,0.0,0.0,0.0
191,03:11,PTR6,15,0,0,100.0,0.0,0.0,0.0,0.0,0.0,0.0,0.0,0.0,0.0,0.0,0.0,0.0,0.0,0.0,0.0
191,03:11,PTR7,15,0,0,100.0,0.0,0.0,0.0,0.0,0.0,0.0,0.0,0.0,0.0,0.0,0.0,0.0,0.0,0.0,0.0
191,03:11,PTR8,16,0,0,100.0,0.0,0.0,0.0,0.0,0.0,0.0,0.0,0.0,0.0,0.0,0.0,0.0,0.0,0.0,0.0
191,03:11,PTR9,15,0,0,100.0,0.0,0.0,0.0,0.0,0.0,0.0,0.0,0.0,0.0,0.0,0.0,0.0,0.0,0.0,0.0
191,03:11,PTR10,16,0,0,100.0,0.0,0.0,0.0,0.0,0.0,0.0,0.0,0.0,0.0,0.0,0.0,0.0,0.0,0.0,0.0
192,03:12,PTR6,15,0,0,100.0,0.0,0.0,0.0,0.0,0.0,0.0,0.0,0.0,0.0,0.0,0.0,0.0,0.0,0.0,0.0
192,03:12,PTR7,15,0,0,100.0,0.0,0.0,0.0,0.0,0.0,0.0,0.0,0.0,0.0,0.0,0.0,0.0,0.0,0.0,0.0
192,03:12,PTR8,16,0,0,100.0,0.0,0.0,0.0,0.0,0.0,0.0,0.0,0.0,0.0,0.0,0.0,0.0,0.0,0.0,0.0
192,03:12,PTR9,15,0,0,100.0,0.0,0.0,0.0,0.0,0.0,0.0,0.0,0.0,0.0,0.0,0.0,0.0,0.0,0.0,0.0
192,03:12,PTR10,16,0,0,100.0,0.0,0.0,0.0,0.0,0.0,0.0,0.0,0.0,0.0,0.0,0.0,0.0,0.0,0.0,0.0
193,03:13,PTR6,15,0,0,100.0,0.0,0.0,0.0,0.0,0.0,0.0,0.0,0.0,0.0,0.0,0.0,0.0,0.0,0.0,0.0
193,03:13,PTR7,15,0,0,100.0,0.0,0.0,0.0,0.0,0.0,0.0,0.0,0.0,0.0,0.0,0.0,0.0,0.0,0.0,0.0
193,03:13,PTR8,16,0,0,100.0,0.0,0.0,0.0,0.0,0.0,0.0,0.0,0.0,0.0,0.0,0.0,0.0,0.0,0.0,0.0
193,03:13,PTR9,15,0,0,100.0,0.0,0.0,0.0,0.0,0.0,0.0,0.0,0.0,0.0,0.0,0.0,0.0,0.0,0.0,0.0
193,03:13,PTR10,16,0,0,100.0,0.0,0.0,0.0,0.0,0.0,0.0,0.0,0.0,0.0,0.0,0.0,0.0,0.0,0.0,0.0
194,03:14,PTR6,15,0,0,100.0,0.0,0.0,0.0,0.0,0.0,0.0,0.0,0.0,0.0,0.0,0.0,0.0,0.0,0.0,0.0
194,03:14,PTR7,15,0,0,100.0,0.0,0.0,0.0,0.0,0.0,0.0,0.0,0.0,0.0,0.0,0.0,0.0,0.0,0.0,0.0
194,03:14,PTR8,16,0,0,100.0,0.0,0.0,0.0,0.0,0.0,0.0,0.0,0.0,0.0,0.0,0.0,0.0,0.0,0.0,0.0
194,03:14,PTR9,15,0,0,100.0,0.0,0.0,0.0,0.0,0.0,0.0,0.0,0.0,0.0,0.0,0.0,0.0,0.0,0.0,0.0
194,03:14,PTR10,16,0,0,100.0,0.0,0.0,0.0,0.0,0.0,0.0,0.0,0.0,0.0,0.0,0.0,0.0,0.0,0.0,0.0
195,03:15,PTR6,15,0,0,100.0,0.0,0.0,0.0,0.0,0.0,0.0,0.0,0.0,0.0,0.0,0.0,0.0,0.0,0.0,0.0
195,03:15,PTR7,15,0,0,100.0,0.0,0.0,0.0,0.0,0.0,0.0,0.0,0.0,0.0,0.0,0.0,0.0,0.0,0.0,0.0
195,03:15,PTR8,16,0,0,100.0,0.0,0.0,0.0,0.0,0.0,0.0,0.0,0.0,0.0,0.0,0.0,0.0,0.0,0.0,0.0
195,03:15,PTR9,15,0,0,100.0,0.0,0.0,0.0,0.0,0.0,0.0,0.0,0.0,0.0,0.0,0.0,0.0,0.0,0.0,0.0
195,03:15,PTR10,16,0,0,100.0,0.0,0.0,0.0,0.0,0.0,0.0,0.0,0.0,0.0,0.0,0.0,0.0,0.0,0.0,0.0
196,03:16,PTR6,15,0,0,100.0,0.0,0.0,0.0,0.0,0.0,0.0,0.0,0.0,0.0,0.0,0.0,0.0,0.0,0.0,0.0
196,03:16,PTR7,15,0,0,100.0,0.0,0.0,0.0,0.0,0.0,0.0,0.0,0.0,0.0,0.0,0.0,0.0,0.0,0.0,0.0
196,03:16,PTR8,16,0,0,100.0,0.0,0.0,0.0,0.0,0.0,0.0,0.0,0.0,0.0,0.0,0.0,0.0,0.0,0.0,0.0
196,03:16,PTR9,15,0,0,100.0,0.0,0.0,0.0,0.0,0.0,0.0,0.0,0.0,0.0,0.0,0.0,0.0,0.0,0.0,0.0
196,03:16,PTR10,16,0,0,100.0,0.0,0.0,0.0,0.0,0.0,0.0,0.0,0.0,0.0,0.0,0.0,0.0,0.0,0.0,0.0
197,03:17,PTR6,15,0,0,100.0,0.0,0.0,0.0,0.0,0.0,0.0,0.0,0.0,0.0,0.0,0.0,0.0,0.0,0.0,0.0
197,03:17,PTR7,15,0,0,100.0,0.0,0.0,0.0,0.0,0.0,0.0,0.0,0.0,0.0,0.0,0.0,0.0,0.0,0.0,0.0
197,03:17,PTR8,16,0,0,100.0,0.0,0.0,0.0,0.0,0.0,0.0,0.0,0.0,0.0,0.0,0.0,0.0,0.0,0.0,0.0
197,03:17,PTR9,15,0,0,100.0,0.0,0.0,0.0,0.0,0.0,0.0,0.0,0.0,0.0,0.0,0.0,0.0,0.0,0.0,0.0
197,03:17,PTR10,16,0,0,100.0,0.0,0.0,0.0,0.0,0.0,0.0,0.0,0.0,0.0,0.0,0.0,0.0,0.0,0.0,0.0
198,03:18,PTR6,15,0,0,100.0,0.0,0.0,0.0,0.0,0.0,0.0,0.0,0.0,0.0,0.0,0.0,0.0,0.0,0.0,0.0
198,03:18,PTR7,15,0,0,100.0,0.0,0.0,0.0,0.0,0.0,0.0,0.0,0.0,0.0,0.0,0.0,0.0,0.0,0.0,0.0
198,03:18,PTR8,16,0,0,100.0,0.0,0.0,0.0,0.0,0.0,0.0,0.0,0.0,0.0,0.0,0.0,0.0,0.0,0.0,0.0
198,03:18,PTR9,15,0,0,100.0,0.0,0.0,0.0,0.0,0.0,0.0,0.0,0.0,0.0,0.0,0.0,0.0,0.0,0.0,0.0
198,03:18,PTR10,16,0,0,100.0,0.0,0.0,0.0,0.0,0.0,0.0,0.0,0.0,0.0,0.0,0.0,0.0,0.0,0.0,0.0
199,03:19,PTR6,15,0,0,100.0,0.0,0.0,0.0,0.0,0.0,0.0,0.0,0.0,0.0,0.0,0.0,0.0,0.0,0.0,0.0
199,03:19,PTR7,15,0,0,100.0,0.0,0.0,0.0,0.0,0.0,0.0,0.0,0.0,0.0,0.0,0.0,0.0,0.0,0.0,0.0
199,03:19,PTR8,16,0,0,100.0,0.0,0.0,0.0,0.0,0.0,0.0,0.0,0.0,0.0,0.0,0.0,0.0,0.0,0.0,0.0
199,03:19,PTR9,15,0,0,100.0,0.0,0.0,0.0,0.0,0.0,0.0,0.0,0.0,0.0,0.0,0.0,0.0,0.0,0.0,0.0
199,03:19,PTR10,16,0,0,100.0,0.0,0.0,0.0,0.0,0.0,0.0,0.0,0.0,0.0,0.0,0.0,0.0,0.0,0.0,0.0
200,03:20,PTR6,15,0,0,100.0,0.0,0.0,0.0,0.0,0.0,0.0,0.0,0.0,0.0,0.0,0.0,0.0,0.0,0.0,0.0
200,03:20,PTR7,15,0,0,100.0,0.0,0.0,0.0,0.0,0.0,0.0,0.0,0.0,0.0,0.0,0.0,0.0,0.0,0.0,0.0
200,03:20,PTR8,16,0,0,100.0,0.0,0.0,0.0,0.0,0.0,0.0,0.0,0.0,0.0,0.0,0.0,0.0,0.0,0.0,0.0
200,03:20,PTR9,15,0,0,100.0,0.0,0.0,0.0,0.0,0.0,0.0,0.0,0.0,0.0,0.0,0.0,0.0,0.0,0.0,0.0
200,03:20,PTR10,16,0,0,100.0,0.0,0.0,0.0,0.0,0.0,0.0,0.0,0.0,0.0,0.0,0.0,0.0,0.0,0.0,0.0
201,03:21,PTR6,15,0,0,100.0,0.0,0.0,0.0,0.0,0.0,0.0,0.0,0.0,0.0,0.0,0.0,0.0,0.0,0.0,0.0
201,03:21,PTR7,15,0,0,100.0,0.0,0.0,0.0,0.0,0.0,0.0,0.0,0.0,0.0,0.0,0.0,0.0,0.0,0.0,0.0
201,03:21,PTR8,16,0,0,100.0,0.0,0.0,0.0,0.0,0.0,0.0,0.0,0.0,0.0,0.0,0.0,0.0,0.0,0.0,0.0
201,03:21,PTR9,15,0,0,100.0,0.0,0.0,0.0,0.0,0.0,0.0,0.0,0.0,0.0,0.0,0.0,0.0,0.0,0.0,0.0
201,03:21,PTR10,16,0,0,100.0,0.0,0.0,0.0,0.0,0.0,0.0,0.0,0.0,0.0,0.0,0.0,0.0,0.0,0.0,0.0
202,03:22,PTR6,15,0,0,100.0,0.0,0.0,0.0,0.0,0.0,0.0,0.0,0.0,0.0,0.0,0.0,0.0,0.0,0.0,0.0
202,03:22,PTR7,15,0,0,100.0,0.0,0.0,0.0,0.0,0.0,0.0,0.0,0.0,0.0,0.0,0.0,0.0,0.0,0.0,0.0
202,03:22,PTR8,16,0,0,100.0,0.0,0.0,0.0,0.0,0.0,0.0,0.0,0.0,0.0,0.0,0.0,0.0,0.0,0.0,0.0
202,03:22,PTR9,15,0,0,100.0,0.0,0.0,0.0,0.0,0.0,0.0,0.0,0.0,0.0,0.0,0.0,0.0,0.0,0.0,0.0
202,03:22,PTR10,16,0,0,100.0,0.0,0.0,0.0,0.0,0.0,0.0,0.0,0.0,0.0,0.0,0.0,0.0,0.0,0.0,0.0
203,03:23,PTR6,15,0,0,100.0,0.0,0.0,0.0,0.0,0.0,0.0,0.0,0.0,0.0,0.0,0.0,0.0,0.0,0.0,0.0
203,03:23,PTR7,15,0,0,100.0,0.0,0.0,0.0,0.0,0.0,0.0,0.0,0.0,0.0,0.0,0.0,0.0,0.0,0.0,0.0
203,03:23,PTR8,16,0,0,100.0,0.0,0.0,0.0,0.0,0.0,0.0,0.0,0.0,0.0,0.0,0.0,0.0,0.0,0.0,0.0
203,03:23,PTR9,15,0,0,100.0,0.0,0.0,0.0,0.0,0.0,0.0,0.0,0.0,0.0,0.0,0.0,0.0,0.0,0.0,0.0
203,03:23,PTR10,16,0,0,100.0,0.0,0.0,0.0,0.0,0.0,0.0,0.0,0.0,0.0,0.0,0.0,0.0,0.0,0.0,0.0
204,03:24,PTR6,15,0,0,100.0,0.0,0.0,0.0,0.0,0.0,0.0,0.0,0.0,0.0,0.0,0.0,0.0,0.0,0.0,0.0
204,03:24,PTR7,15,0,0,100.0,0.0,0.0,0.0,0.0,0.0,0.0,0.0,0.0,0.0,0.0,0.0,0.0,0.0,0.0,0.0
204,03:24,PTR8,16,0,0,100.0,0.0,0.0,0.0,0.0,0.0,0.0,0.0,0.0,0.0,0.0,0.0,0.0,0.0,0.0,0.0
204,03:24,PTR9,15,0,0,100.0,0.0,0.0,0.0,0.0,0.0,0.0,0.0,0.0,0.0,0.0,0.0,0.0,0.0,0.0,0.0
204,03:24,PTR10,16,0,0,100.0,0.0,0.0,0.0,0.0,0.0,0.0,0.0,0.0,0.0,0.0,0.0,0.0,0.0,0.0,0.0
205,03:25,PTR6,15,0,0,100.0,0.0,0.0,0.0,0.0,0.0,0.0,0.0,0.0,0.0,0.0,0.0,0.0,0.0,0.0,0.0
205,03:25,PTR7,15,0,0,100.0,0.0,0.0,0.0,0.0,0.0,0.0,0.0,0.0,0.0,0.0,0.0,0.0,0.0,0.0,0.0
205,03:25,PTR8,16,0,0,100.0,0.0,0.0,0.0,0.0,0.0,0.0,0.0,0.0,0.0,0.0,0.0,0.0,0.0,0.0,0.0
205,03:25,PTR9,15,0,0,100.0,0.0,0.0,0.0,0.0,0.0,0.0,0.0,0.0,0.0,0.0,0.0,0.0,0.0,0.0,0.0
205,03:25,PTR10,16,0,0,100.0,0.0,0.0,0.0,0.0,0.0,0.0,0.0,0.0,0.0,0.0,0.0,0.0,0.0,0.0,0.0
206,03:26,PTR6,15,0,0,100.0,0.0,0.0,0.0,0.0,0.0,0.0,0.0,0.0,0.0,0.0,0.0,0.0,0.0,0.0,0.0
206,03:26,PTR7,15,0,0,100.0,0.0,0.0,0.0,0.0,0.0,0.0,0.0,0.0,0.0,0.0,0.0,0.0,0.0,0.0,0.0
206,03:26,PTR8,16,0,0,100.0,0.0,0.0,0.0,0.0,0.0,0.0,0.0,0.0,0.0,0.0,0.0,0.0,0.0,0.0,0.0
206,03:26,PTR9,15,0,0,100.0,0.0,0.0,0.0,0.0,0.0,0.0,0.0,0.0,0.0,0.0,0.0,0.0,0.0,0.0,0.0
206,03:26,PTR10,16,0,0,100.0,0.0,0.0,0.0,0.0,0.0,0.0,0.0,0.0,0.0,0.0,0.0,0.0,0.0,0.0,0.0
207,03:27,PTR6,15,0,0,100.0,0.0,0.0,0.0,0.0,0.0,0.0,0.0,0.0,0.0,0.0,0.0,0.0,0.0,0.0,0.0
207,03:27,PTR7,15,0,0,100.0,0.0,0.0,0.0,0.0,0.0,0.0,0.0,0.0,0.0,0.0,0.0,0.0,0.0,0.0,0.0
207,03:27,PTR8,16,0,0,100.0,0.0,0.0,0.0,0.0,0.0,0.0,0.0,0.0,0.0,0.0,0.0,0.0,0.0,0.0,0.0
207,03:27,PTR9,15,0,0,100.0,0.0,0.0,0.0,0.0,0.0,0.0,0.0,0.0,0.0,0.0,0.0,0.0,0.0,0.0,0.0
207,03:27,PTR10,16,0,0,100.0,0.0,0.0,0.0,0.0,0.0,0.0,0.0,0.0,0.0,0.0,0.0,0.0,0.0,0.0,0.0
208,03:28,PTR6,15,0,0,100.0,0.0,0.0,0.0,0.0,0.0,0.0,0.0,0.0,0.0,0.0,0.0,0.0,0.0,0.0,0.0
208,03:28,PTR7,15,0,0,100.0,0.0,0.0,0.0,0.0,0.0,0.0,0.0,0.0,0.0,0.0,0.0,0.0,0.0,0.0,0.0
208,03:28,PTR8,16,0,0,100.0,0.0,0.0,0.0,0.0,0.0,0.0,0.0,0.0,0.0,0.0,0.0,0.0,0.0,0.0,0.0
208,03:28,PTR9,15,0,0,100.0,0.0,0.0,0.0,0.0,0.0,0.0,0.0,0.0,0.0,0.0,0.0,0.0,0.0,0.0,0.0
208,03:28,PTR10,16,0,0,100.0,0.0,0.0,0.0,0.0,0.0,0.0,0.0,0.0,0.0,0.0,0.0,0.0,0.0,0.0,0.0
209,03:29,PTR6,15,0,0,100.0,0.0,0.0,0.0,0.0,0.0,0.0,0.0,0.0,0.0,0.0,0.0,0.0,0.0,0.0,0.0
209,03:29,PTR7,15,0,0,100.0,0.0,0.0,0.0,0.0,0.0,0.0,0.0,0.0,0.0,0.0,0.0,0.0,0.0,0.0,0.0
209,03:29,PTR8,16,0,0,100.0,0.0,0.0,0.0,0.0,0.0,0.0,0.0,0.0,0.0,0.0,0.0,0.0,0.0,0.0,0.0
209,03:29,PTR9,15,0,0,100.0,0.0,0.0,0.0,0.0,0.0,0.0,0.0,0.0,0.0,0.0,0.0,0.0,0.0,0.0,0.0
209,03:29,PTR10,16,0,0,100.0,0.0,0.0,0.0,0.0,0.0,0.0,0.0,0.0,0.0,0.0,0.0,0.0,0.0,0.0,0.0
210,03:30,PTR6,15,0,0,100.0,0.0,0.0,0.0,0.0,0.0,0.0,0.0,0.0,0.0,0.0,0.0,0.0,0.0,0.0,0.0
210,03:30,PTR7,15,0,0,100.0,0.0,0.0,0.0,0.0,0.0,0.0,0.0,0.0,0.0,0.0,0.0,0.0,0.0,0.0,0.0
210,03:30,PTR8,16,0,0,100.0,0.0,0.0,0.0,0.0,0.0,0.0,0.0,0.0,0.0,0.0,0.0,0.0,0.0,0.0,0.0
210,03:30,PTR9,15,0,0,100.0,0.0,0.0,0.0,0.0,0.0,0.0,0.0,0.0,0.0,0.0,0.0,0.0,0.0,0.0,0.0
210,03:30,PTR10,16,0,0,100.0,0.0,0.0,0.0,0.0,0.0,0.0,0.0,0.0,0.0,0.0,0.0,0.0,0.0,0.0,0.0
211,03:31,PTR6,15,0,0,100.0,0.0,0.0,0.0,0.0,0.0,0.0,0.0,0.0,0.0,0.0,0.0,0.0,0.0,0.0,0.0
211,03:31,PTR7,15,0,0,100.0,0.0,0.0,0.0,0.0,0.0,0.0,0.0,0.0,0.0,0.0,0.0,0.0,0.0,0.0,0.0
211,03:31,PTR8,16,0,0,100.0,0.0,0.0,0.0,0.0,0.0,0.0,0.0,0.0,0.0,0.0,0.0,0.0,0.0,0.0,0.0
211,03:31,PTR9,15,0,0,100.0,0.0,0.0,0.0,0.0,0.0,0.0,0.0,0.0,0.0,0.0,0.0,0.0,0.0,0.0,0.0
211,03:31,PTR10,16,0,0,100.0,0.0,0.0,0.0,0.0,0.0,0.0,0.0,0.0,0.0,0.0,0.0,0.0,0.0,0.0,0.0
212,03:32,PTR6,15,0,0,100.0,0.0,0.0,0.0,0.0,0.0,0.0,0.0,0.0,0.0,0.0,0.0,0.0,0.0,0.0,0.0
212,03:32,PTR7,15,0,0,100.0,0.0,0.0,0.0,0.0,0.0,0.0,0.0,0.0,0.0,0.0,0.0,0.0,0.0,0.0,0.0
212,03:32,PTR8,16,0,0,100.0,0.0,0.0,0.0,0.0,0.0,0.0,0.0,0.0,0.0,0.0,0.0,0.0,0.0,0.0,0.0
212,03:32,PTR9,15,0,0,100.0,0.0,0.0,0.0,0.0,0.0,0.0,0.0,0.0,0.0,0.0,0.0,0.0,0.0,0.0,0.0
212,03:32,PTR10,16,0,0,100.0,0.0,0.0,0.0,0.0,0.0,0.0,0.0,0.0,0.0,0.0,0.0,0.0,0.0,0.0,0.0
213,03:33,PTR6,15,0,0,100.0,0.0,0.0,0.0,0.0,0.0,0.0,0.0,0.0,0.0,0.0,0.0,0.0,0.0,0.0,0.0
213,03:33,PTR7,15,0,0,100.0,0.0,0.0,0.0,0.0,0.0,0.0,0.0,0.0,0.0,0.0,0.0,0.0,0.0,0.0,0.0
213,03:33,PTR8,16,0,0,100.0,0.0,0.0,0.0,0.0,0.0,0.0,0.0,0.0,0.0,0.0,0.0,0.0,0.0,0.0,0.0
213,03:33,PTR9,15,0,0,100.0,0.0,0.0,0.0,0.0,0.0,0.0,0.0,0.0,0.0,0.0,0.0,0.0,0.0,0.0,0.0
213,03:33,PTR10,16,0,0,100.0,0.0,0.0,0.0,0.0,0.0,0.0,0.0,0.0,0.0,0.0,0.0,0.0,0.0,0.0,0.0
214,03:34,PTR6,15,0,0,100.0,0.0,0.0,0.0,0.0,0.0,0.0,0.0,0.0,0.0,0.0,0.0,0.0,0.0,0.0,0.0
214,03:34,PTR7,15,0,0,100.0,0.0,0.0,0.0,0.0,0.0,0.0,0.0,0.0,0.0,0.0,0.0,0.0,0.0,0.0,0.0
214,03:34,PTR8,16,0,0,100.0,0.0,0.0,0.0,0.0,0.0,0.0,0.0,0.0,0.0,0.0,0.0,0.0,0.0,0.0,0.0
214,03:34,PTR9,15,0,0,100.0,0.0,0.0,0.0,0.0,0.0,0.0,0.0,0.0,0.0,0.0,0.0,0.0,0.0,0.0,0.0
214,03:34,PTR10,16,0,0,100.0,0.0,0.0,0.0,0.0,0.0,0.0,0.0,0.0,0.0,0.0,0.0,0.0,0.0,0.0,0.0
215,03:35,PTR6,15,0,0,100.0,0.0,0.0,0.0,0.0,0.0,0.0,0.0,0.0,0.0,0.0,0.0,0.0,0.0,0.0,0.0
215,03:35,PTR7,15,0,0,100.0,0.0,0.0,0.0,0.0,0.0,0.0,0.0,0.0,0.0,0.0,0.0,0.0,0.0,0.0,0.0
215,03:35,PTR8,16,0,0,100.0,0.0,0.0,0.0,0.0,0.0,0.0,0.0,0.0,0.0,0.0,0.0,0.0,0.0,0.0,0.0
215,03:35,PTR9,15,0,0,100.0,0.0,0.0,0.0,0.0,0.0,0.0,0.0,0.0,0.0,0.0,0.0,0.0,0.0,0.0,0.0
215,03:35,PTR10,16,0,0,100.0,0.0,0.0,0.0,0.0,0.0,0.0,0.0,0.0,0.0,0.0,0.0,0.0,0.0,0.0,0.0
216,03:36,PTR6,15,0,0,100.0,0.0,0.0,0.0,0.0,0.0,0.0,0.0,0.0,0.0,0.0,0.0,0.0,0.0,0.0,0.0
216,03:36,PTR7,15,0,0,100.0,0.0,0.0,0.0,0.0,0.0,0.0,0.0,0.0,0.0,0.0,0.0,0.0,0.0,0.0,0.0
216,03:36,PTR8,16,0,0,100.0,0.0,0.0,0.0,0.0,0.0,0.0,0.0,0.0,0.0,0.0,0.0,0.0,0.0,0.0,0.0
216,03:36,PTR9,15,0,0,100.0,0.0,0.0,0.0,0.0,0.0,0.0,0.0,0.0,0.0,0.0,0.0,0.0,0.0,0.0,0.0
216,03:36,PTR10,16,0,0,100.0,0.0,0.0,0.0,0.0,0.0,0.0,0.0,0.0,0.0,0.0,0.0,0.0,0.0,0.0,0.0
217,03:37,PTR6,15,0,0,100.0,0.0,0.0,0.0,0.0,0.0,0.0,0.0,0.0,0.0,0.0,0.0,0.0,0.0,0.0,0.0
217,03:37,PTR7,15,0,0,100.0,0.0,0.0,0.0,0.0,0.0,0.0,0.0,0.0,0.0,0.0,0.0,0.0,0.0,0.0,0.0
217,03:37,PTR8,16,0,0,100.0,0.0,0.0,0.0,0.0,0.0,0.0,0.0,0.0,0.0,0.0,0.0,0.0,0.0,0.0,0.0
217,03:37,PTR9,15,0,0,100.0,0.0,0.0,0.0,0.0,0.0,0.0,0.0,0.0,0.0,0.0,0.0,0.0,0.0,0.0,0.0
217,03:37,PTR10,16,0,0,100.0,0.0,0.0,0.0,0.0,0.0,0.0,0.0,0.0,0.0,0.0,0.0,0.0,0.0,0.0,0.0
218,03:38,PTR6,15,0,0,100.0,0.0,0.0,0.0,0.0,0.0,0.0,0.0,0.0,0.0,0.0,0.0,0.0,0.0,0.0,0.0
218,03:38,PTR7,15,0,0,100.0,0.0,0.0,0.0,0.0,0.0,0.0,0.0,0.0,0.0,0.0,0.0,0.0,0.0,0.0,0.0
218,03:38,PTR8,16,0,0,100.0,0.0,0.0,0.0,0.0,0.0,0.0,0.0,0.0,0.0,0.0,0.0,0.0,0.0,0.0,0.0
218,03:38,PTR9,15,0,0,100.0,0.0,0.0,0.0,0.0,0.0,0.0,0.0,0.0,0.0,0.0,0.0,0.0,0.0,0.0,0.0
218,03:38,PTR10,16,0,0,100.0,0.0,0.0,0.0,0.0,0.0,0.0,0.0,0.0,0.0,0.0,0.0,0.0,0.0,0.0,0.0
219,03:39,PTR6,15,0,0,100.0,0.0,0.0,0.0,0.0,0.0,0.0,0.0,0.0,0.0,0.0,0.0,0.0,0.0,0.0,0.0
219,03:39,PTR7,15,0,0,100.0,0.0,0.0,0.0,0.0,0.0,0.0,0.0,0.0,0.0,0.0,0.0,0.0,0.0,0.0,0.0
219,03:39,PTR8,16,0,0,100.0,0.0,0.0,0.0,0.0,0.0,0.0,0.0,0.0,0.0,0.0,0.0,0.0,0.0,0.0,0.0
219,03:39,PTR9,15,0,0,100.0,0.0,0.0,0.0,0.0,0.0,0.0,0.0,0.0,0.0,0.0,0.0,0.0,0.0,0.0,0.0
219,03:39,PTR10,16,0,0,100.0,0.0,0.0,0.0,0.0,0.0,0.0,0.0,0.0,0.0,0.0,0.0,0.0,0.0,0.0,0.0
220,03:40,PTR6,15,0,0,100.0,0.0,0.0,0.0,0.0,0.0,0.0,0.0,0.0,0.0,0.0,0.0,0.0,0.0,0.0,0.0
220,03:40,PTR7,15,0,0,100.0,0.0,0.0,0.0,0.0,0.0,0.0,0.0,0.0,0.0,0.0,0.0,0.0,0.0,0.0,0.0
220,03:40,PTR8,16,0,0,100.0,0.0,0.0,0.0,0.0,0.0,0.0,0.0,0.0,0.0,0.0,0.0,0.0,0.0,0.0,0.0
220,03:40,PTR9,15,0,0,100.0,0.0,0.0,0.0,0.0,0.0,0.0,0.0,0.0,0.0,0.0,0.0,0.0,0.0,0.0,0.0
220,03:40,PTR10,16,0,0,100.0,0.0,0.0,0.0,0.0,0.0,0.0,0.0,0.0,0.0,0.0,0.0,0.0,0.0,0.0,0.0
221,03:41,PTR6,15,0,0,100.0,0.0,0.0,0.0,0.0,0.0,0.0,0.0,0.0,0.0,0.0,0.0,0.0,0.0,0.0,0.0
221,03:41,PTR7,15,0,0,100.0,0.0,0.0,0.0,0.0,0.0,0.0,0.0,0.0,0.0,0.0,0.0,0.0,0.0,0.0,0.0
221,03:41,PTR8,16,0,0,100.0,0.0,0.0,0.0,0.0,0.0,0.0,0.0,0.0,0.0,0.0,0.0,0.0,0.0,0.0,0.0
221,03:41,PTR9,15,0,0,100.0,0.0,0.0,0.0,0.0,0.0,0.0,0.0,0.0,0.0,0.0,0.0,0.0,0.0,0.0,0.0
221,03:41,PTR10,16,0,0,100.0,0.0,0.0,0.0,0.0,0.0,0.0,0.0,0.0,0.0,0.0,0.0,0.0,0.0,0.0,0.0
222,03:42,PTR6,15,0,0,100.0,0.0,0.0,0.0,0.0,0.0,0.0,0.0,0.0,0.0,0.0,0.0,0.0,0.0,0.0,0.0
222,03:42,PTR7,15,0,0,100.0,0.0,0.0,0.0,0.0,0.0,0.0,0.0,0.0,0.0,0.0,0.0,0.0,0.0,0.0,0.0
222,03:42,PTR8,16,0,0,100.0,0.0,0.0,0.0,0.0,0.0,0.0,0.0,0.0,0.0,0.0,0.0,0.0,0.0,0.0,0.0
222,03:42,PTR9,15,0,0,100.0,0.0,0.0,0.0,0.0,0.0,0.0,0.0,0.0,0.0,0.0,0.0,0.0,0.0,0.0,0.0
222,03:42,PTR10,16,0,0,100.0,0.0,0.0,0.0,0.0,0.0,0.0,0.0,0.0,0.0,0.0,0.0,0.0,0.0,0.0,0.0
223,03:43,PTR6,15,0,0,100.0,0.0,0.0,0.0,0.0,0.0,0.0,0.0,0.0,0.0,0.0,0.0,0.0,0.0,0.0,0.0
223,03:43,PTR7,15,0,0,100.0,0.0,0.0,0.0,0.0,0.0,0.0,0.0,0.0,0.0,0.0,0.0,0.0,0.0,0.0,0.0
223,03:43,PTR8,16,0,0,100.0,0.0,0.0,0.0,0.0,0.0,0.0,0.0,0.0,0.0,0.0,0.0,0.0,0.0,0.0,0.0
223,03:43,PTR9,15,0,0,100.0,0.0,0.0,0.0,0.0,0.0,0.0,0.0,0.0,0.0,0.0,0.0,0.0,0.0,0.0,0.0
223,03:43,PTR10,16,0,0,100.0,0.0,0.0,0.0,0.0,0.0,0.0,0.0,0.0,0.0,0.0,0.0,0.0,0.0,0.0,0.0
224,03:44,PTR6,15,0,0,100.0,0.0,0.0,0.0,0.0,0.0,0.0,0.0,0.0,0.0,0.0,0.0,0.0,0.0,0.0,0.0
224,03:44,PTR7,15,0,0,100.0,0.0,0.0,0.0,0.0,0.0,0.0,0.0,0.0,0.0,0.0,0.0,0.0,0.0,0.0,0.0
224,03:44,PTR8,16,0,0,100.0,0.0,0.0,0.0,0.0,0.0,0.0,0.0,0.0,0.0,0.0,0.0,0.0,0.0,0.0,0.0
224,03:44,PTR9,15,0,0,100.0,0.0,0.0,0.0,0.0,0.0,0.0,0.0,0.0,0.0,0.0,0.0,0.0,0.0,0.0,0.0
224,03:44,PTR10,16,0,0,100.0,0.0,0.0,0.0,0.0,0.0,0.0,0.0,0.0,0.0,0.0,0.0,0.0,0.0,0.0,0.0
225,03:45,PTR6,15,0,0,100.0,0.0,0.0,0.0,0.0,0.0,0.0,0.0,0.0,0.0,0.0,0.0,0.0,0.0,0.0,0.0
225,03:45,PTR7,15,0,0,100.0,0.0,0.0,0.0,0.0,0.0,0.0,0.0,0.0,0.0,0.0,0.0,0.0,0.0,0.0,0.0
225,03:45,PTR8,16,0,0,100.0,0.0,0.0,0.0,0.0,0.0,0.0,0.0,0.0,0.0,0.0,0.0,0.0,0.0,0.0,0.0
225,03:45,PTR9,15,0,0,100.0,0.0,0.0,0.0,0.0,0.0,0.0,0.0,0.0,0.0,0.0,0.0,0.0,0.0,0.0,0.0
225,03:45,PTR10,16,0,0,100.0,0.0,0.0,0.0,0.0,0.0,0.0,0.0,0.0,0.0,0.0,0.0,0.0,0.0,0.0,0.0
226,03:46,PTR6,15,0,0,100.0,0.0,0.0,0.0,0.0,0.0,0.0,0.0,0.0,0.0,0.0,0.0,0.0,0.0,0.0,0.0
226,03:46,PTR7,15,0,0,100.0,0.0,0.0,0.0,0.0,0.0,0.0,0.0,0.0,0.0,0.0,0.0,0.0,0.0,0.0,0.0
226,03:46,PTR8,16,0,0,100.0,0.0,0.0,0.0,0.0,0.0,0.0,0.0,0.0,0.0,0.0,0.0,0.0,0.0,0.0,0.0
226,03:46,PTR9,15,0,0,100.0,0.0,0.0,0.0,0.0,0.0,0.0,0.0,0.0,0.0,0.0,0.0,0.0,0.0,0.0,0.0
226,03:46,PTR10,16,0,0,100.0,0.0,0.0,0.0,0.0,0.0,0.0,0.0,0.0,0.0,0.0,0.0,0.0,0.0,0.0,0.0
227,03:47,PTR6,15,0,0,100.0,0.0,0.0,0.0,0.0,0.0,0.0,0.0,0.0,0.0,0.0,0.0,0.0,0.0,0.0,0.0
227,03:47,PTR7,15,0,0,100.0,0.0,0.0,0.0,0.0,0.0,0.0,0.0,0.0,0.0,0.0,0.0,0.0,0.0,0.0,0.0
227,03:47,PTR8,16,0,0,100.0,0.0,0.0,0.0,0.0,0.0,0.0,0.0,0.0,0.0,0.0,0.0,0.0,0.0,0.0,0.0
227,03:47,PTR9,15,0,0,100.0,0.0,0.0,0.0,0.0,0.0,0.0,0.0,0.0,0.0,0.0,0.0,0.0,0.0,0.0,0.0
227,03:47,PTR10,16,0,0,100.0,0.0,0.0,0.0,0.0,0.0,0.0,0.0,0.0,0.0,0.0,0.0,0.0,0.0,0.0,0.0
228,03:48,PTR6,15,0,0,100.0,0.0,0.0,0.0,0.0,0.0,0.0,0.0,0.0,0.0,0.0,0.0,0.0,0.0,0.0,0.0
228,03:48,PTR7,15,0,0,100.0,0.0,0.0,0.0,0.0,0.0,0.0,0.0,0.0,0.0,0.0,0.0,0.0,0.0,0.0,0.0
228,03:48,PTR8,16,0,0,100.0,0.0,0.0,0.0,0.0,0.0,0.0,0.0,0.0,0.0,0.0,0.0,0.0,0.0,0.0,0.0
228,03:48,PTR9,15,0,0,100.0,0.0,0.0,0.0,0.0,0.0,0.0,0.0,0.0,0.0,0.0,0.0,0.0,0.0,0.0,0.0
228,03:48,PTR10,16,0,0,100.0,0.0,0.0,0.0,0.0,0.0,0.0,0.0,0.0,0.0,0.0,0.0,0.0,0.0,0.0,0.0
229,03:49,PTR6,15,0,0,100.0,0.0,0.0,0.0,0.0,0.0,0.0,0.0,0.0,0.0,0.0,0.0,0.0,0.0,0.0,0.0
229,03:49,PTR7,15,0,0,100.0,0.0,0.0,0.0,0.0,0.0,0.0,0.0,0.0,0.0,0.0,0.0,0.0,0.0,0.0,0.0
229,03:49,PTR8,16,0,0,100.0,0.0,0.0,0.0,0.0,0.0,0.0,0.0,0.0,0.0,0.0,0.0,0.0,0.0,0.0,0.0
229,03:49,PTR9,15,0,0,100.0,0.0,0.0,0.0,0.0,0.0,0.0,0.0,0.0,0.0,0.0,0.0,0.0,0.0,0.0,0.0
229,03:49,PTR10,16,0,0,100.0,0.0,0.0,0.0,0.0,0.0,0.0,0.0,0.0,0.0,0.0,0.0,0.0,0.0,0.0,0.0
230,03:50,PTR6,15,0,0,100.0,0.0,0.0,0.0,0.0,0.0,0.0,0.0,0.0,0.0,0.0,0.0,0.0,0.0,0.0,0.0
230,03:50,PTR7,15,0,0,100.0,0.0,0.0,0.0,0.0,0.0,0.0,0.0,0.0,0.0,0.0,0.0,0.0,0.0,0.0,0.0
230,03:50,PTR8,16,0,0,100.0,0.0,0.0,0.0,0.0,0.0,0.0,0.0,0.0,0.0,0.0,0.0,0.0,0.0,0.0,0.0
230,03:50,PTR9,15,0,0,100.0,0.0,0.0,0.0,0.0,0.0,0.0,0.0,0.0,0.0,0.0,0.0,0.0,0.0,0.0,0.0
230,03:50,PTR10,16,0,0,100.0,0.0,0.0,0.0,0.0,0.0,0.0,0.0,0.0,0.0,0.0,0.0,0.0,0.0,0.0,0.0
231,03:51,PTR6,15,0,0,100.0,0.0,0.0,0.0,0.0,0.0,0.0,0.0,0.0,0.0,0.0,0.0,0.0,0.0,0.0,0.0
231,03:51,PTR7,15,0,0,100.0,0.0,0.0,0.0,0.0,0.0,0.0,0.0,0.0,0.0,0.0,0.0,0.0,0.0,0.0,0.0
231,03:51,PTR8,16,0,0,100.0,0.0,0.0,0.0,0.0,0.0,0.0,0.0,0.0,0.0,0.0,0.0,0.0,0.0,0.0,0.0
231,03:51,PTR9,15,0,0,100.0,0.0,0.0,0.0,0.0,0.0,0.0,0.0,0.0,0.0,0.0,0.0,0.0,0.0,0.0,0.0
231,03:51,PTR10,16,0,0,100.0,0.0,0.0,0.0,0.0,0.0,0.0,0.0,0.0,0.0,0.0,0.0,0.0,0.0,0.0,0.0
232,03:52,PTR6,15,0,0,100.0,0.0,0.0,0.0,0.0,0.0,0.0,0.0,0.0,0.0,0.0,0.0,0.0,0.0,0.0,0.0
232,03:52,PTR7,15,0,0,100.0,0.0,0.0,0.0,0.0,0.0,0.0,0.0,0.0,0.0,0.0,0.0,0.0,0.0,0.0,0.0
232,03:52,PTR8,16,0,0,100.0,0.0,0.0,0.0,0.0,0.0,0.0,0.0,0.0,0.0,0.0,0.0,0.0,0.0,0.0,0.0
232,03:52,PTR9,15,0,0,100.0,0.0,0.0,0.0,0.0,0.0,0.0,0.0,0.0,0.0,0.0,0.0,0.0,0.0,0.0,0.0
232,03:52,PTR10,16,0,0,100.0,0.0,0.0,0.0,0.0,0.0,0.0,0.0,0.0,0.0,0.0,0.0,0.0,0.0,0.0,0.0
233,03:53,PTR6,15,0,0,100.0,0.0,0.0,0.0,0.0,0.0,0.0,0.0,0.0,0.0,0.0,0.0,0.0,0.0,0.0,0.0
233,03:53,PTR7,15,0,0,100.0,0.0,0.0,0.0,0.0,0.0,0.0,0.0,0.0,0.0,0.0,0.0,0.0,0.0,0.0,0.0
233,03:53,PTR8,16,0,0,100.0,0.0,0.0,0.0,0.0,0.0,0.0,0.0,0.0,0.0,0.0,0.0,0.0,0.0,0.0,0.0
233,03:53,PTR9,15,0,0,100.0,0.0,0.0,0.0,0.0,0.0,0.0,0.0,0.0,0.0,0.0,0.0,0.0,0.0,0.0,0.0
233,03:53,PTR10,16,0,0,100.0,0.0,0.0,0.0,0.0,0.0,0.0,0.0,0.0,0.0,0.0,0.0,0.0,0.0,0.0,0.0
234,03:54,PTR6,15,0,0,100.0,0.0,0.0,0.0,0.0,0.0,0.0,0.0,0.0,0.0,0.0,0.0,0.0,0.0,0.0,0.0
234,03:54,PTR7,15,0,0,100.0,0.0,0.0,0.0,0.0,0.0,0.0,0.0,0.0,0.0,0.0,0.0,0.0,0.0,0.0,0.0
234,03:54,PTR8,16,0,0,100.0,0.0,0.0,0.0,0.0,0.0,0.0,0.0,0.0,0.0,0.0,0.0,0.0,0.0,0.0,0.0
234,03:54,PTR9,15,0,0,100.0,0.0,0.0,0.0,0.0,0.0,0.0,0.0,0.0,0.0,0.0,0.0,0.0,0.0,0.0,0.0
234,03:54,PTR10,16,0,0,100.0,0.0,0.0,0.0,0.0,0.0,0.0,0.0,0.0,0.0,0.0,0.0,0.0,0.0,0.0,0.0
235,03:55,PTR6,15,0,0,100.0,0.0,0.0,0.0,0.0,0.0,0.0,0.0,0.0,0.0,0.0,0.0,0.0,0.0,0.0,0.0
235,03:55,PTR7,15,0,0,100.0,0.0,0.0,0.0,0.0,0.0,0.0,0.0,0.0,0.0,0.0,0.0,0.0,0.0,0.0,0.0
235,03:55,PTR8,16,0,0,100.0,0.0,0.0,0.0,0.0,0.0,0.0,0.0,0.0,0.0,0.0,0.0,0.0,0.0,0.0,0.0
235,03:55,PTR9,15,0,0,100.0,0.0,0.0,0.0,0.0,0.0,0.0,0.0,0.0,0.0,0.0,0.0,0.0,0.0,0.0,0.0
235,03:55,PTR10,16,0,0,100.0,0.0,0.0,0.0,0.0,0.0,0.0,0.0,0.0,0.0,0.0,0.0,0.0,0.0,0.0,0.0
236,03:56,PTR6,15,0,0,100.0,0.0,0.0,0.0,0.0,0.0,0.0,0.0,0.0,0.0,0.0,0.0,0.0,0.0,0.0,0.0
236,03:56,PTR7,15,0,0,100.0,0.0,0.0,0.0,0.0,0.0,0.0,0.0,0.0,0.0,0.0,0.0,0.0,0.0,0.0,0.0
236,03:56,PTR8,16,0,0,100.0,0.0,0.0,0.0,0.0,0.0,0.0,0.0,0.0,0.0,0.0,0.0,0.0,0.0,0.0,0.0
236,03:56,PTR9,15,0,0,100.0,0.0,0.0,0.0,0.0,0.0,0.0,0.0,0.0,0.0,0.0,0.0,0.0,0.0,0.0,0.0
236,03:56,PTR10,16,0,0,100.0,0.0,0.0,0.0,0.0,0.0,0.0,0.0,0.0,0.0,0.0,0.0,0.0,0.0,0.0,0.0
237,03:57,PTR6,15,0,0,100.0,0.0,0.0,0.0,0.0,0.0,0.0,0.0,0.0,0.0,0.0,0.0,0.0,0.0,0.0,0.0
237,03:57,PTR7,15,0,0,100.0,0.0,0.0,0.0,0.0,0.0,0.0,0.0,0.0,0.0,0.0,0.0,0.0,0.0,0.0,0.0
237,03:57,PTR8,16,0,0,100.0,0.0,0.0,0.0,0.0,0.0,0.0,0.0,0.0,0.0,0.0,0.0,0.0,0.0,0.0,0.0
237,03:57,PTR9,15,0,0,100.0,0.0,0.0,0.0,0.0,0.0,0.0,0.0,0.0,0.0,0.0,0.0,0.0,0.0,0.0,0.0
237,03:57,PTR10,16,0,0,100.0,0.0,0.0,0.0,0.0,0.0,0.0,0.0,0.0,0.0,0.0,0.0,0.0,0.0,0.0,0.0
238,03:58,PTR6,15,0,0,100.0,0.0,0.0,0.0,0.0,0.0,0.0,0.0,0.0,0.0,0.0,0.0,0.0,0.0,0.0,0.0
238,03:58,PTR7,15,0,0,100.0,0.0,0.0,0.0,0.0,0.0,0.0,0.0,0.0,0.0,0.0,0.0,0.0,0.0,0.0,0.0
238,03:58,PTR8,16,0,0,100.0,0.0,0.0,0.0,0.0,0.0,0.0,0.0,0.0,0.0,0.0,0.0,0.0,0.0,0.0,0.0
238,03:58,PTR9,15,0,0,100.0,0.0,0.0,0.0,0.0,0.0,0.0,0.0,0.0,0.0,0.0,0.0,0.0,0.0,0.0,0.0
238,03:58,PTR10,16,0,0,100.0,0.0,0.0,0.0,0.0,0.0,0.0,0.0,0.0,0.0,0.0,0.0,0.0,0.0,0.0,0.0
239,03:59,PTR6,15,0,0,100.0,0.0,0.0,0.0,0.0,0.0,0.0,0.0,0.0,0.0,0.0,0.0,0.0,0.0,0.0,0.0
239,03:59,PTR7,15,0,0,100.0,0.0,0.0,0.0,0.0,0.0,0.0,0.0,0.0,0.0,0.0,0.0,0.0,0.0,0.0,0.0
239,03:59,PTR8,16,0,0,100.0,0.0,0.0,0.0,0.0,0.0,0.0,0.0,0.0,0.0,0.0,0.0,0.0,0.0,0.0,0.0
239,03:59,PTR9,15,0,0,100.0,0.0,0.0,0.0,0.0,0.0,0.0,0.0,0.0,0.0,0.0,0.0,0.0,0.0,0.0,0.0
239,03:59,PTR10,16,0,0,100.0,0.0,0.0,0.0,0.0,0.0,0.0,0.0,0.0,0.0,0.0,0.0,0.0,0.0,0.0,0.0
240,04:00,PTR6,15,0,0,100.0,0.0,0.0,0.0,0.0,0.0,0.0,0.0,0.0,0.0,0.0,0.0,0.0,0.0,0.0,0.0
240,04:00,PTR7,15,0,0,100.0,0.0,0.0,0.0,0.0,0.0,0.0,0.0,0.0,0.0,0.0,0.0,0.0,0.0,0.0,0.0
240,04:00,PTR8,16,0,0,100.0,0.0,0.0,0.0,0.0,0.0,0.0,0.0,0.0,0.0,0.0,0.0,0.0,0.0,0.0,0.0
240,04:00,PTR9,15,0,0,100.0,0.0,0.0,0.0,0.0,0.0,0.0,0.0,0.0,0.0,0.0,0.0,0.0,0.0,0.0,0.0
240,04:00,PTR10,16,0,0,100.0,0.0,0.0,0.0,0.0,0.0,0.0,0.0,0.0,0.0,0.0,0.0,0.0,0.0,0.0,0.0
241,04:01,PTR6,15,0,0,100.0,0.0,0.0,0.0,0.0,0.0,0.0,0.0,0.0,0.0,0.0,0.0,0.0,0.0,0.0,0.0
241,04:01,PTR7,15,0,0,100.0,0.0,0.0,0.0,0.0,0.0,0.0,0.0,0.0,0.0,0.0,0.0,0.0,0.0,0.0,0.0
241,04:01,PTR8,16,0,0,100.0,0.0,0.0,0.0,0.0,0.0,0.0,0.0,0.0,0.0,0.0,0.0,0.0,0.0,0.0,0.0
241,04:01,PTR9,15,0,0,100.0,0.0,0.0,0.0,0.0,0.0,0.0,0.0,0.0,0.0,0.0,0.0,0.0,0.0,0.0,0.0
241,04:01,PTR10,16,0,0,100.0,0.0,0.0,0.0,0.0,0.0,0.0,0.0,0.0,0.0,0.0,0.0,0.0,0.0,0.0,0.0
242,04:02,PTR6,15,0,0,100.0,0.0,0.0,0.0,0.0,0.0,0.0,0.0,0.0,0.0,0.0,0.0,0.0,0.0,0.0,0.0
242,04:02,PTR7,15,0,0,100.0,0.0,0.0,0.0,0.0,0.0,0.0,0.0,0.0,0.0,0.0,0.0,0.0,0.0,0.0,0.0
242,04:02,PTR8,16,0,0,100.0,0.0,0.0,0.0,0.0,0.0,0.0,0.0,0.0,0.0,0.0,0.0,0.0,0.0,0.0,0.0
242,04:02,PTR9,15,0,0,100.0,0.0,0.0,0.0,0.0,0.0,0.0,0.0,0.0,0.0,0.0,0.0,0.0,0.0,0.0,0.0
242,04:02,PTR10,16,0,0,100.0,0.0,0.0,0.0,0.0,0.0,0.0,0.0,0.0,0.0,0.0,0.0,0.0,0.0,0.0,0.0
243,04:03,PTR6,15,0,0,100.0,0.0,0.0,0.0,0.0,0.0,0.0,0.0,0.0,0.0,0.0,0.0,0.0,0.0,0.0,0.0
243,04:03,PTR7,15,0,0,100.0,0.0,0.0,0.0,0.0,0.0,0.0,0.0,0.0,0.0,0.0,0.0,0.0,0.0,0.0,0.0
243,04:03,PTR8,16,0,0,100.0,0.0,0.0,0.0,0.0,0.0,0.0,0.0,0.0,0.0,0.0,0.0,0.0,0.0,0.0,0.0
243,04:03,PTR9,15,0,0,100.0,0.0,0.0,0.0,0.0,0.0,0.0,0.0,0.0,0.0,0.0,0.0,0.0,0.0,0.0,0.0
243,04:03,PTR10,16,0,0,100.0,0.0,0.0,0.0,0.0,0.0,0.0,0.0,0.0,0.0,0.0,0.0,0.0,0.0,0.0,0.0
244,04:04,PTR6,15,0,0,100.0,0.0,0.0,0.0,0.0,0.0,0.0,0.0,0.0,0.0,0.0,0.0,0.0,0.0,0.0,0.0
244,04:04,PTR7,15,0,0,100.0,0.0,0.0,0.0,0.0,0.0,0.0,0.0,0.0,0.0,0.0,0.0,0.0,0.0,0.0,0.0
244,04:04,PTR8,16,0,0,100.0,0.0,0.0,0.0,0.0,0.0,0.0,0.0,0.0,0.0,0.0,0.0,0.0,0.0,0.0,0.0
244,04:04,PTR9,15,0,0,100.0,0.0,0.0,0.0,0.0,0.0,0.0,0.0,0.0,0.0,0.0,0.0,0.0,0.0,0.0,0.0
244,04:04,PTR10,16,0,0,100.0,0.0,0.0,0.0,0.0,0.0,0.0,0.0,0.0,0.0,0.0,0.0,0.0,0.0,0.0,0.0
245,04:05,PTR6,15,0,0,100.0,0.0,0.0,0.0,0.0,0.0,0.0,0.0,0.0,0.0,0.0,0.0,0.0,0.0,0.0,0.0
245,04:05,PTR7,15,0,0,100.0,0.0,0.0,0.0,0.0,0.0,0.0,0.0,0.0,0.0,0.0,0.0,0.0,0.0,0.0,0.0
245,04:05,PTR8,16,0,0,100.0,0.0,0.0,0.0,0.0,0.0,0.0,0.0,0.0,0.0,0.0,0.0,0.0,0.0,0.0,0.0
245,04:05,PTR9,15,0,0,100.0,0.0,0.0,0.0,0.0,0.0,0.0,0.0,0.0,0.0,0.0,0.0,0.0,0.0,0.0,0.0
245,04:05,PTR10,16,0,0,100.0,0.0,0.0,0.0,0.0,0.0,0.0,0.0,0.0,0.0,0.0,0.0,0.0,0.0,0.0,0.0
246,04:06,PTR6,15,0,0,100.0,0.0,0.0,0.0,0.0,0.0,0.0,0.0,0.0,0.0,0.0,0.0,0.0,0.0,0.0,0.0
246,04:06,PTR7,15,0,0,100.0,0.0,0.0,0.0,0.0,0.0,0.0,0.0,0.0,0.0,0.0,0.0,0.0,0.0,0.0,0.0
246,04:06,PTR8,16,0,0,100.0,0.0,0.0,0.0,0.0,0.0,0.0,0.0,0.0,0.0,0.0,0.0,0.0,0.0,0.0,0.0
246,04:06,PTR9,15,0,0,100.0,0.0,0.0,0.0,0.0,0.0,0.0,0.0,0.0,0.0,0.0,0.0,0.0,0.0,0.0,0.0
246,04:06,PTR10,16,0,0,100.0,0.0,0.0,0.0,0.0,0.0,0.0,0.0,0.0,0.0,0.0,0.0,0.0,0.0,0.0,0.0
247,04:07,PTR6,15,0,0,100.0,0.0,0.0,0.0,0.0,0.0,0.0,0.0,0.0,0.0,0.0,0.0,0.0,0.0,0.0,0.0
247,04:07,PTR7,15,0,0,100.0,0.0,0.0,0.0,0.0,0.0,0.0,0.0,0.0,0.0,0.0,0.0,0.0,0.0,0.0,0.0
247,04:07,PTR8,16,0,0,100.0,0.0,0.0,0.0,0.0,0.0,0.0,0.0,0.0,0.0,0.0,0.0,0.0,0.0,0.0,0.0
247,04:07,PTR9,15,0,0,100.0,0.0,0.0,0.0,0.0,0.0,0.0,0.0,0.0,0.0,0.0,0.0,0.0,0.0,0.0,0.0
247,04:07,PTR10,16,0,0,100.0,0.0,0.0,0.0,0.0,0.0,0.0,0.0,0.0,0.0,0.0,0.0,0.0,0.0,0.0,0.0
248,04:08,PTR6,15,0,0,100.0,0.0,0.0,0.0,0.0,0.0,0.0,0.0,0.0,0.0,0.0,0.0,0.0,0.0,0.0,0.0
248,04:08,PTR7,15,0,0,100.0,0.0,0.0,0.0,0.0,0.0,0.0,0.0,0.0,0.0,0.0,0.0,0.0,0.0,0.0,0.0
248,04:08,PTR8,16,0,0,100.0,0.0,0.0,0.0,0.0,0.0,0.0,0.0,0.0,0.0,0.0,0.0,0.0,0.0,0.0,0.0
248,04:08,PTR9,15,0,0,100.0,0.0,0.0,0.0,0.0,0.0,0.0,0.0,0.0,0.0,0.0,0.0,0.0,0.0,0.0,0.0
248,04:08,PTR10,16,0,0,100.0,0.0,0.0,0.0,0.0,0.0,0.0,0.0,0.0,0.0,0.0,0.0,0.0,0.0,0.0,0.0
249,04:09,PTR6,15,0,0,100.0,0.0,0.0,0.0,0.0,0.0,0.0,0.0,0.0,0.0,0.0,0.0,0.0,0.0,0.0,0.0
249,04:09,PTR7,15,0,0,100.0,0.0,0.0,0.0,0.0,0.0,0.0,0.0,0.0,0.0,0.0,0.0,0.0,0.0,0.0,0.0
249,04:09,PTR8,16,0,0,100.0,0.0,0.0,0.0,0.0,0.0,0.0,0.0,0.0,0.0,0.0,0.0,0.0,0.0,0.0,0.0
249,04:09,PTR9,15,0,0,100.0,0.0,0.0,0.0,0.0,0.0,0.0,0.0,0.0,0.0,0.0,0.0,0.0,0.0,0.0,0.0
249,04:09,PTR10,16,0,0,100.0,0.0,0.0,0.0,0.0,0.0,0.0,0.0,0.0,0.0,0.0,0.0,0.0,0.0,0.0,0.0
250,04:10,PTR6,15,0,0,100.0,0.0,0.0,0.0,0.0,0.0,0.0,0.0,0.0,0.0,0.0,0.0,0.0,0.0,0.0,0.0
250,04:10,PTR7,15,0,0,100.0,0.0,0.0,0.0,0.0,0.0,0.0,0.0,0.0,0.0,0.0,0.0,0.0,0.0,0.0,0.0
250,04:10,PTR8,16,0,0,100.0,0.0,0.0,0.0,0.0,0.0,0.0,0.0,0.0,0.0,0.0,0.0,0.0,0.0,0.0,0.0
250,04:10,PTR9,15,0,0,100.0,0.0,0.0,0.0,0.0,0.0,0.0,0.0,0.0,0.0,0.0,0.0,0.0,0.0,0.0,0.0
250,04:10,PTR10,16,0,0,100.0,0.0,0.0,0.0,0.0,0.0,0.0,0.0,0.0,0.0,0.0,0.0,0.0,0.0,0.0,0.0
251,04:11,PTR6,15,0,0,100.0,0.0,0.0,0.0,0.0,0.0,0.0,0.0,0.0,0.0,0.0,0.0,0.0,0.0,0.0,0.0
251,04:11,PTR7,15,0,0,100.0,0.0,0.0,0.0,0.0,0.0,0.0,0.0,0.0,0.0,0.0,0.0,0.0,0.0,0.0,0.0
251,04:11,PTR8,16,0,0,100.0,0.0,0.0,0.0,0.0,0.0,0.0,0.0,0.0,0.0,0.0,0.0,0.0,0.0,0.0,0.0
251,04:11,PTR9,15,0,0,100.0,0.0,0.0,0.0,0.0,0.0,0.0,0.0,0.0,0.0,0.0,0.0,0.0,0.0,0.0,0.0
251,04:11,PTR10,16,0,0,100.0,0.0,0.0,0.0,0.0,0.0,0.0,0.0,0.0,0.0,0.0,0.0,0.0,0.0,0.0,0.0
252,04:12,PTR6,15,0,0,100.0,0.0,0.0,0.0,0.0,0.0,0.0,0.0,0.0,0.0,0.0,0.0,0.0,0.0,0.0,0.0
252,04:12,PTR7,15,0,0,100.0,0.0,0.0,0.0,0.0,0.0,0.0,0.0,0.0,0.0,0.0,0.0,0.0,0.0,0.0,0.0
252,04:12,PTR8,16,0,0,100.0,0.0,0.0,0.0,0.0,0.0,0.0,0.0,0.0,0.0,0.0,0.0,0.0,0.0,0.0,0.0
252,04:12,PTR9,15,0,0,100.0,0.0,0.0,0.0,0.0,0.0,0.0,0.0,0.0,0.0,0.0,0.0,0.0,0.0,0.0,0.0
252,04:12,PTR10,16,0,0,100.0,0.0,0.0,0.0,0.0,0.0,0.0,0.0,0.0,0.0,0.0,0.0,0.0,0.0,0.0,0.0
253,04:13,PTR6,15,0,0,100.0,0.0,0.0,0.0,0.0,0.0,0.0,0.0,0.0,0.0,0.0,0.0,0.0,0.0,0.0,0.0
253,04:13,PTR7,15,0,0,100.0,0.0,0.0,0.0,0.0,0.0,0.0,0.0,0.0,0.0,0.0,0.0,0.0,0.0,0.0,0.0
253,04:13,PTR8,16,0,0,100.0,0.0,0.0,0.0,0.0,0.0,0.0,0.0,0.0,0.0,0.0,0.0,0.0,0.0,0.0,0.0
253,04:13,PTR9,15,0,0,100.0,0.0,0.0,0.0,0.0,0.0,0.0,0.0,0.0,0.0,0.0,0.0,0.0,0.0,0.0,0.0
253,04:13,PTR10,16,0,0,100.0,0.0,0.0,0.0,0.0,0.0,0.0,0.0,0.0,0.0,0.0,0.0,0.0,0.0,0.0,0.0
254,04:14,PTR6,15,0,0,100.0,0.0,0.0,0.0,0.0,0.0,0.0,0.0,0.0,0.0,0.0,0.0,0.0,0.0,0.0,0.0
254,04:14,PTR7,15,0,0,100.0,0.0,0.0,0.0,0.0,0.0,0.0,0.0,0.0,0.0,0.0,0.0,0.0,0.0,0.0,0.0
254,04:14,PTR8,16,0,0,100.0,0.0,0.0,0.0,0.0,0.0,0.0,0.0,0.0,0.0,0.0,0.0,0.0,0.0,0.0,0.0
254,04:14,PTR9,15,0,0,100.0,0.0,0.0,0.0,0.0,0.0,0.0,0.0,0.0,0.0,0.0,0.0,0.0,0.0,0.0,0.0
254,04:14,PTR10,16,0,0,100.0,0.0,0.0,0.0,0.0,0.0,0.0,0.0,0.0,0.0,0.0,0.0,0.0,0.0,0.0,0.0
255,04:15,PTR6,15,0,0,100.0,0.0,0.0,0.0,0.0,0.0,0.0,0.0,0.0,0.0,0.0,0.0,0.0,0.0,0.0,0.0
255,04:15,PTR7,15,0,0,100.0,0.0,0.0,0.0,0.0,0.0,0.0,0.0,0.0,0.0,0.0,0.0,0.0,0.0,0.0,0.0
255,04:15,PTR8,16,0,0,100.0,0.0,0.0,0.0,0.0,0.0,0.0,0.0,0.0,0.0,0.0,0.0,0.0,0.0,0.0,0.0
255,04:15,PTR9,15,0,0,100.0,0.0,0.0,0.0,0.0,0.0,0.0,0.0,0.0,0.0,0.0,0.0,0.0,0.0,0.0,0.0
255,04:15,PTR10,16,0,0,100.0,0.0,0.0,0.0,0.0,0.0,0.0,0.0,0.0,0.0,0.0,0.0,0.0,0.0,0.0,0.0
256,04:16,PTR6,15,0,0,100.0,0.0,0.0,0.0,0.0,0.0,0.0,0.0,0.0,0.0,0.0,0.0,0.0,0.0,0.0,0.0
256,04:16,PTR7,15,0,0,100.0,0.0,0.0,0.0,0.0,0.0,0.0,0.0,0.0,0.0,0.0,0.0,0.0,0.0,0.0,0.0
256,04:16,PTR8,16,0,0,100.0,0.0,0.0,0.0,0.0,0.0,0.0,0.0,0.0,0.0,0.0,0.0,0.0,0.0,0.0,0.0
256,04:16,PTR9,15,0,0,100.0,0.0,0.0,0.0,0.0,0.0,0.0,0.0,0.0,0.0,0.0,0.0,0.0,0.0,0.0,0.0
256,04:16,PTR10,16,0,0,100.0,0.0,0.0,0.0,0.0,0.0,0.0,0.0,0.0,0.0,0.0,0.0,0.0,0.0,0.0,0.0
257,04:17,PTR6,15,0,0,100.0,0.0,0.0,0.0,0.0,0.0,0.0,0.0,0.0,0.0,0.0,0.0,0.0,0.0,0.0,0.0
257,04:17,PTR7,15,0,0,100.0,0.0,0.0,0.0,0.0,0.0,0.0,0.0,0.0,0.0,0.0,0.0,0.0,0.0,0.0,0.0
257,04:17,PTR8,16,0,0,100.0,0.0,0.0,0.0,0.0,0.0,0.0,0.0,0.0,0.0,0.0,0.0,0.0,0.0,0.0,0.0
257,04:17,PTR9,15,0,0,100.0,0.0,0.0,0.0,0.0,0.0,0.0,0.0,0.0,0.0,0.0,0.0,0.0,0.0,0.0,0.0
257,04:17,PTR10,16,0,0,100.0,0.0,0.0,0.0,0.0,0.0,0.0,0.0,0.0,0.0,0.0,0.0,0.0,0.0,0.0,0.0
258,04:18,PTR6,15,0,0,100.0,0.0,0.0,0.0,0.0,0.0,0.0,0.0,0.0,0.0,0.0,0.0,0.0,0.0,0.0,0.0
258,04:18,PTR7,15,0,0,100.0,0.0,0.0,0.0,0.0,0.0,0.0,0.0,0.0,0.0,0.0,0.0,0.0,0.0,0.0,0.0
258,04:18,PTR8,16,0,0,100.0,0.0,0.0,0.0,0.0,0.0,0.0,0.0,0.0,0.0,0.0,0.0,0.0,0.0,0.0,0.0
258,04:18,PTR9,15,0,0,100.0,0.0,0.0,0.0,0.0,0.0,0.0,0.0,0.0,0.0,0.0,0.0,0.0,0.0,0.0,0.0
258,04:18,PTR10,16,0,0,100.0,0.0,0.0,0.0,0.0,0.0,0.0,0.0,0.0,0.0,0.0,0.0,0.0,0.0,0.0,0.0
259,04:19,PTR6,15,0,0,100.0,0.0,0.0,0.0,0.0,0.0,0.0,0.0,0.0,0.0,0.0,0.0,0.0,0.0,0.0,0.0
259,04:19,PTR7,15,0,0,100.0,0.0,0.0,0.0,0.0,0.0,0.0,0.0,0.0,0.0,0.0,0.0,0.0,0.0,0.0,0.0
259,04:19,PTR8,16,0,0,100.0,0.0,0.0,0.0,0.0,0.0,0.0,0.0,0.0,0.0,0.0,0.0,0.0,0.0,0.0,0.0
259,04:19,PTR9,15,0,0,100.0,0.0,0.0,0.0,0.0,0.0,0.0,0.0,0.0,0.0,0.0,0.0,0.0,0.0,0.0,0.0
259,04:19,PTR10,16,0,0,100.0,0.0,0.0,0.0,0.0,0.0,0.0,0.0,0.0,0.0,0.0,0.0,0.0,0.0,0.0,0.0
260,04:20,PTR6,15,0,0,100.0,0.0,0.0,0.0,0.0,0.0,0.0,0.0,0.0,0.0,0.0,0.0,0.0,0.0,0.0,0.0
260,04:20,PTR7,15,0,0,100.0,0.0,0.0,0.0,0.0,0.0,0.0,0.0,0.0,0.0,0.0,0.0,0.0,0.0,0.0,0.0
260,04:20,PTR8,16,0,0,100.0,0.0,0.0,0.0,0.0,0.0,0.0,0.0,0.0,0.0,0.0,0.0,0.0,0.0,0.0,0.0
260,04:20,PTR9,15,0,0,100.0,0.0,0.0,0.0,0.0,0.0,0.0,0.0,0.0,0.0,0.0,0.0,0.0,0.0,0.0,0.0
260,04:20,PTR10,16,0,0,100.0,0.0,0.0,0.0,0.0,0.0,0.0,0.0,0.0,0.0,0.0,0.0,0.0,0.0,0.0,0.0
261,04:21,PTR6,15,0,0,100.0,0.0,0.0,0.0,0.0,0.0,0.0,0.0,0.0,0.0,0.0,0.0,0.0,0.0,0.0,0.0
261,04:21,PTR7,15,0,0,100.0,0.0,0.0,0.0,0.0,0.0,0.0,0.0,0.0,0.0,0.0,0.0,0.0,0.0,0.0,0.0
261,04:21,PTR8,16,0,0,100.0,0.0,0.0,0.0,0.0,0.0,0.0,0.0,0.0,0.0,0.0,0.0,0.0,0.0,0.0,0.0
261,04:21,PTR9,15,0,0,100.0,0.0,0.0,0.0,0.0,0.0,0.0,0.0,0.0,0.0,0.0,0.0,0.0,0.0,0.0,0.0
261,04:21,PTR10,16,0,0,100.0,0.0,0.0,0.0,0.0,0.0,0.0,0.0,0.0,0.0,0.0,0.0,0.0,0.0,0.0,0.0
262,04:22,PTR6,15,0,0,100.0,0.0,0.0,0.0,0.0,0.0,0.0,0.0,0.0,0.0,0.0,0.0,0.0,0.0,0.0,0.0
262,04:22,PTR7,15,0,0,100.0,0.0,0.0,0.0,0.0,0.0,0.0,0.0,0.0,0.0,0.0,0.0,0.0,0.0,0.0,0.0
262,04:22,PTR8,16,0,0,100.0,0.0,0.0,0.0,0.0,0.0,0.0,0.0,0.0,0.0,0.0,0.0,0.0,0.0,0.0,0.0
262,04:22,PTR9,15,0,0,100.0,0.0,0.0,0.0,0.0,0.0,0.0,0.0,0.0,0.0,0.0,0.0,0.0,0.0,0.0,0.0
262,04:22,PTR10,16,0,0,100.0,0.0,0.0,0.0,0.0,0.0,0.0,0.0,0.0,0.0,0.0,0.0,0.0,0.0,0.0,0.0
263,04:23,PTR6,15,0,0,100.0,0.0,0.0,0.0,0.0,0.0,0.0,0.0,0.0,0.0,0.0,0.0,0.0,0.0,0.0,0.0
263,04:23,PTR7,15,0,0,100.0,0.0,0.0,0.0,0.0,0.0,0.0,0.0,0.0,0.0,0.0,0.0,0.0,0.0,0.0,0.0
263,04:23,PTR8,16,0,0,100.0,0.0,0.0,0.0,0.0,0.0,0.0,0.0,0.0,0.0,0.0,0.0,0.0,0.0,0.0,0.0
263,04:23,PTR9,15,0,0,100.0,0.0,0.0,0.0,0.0,0.0,0.0,0.0,0.0,0.0,0.0,0.0,0.0,0.0,0.0,0.0
263,04:23,PTR10,16,0,0,100.0,0.0,0.0,0.0,0.0,0.0,0.0,0.0,0.0,0.0,0.0,0.0,0.0,0.0,0.0,0.0
264,04:24,PTR6,15,0,0,100.0,0.0,0.0,0.0,0.0,0.0,0.0,0.0,0.0,0.0,0.0,0.0,0.0,0.0,0.0,0.0
264,04:24,PTR7,15,0,0,100.0,0.0,0.0,0.0,0.0,0.0,0.0,0.0,0.0,0.0,0.0,0.0,0.0,0.0,0.0,0.0
264,04:24,PTR8,16,0,0,100.0,0.0,0.0,0.0,0.0,0.0,0.0,0.0,0.0,0.0,0.0,0.0,0.0,0.0,0.0,0.0
264,04:24,PTR9,15,0,0,100.0,0.0,0.0,0.0,0.0,0.0,0.0,0.0,0.0,0.0,0.0,0.0,0.0,0.0,0.0,0.0
264,04:24,PTR10,16,0,0,100.0,0.0,0.0,0.0,0.0,0.0,0.0,0.0,0.0,0.0,0.0,0.0,0.0,0.0,0.0,0.0
265,04:25,PTR6,15,0,0,100.0,0.0,0.0,0.0,0.0,0.0,0.0,0.0,0.0,0.0,0.0,0.0,0.0,0.0,0.0,0.0
265,04:25,PTR7,15,0,0,100.0,0.0,0.0,0.0,0.0,0.0,0.0,0.0,0.0,0.0,0.0,0.0,0.0,0.0,0.0,0.0
265,04:25,PTR8,16,0,0,100.0,0.0,0.0,0.0,0.0,0.0,0.0,0.0,0.0,0.0,0.0,0.0,0.0,0.0,0.0,0.0
265,04:25,PTR9,15,0,0,100.0,0.0,0.0,0.0,0.0,0.0,0.0,0.0,0.0,0.0,0.0,0.0,0.0,0.0,0.0,0.0
265,04:25,PTR10,16,0,0,100.0,0.0,0.0,0.0,0.0,0.0,0.0,0.0,0.0,0.0,0.0,0.0,0.0,0.0,0.0,0.0
266,04:26,PTR6,15,0,0,100.0,0.0,0.0,0.0,0.0,0.0,0.0,0.0,0.0,0.0,0.0,0.0,0.0,0.0,0.0,0.0
266,04:26,PTR7,15,0,0,100.0,0.0,0.0,0.0,0.0,0.0,0.0,0.0,0.0,0.0,0.0,0.0,0.0,0.0,0.0,0.0
266,04:26,PTR8,16,0,0,100.0,0.0,0.0,0.0,0.0,0.0,0.0,0.0,0.0,0.0,0.0,0.0,0.0,0.0,0.0,0.0
266,04:26,PTR9,15,0,0,100.0,0.0,0.0,0.0,0.0,0.0,0.0,0.0,0.0,0.0,0.0,0.0,0.0,0.0,0.0,0.0
266,04:26,PTR10,16,0,0,100.0,0.0,0.0,0.0,0.0,0.0,0.0,0.0,0.0,0.0,0.0,0.0,0.0,0.0,0.0,0.0
267,04:27,PTR6,15,0,0,100.0,0.0,0.0,0.0,0.0,0.0,0.0,0.0,0.0,0.0,0.0,0.0,0.0,0.0,0.0,0.0
267,04:27,PTR7,15,0,0,100.0,0.0,0.0,0.0,0.0,0.0,0.0,0.0,0.0,0.0,0.0,0.0,0.0,0.0,0.0,0.0
267,04:27,PTR8,16,0,0,100.0,0.0,0.0,0.0,0.0,0.0,0.0,0.0,0.0,0.0,0.0,0.0,0.0,0.0,0.0,0.0
267,04:27,PTR9,15,0,0,100.0,0.0,0.0,0.0,0.0,0.0,0.0,0.0,0.0,0.0,0.0,0.0,0.0,0.0,0.0,0.0
267,04:27,PTR10,16,0,0,100.0,0.0,0.0,0.0,0.0,0.0,0.0,0.0,0.0,0.0,0.0,0.0,0.0,0.0,0.0,0.0
268,04:28,PTR6,15,0,0,100.0,0.0,0.0,0.0,0.0,0.0,0.0,0.0,0.0,0.0,0.0,0.0,0.0,0.0,0.0,0.0
268,04:28,PTR7,15,0,0,100.0,0.0,0.0,0.0,0.0,0.0,0.0,0.0,0.0,0.0,0.0,0.0,0.0,0.0,0.0,0.0
268,04:28,PTR8,16,0,0,100.0,0.0,0.0,0.0,0.0,0.0,0.0,0.0,0.0,0.0,0.0,0.0,0.0,0.0,0.0,0.0
268,04:28,PTR9,15,0,0,100.0,0.0,0.0,0.0,0.0,0.0,0.0,0.0,0.0,0.0,0.0,0.0,0.0,0.0,0.0,0.0
268,04:28,PTR10,16,0,0,100.0,0.0,0.0,0.0,0.0,0.0,0.0,0.0,0.0,0.0,0.0,0.0,0.0,0.0,0.0,0.0
269,04:29,PTR6,15,0,0,100.0,0.0,0.0,0.0,0.0,0.0,0.0,0.0,0.0,0.0,0.0,0.0,0.0,0.0,0.0,0.0
269,04:29,PTR7,15,0,0,100.0,0.0,0.0,0.0,0.0,0.0,0.0,0.0,0.0,0.0,0.0,0.0,0.0,0.0,0.0,0.0
269,04:29,PTR8,16,0,0,100.0,0.0,0.0,0.0,0.0,0.0,0.0,0.0,0.0,0.0,0.0,0.0,0.0,0.0,0.0,0.0
269,04:29,PTR9,15,0,0,100.0,0.0,0.0,0.0,0.0,0.0,0.0,0.0,0.0,0.0,0.0,0.0,0.0,0.0,0.0,0.0
269,04:29,PTR10,16,0,0,100.0,0.0,0.0,0.0,0.0,0.0,0.0,0.0,0.0,0.0,0.0,0.0,0.0,0.0,0.0,0.0
270,04:30,PTR6,15,0,0,100.0,0.0,0.0,0.0,0.0,0.0,0.0,0.0,0.0,0.0,0.0,0.0,0.0,0.0,0.0,0.0
270,04:30,PTR7,15,0,0,100.0,0.0,0.0,0.0,0.0,0.0,0.0,0.0,0.0,0.0,0.0,0.0,0.0,0.0,0.0,0.0
270,04:30,PTR8,16,0,0,100.0,0.0,0.0,0.0,0.0,0.0,0.0,0.0,0.0,0.0,0.0,0.0,0.0,0.0,0.0,0.0
270,04:30,PTR9,15,0,0,100.0,0.0,0.0,0.0,0.0,0.0,0.0,0.0,0.0,0.0,0.0,0.0,0.0,0.0,0.0,0.0
270,04:30,PTR10,16,0,0,100.0,0.0,0.0,0.0,0.0,0.0,0.0,0.0,0.0,0.0,0.0,0.0,0.0,0.0,0.0,0.0
271,04:31,PTR6,15,0,0,100.0,0.0,0.0,0.0,0.0,0.0,0.0,0.0,0.0,0.0,0.0,0.0,0.0,0.0,0.0,0.0
271,04:31,PTR7,15,0,0,100.0,0.0,0.0,0.0,0.0,0.0,0.0,0.0,0.0,0.0,0.0,0.0,0.0,0.0,0.0,0.0
271,04:31,PTR8,16,0,0,100.0,0.0,0.0,0.0,0.0,0.0,0.0,0.0,0.0,0.0,0.0,0.0,0.0,0.0,0.0,0.0
271,04:31,PTR9,15,0,0,100.0,0.0,0.0,0.0,0.0,0.0,0.0,0.0,0.0,0.0,0.0,0.0,0.0,0.0,0.0,0.0
271,04:31,PTR10,16,0,0,100.0,0.0,0.0,0.0,0.0,0.0,0.0,0.0,0.0,0.0,0.0,0.0,0.0,0.0,0.0,0.0
272,04:32,PTR6,15,0,0,100.0,0.0,0.0,0.0,0.0,0.0,0.0,0.0,0.0,0.0,0.0,0.0,0.0,0.0,0.0,0.0
272,04:32,PTR7,15,0,0,100.0,0.0,0.0,0.0,0.0,0.0,0.0,0.0,0.0,0.0,0.0,0.0,0.0,0.0,0.0,0.0
272,04:32,PTR8,16,0,0,100.0,0.0,0.0,0.0,0.0,0.0,0.0,0.0,0.0,0.0,0.0,0.0,0.0,0.0,0.0,0.0
272,04:32,PTR9,15,0,0,100.0,0.0,0.0,0.0,0.0,0.0,0.0,0.0,0.0,0.0,0.0,0.0,0.0,0.0,0.0,0.0
272,04:32,PTR10,16,0,0,100.0,0.0,0.0,0.0,0.0,0.0,0.0,0.0,0.0,0.0,0.0,0.0,0.0,0.0,0.0,0.0
273,04:33,PTR6,15,0,0,100.0,0.0,0.0,0.0,0.0,0.0,0.0,0.0,0.0,0.0,0.0,0.0,0.0,0.0,0.0,0.0
273,04:33,PTR7,15,0,0,100.0,0.0,0.0,0.0,0.0,0.0,0.0,0.0,0.0,0.0,0.0,0.0,0.0,0.0,0.0,0.0
273,04:33,PTR8,16,0,0,100.0,0.0,0.0,0.0,0.0,0.0,0.0,0.0,0.0,0.0,0.0,0.0,0.0,0.0,0.0,0.0
273,04:33,PTR9,15,0,0,100.0,0.0,0.0,0.0,0.0,0.0,0.0,0.0,0.0,0.0,0.0,0.0,0.0,0.0,0.0,0.0
273,04:33,PTR10,16,0,0,100.0,0.0,0.0,0.0,0.0,0.0,0.0,0.0,0.0,0.0,0.0,0.0,0.0,0.0,0.0,0.0
274,04:34,PTR6,15,0,0,100.0,0.0,0.0,0.0,0.0,0.0,0.0,0.0,0.0,0.0,0.0,0.0,0.0,0.0,0.0,0.0
274,04:34,PTR7,15,0,0,100.0,0.0,0.0,0.0,0.0,0.0,0.0,0.0,0.0,0.0,0.0,0.0,0.0,0.0,0.0,0.0
274,04:34,PTR8,16,0,0,100.0,0.0,0.0,0.0,0.0,0.0,0.0,0.0,0.0,0.0,0.0,0.0,0.0,0.0,0.0,0.0
274,04:34,PTR9,15,0,0,100.0,0.0,0.0,0.0,0.0,0.0,0.0,0.0,0.0,0.0,0.0,0.0,0.0,0.0,0.0,0.0
274,04:34,PTR10,16,0,0,100.0,0.0,0.0,0.0,0.0,0.0,0.0,0.0,0.0,0.0,0.0,0.0,0.0,0.0,0.0,0.0
275,04:35,PTR6,15,0,0,100.0,0.0,0.0,0.0,0.0,0.0,0.0,0.0,0.0,0.0,0.0,0.0,0.0,0.0,0.0,0.0
275,04:35,PTR7,15,0,0,100.0,0.0,0.0,0.0,0.0,0.0,0.0,0.0,0.0,0.0,0.0,0.0,0.0,0.0,0.0,0.0
275,04:35,PTR8,16,0,0,100.0,0.0,0.0,0.0,0.0,0.0,0.0,0.0,0.0,0.0,0.0,0.0,0.0,0.0,0.0,0.0
275,04:35,PTR9,15,0,0,100.0,0.0,0.0,0.0,0.0,0.0,0.0,0.0,0.0,0.0,0.0,0.0,0.0,0.0,0.0,0.0
275,04:35,PTR10,16,0,0,100.0,0.0,0.0,0.0,0.0,0.0,0.0,0.0,0.0,0.0,0.0,0.0,0.0,0.0,0.0,0.0
276,04:36,PTR6,15,0,0,100.0,0.0,0.0,0.0,0.0,0.0,0.0,0.0,0.0,0.0,0.0,0.0,0.0,0.0,0.0,0.0
276,04:36,PTR7,15,0,0,100.0,0.0,0.0,0.0,0.0,0.0,0.0,0.0,0.0,0.0,0.0,0.0,0.0,0.0,0.0,0.0
276,04:36,PTR8,16,0,0,100.0,0.0,0.0,0.0,0.0,0.0,0.0,0.0,0.0,0.0,0.0,0.0,0.0,0.0,0.0,0.0
276,04:36,PTR9,15,0,0,100.0,0.0,0.0,0.0,0.0,0.0,0.0,0.0,0.0,0.0,0.0,0.0,0.0,0.0,0.0,0.0
276,04:36,PTR10,16,0,0,100.0,0.0,0.0,0.0,0.0,0.0,0.0,0.0,0.0,0.0,0.0,0.0,0.0,0.0,0.0,0.0
277,04:37,PTR6,15,0,0,100.0,0.0,0.0,0.0,0.0,0.0,0.0,0.0,0.0,0.0,0.0,0.0,0.0,0.0,0.0,0.0
277,04:37,PTR7,15,0,0,100.0,0.0,0.0,0.0,0.0,0.0,0.0,0.0,0.0,0.0,0.0,0.0,0.0,0.0,0.0,0.0
277,04:37,PTR8,16,0,0,100.0,0.0,0.0,0.0,0.0,0.0,0.0,0.0,0.0,0.0,0.0,0.0,0.0,0.0,0.0,0.0
277,04:37,PTR9,15,0,0,100.0,0.0,0.0,0.0,0.0,0.0,0.0,0.0,0.0,0.0,0.0,0.0,0.0,0.0,0.0,0.0
277,04:37,PTR10,16,0,0,100.0,0.0,0.0,0.0,0.0,0.0,0.0,0.0,0.0,0.0,0.0,0.0,0.0,0.0,0.0,0.0
278,04:38,PTR6,15,0,0,100.0,0.0,0.0,0.0,0.0,0.0,0.0,0.0,0.0,0.0,0.0,0.0,0.0,0.0,0.0,0.0
278,04:38,PTR7,15,0,0,100.0,0.0,0.0,0.0,0.0,0.0,0.0,0.0,0.0,0.0,0.0,0.0,0.0,0.0,0.0,0.0
278,04:38,PTR8,16,0,0,100.0,0.0,0.0,0.0,0.0,0.0,0.0,0.0,0.0,0.0,0.0,0.0,0.0,0.0,0.0,0.0
278,04:38,PTR9,15,0,0,100.0,0.0,0.0,0.0,0.0,0.0,0.0,0.0,0.0,0.0,0.0,0.0,0.0,0.0,0.0,0.0
278,04:38,PTR10,16,0,0,100.0,0.0,0.0,0.0,0.0,0.0,0.0,0.0,0.0,0.0,0.0,0.0,0.0,0.0,0.0,0.0
279,04:39,PTR6,15,0,0,100.0,0.0,0.0,0.0,0.0,0.0,0.0,0.0,0.0,0.0,0.0,0.0,0.0,0.0,0.0,0.0
279,04:39,PTR7,15,0,0,100.0,0.0,0.0,0.0,0.0,0.0,0.0,0.0,0.0,0.0,0.0,0.0,0.0,0.0,0.0,0.0
279,04:39,PTR8,16,0,0,100.0,0.0,0.0,0.0,0.0,0.0,0.0,0.0,0.0,0.0,0.0,0.0,0.0,0.0,0.0,0.0
279,04:39,PTR9,15,0,0,100.0,0.0,0.0,0.0,0.0,0.0,0.0,0.0,0.0,0.0,0.0,0.0,0.0,0.0,0.0,0.0
279,04:39,PTR10,16,0,0,100.0,0.0,0.0,0.0,0.0,0.0,0.0,0.0,0.0,0.0,0.0,0.0,0.0,0.0,0.0,0.0
280,04:40,PTR6,15,0,0,100.0,0.0,0.0,0.0,0.0,0.0,0.0,0.0,0.0,0.0,0.0,0.0,0.0,0.0,0.0,0.0
280,04:40,PTR7,15,0,0,100.0,0.0,0.0,0.0,0.0,0.0,0.0,0.0,0.0,0.0,0.0,0.0,0.0,0.0,0.0,0.0
280,04:40,PTR8,16,0,0,100.0,0.0,0.0,0.0,0.0,0.0,0.0,0.0,0.0,0.0,0.0,0.0,0.0,0.0,0.0,0.0
280,04:40,PTR9,15,0,0,100.0,0.0,0.0,0.0,0.0,0.0,0.0,0.0,0.0,0.0,0.0,0.0,0.0,0.0,0.0,0.0
280,04:40,PTR10,16,0,0,100.0,0.0,0.0,0.0,0.0,0.0,0.0,0.0,0.0,0.0,0.0,0.0,0.0,0.0,0.0,0.0
281,04:41,PTR6,15,0,0,100.0,0.0,0.0,0.0,0.0,0.0,0.0,0.0,0.0,0.0,0.0,0.0,0.0,0.0,0.0,0.0
281,04:41,PTR7,15,0,0,100.0,0.0,0.0,0.0,0.0,0.0,0.0,0.0,0.0,0.0,0.0,0.0,0.0,0.0,0.0,0.0
281,04:41,PTR8,16,0,0,100.0,0.0,0.0,0.0,0.0,0.0,0.0,0.0,0.0,0.0,0.0,0.0,0.0,0.0,0.0,0.0
281,04:41,PTR9,15,0,0,100.0,0.0,0.0,0.0,0.0,0.0,0.0,0.0,0.0,0.0,0.0,0.0,0.0,0.0,0.0,0.0
281,04:41,PTR10,16,0,0,100.0,0.0,0.0,0.0,0.0,0.0,0.0,0.0,0.0,0.0,0.0,0.0,0.0,0.0,0.0,0.0
282,04:42,PTR6,15,0,0,100.0,0.0,0.0,0.0,0.0,0.0,0.0,0.0,0.0,0.0,0.0,0.0,0.0,0.0,0.0,0.0
282,04:42,PTR7,15,0,0,100.0,0.0,0.0,0.0,0.0,0.0,0.0,0.0,0.0,0.0,0.0,0.0,0.0,0.0,0.0,0.0
282,04:42,PTR8,16,0,0,100.0,0.0,0.0,0.0,0.0,0.0,0.0,0.0,0.0,0.0,0.0,0.0,0.0,0.0,0.0,0.0
282,04:42,PTR9,15,0,0,100.0,0.0,0.0,0.0,0.0,0.0,0.0,0.0,0.0,0.0,0.0,0.0,0.0,0.0,0.0,0.0
282,04:42,PTR10,16,0,0,100.0,0.0,0.0,0.0,0.0,0.0,0.0,0.0,0.0,0.0,0.0,0.0,0.0,0.0,0.0,0.0
283,04:43,PTR6,15,0,0,100.0,0.0,0.0,0.0,0.0,0.0,0.0,0.0,0.0,0.0,0.0,0.0,0.0,0.0,0.0,0.0
283,04:43,PTR7,15,0,0,100.0,0.0,0.0,0.0,0.0,0.0,0.0,0.0,0.0,0.0,0.0,0.0,0.0,0.0,0.0,0.0
283,04:43,PTR8,16,0,0,100.0,0.0,0.0,0.0,0.0,0.0,0.0,0.0,0.0,0.0,0.0,0.0,0.0,0.0,0.0,0.0
283,04:43,PTR9,15,0,0,100.0,0.0,0.0,0.0,0.0,0.0,0.0,0.0,0.0,0.0,0.0,0.0,0.0,0.0,0.0,0.0
283,04:43,PTR10,16,0,0,100.0,0.0,0.0,0.0,0.0,0.0,0.0,0.0,0.0,0.0,0.0,0.0,0.0,0.0,0.0,0.0
284,04:44,PTR6,15,0,0,100.0,0.0,0.0,0.0,0.0,0.0,0.0,0.0,0.0,0.0,0.0,0.0,0.0,0.0,0.0,0.0
284,04:44,PTR7,15,0,0,100.0,0.0,0.0,0.0,0.0,0.0,0.0,0.0,0.0,0.0,0.0,0.0,0.0,0.0,0.0,0.0
284,04:44,PTR8,16,0,0,100.0,0.0,0.0,0.0,0.0,0.0,0.0,0.0,0.0,0.0,0.0,0.0,0.0,0.0,0.0,0.0
284,04:44,PTR9,15,0,0,100.0,0.0,0.0,0.0,0.0,0.0,0.0,0.0,0.0,0.0,0.0,0.0,0.0,0.0,0.0,0.0
284,04:44,PTR10,16,0,0,100.0,0.0,0.0,0.0,0.0,0.0,0.0,0.0,0.0,0.0,0.0,0.0,0.0,0.0,0.0,0.0
285,04:45,PTR6,15,0,0,100.0,0.0,0.0,0.0,0.0,0.0,0.0,0.0,0.0,0.0,0.0,0.0,0.0,0.0,0.0,0.0
285,04:45,PTR7,15,0,0,100.0,0.0,0.0,0.0,0.0,0.0,0.0,0.0,0.0,0.0,0.0,0.0,0.0,0.0,0.0,0.0
285,04:45,PTR8,16,0,0,100.0,0.0,0.0,0.0,0.0,0.0,0.0,0.0,0.0,0.0,0.0,0.0,0.0,0.0,0.0,0.0
285,04:45,PTR9,15,0,0,100.0,0.0,0.0,0.0,0.0,0.0,0.0,0.0,0.0,0.0,0.0,0.0,0.0,0.0,0.0,0.0
285,04:45,PTR10,16,0,0,100.0,0.0,0.0,0.0,0.0,0.0,0.0,0.0,0.0,0.0,0.0,0.0,0.0,0.0,0.0,0.0
286,04:46,PTR6,15,0,0,100.0,0.0,0.0,0.0,0.0,0.0,0.0,0.0,0.0,0.0,0.0,0.0,0.0,0.0,0.0,0.0
286,04:46,PTR7,15,0,0,100.0,0.0,0.0,0.0,0.0,0.0,0.0,0.0,0.0,0.0,0.0,0.0,0.0,0.0,0.0,0.0
286,04:46,PTR8,16,0,0,100.0,0.0,0.0,0.0,0.0,0.0,0.0,0.0,0.0,0.0,0.0,0.0,0.0,0.0,0.0,0.0
286,04:46,PTR9,15,0,0,100.0,0.0,0.0,0.0,0.0,0.0,0.0,0.0,0.0,0.0,0.0,0.0,0.0,0.0,0.0,0.0
286,04:46,PTR10,16,0,0,100.0,0.0,0.0,0.0,0.0,0.0,0.0,0.0,0.0,0.0,0.0,0.0,0.0,0.0,0.0,0.0
287,04:47,PTR6,15,0,0,100.0,0.0,0.0,0.0,0.0,0.0,0.0,0.0,0.0,0.0,0.0,0.0,0.0,0.0,0.0,0.0
287,04:47,PTR7,15,0,0,100.0,0.0,0.0,0.0,0.0,0.0,0.0,0.0,0.0,0.0,0.0,0.0,0.0,0.0,0.0,0.0
287,04:47,PTR8,16,0,0,100.0,0.0,0.0,0.0,0.0,0.0,0.0,0.0,0.0,0.0,0.0,0.0,0.0,0.0,0.0,0.0
287,04:47,PTR9,15,0,0,100.0,0.0,0.0,0.0,0.0,0.0,0.0,0.0,0.0,0.0,0.0,0.0,0.0,0.0,0.0,0.0
287,04:47,PTR10,16,0,0,100.0,0.0,0.0,0.0,0.0,0.0,0.0,0.0,0.0,0.0,0.0,0.0,0.0,0.0,0.0,0.0
288,04:48,PTR6,15,0,0,100.0,0.0,0.0,0.0,0.0,0.0,0.0,0.0,0.0,0.0,0.0,0.0,0.0,0.0,0.0,0.0
288,04:48,PTR7,15,0,0,100.0,0.0,0.0,0.0,0.0,0.0,0.0,0.0,0.0,0.0,0.0,0.0,0.0,0.0,0.0,0.0
288,04:48,PTR8,16,0,0,100.0,0.0,0.0,0.0,0.0,0.0,0.0,0.0,0.0,0.0,0.0,0.0,0.0,0.0,0.0,0.0
288,04:48,PTR9,15,0,0,100.0,0.0,0.0,0.0,0.0,0.0,0.0,0.0,0.0,0.0,0.0,0.0,0.0,0.0,0.0,0.0
288,04:48,PTR10,16,0,0,100.0,0.0,0.0,0.0,0.0,0.0,0.0,0.0,0.0,0.0,0.0,0.0,0.0,0.0,0.0,0.0
289,04:49,PTR6,15,0,0,100.0,0.0,0.0,0.0,0.0,0.0,0.0,0.0,0.0,0.0,0.0,0.0,0.0,0.0,0.0,0.0
289,04:49,PTR7,15,0,0,100.0,0.0,0.0,0.0,0.0,0.0,0.0,0.0,0.0,0.0,0.0,0.0,0.0,0.0,0.0,0.0
289,04:49,PTR8,16,0,0,100.0,0.0,0.0,0.0,0.0,0.0,0.0,0.0,0.0,0.0,0.0,0.0,0.0,0.0,0.0,0.0
289,04:49,PTR9,15,0,0,100.0,0.0,0.0,0.0,0.0,0.0,0.0,0.0,0.0,0.0,0.0,0.0,0.0,0.0,0.0,0.0
289,04:49,PTR10,16,0,0,100.0,0.0,0.0,0.0,0.0,0.0,0.0,0.0,0.0,0.0,0.0,0.0,0.0,0.0,0.0,0.0
290,04:50,PTR6,15,0,0,100.0,0.0,0.0,0.0,0.0,0.0,0.0,0.0,0.0,0.0,0.0,0.0,0.0,0.0,0.0,0.0
290,04:50,PTR7,15,0,0,100.0,0.0,0.0,0.0,0.0,0.0,0.0,0.0,0.0,0.0,0.0,0.0,0.0,0.0,0.0,0.0
290,04:50,PTR8,16,0,0,100.0,0.0,0.0,0.0,0.0,0.0,0.0,0.0,0.0,0.0,0.0,0.0,0.0,0.0,0.0,0.0
290,04:50,PTR9,15,0,0,100.0,0.0,0.0,0.0,0.0,0.0,0.0,0.0,0.0,0.0,0.0,0.0,0.0,0.0,0.0,0.0
290,04:50,PTR10,16,0,0,100.0,0.0,0.0,0.0,0.0,0.0,0.0,0.0,0.0,0.0,0.0,0.0,0.0,0.0,0.0,0.0
291,04:51,PTR6,15,0,0,100.0,0.0,0.0,0.0,0.0,0.0,0.0,0.0,0.0,0.0,0.0,0.0,0.0,0.0,0.0,0.0
291,04:51,PTR7,15,0,0,100.0,0.0,0.0,0.0,0.0,0.0,0.0,0.0,0.0,0.0,0.0,0.0,0.0,0.0,0.0,0.0
291,04:51,PTR8,16,0,0,100.0,0.0,0.0,0.0,0.0,0.0,0.0,0.0,0.0,0.0,0.0,0.0,0.0,0.0,0.0,0.0
291,04:51,PTR9,15,0,0,100.0,0.0,0.0,0.0,0.0,0.0,0.0,0.0,0.0,0.0,0.0,0.0,0.0,0.0,0.0,0.0
291,04:51,PTR10,16,0,0,100.0,0.0,0.0,0.0,0.0,0.0,0.0,0.0,0.0,0.0,0.0,0.0,0.0,0.0,0.0,0.0
292,04:52,PTR6,15,0,0,100.0,0.0,0.0,0.0,0.0,0.0,0.0,0.0,0.0,0.0,0.0,0.0,0.0,0.0,0.0,0.0
292,04:52,PTR7,15,0,0,100.0,0.0,0.0,0.0,0.0,0.0,0.0,0.0,0.0,0.0,0.0,0.0,0.0,0.0,0.0,0.0
292,04:52,PTR8,16,0,0,100.0,0.0,0.0,0.0,0.0,0.0,0.0,0.0,0.0,0.0,0.0,0.0,0.0,0.0,0.0,0.0
292,04:52,PTR9,15,0,0,100.0,0.0,0.0,0.0,0.0,0.0,0.0,0.0,0.0,0.0,0.0,0.0,0.0,0.0,0.0,0.0
292,04:52,PTR10,16,0,0,100.0,0.0,0.0,0.0,0.0,0.0,0.0,0.0,0.0,0.0,0.0,0.0,0.0,0.0,0.0,0.0
293,04:53,PTR6,15,0,0,100.0,0.0,0.0,0.0,0.0,0.0,0.0,0.0,0.0,0.0,0.0,0.0,0.0,0.0,0.0,0.0
293,04:53,PTR7,15,0,0,100.0,0.0,0.0,0.0,0.0,0.0,0.0,0.0,0.0,0.0,0.0,0.0,0.0,0.0,0.0,0.0
293,04:53,PTR8,16,0,0,100.0,0.0,0.0,0.0,0.0,0.0,0.0,0.0,0.0,0.0,0.0,0.0,0.0,0.0,0.0,0.0
293,04:53,PTR9,15,0,0,100.0,0.0,0.0,0.0,0.0,0.0,0.0,0.0,0.0,0.0,0.0,0.0,0.0,0.0,0.0,0.0
293,04:53,PTR10,16,0,0,100.0,0.0,0.0,0.0,0.0,0.0,0.0,0.0,0.0,0.0,0.0,0.0,0.0,0.0,0.0,0.0
294,04:54,PTR6,15,0,0,100.0,0.0,0.0,0.0,0.0,0.0,0.0,0.0,0.0,0.0,0.0,0.0,0.0,0.0,0.0,0.0
294,04:54,PTR7,15,0,0,100.0,0.0,0.0,0.0,0.0,0.0,0.0,0.0,0.0,0.0,0.0,0.0,0.0,0.0,0.0,0.0
294,04:54,PTR8,16,0,0,100.0,0.0,0.0,0.0,0.0,0.0,0.0,0.0,0.0,0.0,0.0,0.0,0.0,0.0,0.0,0.0
294,04:54,PTR9,15,0,0,100.0,0.0,0.0,0.0,0.0,0.0,0.0,0.0,0.0,0.0,0.0,0.0,0.0,0.0,0.0,0.0
294,04:54,PTR10,16,0,0,100.0,0.0,0.0,0.0,0.0,0.0,0.0,0.0,0.0,0.0,0.0,0.0,0.0,0.0,0.0,0.0
295,04:55,PTR6,15,0,0,100.0,0.0,0.0,0.0,0.0,0.0,0.0,0.0,0.0,0.0,0.0,0.0,0.0,0.0,0.0,0.0
295,04:55,PTR7,15,0,0,100.0,0.0,0.0,0.0,0.0,0.0,0.0,0.0,0.0,0.0,0.0,0.0,0.0,0.0,0.0,0.0
295,04:55,PTR8,16,0,0,100.0,0.0,0.0,0.0,0.0,0.0,0.0,0.0,0.0,0.0,0.0,0.0,0.0,0.0,0.0,0.0
295,04:55,PTR9,15,0,0,100.0,0.0,0.0,0.0,0.0,0.0,0.0,0.0,0.0,0.0,0.0,0.0,0.0,0.0,0.0,0.0
295,04:55,PTR10,16,0,0,100.0,0.0,0.0,0.0,0.0,0.0,0.0,0.0,0.0,0.0,0.0,0.0,0.0,0.0,0.0,0.0
296,04:56,PTR6,15,0,0,100.0,0.0,0.0,0.0,0.0,0.0,0.0,0.0,0.0,0.0,0.0,0.0,0.0,0.0,0.0,0.0
296,04:56,PTR7,15,0,0,100.0,0.0,0.0,0.0,0.0,0.0,0.0,0.0,0.0,0.0,0.0,0.0,0.0,0.0,0.0,0.0
296,04:56,PTR8,16,0,0,100.0,0.0,0.0,0.0,0.0,0.0,0.0,0.0,0.0,0.0,0.0,0.0,0.0,0.0,0.0,0.0
296,04:56,PTR9,15,0,0,100.0,0.0,0.0,0.0,0.0,0.0,0.0,0.0,0.0,0.0,0.0,0.0,0.0,0.0,0.0,0.0
296,04:56,PTR10,16,0,0,100.0,0.0,0.0,0.0,0.0,0.0,0.0,0.0,0.0,0.0,0.0,0.0,0.0,0.0,0.0,0.0
297,04:57,PTR6,15,0,0,100.0,0.0,0.0,0.0,0.0,0.0,0.0,0.0,0.0,0.0,0.0,0.0,0.0,0.0,0.0,0.0
297,04:57,PTR7,15,0,0,100.0,0.0,0.0,0.0,0.0,0.0,0.0,0.0,0.0,0.0,0.0,0.0,0.0,0.0,0.0,0.0
297,04:57,PTR8,16,0,0,100.0,0.0,0.0,0.0,0.0,0.0,0.0,0.0,0.0,0.0,0.0,0.0,0.0,0.0,0.0,0.0
297,04:57,PTR9,15,0,0,100.0,0.0,0.0,0.0,0.0,0.0,0.0,0.0,0.0,0.0,0.0,0.0,0.0,0.0,0.0,0.0
297,04:57,PTR10,16,0,0,100.0,0.0,0.0,0.0,0.0,0.0,0.0,0.0,0.0,0.0,0.0,0.0,0.0,0.0,0.0,0.0
298,04:58,PTR6,15,0,0,100.0,0.0,0.0,0.0,0.0,0.0,0.0,0.0,0.0,0.0,0.0,0.0,0.0,0.0,0.0,0.0
298,04:58,PTR7,15,0,0,100.0,0.0,0.0,0.0,0.0,0.0,0.0,0.0,0.0,0.0,0.0,0.0,0.0,0.0,0.0,0.0
298,04:58,PTR8,16,0,0,100.0,0.0,0.0,0.0,0.0,0.0,0.0,0.0,0.0,0.0,0.0,0.0,0.0,0.0,0.0,0.0
298,04:58,PTR9,15,0,0,100.0,0.0,0.0,0.0,0.0,0.0,0.0,0.0,0.0,0.0,0.0,0.0,0.0,0.0,0.0,0.0
298,04:58,PTR10,16,0,0,100.0,0.0,0.0,0.0,0.0,0.0,0.0,0.0,0.0,0.0,0.0,0.0,0.0,0.0,0.0,0.0
299,04:59,PTR6,15,0,0,100.0,0.0,0.0,0.0,0.0,0.0,0.0,0.0,0.0,0.0,0.0,0.0,0.0,0.0,0.0,0.0
299,04:59,PTR7,15,0,0,100.0,0.0,0.0,0.0,0.0,0.0,0.0,0.0,0.0,0.0,0.0,0.0,0.0,0.0,0.0,0.0
299,04:59,PTR8,16,0,0,100.0,0.0,0.0,0.0,0.0,0.0,0.0,0.0,0.0,0.0,0.0,0.0,0.0,0.0,0.0,0.0
299,04:59,PTR9,15,0,0,100.0,0.0,0.0,0.0,0.0,0.0,0.0,0.0,0.0,0.0,0.0,0.0,0.0,0.0,0.0,0.0
299,04:59,PTR10,16,0,0,100.0,0.0,0.0,0.0,0.0,0.0,0.0,0.0,0.0,0.0,0.0,0.0,0.0,0.0,0.0,0.0
300,05:00,PTR6,15,0,0,100.0,0.0,0.0,0.0,0.0,0.0,0.0,0.0,0.0,0.0,0.0,0.0,0.0,0.0,0.0,0.0
300,05:00,PTR7,15,0,0,100.0,0.0,0.0,0.0,0.0,0.0,0.0,0.0,0.0,0.0,0.0,0.0,0.0,0.0,0.0,0.0
300,05:00,PTR8,16,0,0,100.0,0.0,0.0,0.0,0.0,0.0,0.0,0.0,0.0,0.0,0.0,0.0,0.0,0.0,0.0,0.0
300,05:00,PTR9,15,0,0,100.0,0.0,0.0,0.0,0.0,0.0,0.0,0.0,0.0,0.0,0.0,0.0,0.0,0.0,0.0,0.0
300,05:00,PTR10,16,0,0,100.0,0.0,0.0,0.0,0.0,0.0,0.0,0.0,0.0,0.0,0.0,0.0,0.0,0.0,0.0,0.0
301,05:01,PTR6,15,0,0,100.0,0.0,0.0,0.0,0.0,0.0,0.0,0.0,0.0,0.0,0.0,0.0,0.0,0.0,0.0,0.0
301,05:01,PTR7,15,0,0,100.0,0.0,0.0,0.0,0.0,0.0,0.0,0.0,0.0,0.0,0.0,0.0,0.0,0.0,0.0,0.0
301,05:01,PTR8,16,0,0,100.0,0.0,0.0,0.0,0.0,0.0,0.0,0.0,0.0,0.0,0.0,0.0,0.0,0.0,0.0,0.0
301,05:01,PTR9,15,0,0,100.0,0.0,0.0,0.0,0.0,0.0,0.0,0.0,0.0,0.0,0.0,0.0,0.0,0.0,0.0,0.0
301,05:01,PTR10,16,0,0,100.0,0.0,0.0,0.0,0.0,0.0,0.0,0.0,0.0,0.0,0.0,0.0,0.0,0.0,0.0,0.0
302,05:02,PTR6,15,0,0,100.0,0.0,0.0,0.0,0.0,0.0,0.0,0.0,0.0,0.0,0.0,0.0,0.0,0.0,0.0,0.0
302,05:02,PTR7,15,0,0,100.0,0.0,0.0,0.0,0.0,0.0,0.0,0.0,0.0,0.0,0.0,0.0,0.0,0.0,0.0,0.0
302,05:02,PTR8,16,0,0,100.0,0.0,0.0,0.0,0.0,0.0,0.0,0.0,0.0,0.0,0.0,0.0,0.0,0.0,0.0,0.0
302,05:02,PTR9,15,0,0,100.0,0.0,0.0,0.0,0.0,0.0,0.0,0.0,0.0,0.0,0.0,0.0,0.0,0.0,0.0,0.0
302,05:02,PTR10,16,0,0,100.0,0.0,0.0,0.0,0.0,0.0,0.0,0.0,0.0,0.0,0.0,0.0,0.0,0.0,0.0,0.0
303,05:03,PTR6,15,0,0,100.0,0.0,0.0,0.0,0.0,0.0,0.0,0.0,0.0,0.0,0.0,0.0,0.0,0.0,0.0,0.0
303,05:03,PTR7,15,0,0,100.0,0.0,0.0,0.0,0.0,0.0,0.0,0.0,0.0,0.0,0.0,0.0,0.0,0.0,0.0,0.0
303,05:03,PTR8,16,0,0,100.0,0.0,0.0,0.0,0.0,0.0,0.0,0.0,0.0,0.0,0.0,0.0,0.0,0.0,0.0,0.0
303,05:03,PTR9,15,0,0,100.0,0.0,0.0,0.0,0.0,0.0,0.0,0.0,0.0,0.0,0.0,0.0,0.0,0.0,0.0,0.0
303,05:03,PTR10,16,0,0,100.0,0.0,0.0,0.0,0.0,0.0,0.0,0.0,0.0,0.0,0.0,0.0,0.0,0.0,0.0,0.0
304,05:04,PTR6,15,0,0,100.0,0.0,0.0,0.0,0.0,0.0,0.0,0.0,0.0,0.0,0.0,0.0,0.0,0.0,0.0,0.0
304,05:04,PTR7,15,0,0,100.0,0.0,0.0,0.0,0.0,0.0,0.0,0.0,0.0,0.0,0.0,0.0,0.0,0.0,0.0,0.0
304,05:04,PTR8,16,0,0,100.0,0.0,0.0,0.0,0.0,0.0,0.0,0.0,0.0,0.0,0.0,0.0,0.0,0.0,0.0,0.0
304,05:04,PTR9,15,0,0,100.0,0.0,0.0,0.0,0.0,0.0,0.0,0.0,0.0,0.0,0.0,0.0,0.0,0.0,0.0,0.0
304,05:04,PTR10,16,0,0,100.0,0.0,0.0,0.0,0.0,0.0,0.0,0.0,0.0,0.0,0.0,0.0,0.0,0.0,0.0,0.0
305,05:05,PTR6,15,0,0,100.0,0.0,0.0,0.0,0.0,0.0,0.0,0.0,0.0,0.0,0.0,0.0,0.0,0.0,0.0,0.0
305,05:05,PTR7,15,0,0,100.0,0.0,0.0,0.0,0.0,0.0,0.0,0.0,0.0,0.0,0.0,0.0,0.0,0.0,0.0,0.0
305,05:05,PTR8,16,0,0,100.0,0.0,0.0,0.0,0.0,0.0,0.0,0.0,0.0,0.0,0.0,0.0,0.0,0.0,0.0,0.0
305,05:05,PTR9,15,0,0,100.0,0.0,0.0,0.0,0.0,0.0,0.0,0.0,0.0,0.0,0.0,0.0,0.0,0.0,0.0,0.0
305,05:05,PTR10,16,0,0,100.0,0.0,0.0,0.0,0.0,0.0,0.0,0.0,0.0,0.0,0.0,0.0,0.0,0.0,0.0,0.0
306,05:06,PTR6,15,0,0,100.0,0.0,0.0,0.0,0.0,0.0,0.0,0.0,0.0,0.0,0.0,0.0,0.0,0.0,0.0,0.0
306,05:06,PTR7,15,0,0,100.0,0.0,0.0,0.0,0.0,0.0,0.0,0.0,0.0,0.0,0.0,0.0,0.0,0.0,0.0,0.0
306,05:06,PTR8,16,0,0,100.0,0.0,0.0,0.0,0.0,0.0,0.0,0.0,0.0,0.0,0.0,0.0,0.0,0.0,0.0,0.0
306,05:06,PTR9,15,0,0,100.0,0.0,0.0,0.0,0.0,0.0,0.0,0.0,0.0,0.0,0.0,0.0,0.0,0.0,0.0,0.0
306,05:06,PTR10,16,0,0,100.0,0.0,0.0,0.0,0.0,0.0,0.0,0.0,0.0,0.0,0.0,0.0,0.0,0.0,0.0,0.0
307,05:07,PTR6,15,0,0,100.0,0.0,0.0,0.0,0.0,0.0,0.0,0.0,0.0,0.0,0.0,0.0,0.0,0.0,0.0,0.0
307,05:07,PTR7,15,0,0,100.0,0.0,0.0,0.0,0.0,0.0,0.0,0.0,0.0,0.0,0.0,0.0,0.0,0.0,0.0,0.0
307,05:07,PTR8,16,0,0,100.0,0.0,0.0,0.0,0.0,0.0,0.0,0.0,0.0,0.0,0.0,0.0,0.0,0.0,0.0,0.0
307,05:07,PTR9,15,0,0,100.0,0.0,0.0,0.0,0.0,0.0,0.0,0.0,0.0,0.0,0.0,0.0,0.0,0.0,0.0,0.0
307,05:07,PTR10,16,0,0,100.0,0.0,0.0,0.0,0.0,0.0,0.0,0.0,0.0,0.0,0.0,0.0,0.0,0.0,0.0,0.0
308,05:08,PTR6,15,0,0,100.0,0.0,0.0,0.0,0.0,0.0,0.0,0.0,0.0,0.0,0.0,0.0,0.0,0.0,0.0,0.0
308,05:08,PTR7,15,0,0,100.0,0.0,0.0,0.0,0.0,0.0,0.0,0.0,0.0,0.0,0.0,0.0,0.0,0.0,0.0,0.0
308,05:08,PTR8,16,0,0,100.0,0.0,0.0,0.0,0.0,0.0,0.0,0.0,0.0,0.0,0.0,0.0,0.0,0.0,0.0,0.0
308,05:08,PTR9,15,0,0,100.0,0.0,0.0,0.0,0.0,0.0,0.0,0.0,0.0,0.0,0.0,0.0,0.0,0.0,0.0,0.0
308,05:08,PTR10,16,0,0,100.0,0.0,0.0,0.0,0.0,0.0,0.0,0.0,0.0,0.0,0.0,0.0,0.0,0.0,0.0,0.0
309,05:09,PTR6,15,0,0,100.0,0.0,0.0,0.0,0.0,0.0,0.0,0.0,0.0,0.0,0.0,0.0,0.0,0.0,0.0,0.0
309,05:09,PTR7,15,0,0,100.0,0.0,0.0,0.0,0.0,0.0,0.0,0.0,0.0,0.0,0.0,0.0,0.0,0.0,0.0,0.0
309,05:09,PTR8,16,0,0,100.0,0.0,0.0,0.0,0.0,0.0,0.0,0.0,0.0,0.0,0.0,0.0,0.0,0.0,0.0,0.0
309,05:09,PTR9,15,0,0,100.0,0.0,0.0,0.0,0.0,0.0,0.0,0.0,0.0,0.0,0.0,0.0,0.0,0.0,0.0,0.0
309,05:09,PTR10,16,0,0,100.0,0.0,0.0,0.0,0.0,0.0,0.0,0.0,0.0,0.0,0.0,0.0,0.0,0.0,0.0,0.0
310,05:10,PTR6,15,0,0,100.0,0.0,0.0,0.0,0.0,0.0,0.0,0.0,0.0,0.0,0.0,0.0,0.0,0.0,0.0,0.0
310,05:10,PTR7,15,0,0,100.0,0.0,0.0,0.0,0.0,0.0,0.0,0.0,0.0,0.0,0.0,0.0,0.0,0.0,0.0,0.0
310,05:10,PTR8,16,0,0,100.0,0.0,0.0,0.0,0.0,0.0,0.0,0.0,0.0,0.0,0.0,0.0,0.0,0.0,0.0,0.0
310,05:10,PTR9,15,0,0,100.0,0.0,0.0,0.0,0.0,0.0,0.0,0.0,0.0,0.0,0.0,0.0,0.0,0.0,0.0,0.0
310,05:10,PTR10,16,0,0,100.0,0.0,0.0,0.0,0.0,0.0,0.0,0.0,0.0,0.0,0.0,0.0,0.0,0.0,0.0,0.0
311,05:11,PTR6,15,0,0,100.0,0.0,0.0,0.0,0.0,0.0,0.0,0.0,0.0,0.0,0.0,0.0,0.0,0.0,0.0,0.0
311,05:11,PTR7,15,0,0,100.0,0.0,0.0,0.0,0.0,0.0,0.0,0.0,0.0,0.0,0.0,0.0,0.0,0.0,0.0,0.0
311,05:11,PTR8,16,0,0,100.0,0.0,0.0,0.0,0.0,0.0,0.0,0.0,0.0,0.0,0.0,0.0,0.0,0.0,0.0,0.0
311,05:11,PTR9,15,0,0,100.0,0.0,0.0,0.0,0.0,0.0,0.0,0.0,0.0,0.0,0.0,0.0,0.0,0.0,0.0,0.0
311,05:11,PTR10,16,0,0,100.0,0.0,0.0,0.0,0.0,0.0,0.0,0.0,0.0,0.0,0.0,0.0,0.0,0.0,0.0,0.0
312,05:12,PTR6,15,0,0,100.0,0.0,0.0,0.0,0.0,0.0,0.0,0.0,0.0,0.0,0.0,0.0,0.0,0.0,0.0,0.0
312,05:12,PTR7,15,0,0,100.0,0.0,0.0,0.0,0.0,0.0,0.0,0.0,0.0,0.0,0.0,0.0,0.0,0.0,0.0,0.0
312,05:12,PTR8,16,0,0,100.0,0.0,0.0,0.0,0.0,0.0,0.0,0.0,0.0,0.0,0.0,0.0,0.0,0.0,0.0,0.0
312,05:12,PTR9,15,0,0,100.0,0.0,0.0,0.0,0.0,0.0,0.0,0.0,0.0,0.0,0.0,0.0,0.0,0.0,0.0,0.0
312,05:12,PTR10,16,0,0,100.0,0.0,0.0,0.0,0.0,0.0,0.0,0.0,0.0,0.0,0.0,0.0,0.0,0.0,0.0,0.0
313,05:13,PTR6,15,0,0,100.0,0.0,0.0,0.0,0.0,0.0,0.0,0.0,0.0,0.0,0.0,0.0,0.0,0.0,0.0,0.0
313,05:13,PTR7,15,0,0,100.0,0.0,0.0,0.0,0.0,0.0,0.0,0.0,0.0,0.0,0.0,0.0,0.0,0.0,0.0,0.0
313,05:13,PTR8,16,0,0,100.0,0.0,0.0,0.0,0.0,0.0,0.0,0.0,0.0,0.0,0.0,0.0,0.0,0.0,0.0,0.0
313,05:13,PTR9,15,0,0,100.0,0.0,0.0,0.0,0.0,0.0,0.0,0.0,0.0,0.0,0.0,0.0,0.0,0.0,0.0,0.0
313,05:13,PTR10,16,0,0,100.0,0.0,0.0,0.0,0.0,0.0,0.0,0.0,0.0,0.0,0.0,0.0,0.0,0.0,0.0,0.0
314,05:14,PTR6,15,0,0,100.0,0.0,0.0,0.0,0.0,0.0,0.0,0.0,0.0,0.0,0.0,0.0,0.0,0.0,0.0,0.0
314,05:14,PTR7,15,0,0,100.0,0.0,0.0,0.0,0.0,0.0,0.0,0.0,0.0,0.0,0.0,0.0,0.0,0.0,0.0,0.0
314,05:14,PTR8,16,0,0,100.0,0.0,0.0,0.0,0.0,0.0,0.0,0.0,0.0,0.0,0.0,0.0,0.0,0.0,0.0,0.0
314,05:14,PTR9,15,0,0,100.0,0.0,0.0,0.0,0.0,0.0,0.0,0.0,0.0,0.0,0.0,0.0,0.0,0.0,0.0,0.0
314,05:14,PTR10,16,0,0,100.0,0.0,0.0,0.0,0.0,0.0,0.0,0.0,0.0,0.0,0.0,0.0,0.0,0.0,0.0,0.0
315,05:15,PTR6,15,0,0,100.0,0.0,0.0,0.0,0.0,0.0,0.0,0.0,0.0,0.0,0.0,0.0,0.0,0.0,0.0,0.0
315,05:15,PTR7,15,0,0,100.0,0.0,0.0,0.0,0.0,0.0,0.0,0.0,0.0,0.0,0.0,0.0,0.0,0.0,0.0,0.0
315,05:15,PTR8,16,0,0,100.0,0.0,0.0,0.0,0.0,0.0,0.0,0.0,0.0,0.0,0.0,0.0,0.0,0.0,0.0,0.0
315,05:15,PTR9,15,0,0,100.0,0.0,0.0,0.0,0.0,0.0,0.0,0.0,0.0,0.0,0.0,0.0,0.0,0.0,0.0,0.0
315,05:15,PTR10,16,0,0,100.0,0.0,0.0,0.0,0.0,0.0,0.0,0.0,0.0,0.0,0.0,0.0,0.0,0.0,0.0,0.0
316,05:16,PTR6,15,0,0,100.0,0.0,0.0,0.0,0.0,0.0,0.0,0.0,0.0,0.0,0.0,0.0,0.0,0.0,0.0,0.0
316,05:16,PTR7,15,0,0,100.0,0.0,0.0,0.0,0.0,0.0,0.0,0.0,0.0,0.0,0.0,0.0,0.0,0.0,0.0,0.0
316,05:16,PTR8,16,0,0,100.0,0.0,0.0,0.0,0.0,0.0,0.0,0.0,0.0,0.0,0.0,0.0,0.0,0.0,0.0,0.0
316,05:16,PTR9,15,0,0,100.0,0.0,0.0,0.0,0.0,0.0,0.0,0.0,0.0,0.0,0.0,0.0,0.0,0.0,0.0,0.0
316,05:16,PTR10,16,0,0,100.0,0.0,0.0,0.0,0.0,0.0,0.0,0.0,0.0,0.0,0.0,0.0,0.0,0.0,0.0,0.0
317,05:17,PTR6,15,0,0,100.0,0.0,0.0,0.0,0.0,0.0,0.0,0.0,0.0,0.0,0.0,0.0,0.0,0.0,0.0,0.0
317,05:17,PTR7,15,0,0,100.0,0.0,0.0,0.0,0.0,0.0,0.0,0.0,0.0,0.0,0.0,0.0,0.0,0.0,0.0,0.0
317,05:17,PTR8,16,0,0,100.0,0.0,0.0,0.0,0.0,0.0,0.0,0.0,0.0,0.0,0.0,0.0,0.0,0.0,0.0,0.0
317,05:17,PTR9,15,0,0,100.0,0.0,0.0,0.0,0.0,0.0,0.0,0.0,0.0,0.0,0.0,0.0,0.0,0.0,0.0,0.0
317,05:17,PTR10,16,0,0,100.0,0.0,0.0,0.0,0.0,0.0,0.0,0.0,0.0,0.0,0.0,0.0,0.0,0.0,0.0,0.0
318,05:18,PTR6,15,0,0,100.0,0.0,0.0,0.0,0.0,0.0,0.0,0.0,0.0,0.0,0.0,0.0,0.0,0.0,0.0,0.0
318,05:18,PTR7,15,0,0,100.0,0.0,0.0,0.0,0.0,0.0,0.0,0.0,0.0,0.0,0.0,0.0,0.0,0.0,0.0,0.0
318,05:18,PTR8,16,0,0,100.0,0.0,0.0,0.0,0.0,0.0,0.0,0.0,0.0,0.0,0.0,0.0,0.0,0.0,0.0,0.0
318,05:18,PTR9,15,0,0,100.0,0.0,0.0,0.0,0.0,0.0,0.0,0.0,0.0,0.0,0.0,0.0,0.0,0.0,0.0,0.0
318,05:18,PTR10,16,0,0,100.0,0.0,0.0,0.0,0.0,0.0,0.0,0.0,0.0,0.0,0.0,0.0,0.0,0.0,0.0,0.0
319,05:19,PTR6,15,0,0,100.0,0.0,0.0,0.0,0.0,0.0,0.0,0.0,0.0,0.0,0.0,0.0,0.0,0.0,0.0,0.0
319,05:19,PTR7,15,0,0,100.0,0.0,0.0,0.0,0.0,0.0,0.0,0.0,0.0,0.0,0.0,0.0,0.0,0.0,0.0,0.0
319,05:19,PTR8,16,0,0,100.0,0.0,0.0,0.0,0.0,0.0,0.0,0.0,0.0,0.0,0.0,0.0,0.0,0.0,0.0,0.0
319,05:19,PTR9,15,0,0,100.0,0.0,0.0,0.0,0.0,0.0,0.0,0.0,0.0,0.0,0.0,0.0,0.0,0.0,0.0,0.0
319,05:19,PTR10,16,0,0,100.0,0.0,0.0,0.0,0.0,0.0,0.0,0.0,0.0,0.0,0.0,0.0,0.0,0.0,0.0,0.0
320,05:20,PTR6,15,0,0,100.0,0.0,0.0,0.0,0.0,0.0,0.0,0.0,0.0,0.0,0.0,0.0,0.0,0.0,0.0,0.0
320,05:20,PTR7,15,0,0,100.0,0.0,0.0,0.0,0.0,0.0,0.0,0.0,0.0,0.0,0.0,0.0,0.0,0.0,0.0,0.0
320,05:20,PTR8,16,0,0,100.0,0.0,0.0,0.0,0.0,0.0,0.0,0.0,0.0,0.0,0.0,0.0,0.0,0.0,0.0,0.0
320,05:20,PTR9,15,0,0,100.0,0.0,0.0,0.0,0.0,0.0,0.0,0.0,0.0,0.0,0.0,0.0,0.0,0.0,0.0,0.0
320,05:20,PTR10,16,0,0,100.0,0.0,0.0,0.0,0.0,0.0,0.0,0.0,0.0,0.0,0.0,0.0,0.0,0.0,0.0,0.0
321,05:21,PTR6,15,0,0,100.0,0.0,0.0,0.0,0.0,0.0,0.0,0.0,0.0,0.0,0.0,0.0,0.0,0.0,0.0,0.0
321,05:21,PTR7,15,0,0,100.0,0.0,0.0,0.0,0.0,0.0,0.0,0.0,0.0,0.0,0.0,0.0,0.0,0.0,0.0,0.0
321,05:21,PTR8,16,0,0,100.0,0.0,0.0,0.0,0.0,0.0,0.0,0.0,0.0,0.0,0.0,0.0,0.0,0.0,0.0,0.0
321,05:21,PTR9,15,0,0,100.0,0.0,0.0,0.0,0.0,0.0,0.0,0.0,0.0,0.0,0.0,0.0,0.0,0.0,0.0,0.0
321,05:21,PTR10,16,0,0,100.0,0.0,0.0,0.0,0.0,0.0,0.0,0.0,0.0,0.0,0.0,0.0,0.0,0.0,0.0,0.0
322,05:22,PTR6,15,0,0,100.0,0.0,0.0,0.0,0.0,0.0,0.0,0.0,0.0,0.0,0.0,0.0,0.0,0.0,0.0,0.0
322,05:22,PTR7,15,0,0,100.0,0.0,0.0,0.0,0.0,0.0,0.0,0.0,0.0,0.0,0.0,0.0,0.0,0.0,0.0,0.0
322,05:22,PTR8,16,0,0,100.0,0.0,0.0,0.0,0.0,0.0,0.0,0.0,0.0,0.0,0.0,0.0,0.0,0.0,0.0,0.0
322,05:22,PTR9,15,0,0,100.0,0.0,0.0,0.0,0.0,0.0,0.0,0.0,0.0,0.0,0.0,0.0,0.0,0.0,0.0,0.0
322,05:22,PTR10,16,0,0,100.0,0.0,0.0,0.0,0.0,0.0,0.0,0.0,0.0,0.0,0.0,0.0,0.0,0.0,0.0,0.0
323,05:23,PTR6,15,0,0,100.0,0.0,0.0,0.0,0.0,0.0,0.0,0.0,0.0,0.0,0.0,0.0,0.0,0.0,0.0,0.0
323,05:23,PTR7,15,0,0,100.0,0.0,0.0,0.0,0.0,0.0,0.0,0.0,0.0,0.0,0.0,0.0,0.0,0.0,0.0,0.0
323,05:23,PTR8,16,0,0,100.0,0.0,0.0,0.0,0.0,0.0,0.0,0.0,0.0,0.0,0.0,0.0,0.0,0.0,0.0,0.0
323,05:23,PTR9,15,0,0,100.0,0.0,0.0,0.0,0.0,0.0,0.0,0.0,0.0,0.0,0.0,0.0,0.0,0.0,0.0,0.0
323,05:23,PTR10,16,0,0,100.0,0.0,0.0,0.0,0.0,0.0,0.0,0.0,0.0,0.0,0.0,0.0,0.0,0.0,0.0,0.0
324,05:24,PTR6,15,0,0,100.0,0.0,0.0,0.0,0.0,0.0,0.0,0.0,0.0,0.0,0.0,0.0,0.0,0.0,0.0,0.0
324,05:24,PTR7,15,0,0,100.0,0.0,0.0,0.0,0.0,0.0,0.0,0.0,0.0,0.0,0.0,0.0,0.0,0.0,0.0,0.0
324,05:24,PTR8,16,0,0,100.0,0.0,0.0,0.0,0.0,0.0,0.0,0.0,0.0,0.0,0.0,0.0,0.0,0.0,0.0,0.0
324,05:24,PTR9,15,0,0,100.0,0.0,0.0,0.0,0.0,0.0,0.0,0.0,0.0,0.0,0.0,0.0,0.0,0.0,0.0,0.0
324,05:24,PTR10,16,0,0,100.0,0.0,0.0,0.0,0.0,0.0,0.0,0.0,0.0,0.0,0.0,0.0,0.0,0.0,0.0,0.0
325,05:25,PTR6,15,0,0,100.0,0.0,0.0,0.0,0.0,0.0,0.0,0.0,0.0,0.0,0.0,0.0,0.0,0.0,0.0,0.0
325,05:25,PTR7,15,0,0,100.0,0.0,0.0,0.0,0.0,0.0,0.0,0.0,0.0,0.0,0.0,0.0,0.0,0.0,0.0,0.0
325,05:25,PTR8,16,0,0,100.0,0.0,0.0,0.0,0.0,0.0,0.0,0.0,0.0,0.0,0.0,0.0,0.0,0.0,0.0,0.0
325,05:25,PTR9,15,0,0,100.0,0.0,0.0,0.0,0.0,0.0,0.0,0.0,0.0,0.0,0.0,0.0,0.0,0.0,0.0,0.0
325,05:25,PTR10,16,0,0,100.0,0.0,0.0,0.0,0.0,0.0,0.0,0.0,0.0,0.0,0.0,0.0,0.0,0.0,0.0,0.0
326,05:26,PTR6,15,0,0,100.0,0.0,0.0,0.0,0.0,0.0,0.0,0.0,0.0,0.0,0.0,0.0,0.0,0.0,0.0,0.0
326,05:26,PTR7,15,0,0,100.0,0.0,0.0,0.0,0.0,0.0,0.0,0.0,0.0,0.0,0.0,0.0,0.0,0.0,0.0,0.0
326,05:26,PTR8,16,0,0,100.0,0.0,0.0,0.0,0.0,0.0,0.0,0.0,0.0,0.0,0.0,0.0,0.0,0.0,0.0,0.0
326,05:26,PTR9,15,0,0,100.0,0.0,0.0,0.0,0.0,0.0,0.0,0.0,0.0,0.0,0.0,0.0,0.0,0.0,0.0,0.0
326,05:26,PTR10,16,0,0,100.0,0.0,0.0,0.0,0.0,0.0,0.0,0.0,0.0,0.0,0.0,0.0,0.0,0.0,0.0,0.0
327,05:27,PTR6,15,0,0,100.0,0.0,0.0,0.0,0.0,0.0,0.0,0.0,0.0,0.0,0.0,0.0,0.0,0.0,0.0,0.0
327,05:27,PTR7,15,0,0,100.0,0.0,0.0,0.0,0.0,0.0,0.0,0.0,0.0,0.0,0.0,0.0,0.0,0.0,0.0,0.0
327,05:27,PTR8,16,0,0,100.0,0.0,0.0,0.0,0.0,0.0,0.0,0.0,0.0,0.0,0.0,0.0,0.0,0.0,0.0,0.0
327,05:27,PTR9,15,0,0,100.0,0.0,0.0,0.0,0.0,0.0,0.0,0.0,0.0,0.0,0.0,0.0,0.0,0.0,0.0,0.0
327,05:27,PTR10,16,0,0,100.0,0.0,0.0,0.0,0.0,0.0,0.0,0.0,0.0,0.0,0.0,0.0,0.0,0.0,0.0,0.0
328,05:28,PTR6,15,0,0,100.0,0.0,0.0,0.0,0.0,0.0,0.0,0.0,0.0,0.0,0.0,0.0,0.0,0.0,0.0,0.0
328,05:28,PTR7,15,0,0,100.0,0.0,0.0,0.0,0.0,0.0,0.0,0.0,0.0,0.0,0.0,0.0,0.0,0.0,0.0,0.0
328,05:28,PTR8,16,0,0,100.0,0.0,0.0,0.0,0.0,0.0,0.0,0.0,0.0,0.0,0.0,0.0,0.0,0.0,0.0,0.0
328,05:28,PTR9,15,0,0,100.0,0.0,0.0,0.0,0.0,0.0,0.0,0.0,0.0,0.0,0.0,0.0,0.0,0.0,0.0,0.0
328,05:28,PTR10,16,0,0,100.0,0.0,0.0,0.0,0.0,0.0,0.0,0.0,0.0,0.0,0.0,0.0,0.0,0.0,0.0,0.0
329,05:29,PTR6,15,0,0,100.0,0.0,0.0,0.0,0.0,0.0,0.0,0.0,0.0,0.0,0.0,0.0,0.0,0.0,0.0,0.0
329,05:29,PTR7,15,0,0,100.0,0.0,0.0,0.0,0.0,0.0,0.0,0.0,0.0,0.0,0.0,0.0,0.0,0.0,0.0,0.0
329,05:29,PTR8,16,0,0,100.0,0.0,0.0,0.0,0.0,0.0,0.0,0.0,0.0,0.0,0.0,0.0,0.0,0.0,0.0,0.0
329,05:29,PTR9,15,0,0,100.0,0.0,0.0,0.0,0.0,0.0,0.0,0.0,0.0,0.0,0.0,0.0,0.0,0.0,0.0,0.0
329,05:29,PTR10,16,0,0,100.0,0.0,0.0,0.0,0.0,0.0,0.0,0.0,0.0,0.0,0.0,0.0,0.0,0.0,0.0,0.0
330,05:30,PTR6,15,0,0,100.0,0.0,0.0,0.0,0.0,0.0,0.0,0.0,0.0,0.0,0.0,0.0,0.0,0.0,0.0,0.0
330,05:30,PTR7,15,0,0,100.0,0.0,0.0,0.0,0.0,0.0,0.0,0.0,0.0,0.0,0.0,0.0,0.0,0.0,0.0,0.0
330,05:30,PTR8,16,0,0,100.0,0.0,0.0,0.0,0.0,0.0,0.0,0.0,0.0,0.0,0.0,0.0,0.0,0.0,0.0,0.0
330,05:30,PTR9,15,0,0,100.0,0.0,0.0,0.0,0.0,0.0,0.0,0.0,0.0,0.0,0.0,0.0,0.0,0.0,0.0,0.0
330,05:30,PTR10,16,0,0,100.0,0.0,0.0,0.0,0.0,0.0,0.0,0.0,0.0,0.0,0.0,0.0,0.0,0.0,0.0,0.0
331,05:31,PTR6,15,0,0,100.0,0.0,0.0,0.0,0.0,0.0,0.0,0.0,0.0,0.0,0.0,0.0,0.0,0.0,0.0,0.0
331,05:31,PTR7,15,0,0,100.0,0.0,0.0,0.0,0.0,0.0,0.0,0.0,0.0,0.0,0.0,0.0,0.0,0.0,0.0,0.0
331,05:31,PTR8,16,0,0,100.0,0.0,0.0,0.0,0.0,0.0,0.0,0.0,0.0,0.0,0.0,0.0,0.0,0.0,0.0,0.0
331,05:31,PTR9,15,0,0,100.0,0.0,0.0,0.0,0.0,0.0,0.0,0.0,0.0,0.0,0.0,0.0,0.0,0.0,0.0,0.0
331,05:31,PTR10,16,0,0,100.0,0.0,0.0,0.0,0.0,0.0,0.0,0.0,0.0,0.0,0.0,0.0,0.0,0.0,0.0,0.0
332,05:32,PTR6,15,0,0,100.0,0.0,0.0,0.0,0.0,0.0,0.0,0.0,0.0,0.0,0.0,0.0,0.0,0.0,0.0,0.0
332,05:32,PTR7,15,0,0,100.0,0.0,0.0,0.0,0.0,0.0,0.0,0.0,0.0,0.0,0.0,0.0,0.0,0.0,0.0,0.0
332,05:32,PTR8,16,0,0,100.0,0.0,0.0,0.0,0.0,0.0,0.0,0.0,0.0,0.0,0.0,0.0,0.0,0.0,0.0,0.0
332,05:32,PTR9,15,0,0,100.0,0.0,0.0,0.0,0.0,0.0,0.0,0.0,0.0,0.0,0.0,0.0,0.0,0.0,0.0,0.0
332,05:32,PTR10,16,0,0,100.0,0.0,0.0,0.0,0.0,0.0,0.0,0.0,0.0,0.0,0.0,0.0,0.0,0.0,0.0,0.0
333,05:33,PTR6,15,0,0,100.0,0.0,0.0,0.0,0.0,0.0,0.0,0.0,0.0,0.0,0.0,0.0,0.0,0.0,0.0,0.0
333,05:33,PTR7,15,0,0,100.0,0.0,0.0,0.0,0.0,0.0,0.0,0.0,0.0,0.0,0.0,0.0,0.0,0.0,0.0,0.0
333,05:33,PTR8,16,0,0,100.0,0.0,0.0,0.0,0.0,0.0,0.0,0.0,0.0,0.0,0.0,0.0,0.0,0.0,0.0,0.0
333,05:33,PTR9,15,0,0,100.0,0.0,0.0,0.0,0.0,0.0,0.0,0.0,0.0,0.0,0.0,0.0,0.0,0.0,0.0,0.0
333,05:33,PTR10,16,0,0,100.0,0.0,0.0,0.0,0.0,0.0,0.0,0.0,0.0,0.0,0.0,0.0,0.0,0.0,0.0,0.0
334,05:34,PTR6,15,0,0,100.0,0.0,0.0,0.0,0.0,0.0,0.0,0.0,0.0,0.0,0.0,0.0,0.0,0.0,0.0,0.0
334,05:34,PTR7,15,0,0,100.0,0.0,0.0,0.0,0.0,0.0,0.0,0.0,0.0,0.0,0.0,0.0,0.0,0.0,0.0,0.0
334,05:34,PTR8,16,0,0,100.0,0.0,0.0,0.0,0.0,0.0,0.0,0.0,0.0,0.0,0.0,0.0,0.0,0.0,0.0,0.0
334,05:34,PTR9,15,0,0,100.0,0.0,0.0,0.0,0.0,0.0,0.0,0.0,0.0,0.0,0.0,0.0,0.0,0.0,0.0,0.0
334,05:34,PTR10,16,0,0,100.0,0.0,0.0,0.0,0.0,0.0,0.0,0.0,0.0,0.0,0.0,0.0,0.0,0.0,0.0,0.0
335,05:35,PTR6,15,0,0,100.0,0.0,0.0,0.0,0.0,0.0,0.0,0.0,0.0,0.0,0.0,0.0,0.0,0.0,0.0,0.0
335,05:35,PTR7,15,0,0,100.0,0.0,0.0,0.0,0.0,0.0,0.0,0.0,0.0,0.0,0.0,0.0,0.0,0.0,0.0,0.0
335,05:35,PTR8,16,0,0,100.0,0.0,0.0,0.0,0.0,0.0,0.0,0.0,0.0,0.0,0.0,0.0,0.0,0.0,0.0,0.0
335,05:35,PTR9,15,0,0,100.0,0.0,0.0,0.0,0.0,0.0,0.0,0.0,0.0,0.0,0.0,0.0,0.0,0.0,0.0,0.0
335,05:35,PTR10,16,0,0,100.0,0.0,0.0,0.0,0.0,0.0,0.0,0.0,0.0,0.0,0.0,0.0,0.0,0.0,0.0,0.0
336,05:36,PTR6,15,0,0,100.0,0.0,0.0,0.0,0.0,0.0,0.0,0.0,0.0,0.0,0.0,0.0,0.0,0.0,0.0,0.0
336,05:36,PTR7,15,0,0,100.0,0.0,0.0,0.0,0.0,0.0,0.0,0.0,0.0,0.0,0.0,0.0,0.0,0.0,0.0,0.0
336,05:36,PTR8,16,0,0,100.0,0.0,0.0,0.0,0.0,0.0,0.0,0.0,0.0,0.0,0.0,0.0,0.0,0.0,0.0,0.0
336,05:36,PTR9,15,0,0,100.0,0.0,0.0,0.0,0.0,0.0,0.0,0.0,0.0,0.0,0.0,0.0,0.0,0.0,0.0,0.0
336,05:36,PTR10,16,0,0,100.0,0.0,0.0,0.0,0.0,0.0,0.0,0.0,0.0,0.0,0.0,0.0,0.0,0.0,0.0,0.0
337,05:37,PTR6,15,0,0,100.0,0.0,0.0,0.0,0.0,0.0,0.0,0.0,0.0,0.0,0.0,0.0,0.0,0.0,0.0,0.0
337,05:37,PTR7,15,0,0,100.0,0.0,0.0,0.0,0.0,0.0,0.0,0.0,0.0,0.0,0.0,0.0,0.0,0.0,0.0,0.0
337,05:37,PTR8,16,0,0,100.0,0.0,0.0,0.0,0.0,0.0,0.0,0.0,0.0,0.0,0.0,0.0,0.0,0.0,0.0,0.0
337,05:37,PTR9,15,0,0,100.0,0.0,0.0,0.0,0.0,0.0,0.0,0.0,0.0,0.0,0.0,0.0,0.0,0.0,0.0,0.0
337,05:37,PTR10,16,0,0,100.0,0.0,0.0,0.0,0.0,0.0,0.0,0.0,0.0,0.0,0.0,0.0,0.0,0.0,0.0,0.0
338,05:38,PTR6,15,0,0,100.0,0.0,0.0,0.0,0.0,0.0,0.0,0.0,0.0,0.0,0.0,0.0,0.0,0.0,0.0,0.0
338,05:38,PTR7,15,0,0,100.0,0.0,0.0,0.0,0.0,0.0,0.0,0.0,0.0,0.0,0.0,0.0,0.0,0.0,0.0,0.0
338,05:38,PTR8,16,0,0,100.0,0.0,0.0,0.0,0.0,0.0,0.0,0.0,0.0,0.0,0.0,0.0,0.0,0.0,0.0,0.0
338,05:38,PTR9,15,0,0,100.0,0.0,0.0,0.0,0.0,0.0,0.0,0.0,0.0,0.0,0.0,0.0,0.0,0.0,0.0,0.0
338,05:38,PTR10,16,0,0,100.0,0.0,0.0,0.0,0.0,0.0,0.0,0.0,0.0,0.0,0.0,0.0,0.0,0.0,0.0,0.0
339,05:39,PTR6,15,0,0,100.0,0.0,0.0,0.0,0.0,0.0,0.0,0.0,0.0,0.0,0.0,0.0,0.0,0.0,0.0,0.0
339,05:39,PTR7,15,0,0,100.0,0.0,0.0,0.0,0.0,0.0,0.0,0.0,0.0,0.0,0.0,0.0,0.0,0.0,0.0,0.0
339,05:39,PTR8,16,0,0,100.0,0.0,0.0,0.0,0.0,0.0,0.0,0.0,0.0,0.0,0.0,0.0,0.0,0.0,0.0,0.0
339,05:39,PTR9,15,0,0,100.0,0.0,0.0,0.0,0.0,0.0,0.0,0.0,0.0,0.0,0.0,0.0,0.0,0.0,0.0,0.0
339,05:39,PTR10,16,0,0,100.0,0.0,0.0,0.0,0.0,0.0,0.0,0.0,0.0,0.0,0.0,0.0,0.0,0.0,0.0,0.0
340,05:40,PTR6,15,0,0,100.0,0.0,0.0,0.0,0.0,0.0,0.0,0.0,0.0,0.0,0.0,0.0,0.0,0.0,0.0,0.0
340,05:40,PTR7,15,0,0,100.0,0.0,0.0,0.0,0.0,0.0,0.0,0.0,0.0,0.0,0.0,0.0,0.0,0.0,0.0,0.0
340,05:40,PTR8,16,0,0,100.0,0.0,0.0,0.0,0.0,0.0,0.0,0.0,0.0,0.0,0.0,0.0,0.0,0.0,0.0,0.0
340,05:40,PTR9,15,0,0,100.0,0.0,0.0,0.0,0.0,0.0,0.0,0.0,0.0,0.0,0.0,0.0,0.0,0.0,0.0,0.0
340,05:40,PTR10,16,0,0,100.0,0.0,0.0,0.0,0.0,0.0,0.0,0.0,0.0,0.0,0.0,0.0,0.0,0.0,0.0,0.0
341,05:41,PTR6,15,0,0,100.0,0.0,0.0,0.0,0.0,0.0,0.0,0.0,0.0,0.0,0.0,0.0,0.0,0.0,0.0,0.0
341,05:41,PTR7,15,0,0,100.0,0.0,0.0,0.0,0.0,0.0,0.0,0.0,0.0,0.0,0.0,0.0,0.0,0.0,0.0,0.0
341,05:41,PTR8,16,0,0,100.0,0.0,0.0,0.0,0.0,0.0,0.0,0.0,0.0,0.0,0.0,0.0,0.0,0.0,0.0,0.0
341,05:41,PTR9,15,0,0,100.0,0.0,0.0,0.0,0.0,0.0,0.0,0.0,0.0,0.0,0.0,0.0,0.0,0.0,0.0,0.0
341,05:41,PTR10,16,0,0,100.0,0.0,0.0,0.0,0.0,0.0,0.0,0.0,0.0,0.0,0.0,0.0,0.0,0.0,0.0,0.0
342,05:42,PTR6,15,0,0,100.0,0.0,0.0,0.0,0.0,0.0,0.0,0.0,0.0,0.0,0.0,0.0,0.0,0.0,0.0,0.0
342,05:42,PTR7,15,0,0,100.0,0.0,0.0,0.0,0.0,0.0,0.0,0.0,0.0,0.0,0.0,0.0,0.0,0.0,0.0,0.0
342,05:42,PTR8,16,0,0,100.0,0.0,0.0,0.0,0.0,0.0,0.0,0.0,0.0,0.0,0.0,0.0,0.0,0.0,0.0,0.0
342,05:42,PTR9,15,0,0,100.0,0.0,0.0,0.0,0.0,0.0,0.0,0.0,0.0,0.0,0.0,0.0,0.0,0.0,0.0,0.0
342,05:42,PTR10,16,0,0,100.0,0.0,0.0,0.0,0.0,0.0,0.0,0.0,0.0,0.0,0.0,0.0,0.0,0.0,0.0,0.0
343,05:43,PTR6,15,0,0,100.0,0.0,0.0,0.0,0.0,0.0,0.0,0.0,0.0,0.0,0.0,0.0,0.0,0.0,0.0,0.0
343,05:43,PTR7,15,0,0,100.0,0.0,0.0,0.0,0.0,0.0,0.0,0.0,0.0,0.0,0.0,0.0,0.0,0.0,0.0,0.0
343,05:43,PTR8,16,0,0,100.0,0.0,0.0,0.0,0.0,0.0,0.0,0.0,0.0,0.0,0.0,0.0,0.0,0.0,0.0,0.0
343,05:43,PTR9,15,0,0,100.0,0.0,0.0,0.0,0.0,0.0,0.0,0.0,0.0,0.0,0.0,0.0,0.0,0.0,0.0,0.0
343,05:43,PTR10,16,0,0,100.0,0.0,0.0,0.0,0.0,0.0,0.0,0.0,0.0,0.0,0.0,0.0,0.0,0.0,0.0,0.0
344,05:44,PTR6,15,0,0,100.0,0.0,0.0,0.0,0.0,0.0,0.0,0.0,0.0,0.0,0.0,0.0,0.0,0.0,0.0,0.0
344,05:44,PTR7,15,0,0,100.0,0.0,0.0,0.0,0.0,0.0,0.0,0.0,0.0,0.0,0.0,0.0,0.0,0.0,0.0,0.0
344,05:44,PTR8,16,0,0,100.0,0.0,0.0,0.0,0.0,0.0,0.0,0.0,0.0,0.0,0.0,0.0,0.0,0.0,0.0,0.0
344,05:44,PTR9,15,0,0,100.0,0.0,0.0,0.0,0.0,0.0,0.0,0.0,0.0,0.0,0.0,0.0,0.0,0.0,0.0,0.0
344,05:44,PTR10,16,0,0,100.0,0.0,0.0,0.0,0.0,0.0,0.0,0.0,0.0,0.0,0.0,0.0,0.0,0.0,0.0,0.0
345,05:45,PTR6,15,0,0,100.0,0.0,0.0,0.0,0.0,0.0,0.0,0.0,0.0,0.0,0.0,0.0,0.0,0.0,0.0,0.0
345,05:45,PTR7,15,0,0,100.0,0.0,0.0,0.0,0.0,0.0,0.0,0.0,0.0,0.0,0.0,0.0,0.0,0.0,0.0,0.0
345,05:45,PTR8,16,0,0,100.0,0.0,0.0,0.0,0.0,0.0,0.0,0.0,0.0,0.0,0.0,0.0,0.0,0.0,0.0,0.0
345,05:45,PTR9,15,0,0,100.0,0.0,0.0,0.0,0.0,0.0,0.0,0.0,0.0,0.0,0.0,0.0,0.0,0.0,0.0,0.0
345,05:45,PTR10,16,0,0,100.0,0.0,0.0,0.0,0.0,0.0,0.0,0.0,0.0,0.0,0.0,0.0,0.0,0.0,0.0,0.0
346,05:46,PTR6,15,0,0,100.0,0.0,0.0,0.0,0.0,0.0,0.0,0.0,0.0,0.0,0.0,0.0,0.0,0.0,0.0,0.0
346,05:46,PTR7,15,0,0,100.0,0.0,0.0,0.0,0.0,0.0,0.0,0.0,0.0,0.0,0.0,0.0,0.0,0.0,0.0,0.0
346,05:46,PTR8,16,0,0,100.0,0.0,0.0,0.0,0.0,0.0,0.0,0.0,0.0,0.0,0.0,0.0,0.0,0.0,0.0,0.0
346,05:46,PTR9,15,0,0,100.0,0.0,0.0,0.0,0.0,0.0,0.0,0.0,0.0,0.0,0.0,0.0,0.0,0.0,0.0,0.0
346,05:46,PTR10,16,0,0,100.0,0.0,0.0,0.0,0.0,0.0,0.0,0.0,0.0,0.0,0.0,0.0,0.0,0.0,0.0,0.0
347,05:47,PTR6,15,0,0,100.0,0.0,0.0,0.0,0.0,0.0,0.0,0.0,0.0,0.0,0.0,0.0,0.0,0.0,0.0,0.0
347,05:47,PTR7,15,0,0,100.0,0.0,0.0,0.0,0.0,0.0,0.0,0.0,0.0,0.0,0.0,0.0,0.0,0.0,0.0,0.0
347,05:47,PTR8,16,0,0,100.0,0.0,0.0,0.0,0.0,0.0,0.0,0.0,0.0,0.0,0.0,0.0,0.0,0.0,0.0,0.0
347,05:47,PTR9,15,0,0,100.0,0.0,0.0,0.0,0.0,0.0,0.0,0.0,0.0,0.0,0.0,0.0,0.0,0.0,0.0,0.0
347,05:47,PTR10,16,0,0,100.0,0.0,0.0,0.0,0.0,0.0,0.0,0.0,0.0,0.0,0.0,0.0,0.0,0.0,0.0,0.0
348,05:48,PTR6,15,0,0,100.0,0.0,0.0,0.0,0.0,0.0,0.0,0.0,0.0,0.0,0.0,0.0,0.0,0.0,0.0,0.0
348,05:48,PTR7,15,0,0,100.0,0.0,0.0,0.0,0.0,0.0,0.0,0.0,0.0,0.0,0.0,0.0,0.0,0.0,0.0,0.0
348,05:48,PTR8,16,0,0,100.0,0.0,0.0,0.0,0.0,0.0,0.0,0.0,0.0,0.0,0.0,0.0,0.0,0.0,0.0,0.0
348,05:48,PTR9,15,0,0,100.0,0.0,0.0,0.0,0.0,0.0,0.0,0.0,0.0,0.0,0.0,0.0,0.0,0.0,0.0,0.0
348,05:48,PTR10,16,0,0,100.0,0.0,0.0,0.0,0.0,0.0,0.0,0.0,0.0,0.0,0.0,0.0,0.0,0.0,0.0,0.0
349,05:49,PTR6,15,0,0,100.0,0.0,0.0,0.0,0.0,0.0,0.0,0.0,0.0,0.0,0.0,0.0,0.0,0.0,0.0,0.0
349,05:49,PTR7,15,0,0,100.0,0.0,0.0,0.0,0.0,0.0,0.0,0.0,0.0,0.0,0.0,0.0,0.0,0.0,0.0,0.0
349,05:49,PTR8,16,0,0,100.0,0.0,0.0,0.0,0.0,0.0,0.0,0.0,0.0,0.0,0.0,0.0,0.0,0.0,0.0,0.0
349,05:49,PTR9,15,0,0,100.0,0.0,0.0,0.0,0.0,0.0,0.0,0.0,0.0,0.0,0.0,0.0,0.0,0.0,0.0,0.0
349,05:49,PTR10,16,0,0,100.0,0.0,0.0,0.0,0.0,0.0,0.0,0.0,0.0,0.0,0.0,0.0,0.0,0.0,0.0,0.0
350,05:50,PTR6,15,0,0,100.0,0.0,0.0,0.0,0.0,0.0,0.0,0.0,0.0,0.0,0.0,0.0,0.0,0.0,0.0,0.0
350,05:50,PTR7,15,0,0,100.0,0.0,0.0,0.0,0.0,0.0,0.0,0.0,0.0,0.0,0.0,0.0,0.0,0.0,0.0,0.0
350,05:50,PTR8,16,0,0,100.0,0.0,0.0,0.0,0.0,0.0,0.0,0.0,0.0,0.0,0.0,0.0,0.0,0.0,0.0,0.0
350,05:50,PTR9,15,0,0,100.0,0.0,0.0,0.0,0.0,0.0,0.0,0.0,0.0,0.0,0.0,0.0,0.0,0.0,0.0,0.0
350,05:50,PTR10,16,0,0,100.0,0.0,0.0,0.0,0.0,0.0,0.0,0.0,0.0,0.0,0.0,0.0,0.0,0.0,0.0,0.0
351,05:51,PTR6,15,0,0,100.0,0.0,0.0,0.0,0.0,0.0,0.0,0.0,0.0,0.0,0.0,0.0,0.0,0.0,0.0,0.0
351,05:51,PTR7,15,0,0,100.0,0.0,0.0,0.0,0.0,0.0,0.0,0.0,0.0,0.0,0.0,0.0,0.0,0.0,0.0,0.0
351,05:51,PTR8,16,0,0,100.0,0.0,0.0,0.0,0.0,0.0,0.0,0.0,0.0,0.0,0.0,0.0,0.0,0.0,0.0,0.0
351,05:51,PTR9,15,0,0,100.0,0.0,0.0,0.0,0.0,0.0,0.0,0.0,0.0,0.0,0.0,0.0,0.0,0.0,0.0,0.0
351,05:51,PTR10,16,0,0,100.0,0.0,0.0,0.0,0.0,0.0,0.0,0.0,0.0,0.0,0.0,0.0,0.0,0.0,0.0,0.0
352,05:52,PTR6,15,0,0,100.0,0.0,0.0,0.0,0.0,0.0,0.0,0.0,0.0,0.0,0.0,0.0,0.0,0.0,0.0,0.0
352,05:52,PTR7,15,0,0,100.0,0.0,0.0,0.0,0.0,0.0,0.0,0.0,0.0,0.0,0.0,0.0,0.0,0.0,0.0,0.0
352,05:52,PTR8,16,0,0,100.0,0.0,0.0,0.0,0.0,0.0,0.0,0.0,0.0,0.0,0.0,0.0,0.0,0.0,0.0,0.0
352,05:52,PTR9,15,0,0,100.0,0.0,0.0,0.0,0.0,0.0,0.0,0.0,0.0,0.0,0.0,0.0,0.0,0.0,0.0,0.0
352,05:52,PTR10,16,0,0,100.0,0.0,0.0,0.0,0.0,0.0,0.0,0.0,0.0,0.0,0.0,0.0,0.0,0.0,0.0,0.0
353,05:53,PTR6,15,0,0,100.0,0.0,0.0,0.0,0.0,0.0,0.0,0.0,0.0,0.0,0.0,0.0,0.0,0.0,0.0,0.0
353,05:53,PTR7,15,0,0,100.0,0.0,0.0,0.0,0.0,0.0,0.0,0.0,0.0,0.0,0.0,0.0,0.0,0.0,0.0,0.0
353,05:53,PTR8,16,0,0,100.0,0.0,0.0,0.0,0.0,0.0,0.0,0.0,0.0,0.0,0.0,0.0,0.0,0.0,0.0,0.0
353,05:53,PTR9,15,0,0,100.0,0.0,0.0,0.0,0.0,0.0,0.0,0.0,0.0,0.0,0.0,0.0,0.0,0.0,0.0,0.0
353,05:53,PTR10,16,0,0,100.0,0.0,0.0,0.0,0.0,0.0,0.0,0.0,0.0,0.0,0.0,0.0,0.0,0.0,0.0,0.0
354,05:54,PTR6,15,0,0,100.0,0.0,0.0,0.0,0.0,0.0,0.0,0.0,0.0,0.0,0.0,0.0,0.0,0.0,0.0,0.0
354,05:54,PTR7,15,0,0,100.0,0.0,0.0,0.0,0.0,0.0,0.0,0.0,0.0,0.0,0.0,0.0,0.0,0.0,0.0,0.0
354,05:54,PTR8,16,0,0,100.0,0.0,0.0,0.0,0.0,0.0,0.0,0.0,0.0,0.0,0.0,0.0,0.0,0.0,0.0,0.0
354,05:54,PTR9,15,0,0,100.0,0.0,0.0,0.0,0.0,0.0,0.0,0.0,0.0,0.0,0.0,0.0,0.0,0.0,0.0,0.0
354,05:54,PTR10,16,0,0,100.0,0.0,0.0,0.0,0.0,0.0,0.0,0.0,0.0,0.0,0.0,0.0,0.0,0.0,0.0,0.0
355,05:55,PTR6,15,0,0,100.0,0.0,0.0,0.0,0.0,0.0,0.0,0.0,0.0,0.0,0.0,0.0,0.0,0.0,0.0,0.0
355,05:55,PTR7,15,0,0,100.0,0.0,0.0,0.0,0.0,0.0,0.0,0.0,0.0,0.0,0.0,0.0,0.0,0.0,0.0,0.0
355,05:55,PTR8,16,0,0,100.0,0.0,0.0,0.0,0.0,0.0,0.0,0.0,0.0,0.0,0.0,0.0,0.0,0.0,0.0,0.0
355,05:55,PTR9,15,0,0,100.0,0.0,0.0,0.0,0.0,0.0,0.0,0.0,0.0,0.0,0.0,0.0,0.0,0.0,0.0,0.0
355,05:55,PTR10,16,0,0,100.0,0.0,0.0,0.0,0.0,0.0,0.0,0.0,0.0,0.0,0.0,0.0,0.0,0.0,0.0,0.0
356,05:56,PTR6,15,0,0,100.0,0.0,0.0,0.0,0.0,0.0,0.0,0.0,0.0,0.0,0.0,0.0,0.0,0.0,0.0,0.0
356,05:56,PTR7,15,0,0,100.0,0.0,0.0,0.0,0.0,0.0,0.0,0.0,0.0,0.0,0.0,0.0,0.0,0.0,0.0,0.0
356,05:56,PTR8,16,0,0,100.0,0.0,0.0,0.0,0.0,0.0,0.0,0.0,0.0,0.0,0.0,0.0,0.0,0.0,0.0,0.0
356,05:56,PTR9,15,0,0,100.0,0.0,0.0,0.0,0.0,0.0,0.0,0.0,0.0,0.0,0.0,0.0,0.0,0.0,0.0,0.0
356,05:56,PTR10,16,0,0,100.0,0.0,0.0,0.0,0.0,0.0,0.0,0.0,0.0,0.0,0.0,0.0,0.0,0.0,0.0,0.0
357,05:57,PTR6,15,0,0,100.0,0.0,0.0,0.0,0.0,0.0,0.0,0.0,0.0,0.0,0.0,0.0,0.0,0.0,0.0,0.0
357,05:57,PTR7,15,0,0,100.0,0.0,0.0,0.0,0.0,0.0,0.0,0.0,0.0,0.0,0.0,0.0,0.0,0.0,0.0,0.0
357,05:57,PTR8,16,0,0,100.0,0.0,0.0,0.0,0.0,0.0,0.0,0.0,0.0,0.0,0.0,0.0,0.0,0.0,0.0,0.0
357,05:57,PTR9,15,0,0,100.0,0.0,0.0,0.0,0.0,0.0,0.0,0.0,0.0,0.0,0.0,0.0,0.0,0.0,0.0,0.0
357,05:57,PTR10,16,0,0,100.0,0.0,0.0,0.0,0.0,0.0,0.0,0.0,0.0,0.0,0.0,0.0,0.0,0.0,0.0,0.0
358,05:58,PTR6,15,0,0,100.0,0.0,0.0,0.0,0.0,0.0,0.0,0.0,0.0,0.0,0.0,0.0,0.0,0.0,0.0,0.0
358,05:58,PTR7,15,0,0,100.0,0.0,0.0,0.0,0.0,0.0,0.0,0.0,0.0,0.0,0.0,0.0,0.0,0.0,0.0,0.0
358,05:58,PTR8,16,0,0,100.0,0.0,0.0,0.0,0.0,0.0,0.0,0.0,0.0,0.0,0.0,0.0,0.0,0.0,0.0,0.0
358,05:58,PTR9,15,0,0,100.0,0.0,0.0,0.0,0.0,0.0,0.0,0.0,0.0,0.0,0.0,0.0,0.0,0.0,0.0,0.0
358,05:58,PTR10,16,0,0,100.0,0.0,0.0,0.0,0.0,0.0,0.0,0.0,0.0,0.0,0.0,0.0,0.0,0.0,0.0,0.0
359,05:59,PTR6,15,0,0,100.0,0.0,0.0,0.0,0.0,0.0,0.0,0.0,0.0,0.0,0.0,0.0,0.0,0.0,0.0,0.0
359,05:59,PTR7,15,0,0,100.0,0.0,0.0,0.0,0.0,0.0,0.0,0.0,0.0,0.0,0.0,0.0,0.0,0.0,0.0,0.0
359,05:59,PTR8,16,0,0,100.0,0.0,0.0,0.0,0.0,0.0,0.0,0.0,0.0,0.0,0.0,0.0,0.0,0.0,0.0,0.0
359,05:59,PTR9,15,0,0,100.0,0.0,0.0,0.0,0.0,0.0,0.0,0.0,0.0,0.0,0.0,0.0,0.0,0.0,0.0,0.0
359,05:59,PTR10,16,0,0,100.0,0.0,0.0,0.0,0.0,0.0,0.0,0.0,0.0,0.0,0.0,0.0,0.0,0.0,0.0,0.0
360,06:00,PTR6,15,0,0,100.0,0.0,0.0,0.0,0.0,0.0,0.0,0.0,0.0,0.0,0.0,0.0,0.0,0.0,0.0,0.0
360,06:00,PTR7,15,0,0,100.0,0.0,0.0,0.0,0.0,0.0,0.0,0.0,0.0,0.0,0.0,0.0,0.0,0.0,0.0,0.0
360,06:00,PTR8,16,0,0,100.0,0.0,0.0,0.0,0.0,0.0,0.0,0.0,0.0,0.0,0.0,0.0,0.0,0.0,0.0,0.0
360,06:00,PTR9,15,0,0,100.0,0.0,0.0,0.0,0.0,0.0,0.0,0.0,0.0,0.0,0.0,0.0,0.0,0.0,0.0,0.0
360,06:00,PTR10,16,0,0,100.0,0.0,0.0,0.0,0.0,0.0,0.0,0.0,0.0,0.0,0.0,0.0,0.0,0.0,0.0,0.0
361,06:01,PTR6,15,0,0,100.0,0.0,0.0,0.0,0.0,0.0,0.0,0.0,0.0,0.0,0.0,0.0,0.0,0.0,0.0,0.0
361,06:01,PTR7,15,0,0,100.0,0.0,0.0,0.0,0.0,0.0,0.0,0.0,0.0,0.0,0.0,0.0,0.0,0.0,0.0,0.0
361,06:01,PTR8,16,0,0,100.0,0.0,0.0,0.0,0.0,0.0,0.0,0.0,0.0,0.0,0.0,0.0,0.0,0.0,0.0,0.0
361,06:01,PTR9,15,0,0,100.0,0.0,0.0,0.0,0.0,0.0,0.0,0.0,0.0,0.0,0.0,0.0,0.0,0.0,0.0,0.0
361,06:01,PTR10,16,0,0,100.0,0.0,0.0,0.0,0.0,0.0,0.0,0.0,0.0,0.0,0.0,0.0,0.0,0.0,0.0,0.0
362,06:02,PTR6,15,0,0,100.0,0.0,0.0,0.0,0.0,0.0,0.0,0.0,0.0,0.0,0.0,0.0,0.0,0.0,0.0,0.0
362,06:02,PTR7,15,0,0,100.0,0.0,0.0,0.0,0.0,0.0,0.0,0.0,0.0,0.0,0.0,0.0,0.0,0.0,0.0,0.0
362,06:02,PTR8,16,0,0,100.0,0.0,0.0,0.0,0.0,0.0,0.0,0.0,0.0,0.0,0.0,0.0,0.0,0.0,0.0,0.0
362,06:02,PTR9,15,0,0,100.0,0.0,0.0,0.0,0.0,0.0,0.0,0.0,0.0,0.0,0.0,0.0,0.0,0.0,0.0,0.0
362,06:02,PTR10,16,0,0,100.0,0.0,0.0,0.0,0.0,0.0,0.0,0.0,0.0,0.0,0.0,0.0,0.0,0.0,0.0,0.0
363,06:03,PTR6,15,0,0,100.0,0.0,0.0,0.0,0.0,0.0,0.0,0.0,0.0,0.0,0.0,0.0,0.0,0.0,0.0,0.0
363,06:03,PTR7,15,0,0,100.0,0.0,0.0,0.0,0.0,0.0,0.0,0.0,0.0,0.0,0.0,0.0,0.0,0.0,0.0,0.0
363,06:03,PTR8,16,0,0,100.0,0.0,0.0,0.0,0.0,0.0,0.0,0.0,0.0,0.0,0.0,0.0,0.0,0.0,0.0,0.0
363,06:03,PTR9,15,0,0,100.0,0.0,0.0,0.0,0.0,0.0,0.0,0.0,0.0,0.0,0.0,0.0,0.0,0.0,0.0,0.0
363,06:03,PTR10,16,0,0,100.0,0.0,0.0,0.0,0.0,0.0,0.0,0.0,0.0,0.0,0.0,0.0,0.0,0.0,0.0,0.0
364,06:04,PTR6,15,0,0,100.0,0.0,0.0,0.0,0.0,0.0,0.0,0.0,0.0,0.0,0.0,0.0,0.0,0.0,0.0,0.0
364,06:04,PTR7,15,0,0,100.0,0.0,0.0,0.0,0.0,0.0,0.0,0.0,0.0,0.0,0.0,0.0,0.0,0.0,0.0,0.0
364,06:04,PTR8,16,0,0,100.0,0.0,0.0,0.0,0.0,0.0,0.0,0.0,0.0,0.0,0.0,0.0,0.0,0.0,0.0,0.0
364,06:04,PTR9,15,0,0,100.0,0.0,0.0,0.0,0.0,0.0,0.0,0.0,0.0,0.0,0.0,0.0,0.0,0.0,0.0,0.0
364,06:04,PTR10,16,0,0,100.0,0.0,0.0,0.0,0.0,0.0,0.0,0.0,0.0,0.0,0.0,0.0,0.0,0.0,0.0,0.0
365,06:05,PTR6,15,0,0,100.0,0.0,0.0,0.0,0.0,0.0,0.0,0.0,0.0,0.0,0.0,0.0,0.0,0.0,0.0,0.0
365,06:05,PTR7,15,0,0,100.0,0.0,0.0,0.0,0.0,0.0,0.0,0.0,0.0,0.0,0.0,0.0,0.0,0.0,0.0,0.0
365,06:05,PTR8,16,0,0,100.0,0.0,0.0,0.0,0.0,0.0,0.0,0.0,0.0,0.0,0.0,0.0,0.0,0.0,0.0,0.0
365,06:05,PTR9,15,0,0,100.0,0.0,0.0,0.0,0.0,0.0,0.0,0.0,0.0,0.0,0.0,0.0,0.0,0.0,0.0,0.0
365,06:05,PTR10,16,0,0,100.0,0.0,0.0,0.0,0.0,0.0,0.0,0.0,0.0,0.0,0.0,0.0,0.0,0.0,0.0,0.0
366,06:06,PTR6,15,0,0,100.0,0.0,0.0,0.0,0.0,0.0,0.0,0.0,0.0,0.0,0.0,0.0,0.0,0.0,0.0,0.0
366,06:06,PTR7,15,0,0,100.0,0.0,0.0,0.0,0.0,0.0,0.0,0.0,0.0,0.0,0.0,0.0,0.0,0.0,0.0,0.0
366,06:06,PTR8,16,0,0,100.0,0.0,0.0,0.0,0.0,0.0,0.0,0.0,0.0,0.0,0.0,0.0,0.0,0.0,0.0,0.0
366,06:06,PTR9,15,0,0,100.0,0.0,0.0,0.0,0.0,0.0,0.0,0.0,0.0,0.0,0.0,0.0,0.0,0.0,0.0,0.0
366,06:06,PTR10,16,0,0,100.0,0.0,0.0,0.0,0.0,0.0,0.0,0.0,0.0,0.0,0.0,0.0,0.0,0.0,0.0,0.0
367,06:07,PTR6,15,0,0,100.0,0.0,0.0,0.0,0.0,0.0,0.0,0.0,0.0,0.0,0.0,0.0,0.0,0.0,0.0,0.0
367,06:07,PTR7,15,0,0,100.0,0.0,0.0,0.0,0.0,0.0,0.0,0.0,0.0,0.0,0.0,0.0,0.0,0.0,0.0,0.0
367,06:07,PTR8,16,0,0,100.0,0.0,0.0,0.0,0.0,0.0,0.0,0.0,0.0,0.0,0.0,0.0,0.0,0.0,0.0,0.0
367,06:07,PTR9,15,0,0,100.0,0.0,0.0,0.0,0.0,0.0,0.0,0.0,0.0,0.0,0.0,0.0,0.0,0.0,0.0,0.0
367,06:07,PTR10,16,0,0,100.0,0.0,0.0,0.0,0.0,0.0,0.0,0.0,0.0,0.0,0.0,0.0,0.0,0.0,0.0,0.0
368,06:08,PTR6,15,0,0,100.0,0.0,0.0,0.0,0.0,0.0,0.0,0.0,0.0,0.0,0.0,0.0,0.0,0.0,0.0,0.0
368,06:08,PTR7,15,0,0,100.0,0.0,0.0,0.0,0.0,0.0,0.0,0.0,0.0,0.0,0.0,0.0,0.0,0.0,0.0,0.0
368,06:08,PTR8,16,0,0,100.0,0.0,0.0,0.0,0.0,0.0,0.0,0.0,0.0,0.0,0.0,0.0,0.0,0.0,0.0,0.0
368,06:08,PTR9,15,0,0,100.0,0.0,0.0,0.0,0.0,0.0,0.0,0.0,0.0,0.0,0.0,0.0,0.0,0.0,0.0,0.0
368,06:08,PTR10,16,0,0,100.0,0.0,0.0,0.0,0.0,0.0,0.0,0.0,0.0,0.0,0.0,0.0,0.0,0.0,0.0,0.0
369,06:09,PTR6,15,15,15,100.0,22.5,0.42,-0.015,0.027,0.018,0.0,0.0,0.015,0.0,0.0,0.0,0.0,0.0,0.0,0.375
369,06:09,PTR7,15,15,15,100.0,22.26,0.42,-0.015,0.026,0.021,0.0,0.0,0.017,0.0,0.0,0.0,0.0,0.0,0.0,0.371
369,06:09,PTR8,16,16,16,100.0,23.94,0.448,-0.016,0.024,0.025,0.0,0.0,0.016,0.0,0.0,0.0,0.0,0.0,0.0,0.399
369,06:09,PTR9,15,15,15,100.0,22.44,0.42,-0.015,0.027,0.019,0.0,0.0,0.015,0.0,0.0,0.0,0.0,0.0,0.0,0.374
369,06:09,PTR10,16,16,16,100.0,23.82,0.448,-0.016,0.023,0.027,0.0,0.0,0.017,0.0,0.0,0.0,0.0,0.0,0.0,0.397
370,06:10,PTR6,15,15,15,100.0,29.64,0.555,-0.015,0.027,0.032,0.0,0.0,0.017,0.0,0.0,0.0,0.0,0.0,0.0,0.494
370,06:10,PTR7,15,15,15,100.0,29.64,0.555,-0.015,0.026,0.032,0.0,0.0,0.018,0.0,0.0,0.0,0.0,0.0,0.0,0.494
370,06:10,PTR8,16,16,16,100.0,31.62,0.592,-0.016,0.024,0.037,0.0,0.0,0.02,0.0,0.0,0.0,0.0,0.0,0.0,0.527
370,06:10,PTR9,15,15,15,100.0,29.7,0.555,-0.015,0.027,0.032,0.0,0.0,0.016,0.0,0.0,0.0,0.0,0.0,0.0,0.495
370,06:10,PTR10,16,16,16,100.0,31.56,0.592,-0.016,0.022,0.041,0.0,0.0,0.019,0.0,0.0,0.0,0.0,0.0,0.0,0.526
371,06:11,PTR6,15,15,15,100.0,37.56,0.705,-0.029,0.041,0.045,0.0,0.0,0.022,0.0,0.0,0.0,0.0,0.0,0.0,0.626
371,06:11,PTR7,15,15,15,100.0,37.56,0.705,-0.029,0.041,0.042,0.0,0.0,0.025,0.0,0.0,0.0,0.0,0.0,0.0,0.626
371,06:11,PTR8,16,16,16,100.0,40.2,0.752,-0.028,0.039,0.044,0.0,0.0,0.027,0.0,0.0,0.0,0.0,0.0,0.0,0.67
371,06:11,PTR9,15,15,15,100.0,37.68,0.705,-0.026,0.039,0.04,0.0,0.0,0.024,0.0,0.0,0.0,0.0,0.0,0.0,0.628
371,06:11,PTR10,16,16,16,100.0,40.08,0.752,-0.026,0.038,0.041,0.0,0.0,0.031,0.0,0.0,0.0,0.0,0.0,0.0,0.668
372,06:12,PTR6,15,15,15,100.0,45.66,0.855,-0.03,0.045,0.049,0.0,0.0,0.03,0.0,0.0,0.0,0.0,0.0,0.0,0.761
372,06:12,PTR7,15,15,15,100.0,45.6,0.855,-0.03,0.044,0.051,0.0,0.0,0.03,0.0,0.0,0.0,0.0,0.0,0.0,0.76
372,06:12,PTR8,16,16,16,100.0,48.66,0.912,-0.032,0.046,0.055,0.0,0.0,0.032,0.0,0.0,0.0,0.0,0.0,0.0,0.811
372,06:12,PTR9,15,15,15,100.0,45.84,0.855,-0.03,0.046,0.045,0.0,0.0,0.03,0.0,0.0,0.0,0.0,0.0,0.0,0.764
372,06:12,PTR10,16,16,16,100.0,48.72,0.912,-0.032,0.048,0.052,0.0,0.0,0.032,0.0,0.0,0.0,0.0,0.0,0.0,0.812
373,06:13,PTR6,15,15,15,100.0,54.6,1.02,-0.03,0.045,0.059,0.0,0.0,0.036,0.0,0.0,0.0,0.0,0.0,0.0,0.91
373,06:13,PTR7,15,15,15,100.0,54.66,1.02,-0.03,0.043,0.059,0.0,0.0,0.037,0.0,0.0,0.0,0.0,0.0,0.0,0.911
373,06:13,PTR8,16,16,16,100.0,58.5,1.088,-0.032,0.044,0.063,0.0,0.0,0.038,0.0,0.0,0.0,0.0,0.0,0.0,0.975
373,06:13,PTR9,15,15,15,100.0,54.66,1.02,-0.03,0.045,0.057,0.0,0.0,0.037,0.0,0.0,0.0,0.0,0.0,0.0,0.911
373,06:13,PTR10,16,16,16,100.0,58.38,1.088,-0.032,0.046,0.062,0.0,0.0,0.039,0.0,0.0,0.0,0.0,0.0,0.0,0.973
374,06:14,PTR6,15,15,15,100.0,62.4,1.185,-0.044,0.062,0.07,0.0,0.0,0.042,0.0,0.0,0.0,0.0,0.0,0.015,1.04
374,06:14,PTR7,15,15,15,100.0,62.64,1.185,-0.044,0.063,0.07,0.0,0.001,0.036,0.0,0.0,0.0,0.0,0.0,0.015,1.044
374,06:14,PTR8,16,16,16,100.0,66.96,1.264,-0.044,0.063,0.072,0.0,0.0,0.041,0.0,0.0,0.0,0.0,0.0,0.016,1.116
374,06:14,PTR9,15,15,15,100.0,62.64,1.185,-0.041,0.064,0.063,0.0,0.0,0.04,0.0,0.0,0.0,0.0,0.0,0.015,1.044
374,06:14,PTR10,16,16,16,100.0,66.72,1.264,-0.042,0.061,0.07,0.0,0.0,0.047,0.0,0.0,0.0,0.0,0.0,0.016,1.112
375,06:15,PTR6,15,15,15,100.0,71.4,1.35,-0.045,0.069,0.077,0.0,0.0,0.044,0.0,0.0,0.0,0.0,0.0,0.015,1.19
375,06:15,PTR7,15,15,15,100.0,71.46,1.35,-0.045,0.069,0.075,0.0,0.0,0.045,0.0,0.0,0.0,0.0,0.0,0.015,1.191
375,06:15,PTR8,16,16,16,100.0,76.5,1.44,-0.048,0.071,0.081,0.0,0.0,0.045,0.0,0.0,0.0,0.0,0.0,0.016,1.275
375,06:15,PTR9,15,15,15,100.0,71.46,1.35,-0.045,0.071,0.075,0.0,0.0,0.043,0.0,0.0,0.0,0.0,0.0,0.015,1.191
375,06:15,PTR10,16,16,16,100.0,76.44,1.44,-0.048,0.07,0.082,0.0,0.0,0.046,0.0,0.0,0.0,0.0,0.0,0.016,1.274
376,06:16,PTR6,15,15,15,100.0,81.0,1.53,-0.045,0.076,0.087,0.0,0.0,0.047,0.0,0.0,0.0,0.0,0.0,0.015,1.35
376,06:16,PTR7,15,15,15,100.0,80.88,1.53,-0.045,0.076,0.089,0.0,0.0,0.047,0.0,0.0,0.0,0.0,0.0,0.015,1.348
376,06:16,PTR8,16,16,16,100.0,86.58,1.631,-0.048,0.077,0.092,0.0,0.0,0.051,0.0,0.0,0.0,0.0,0.0,0.016,1.443
376,06:16,PTR9,15,15,15,100.0,80.76,1.53,-0.045,0.081,0.084,0.0,0.0,0.049,0.0,0.0,0.0,0.0,0.0,0.015,1.346
376,06:16,PTR10,16,16,16,100.0,86.52,1.632,-0.048,0.08,0.092,0.0,0.0,0.05,0.0,0.0,0.0,0.0,0.0,0.016,1.442
377,06:17,PTR6,15,15,15,100.0,91.2,1.71,-0.06,0.089,0.098,0.0,0.0,0.048,0.0,0.0,0.0,0.0,0.0,0.015,1.52
377,06:17,PTR7,15,15,15,100.0,91.02,1.71,-0.06,0.088,0.096,0.0,0.0,0.054,0.0,0.0,0.0,0.0,0.0,0.015,1.517
377,06:17,PTR8,16,16,16,100.0,97.62,1.824,-0.063,0.088,0.102,0.0,0.0,0.054,0.0,0.0,0.0,0.0,0.0,0.016,1.627
377,06:17,PTR9,15,15,15,100.0,91.26,1.71,-0.06,0.09,0.094,0.0,0.0,0.05,0.0,0.0,0.0,0.0,0.0,0.015,1.521
377,06:17,PTR10,16,16,16,100.0,97.38,1.824,-0.064,0.089,0.105,0.0,0.0,0.055,0.0,0.0,0.0,0.0,0.0,0.016,1.623
378,06:18,PTR6,15,15,15,100.0,100.92,1.904,-0.046,0.09,0.109,0.0,0.0,0.054,0.0,0.0,0.0,0.0,0.0,0.015,1.682
378,06:18,PTR7,15,15,15,100.0,100.86,1.904,-0.046,0.09,0.107,0.0,0.001,0.056,0.0,0.0,0.0,0.0,0.0,0.015,1.681
378,06:18,PTR8,16,16,16,100.0,108.12,2.028,-0.052,0.09,0.113,0.0,0.0,0.059,0.0,0.0,0.0,0.0,0.0,0.016,1.802
378,06:18,PTR9,15,15,15,100.0,101.04,1.901,-0.049,0.092,0.102,0.0,0.0,0.057,0.0,0.0,0.0,0.0,0.0,0.015,1.684
378,06:18,PTR10,16,16,16,100.0,108.0,2.026,-0.054,0.09,0.114,0.0,0.0,0.06,0.0,0.0,0.0,0.0,0.0,0.016,1.8
379,06:19,PTR6,15,15,15,100.0,110.76,2.084,-0.06,0.105,0.117,0.0,0.0,0.061,0.0,0.0,0.0,0.0,0.0,0.015,1.846
379,06:19,PTR7,15,15,15,100.0,110.88,2.084,-0.06,0.104,0.117,0.0,0.0,0.06,0.0,0.0,0.0,0.0,0.0,0.015,1.848
379,06:19,PTR8,16,16,16,100.0,118.68,2.22,-0.064,0.105,0.121,0.0,0.0,0.064,0.0,0.0,0.0,0.0,0.0,0.016,1.978
379,06:19,PTR9,15,15,15,100.0,110.88,2.081,-0.06,0.106,0.112,0.0,0.0,0.06,0.0,0.0,0.0,0.0,0.0,0.015,1.848
379,06:19,PTR10,16,16,16,100.0,118.32,2.218,-0.064,0.102,0.128,0.0,0.0,0.064,0.0,0.0,0.0,0.0,0.0,0.016,1.972
380,06:20,PTR6,15,15,15,100.0,121.8,2.28,-0.06,0.104,0.129,0.0,0.0,0.062,0.0,0.0,0.0,0.0,0.0,0.015,2.03
380,06:20,PTR7,15,15,15,100.0,121.68,2.28,-0.06,0.104,0.131,0.0,0.0,0.062,0.0,0.0,0.0,0.0,0.0,0.015,2.028
380,06:20,PTR8,16,16,16,100.0,130.44,2.432,-0.064,0.106,0.132,0.0,0.0,0.068,0.0,0.0,0.0,0.0,0.0,0.016,2.174
380,06:20,PTR9,15,15,15,100.0,121.68,2.28,-0.06,0.111,0.122,0.0,0.0,0.064,0.0,0.0,0.0,0.0,0.0,0.015,2.028
380,06:20,PTR10,16,16,16,100.0,129.96,2.432,-0.064,0.106,0.139,0.0,0.0,0.069,0.0,0.0,0.0,0.0,0.0,0.016,2.166
381,06:21,PTR6,15,15,15,100.0,131.88,2.474,-0.061,0.118,0.135,0.0,0.0,0.069,0.0,0.0,0.0,0.0,0.0,0.015,2.198
381,06:21,PTR7,15,15,15,100.0,132.12,2.474,-0.061,0.116,0.134,0.0,0.0,0.068,0.0,0.0,0.0,0.0,0.0,0.015,2.202
381,06:21,PTR8,16,16,16,100.0,141.36,2.636,-0.068,0.118,0.143,0.0,0.0,0.071,0.0,0.0,0.0,0.0,0.0,0.016,2.356
381,06:21,PTR9,15,15,15,100.0,132.24,2.471,-0.064,0.119,0.13,0.0,0.0,0.067,0.0,0.0,0.0,0.0,0.0,0.015,2.204
381,06:21,PTR10,16,16,16,100.0,140.94,2.634,-0.07,0.119,0.148,0.0,0.0,0.072,0.0,0.0,0.0,0.0,0.0,0.016,2.349
382,06:22,PTR6,15,15,15,100.0,142.08,2.655,-0.075,0.13,0.15,0.0,0.0,0.067,0.0,0.0,0.0,0.0,0.0,0.015,2.368
382,06:22,PTR7,15,15,15,100.0,142.08,2.655,-0.075,0.13,0.147,0.0,0.0,0.07,0.0,0.0,0.0,0.0,0.0,0.015,2.368
382,06:22,PTR8,16,16,16,100.0,152.4,2.832,-0.079,0.132,0.147,0.0,0.0,0.076,0.0,0.0,0.0,0.0,0.0,0.016,2.54
382,06:22,PTR9,15,15,15,100.0,142.32,2.655,-0.075,0.132,0.139,0.0,0.0,0.072,0.0,0.0,0.0,0.0,0.0,0.015,2.372
382,06:22,PTR10,16,16,16,100.0,151.92,2.832,-0.08,0.133,0.155,0.0,0.0,0.076,0.0,0.0,0.0,0.0,0.0,0.016,2.532
383,06:23,PTR6,15,15,15,100.0,153.96,2.865,-0.089,0.149,0.151,0.0,0.0,0.073,0.0,0.0,0.0,0.0,0.0,0.015,2.566
383,06:23,PTR7,15,15,15,100.0,153.9,2.865,-0.089,0.145,0.154,0.0,0.001,0.074,0.0,0.0,0.0,0.0,0.0,0.015,2.565
383,06:23,PTR8,16,16,16,100.0,164.64,3.055,-0.093,0.147,0.161,0.0,0.0,0.08,0.0,0.0,0.0,0.0,0.0,0.016,2.744
383,06:23,PTR9,15,15,15,100.0,153.84,2.865,-0.086,0.15,0.148,0.0,0.0,0.074,0.0,0.0,0.0,0.0,0.0,0.015,2.564
383,06:23,PTR10,16,16,16,100.0,164.4,3.056,-0.09,0.146,0.164,0.0,0.0,0.08,0.0,0.0,0.0,0.0,0.0,0.016,2.74
384,06:24,PTR6,15,15,15,100.0,164.94,3.074,-0.076,0.145,0.163,0.0,0.0,0.078,0.0,0.0,0.0,0.0,0.0,0.015,2.749
384,06:24,PTR7,15,15,15,100.0,165.0,3.074,-0.076,0.144,0.163,0.0,0.001,0.077,0.0,0.0,0.0,0.0,0.0,0.015,2.75
384,06:24,PTR8,16,16,16,100.0,176.64,3.276,-0.084,0.146,0.172,0.0,0.0,0.081,0.0,0.0,0.0,0.0,0.0,0.017,2.944
384,06:24,PTR9,15,15,15,100.0,165.3,3.071,-0.079,0.149,0.155,0.0,0.0,0.076,0.0,0.0,0.0,0.0,0.0,0.015,2.755
384,06:24,PTR10,16,16,16,100.0,176.04,3.274,-0.086,0.149,0.18,0.0,0.0,0.081,0.0,0.0,0.0,0.0,0.0,0.016,2.934
385,06:25,PTR6,15,15,15,100.0,175.5,3.27,-0.104,0.165,0.176,0.0,0.0,0.078,0.0,0.0,0.0,0.0,0.0,0.03,2.925
385,06:25,PTR7,15,15,15,100.0,175.5,3.27,-0.104,0.16,0.179,0.0,0.001,0.079,0.0,0.0,0.0,0.0,0.0,0.03,2.925
385,06:25,PTR8,16,16,16,100.0,187.68,3.488,-0.108,0.165,0.185,0.0,0.0,0.086,0.0,0.0,0.0,0.0,0.0,0.032,3.128
385,06:25,PTR9,15,15,15,100.0,175.98,3.27,-0.101,0.166,0.162,0.0,0.0,0.08,0.0,0.0,0.0,0.0,0.0,0.03,2.933
385,06:25,PTR10,16,16,16,100.0,187.62,3.488,-0.106,0.163,0.188,0.0,0.0,0.084,0.0,0.0,0.0,0.0,0.0,0.032,3.127
386,06:26,PTR6,15,15,15,100.0,187.38,3.494,-0.105,0.182,0.18,0.0,0.0,0.084,0.0,0.0,0.0,0.0,0.0,0.03,3.123
386,06:26,PTR7,15,15,15,100.0,187.44,3.494,-0.105,0.176,0.186,0.0,0.0,0.083,0.0,0.0,0.0,0.0,0.0,0.03,3.124
386,06:26,PTR8,16,16,16,100.0,200.7,3.724,-0.112,0.18,0.19,0.0,0.0,0.089,0.0,0.0,0.0,0.0,0.0,0.032,3.345
386,06:26,PTR9,15,15,15,100.0,187.32,3.491,-0.105,0.183,0.173,0.0,0.0,0.088,0.0,0.0,0.0,0.0,0.0,0.03,3.122
386,06:26,PTR10,16,16,16,100.0,200.4,3.722,-0.112,0.178,0.197,0.0,0.0,0.087,0.0,0.0,0.0,0.0,0.0,0.032,3.34
387,06:27,PTR6,15,15,15,100.0,199.38,3.705,-0.105,0.18,0.191,0.0,0.0,0.086,0.0,0.0,0.0,0.0,0.0,0.03,3.323
387,06:27,PTR7,15,15,15,100.0,199.2,3.705,-0.105,0.177,0.197,0.0,0.001,0.085,0.0,0.0,0.0,0.0,0.0,0.03,3.32
387,06:27,PTR8,16,16,16,100.0,213.54,3.951,-0.112,0.18,0.2,0.0,0.0,0.092,0.0,0.0,0.0,0.0,0.0,0.032,3.559
387,06:27,PTR9,15,15,15,100.0,199.44,3.705,-0.105,0.185,0.188,0.0,0.0,0.083,0.0,0.0,0.0,0.0,0.0,0.03,3.324
387,06:27,PTR10,16,16,16,100.0,213.06,3.952,-0.112,0.181,0.211,0.0,0.0,0.089,0.0,0.0,0.0,0.0,0.0,0.032,3.551
388,06:28,PTR6,15,15,15,100.0,210.72,3.915,-0.105,0.19,0.2,0.0,0.0,0.088,0.0,0.0,0.0,0.0,0.0,0.03,3.512
388,06:28,PTR7,15,15,15,100.0,210.66,3.915,-0.105,0.188,0.201,0.0,0.001,0.089,0.0,0.0,0.0,0.0,0.0,0.03,3.511
388,06:28,PTR8,16,16,16,100.0,225.24,4.175,-0.112,0.19,0.216,0.0,0.0,0.095,0.0,0.0,0.0,0.0,0.0,0.032,3.754
388,06:28,PTR9,15,15,15,100.0,210.84,3.915,-0.105,0.196,0.194,0.0,0.0,0.086,0.0,0.0,0.0,0.0,0.0,0.03,3.514
388,06:28,PTR10,16,16,16,100.0,224.94,4.176,-0.112,0.192,0.221,0.0,0.0,0.094,0.0,0.0,0.0,0.0,0.0,0.032,3.749
389,06:29,PTR6,15,15,15,100.0,222.06,4.125,-0.119,0.213,0.21,0.0,0.0,0.09,0.0,0.0,0.0,0.0,0.0,0.03,3.701
389,06:29,PTR7,15,15,15,100.0,221.94,4.125,-0.119,0.207,0.215,0.0,0.001,0.092,0.0,0.0,0.0,0.0,0.0,0.03,3.699
389,06:29,PTR8,16,16,16,100.0,237.9,4.399,-0.124,0.209,0.218,0.0,0.0,0.099,0.0,0.0,0.0,0.0,0.0,0.032,3.965
389,06:29,PTR9,15,15,15,100.0,222.24,4.125,-0.116,0.215,0.202,0.0,0.0,0.09,0.0,0.0,0.0,0.0,0.0,0.03,3.704
389,06:29,PTR10,16,16,16,100.0,237.06,4.4,-0.122,0.208,0.231,0.0,0.0,0.1,0.0,0.0,0.0,0.0,0.0,0.032,3.951
390,06:30,PTR6,15,15,15,100.0,234.42,4.35,-0.119,0.217,0.222,0.0,0.0,0.093,0.0,0.0,0.0,0.0,0.0,0.03,3.907
390,06:30,PTR7,15,15,15,100.0,235.08,4.35,-0.119,0.212,0.211,0.0,0.002,0.096,0.0,0.0,0.0,0.0,0.0,0.03,3.918
390,06:30,PTR8,16,16,16,100.0,250.98,4.639,-0.125,0.212,0.235,0.0,0.0,0.102,0.0,0.0,0.0,0.0,0.0,0.032,4.183
390,06:30,PTR9,15,15,15,100.0,235.08,4.35,-0.116,0.217,0.21,0.0,0.0,0.091,0.0,0.0,0.0,0.0,0.0,0.03,3.918
390,06:30,PTR10,16,16,16,100.0,250.92,4.64,-0.122,0.211,0.236,0.0,0.0,0.101,0.0,0.0,0.0,0.0,0.0,0.032,4.182
391,06:31,PTR6,15,15,15,100.0,246.84,4.574,-0.12,0.226,0.226,0.0,0.0,0.098,0.0,0.0,0.0,0.0,0.0,0.03,4.114
391,06:31,PTR7,15,15,15,100.0,246.66,4.574,-0.12,0.22,0.236,0.0,0.001,0.096,0.0,0.0,0.0,0.0,0.0,0.03,4.111
391,06:31,PTR8,16,16,16,100.0,264.24,4.876,-0.128,0.224,0.238,0.0,0.0,0.106,0.0,0.0,0.0,0.0,0.0,0.032,4.404
391,06:31,PTR9,15,15,15,100.0,246.84,4.571,-0.12,0.227,0.225,0.0,0.0,0.095,0.0,0.0,0.0,0.0,0.0,0.03,4.114
391,06:31,PTR10,16,16,16,100.0,263.76,4.874,-0.128,0.223,0.248,0.0,0.0,0.103,0.0,0.0,0.0,0.0,0.0,0.032,4.396
392,06:32,PTR6,15,15,15,100.0,257.34,4.769,-0.121,0.233,0.239,0.0,0.0,0.099,0.0,0.0,0.0,0.0,0.0,0.03,4.289
392,06:32,PTR7,15,15,15,100.0,257.34,4.769,-0.121,0.23,0.241,0.0,0.002,0.098,0.0,0.0,0.0,0.0,0.0,0.03,4.289
392,06:32,PTR8,16,16,16,100.0,275.64,5.084,-0.131,0.232,0.251,0.0,0.0,0.106,0.0,0.0,0.0,0.0,0.0,0.032,4.594
392,06:32,PTR9,15,15,15,100.0,256.98,4.766,-0.124,0.241,0.24,0.0,0.0,0.096,0.0,0.0,0.0,0.0,0.0,0.03,4.283
392,06:32,PTR10,16,16,16,100.0,275.04,5.082,-0.134,0.235,0.256,0.0,0.0,0.109,0.0,0.0,0.0,0.0,0.0,0.032,4.584
393,06:33,PTR6,15,15,15,100.0,269.52,4.98,-0.134,0.248,0.244,0.0,0.0,0.1,0.0,0.0,0.0,0.0,0.0,0.03,4.492
393,06:33,PTR7,15,15,15,100.0,269.64,4.98,-0.134,0.245,0.241,0.0,0.001,0.103,0.0,0.0,0.0,0.0,0.0,0.03,4.494
393,06:33,PTR8,16,16,16,100.0,287.94,5.311,-0.141,0.245,0.272,0.0,0.0,0.104,0.0,0.0,0.0,0.0,0.0,0.032,4.799
393,06:33,PTR9,15,15,15,100.0,269.4,4.98,-0.131,0.253,0.234,0.0,0.0,0.104,0.0,0.0,0.0,0.0,0.0,0.03,4.49
393,06:33,PTR10,16,16,16,100.0,287.94,5.312,-0.138,0.245,0.268,0.0,0.0,0.106,0.0,0.0,0.0,0.0,0.0,0.032,4.799
394,06:34,PTR6,15,15,15,100.0,279.54,5.175,-0.134,0.254,0.253,0.0,0.0,0.104,0.0,0.0,0.0,0.0,0.0,0.039,4.659
394,06:34,PTR7,15,15,15,100.0,279.6,5.175,-0.134,0.249,0.255,0.0,0.002,0.103,0.0,0.0,0.0,0.0,0.0,0.04,4.66
394,06:34,PTR8,16,16,16,100.0,299.04,5.519,-0.141,0.251,0.271,0.0,0.0,0.11,0.0,0.0,0.0,0.0,0.0,0.044,4.984
394,06:34,PTR9,15,15,15,100.0,279.78,5.175,-0.131,0.256,0.244,0.0,0.0,0.104,0.0,0.0,0.0,0.0,0.0,0.039,4.663
394,06:34,PTR10,16,16,16,100.0,298.86,5.52,-0.138,0.25,0.277,0.0,0.0,0.106,0.0,0.0,0.0,0.0,0.0,0.044,4.981
395,06:35,PTR6,15,15,15,100.0,291.48,5.414,-0.121,0.261,0.266,0.0,0.0,0.105,0.0,0.0,0.0,0.0,0.0,0.045,4.858
395,06:35,PTR7,15,15,15,100.0,291.54,5.414,-0.121,0.258,0.267,0.0,0.001,0.105,0.0,0.0,0.0,0.0,0.0,0.045,4.859
395,06:35,PTR8,16,16,16,100.0,312.42,5.771,-0.132,0.261,0.274,0.0,0.0,0.113,0.0,0.0,0.0,0.0,0.0,0.048,5.207
395,06:35,PTR9,15,15,15,100.0,291.6,5.411,-0.124,0.27,0.254,0.0,0.0,0.106,0.0,0.0,0.0,0.0,0.0,0.045,4.86
395,06:35,PTR10,16,16,16,100.0,311.52,5.77,-0.134,0.266,0.285,0.0,0.0,0.113,0.0,0.0,0.0,0.0,0.0,0.048,5.192
396,06:36,PTR6,15,15,15,100.0,305.28,5.655,-0.149,0.284,0.28,0.0,0.0,0.107,0.0,0.0,0.0,0.0,0.0,0.045,5.088
396,06:36,PTR7,15,15,15,100.0,305.7,5.655,-0.149,0.281,0.274,0.0,0.002,0.107,0.0,0.0,0.0,0.0,0.0,0.045,5.095
396,06:36,PTR8,16,16,16,100.0,326.82,6.031,-0.156,0.282,0.293,0.0,0.0,0.117,0.0,0.0,0.0,0.0,0.0,0.048,5.447
396,06:36,PTR9,15,15,15,100.0,305.82,5.655,-0.146,0.287,0.266,0.0,0.0,0.106,0.0,0.0,0.0,0.0,0.0,0.045,5.097
396,06:36,PTR10,16,16,16,100.0,326.34,6.032,-0.154,0.281,0.301,0.0,0.0,0.117,0.0,0.0,0.0,0.0,0.0,0.048,5.439
397,06:37,PTR6,15,15,15,100.0,318.9,5.894,-0.15,0.295,0.28,0.0,0.0,0.109,0.0,0.0,0.0,0.0,0.0,0.045,5.315
397,06:37,PTR7,15,15,15,100.0,318.96,5.894,-0.15,0.29,0.282,0.0,0.002,0.109,0.0,0.0,0.0,0.0,0.0,0.045,5.316
397,06:37,PTR8,16,16,16,100.0,341.22,6.283,-0.16,0.293,0.299,0.0,0.0,0.116,0.0,0.0,0.0,0.0,0.0,0.048,5.687
397,06:37,PTR9,15,15,15,100.0,318.72,5.891,-0.15,0.298,0.274,0.0,0.0,0.112,0.0,0.0,0.0,0.0,0.0,0.045,5.312
397,06:37,PTR10,16,16,16,100.0,340.5,6.282,-0.16,0.293,0.306,0.0,0.0,0.12,0.0,0.0,0.0,0.0,0.0,0.048,5.675
398,06:38,PTR6,15,15,15,100.0,331.5,6.119,-0.151,0.298,0.292,0.0,0.0,0.11,0.0,0.0,0.0,0.0,0.0,0.045,5.525
398,06:38,PTR7,15,15,15,100.0,331.56,6.119,-0.151,0.294,0.287,0.0,0.002,0.116,0.0,0.0,0.0,0.0,0.0,0.045,5.526
398,06:38,PTR8,16,16,16,100.0,355.02,6.524,-0.163,0.3,0.303,0.0,0.0,0.119,0.0,0.0,0.0,0.0,0.0,0.048,5.917
398,06:38,PTR9,15,15,15,100.0,331.92,6.116,-0.154,0.306,0.276,0.0,0.0,0.111,0.0,0.0,0.0,0.0,0.0,0.045,5.532
398,06:38,PTR10,16,16,16,100.0,354.0,6.522,-0.166,0.302,0.318,0.0,0.0,0.12,0.0,0.0,0.0,0.0,0.0,0.048,5.9
399,06:39,PTR6,15,15,15,100.0,344.04,6.344,-0.165,0.322,0.291,0.0,0.0,0.117,0.0,0.0,0.0,0.0,0.0,0.045,5.734
399,06:39,PTR7,15,15,15,100.0,343.74,6.344,-0.165,0.315,0.301,0.0,0.002,0.117,0.0,0.0,0.0,0.0,0.0,0.045,5.729
399,06:39,PTR8,16,16,16,100.0,368.34,6.764,-0.175,0.316,0.311,0.0,0.0,0.125,0.0,0.0,0.0,0.0,0.0,0.048,6.139
399,06:39,PTR9,15,15,15,100.0,344.34,6.341,-0.165,0.325,0.281,0.0,0.0,0.116,0.0,0.0,0.0,0.0,0.0,0.045,5.739
399,06:39,PTR10,16,16,16,100.0,367.56,6.762,-0.176,0.318,0.324,0.0,0.0,0.122,0.0,0.0,0.0,0.0,0.0,0.048,6.126
400,06:40,PTR6,15,15,15,100.0,356.52,6.584,-0.15,0.322,0.308,0.0,0.0,0.117,0.0,0.0,0.0,0.0,0.0,0.045,5.942
400,06:40,PTR7,15,15,15,100.0,356.64,6.584,-0.15,0.315,0.31,0.0,0.002,0.118,0.0,0.0,0.0,0.0,0.0,0.045,5.944
400,06:40,PTR8,16,16,16,100.0,382.56,7.019,-0.161,0.319,0.314,0.0,0.0,0.123,0.0,0.0,0.0,0.0,0.0,0.048,6.376
400,06:40,PTR9,15,15,15,100.0,356.58,6.581,-0.15,0.325,0.299,0.0,0.0,0.119,0.0,0.0,0.0,0.0,0.0,0.045,5.943
400,06:40,PTR10,16,16,16,100.0,381.18,7.018,-0.16,0.319,0.337,0.0,0.0,0.121,0.0,0.0,0.0,0.0,0.0,0.048,6.353
401,06:41,PTR6,15,15,15,100.0,369.42,6.824,-0.15,0.343,0.309,0.0,0.0,0.12,0.0,0.0,0.0,0.0,0.0,0.045,6.157
401,06:41,PTR7,15,15,15,100.0,369.18,6.824,-0.15,0.336,0.318,0.0,0.002,0.12,0.0,0.0,0.0,0.0,0.0,0.045,6.153
401,06:41,PTR8,16,16,16,100.0,394.98,7.275,-0.16,0.34,0.334,0.0,0.0,0.13,0.0,0.0,0.0,0.0,0.0,0.048,6.583
401,06:41,PTR9,15,15,15,100.0,369.78,6.821,-0.15,0.347,0.296,0.0,0.0,0.12,0.0,0.0,0.0,0.0,0.0,0.045,6.163
401,06:41,PTR10,16,16,16,100.0,394.38,7.274,-0.16,0.34,0.346,0.0,0.0,0.127,0.0,0.0,0.0,0.0,0.0,0.048,6.573
402,06:42,PTR6,15,15,15,100.0,381.72,7.034,-0.165,0.351,0.319,0.0,0.0,0.122,0.0,0.0,0.0,0.0,0.0,0.045,6.362
402,06:42,PTR7,15,15,15,100.0,381.12,7.034,-0.165,0.347,0.331,0.0,0.003,0.121,0.0,0.0,0.0,0.0,0.0,0.045,6.352
402,06:42,PTR8,16,16,16,100.0,408.12,7.499,-0.176,0.351,0.344,0.0,0.0,0.13,0.0,0.0,0.0,0.0,0.0,0.048,6.802
402,06:42,PTR9,15,15,15,100.0,381.42,7.031,-0.165,0.358,0.315,0.0,0.0,0.121,0.0,0.0,0.0,0.0,0.0,0.045,6.357
402,06:42,PTR10,16,16,16,100.0,407.64,7.498,-0.176,0.35,0.35,0.0,0.0,0.132,0.0,0.0,0.0,0.0,0.0,0.048,6.794
403,06:43,PTR6,15,15,15,100.0,392.46,7.258,-0.151,0.353,0.333,0.0,0.0,0.124,0.0,0.0,0.0,0.0,0.0,0.058,6.541
403,06:43,PTR7,15,15,15,100.0,392.46,7.258,-0.151,0.349,0.335,0.0,0.002,0.126,0.0,0.0,0.0,0.0,0.0,0.056,6.541
403,06:43,PTR8,16,16,16,100.0,420.36,7.736,-0.164,0.353,0.344,0.0,0.0,0.134,0.0,0.0,0.0,0.0,0.0,0.063,7.006
403,06:43,PTR9,15,15,15,100.0,392.64,7.252,-0.154,0.36,0.319,0.0,0.0,0.124,0.0,0.0,0.0,0.0,0.0,0.059,6.544
403,06:43,PTR10,16,16,16,100.0,419.82,7.732,-0.166,0.351,0.358,0.0,0.0,0.131,0.0,0.0,0.0,0.0,0.0,0.061,6.997
404,06:44,PTR6,15,15,15,100.0,405.0,7.498,-0.151,0.367,0.346,0.0,0.0,0.126,0.0,0.0,0.0,0.0,0.0,0.06,6.75
404,06:44,PTR7,15,15,15,100.0,405.54,7.498,-0.151,0.364,0.336,0.0,0.003,0.127,0.0,0.0,0.0,0.0,0.0,0.06,6.759
404,06:44,PTR8,16,16,16,100.0,433.74,7.992,-0.163,0.364,0.365,0.0,0.0,0.133,0.0,0.0,0.0,0.0,0.0,0.064,7.229
404,06:44,PTR9,15,15,15,100.0,405.54,7.492,-0.154,0.371,0.331,0.0,0.0,0.125,0.0,0.0,0.0,0.0,0.0,0.06,6.759
404,06:44,PTR10,16,16,16,100.0,433.02,7.988,-0.166,0.365,0.372,0.0,0.0,0.136,0.0,0.0,0.0,0.0,0.0,0.064,7.217
405,06:45,PTR6,15,15,15,100.0,421.02,7.784,-0.15,0.379,0.351,0.0,0.0,0.127,0.0,0.0,0.0,0.0,0.0,0.06,7.017
405,06:45,PTR7,15,15,15,100.0,421.44,7.784,-0.15,0.373,0.343,0.0,0.003,0.131,0.0,0.0,0.0,0.0,0.0,0.06,7.024
405,06:45,PTR8,16,16,16,100.0,451.14,8.299,-0.16,0.377,0.362,0.0,0.0,0.137,0.0,0.0,0.0,0.0,0.0,0.064,7.519
405,06:45,PTR9,15,15,15,100.0,421.44,7.781,-0.15,0.385,0.333,0.0,0.0,0.129,0.0,0.0,0.0,0.0,0.0,0.06,7.024
405,06:45,PTR10,16,16,16,100.0,449.22,8.298,-0.16,0.379,0.389,0.0,0.0,0.139,0.0,0.0,0.0,0.0,0.0,0.064,7.487
406,06:46,PTR6,15,15,15,100.0,435.3,8.038,-0.166,0.394,0.363,0.0,0.0,0.132,0.0,0.0,0.0,0.0,0.0,0.06,7.255
406,06:46,PTR7,15,15,15,100.0,435.48,8.038,-0.166,0.389,0.361,0.0,0.003,0.133,0.0,0.0,0.0,0.0,0.0,0.06,7.258
406,06:46,PTR8,16,16,16,100.0,465.78,8.568,-0.179,0.393,0.384,0.0,0.0,0.143,0.0,0.0,0.0,0.0,0.0,0.064,7.763
406,06:46,PTR9,15,15,15,100.0,435.96,8.032,-0.169,0.401,0.341,0.0,0.0,0.133,0.0,0.0,0.0,0.0,0.0,0.06,7.266
406,06:46,PTR10,16,16,16,100.0,465.9,8.564,-0.182,0.395,0.381,0.0,0.0,0.141,0.0,0.0,0.0,0.0,0.0,0.064,7.765
407,06:47,PTR6,15,15,15,100.0,446.88,8.249,-0.165,0.406,0.365,0.0,0.0,0.135,0.0,0.0,0.0,0.0,0.0,0.06,7.448
407,06:47,PTR7,15,15,15,100.0,446.52,8.249,-0.165,0.403,0.371,0.0,0.004,0.134,0.0,0.0,0.0,0.0,0.0,0.06,7.442
407,06:47,PTR8,16,16,16,100.0,478.74,8.795,-0.176,0.407,0.377,0.0,0.0,0.144,0.0,0.0,0.0,0.0,0.0,0.064,7.979
407,06:47,PTR9,15,15,15,100.0,447.9,8.246,-0.165,0.414,0.336,0.0,0.0,0.136,0.0,0.0,0.0,0.0,0.0,0.06,7.465
407,06:47,PTR10,16,16,16,100.0,477.54,8.794,-0.176,0.406,0.397,0.0,0.0,0.144,0.0,0.0,0.0,0.0,0.0,0.064,7.959
408,06:48,PTR6,15,15,15,100.0,456.78,8.429,-0.165,0.409,0.374,0.0,0.0,0.138,0.0,0.0,0.0,0.0,0.0,0.06,7.613
408,06:48,PTR7,15,15,15,100.0,457.26,8.429,-0.165,0.405,0.367,0.0,0.003,0.138,0.0,0.0,0.0,0.0,0.0,0.06,7.621
408,06:48,PTR8,16,16,16,100.0,489.66,8.987,-0.176,0.409,0.383,0.0,0.0,0.146,0.0,0.0,0.0,0.0,0.0,0.064,8.161
408,06:48,PTR9,15,15,15,100.0,458.16,8.426,-0.165,0.419,0.34,0.0,0.0,0.136,0.0,0.0,0.0,0.0,0.0,0.06,7.636
408,06:48,PTR10,16,16,16,100.0,488.52,8.986,-0.176,0.411,0.401,0.0,0.0,0.144,0.0,0.0,0.0,0.0,0.0,0.064,8.142
409,06:49,PTR6,15,15,15,100.0,469.08,8.639,-0.179,0.43,0.375,0.0,0.0,0.135,0.0,0.0,0.0,0.0,0.0,0.06,7.818
409,06:49,PTR7,15,15,15,100.0,469.38,8.639,-0.179,0.422,0.373,0.0,0.003,0.137,0.0,0.0,0.0,0.0,0.0,0.06,7.823
409,06:49,PTR8,16,16,16,100.0,501.48,9.211,-0.189,0.425,0.402,0.0,0.0,0.151,0.0,0.0,0.0,0.0,0.0,0.064,8.358
409,06:49,PTR9,15,15,15,100.0,469.14,8.636,-0.176,0.436,0.358,0.0,0.0,0.139,0.0,0.0,0.0,0.0,0.0,0.06,7.819
409,06:49,PTR10,16,16,16,100.0,501.12,9.21,-0.186,0.423,0.407,0.0,0.0,0.15,0.0,0.0,0.0,0.0,0.0,0.064,8.352
410,06:50,PTR6,15,15,15,100.0,481.86,8.894,-0.165,0.439,0.387,0.0,0.0,0.142,0.0,0.0,0.0,0.0,0.0,0.06,8.031
410,06:50,PTR7,15,15,15,100.0,481.86,8.894,-0.165,0.433,0.391,0.0,0.003,0.141,0.0,0.0,0.0,0.0,0.0,0.06,8.031
410,06:50,PTR8,16,16,16,100.0,515.82,9.483,-0.176,0.438,0.411,0.0,0.0,0.149,0.0,0.0,0.0,0.0,0.0,0.064,8.597
410,06:50,PTR9,15,15,15,100.0,482.4,8.891,-0.165,0.446,0.372,0.0,0.0,0.138,0.0,0.0,0.0,0.0,0.0,0.06,8.04
410,06:50,PTR10,16,16,16,100.0,515.04,9.482,-0.176,0.439,0.419,0.0,0.0,0.152,0.0,0.0,0.0,0.0,0.0,0.064,8.584
411,06:51,PTR6,15,15,15,100.0,498.36,9.209,-0.15,0.45,0.397,0.0,0.0,0.144,0.0,0.0,0.0,0.0,0.0,0.062,8.306
411,06:51,PTR7,15,15,15,100.0,498.42,9.209,-0.15,0.444,0.396,0.0,0.004,0.145,0.0,0.0,0.0,0.0,0.0,0.063,8.307
411,06:51,PTR8,16,16,16,100.0,534.18,9.819,-0.16,0.445,0.412,0.0,0.0,0.15,0.0,0.0,0.0,0.0,0.0,0.069,8.903
411,06:51,PTR9,15,15,15,100.0,499.44,9.206,-0.15,0.459,0.366,0.0,0.0,0.146,0.0,0.0,0.0,0.0,0.0,0.061,8.324
411,06:51,PTR10,16,16,16,100.0,533.1,9.818,-0.16,0.448,0.419,0.0,0.0,0.157,0.0,0.0,0.0,0.0,0.0,0.069,8.885
412,06:52,PTR6,15,15,15,100.0,512.88,9.479,-0.164,0.469,0.407,0.0,0.0,0.144,0.0,0.0,0.0,0.0,0.0,0.075,8.548
412,06:52,PTR7,15,15,15,100.0,513.9,9.479,-0.164,0.463,0.387,0.0,0.004,0.149,0.0,0.0,0.0,0.0,0.0,0.075,8.565
412,06:52,PTR8,16,16,16,100.0,548.7,10.107,-0.172,0.465,0.432,0.0,0.0,0.157,0.0,0.0,0.0,0.0,0.0,0.08,9.145
412,06:52,PTR9,15,15,15,100.0,513.48,9.476,-0.161,0.474,0.381,0.0,0.0,0.149,0.0,0.0,0.0,0.0,0.0,0.075,8.558
412,06:52,PTR10,16,16,16,100.0,547.98,10.106,-0.17,0.464,0.439,0.0,0.0,0.16,0.0,0.0,0.0,0.0,0.0,0.08,9.133
413,06:53,PTR6,15,15,15,100.0,526.98,9.763,-0.136,0.478,0.413,0.0,0.0,0.15,0.0,0.0,0.0,0.0,0.0,0.075,8.783
413,06:53,PTR7,15,15,15,100.0,526.68,9.763,-0.136,0.47,0.422,0.0,0.004,0.15,0.0,0.0,0.0,0.0,0.0,0.075,8.778
413,06:53,PTR8,16,16,16,100.0,564.9,10.407,-0.148,0.477,0.424,0.0,0.0,0.159,0.0,0.0,0.0,0.0,0.0,0.08,9.415
413,06:53,PTR9,15,15,15,100.0,528.3,9.757,-0.139,0.488,0.378,0.0,0.0,0.15,0.0,0.0,0.0,0.0,0.0,0.075,8.805
413,06:53,PTR10,16,16,16,100.0,563.4,10.404,-0.15,0.477,0.446,0.0,0.0,0.161,0.0,0.0,0.0,0.0,0.0,0.08,9.39
414,06:54,PTR6,15,15,15,100.0,540.42,10.018,-0.135,0.494,0.425,0.0,0.0,0.152,0.0,0.0,0.0,0.0,0.0,0.075,9.007
414,06:54,PTR7,15,15,15,100.0,541.32,10.018,-0.135,0.487,0.412,0.0,0.004,0.153,0.0,0.0,0.0,0.0,0.0,0.075,9.022
414,06:54,PTR8,16,16,16,100.0,579.24,10.679,-0.144,0.49,0.436,0.0,0.0,0.163,0.0,0.0,0.0,0.0,0.0,0.08,9.654
414,06:54,PTR9,15,15,15,100.0,541.44,10.012,-0.135,0.499,0.397,0.0,0.0,0.152,0.0,0.0,0.0,0.0,0.0,0.075,9.024
414,06:54,PTR10,16,16,16,100.0,578.76,10.676,-0.144,0.487,0.441,0.0,0.0,0.166,0.0,0.0,0.0,0.0,0.0,0.08,9.646
415,06:55,PTR6,15,15,15,100.0,555.96,10.288,-0.135,0.511,0.416,0.0,0.0,0.155,0.0,0.0,0.0,0.0,0.0,0.075,9.266
415,06:55,PTR7,15,15,15,100.0,555.24,10.288,-0.135,0.504,0.429,0.0,0.004,0.157,0.0,0.0,0.0,0.0,0.0,0.075,9.254
415,06:55,PTR8,16,16,16,100.0,595.32,10.967,-0.144,0.508,0.434,0.0,0.0,0.167,0.0,0.0,0.0,0.0,0.0,0.08,9.922
415,06:55,PTR9,15,15,15,100.0,555.96,10.282,-0.135,0.516,0.405,0.0,0.0,0.155,0.0,0.0,0.0,0.0,0.0,0.075,9.266
415,06:55,PTR10,16,16,16,100.0,593.7,10.964,-0.144,0.504,0.46,0.0,0.0,0.169,0.0,0.0,0.0,0.0,0.0,0.08,9.895
416,06:56,PTR6,15,15,15,100.0,571.56,10.558,-0.15,0.518,0.432,0.0,0.0,0.157,0.0,0.0,0.0,0.0,0.0,0.075,9.526
416,06:56,PTR7,15,15,15,100.0,571.8,10.558,-0.15,0.511,0.427,0.0,0.005,0.16,0.0,0.0,0.0,0.0,0.0,0.075,9.53
416,06:56,PTR8,16,16,16,100.0,611.52,11.255,-0.16,0.513,0.459,0.0,0.0,0.171,0.0,0.0,0.0,0.0,0.0,0.08,10.192
416,06:56,PTR9,15,15,15,100.0,571.98,10.552,-0.15,0.526,0.409,0.0,0.0,0.159,0.0,0.0,0.0,0.0,0.0,0.075,9.533
416,06:56,PTR10,16,16,16,100.0,610.38,11.252,-0.16,0.512,0.473,0.0,0.0,0.174,0.0,0.0,0.0,0.0,0.0,0.08,10.173
417,06:57,PTR6,15,15,15,100.0,583.02,10.768,-0.15,0.53,0.433,0.0,0.0,0.163,0.0,0.0,0.0,0.0,0.0,0.075,9.717
417,06:57,PTR7,15,15,15,100.0,583.08,10.768,-0.15,0.522,0.435,0.0,0.005,0.163,0.0,0.0,0.0,0.0,0.0,0.075,9.718
417,06:57,PTR8,16,16,16,100.0,623.76,11.479,-0.16,0.527,0.461,0.0,0.0,0.175,0.0,0.0,0.0,0.0,0.0,0.08,10.396
417,06:57,PTR9,15,15,15,100.0,583.74,10.762,-0.15,0.538,0.407,0.0,0.0,0.163,0.0,0.0,0.0,0.0,0.0,0.075,9.729
417,06:57,PTR10,16,16,16,100.0,623.04,11.476,-0.16,0.527,0.475,0.0,0.0,0.17,0.0,0.0,0.0,0.0,0.0,0.08,10.384
418,06:58,PTR6,15,15,15,100.0,598.26,11.009,-0.164,0.542,0.419,0.0,0.0,0.166,0.0,0.0,0.0,0.0,0.0,0.075,9.971
418,06:58,PTR7,15,15,15,100.0,596.82,11.009,-0.164,0.534,0.447,0.0,0.005,0.165,0.0,0.0,0.0,0.0,0.0,0.075,9.947
418,06:58,PTR8,16,16,16,100.0,639.72,11.739,-0.172,0.537,0.456,0.0,0.0,0.176,0.0,0.0,0.0,0.0,0.0,0.08,10.662
418,06:58,PTR9,15,15,15,100.0,598.08,11.006,-0.161,0.548,0.411,0.0,0.0,0.165,0.0,0.0,0.0,0.0,0.0,0.075,9.968
418,06:58,PTR10,16,16,16,100.0,638.34,11.738,-0.17,0.536,0.478,0.0,0.0,0.175,0.0,0.0,0.0,0.0,0.0,0.08,10.639
419,06:59,PTR6,15,15,15,100.0,611.46,11.308,-0.136,0.549,0.457,0.0,0.0,0.169,0.0,0.0,0.0,0.0,0.0,0.078,10.191
419,06:59,PTR7,15,15,15,100.0,611.22,11.308,-0.136,0.544,0.461,0.0,0.006,0.165,0.0,0.0,0.0,0.0,0.0,0.081,10.187
419,06:59,PTR8,16,16,16,100.0,655.26,12.055,-0.147,0.548,0.467,0.0,0.0,0.18,0.0,0.0,0.0,0.0,0.0,0.086,10.921
419,06:59,PTR9,15,15,15,100.0,612.12,11.302,-0.139,0.562,0.429,0.0,0.0,0.168,0.0,0.0,0.0,0.0,0.0,0.08,10.202
419,06:59,PTR10,16,16,16,100.0,652.92,12.052,-0.15,0.551,0.506,0.0,0.0,0.177,0.0,0.0,0.0,0.0,0.0,0.086,10.882
420,07:00,PTR6,15,15,15,100.0,626.28,11.593,-0.135,0.563,0.465,0.0,0.0,0.172,0.0,0.0,0.0,0.0,0.0,0.09,10.438
420,07:00,PTR7,15,15,15,100.0,626.34,11.593,-0.135,0.555,0.472,0.0,0.006,0.166,0.0,0.0,0.0,0.0,0.0,0.09,10.439
420,07:00,PTR8,16,16,16,100.0,670.68,12.359,-0.144,0.56,0.487,0.0,0.0,0.182,0.0,0.0,0.0,0.0,0.0,0.096,11.178
420,07:00,PTR9,15,15,15,100.0,626.16,11.587,-0.135,0.574,0.452,0.0,0.0,0.17,0.0,0.0,0.0,0.0,0.0,0.09,10.436
420,07:00,PTR10,16,16,16,100.0,669.6,12.356,-0.144,0.559,0.501,0.0,0.0,0.184,0.0,0.0,0.0,0.0,0.0,0.096,11.16
421,07:01,PTR6,15,15,15,100.0,641.1,11.849,-0.134,0.578,0.457,0.0,0.0,0.173,0.0,0.0,0.0,0.0,0.0,0.09,10.685
421,07:01,PTR7,15,15,15,100.0,640.74,11.849,-0.134,0.57,0.466,0.0,0.006,0.172,0.0,0.0,0.0,0.0,0.0,0.09,10.679
421,07:01,PTR8,16,16,16,100.0,685.92,12.634,-0.141,0.572,0.489,0.0,0.0,0.186,0.0,0.0,0.0,0.0,0.0,0.096,11.432
421,07:01,PTR9,15,15,15,100.0,640.92,11.846,-0.131,0.586,0.446,0.0,0.0,0.173,0.0,0.0,0.0,0.0,0.0,0.09,10.682
421,07:01,PTR10,16,16,16,100.0,683.76,12.634,-0.138,0.57,0.523,0.0,0.0,0.187,0.0,0.0,0.0,0.0,0.0,0.096,11.396
422,07:02,PTR6,15,15,15,100.0,654.3,12.088,-0.135,0.597,0.455,0.0,0.0,0.176,0.0,0.0,0.0,0.0,0.0,0.09,10.905
422,07:02,PTR7,15,15,15,100.0,653.16,12.088,-0.135,0.588,0.474,0.0,0.006,0.179,0.0,0.0,0.0,0.0,0.0,0.09,10.886
422,07:02,PTR8,16,16,16,100.0,699.66,12.887,-0.144,0.593,0.494,0.0,0.0,0.187,0.0,0.0,0.0,0.0,0.0,0.096,11.661
422,07:02,PTR9,15,15,15,100.0,654.0,12.082,-0.135,0.604,0.446,0.0,0.0,0.177,0.0,0.0,0.0,0.0,0.0,0.09,10.9
422,07:02,PTR10,16,16,16,100.0,698.58,12.884,-0.144,0.591,0.509,0.0,0.0,0.189,0.0,0.0,0.0,0.0,0.0,0.096,11.643
423,07:03,PTR6,15,15,15,100.0,668.52,12.358,-0.12,0.601,0.465,0.0,0.0,0.18,0.0,0.0,0.0,0.0,0.0,0.09,11.142
423,07:03,PTR7,15,15,15,100.0,668.46,12.358,-0.12,0.593,0.467,0.0,0.007,0.18,0.0,0.0,0.0,0.0,0.0,0.09,11.141
423,07:03,PTR8,16,16,16,100.0,714.0,13.175,-0.128,0.595,0.519,0.0,0.0,0.193,0.0,0.0,0.0,0.0,0.0,0.096,11.9
423,07:03,PTR9,15,15,15,100.0,668.58,12.352,-0.12,0.607,0.451,0.0,0.0,0.181,0.0,0.0,0.0,0.0,0.0,0.09,11.143
423,07:03,PTR10,16,16,16,100.0,713.22,13.172,-0.128,0.593,0.533,0.0,0.0,0.191,0.0,0.0,0.0,0.0,0.0,0.096,11.887
424,07:04,PTR6,15,15,15,100.0,682.14,12.583,-0.136,0.611,0.467,0.0,0.0,0.182,0.0,0.0,0.0,0.0,0.0,0.09,11.369
424,07:04,PTR7,15,15,15,100.0,681.9,12.583,-0.136,0.603,0.472,0.0,0.007,0.182,0.0,0.0,0.0,0.0,0.0,0.09,11.365
424,07:04,PTR8,16,16,16,100.0,729.54,13.415,-0.147,0.609,0.503,0.0,0.0,0.195,0.0,0.0,0.0,0.0,0.0,0.096,12.159
424,07:04,PTR9,15,15,15,100.0,681.18,12.577,-0.139,0.622,0.469,0.0,0.0,0.182,0.0,0.0,0.0,0.0,0.0,0.09,11.353
424,07:04,PTR10,16,16,16,100.0,728.22,13.412,-0.15,0.611,0.521,0.0,0.0,0.197,0.0,0.0,0.0,0.0,0.0,0.096,12.137
425,07:05,PTR6,15,15,15,100.0,690.0,12.778,-0.135,0.626,0.513,0.0,0.0,0.184,0.0,0.0,0.0,0.0,0.0,0.09,11.5
425,07:05,PTR7,15,15,15,100.0,691.5,12.778,-0.135,0.619,0.485,0.0,0.007,0.187,0.0,0.0,0.0,0.0,0.0,0.09,11.525
425,07:05,PTR8,16,16,16,100.0,740.88,13.623,-0.144,0.622,0.505,0.0,0.0,0.196,0.0,0.0,0.0,0.0,0.0,0.096,12.348
425,07:05,PTR9,15,15,15,100.0,693.36,12.772,-0.135,0.634,0.444,0.0,0.0,0.183,0.0,0.0,0.0,0.0,0.0,0.09,11.556
425,07:05,PTR10,16,16,16,100.0,738.48,13.62,-0.144,0.622,0.542,0.0,0.0,0.196,0.0,0.0,0.0,0.0,0.0,0.096,12.308
426,07:06,PTR6,15,15,15,100.0,704.04,13.003,-0.135,0.638,0.493,0.0,0.0,0.183,0.0,0.0,0.0,0.0,0.0,0.09,11.734
426,07:06,PTR7,15,15,15,100.0,703.68,13.003,-0.135,0.63,0.495,0.0,0.008,0.187,0.0,0.0,0.0,0.0,0.0,0.09,11.728
426,07:06,PTR8,16,16,16,100.0,754.08,13.863,-0.144,0.636,0.507,0.0,0.0,0.2,0.0,0.0,0.0,0.0,0.0,0.096,12.568
426,07:06,PTR9,15,15,15,100.0,704.58,12.997,-0.135,0.647,0.466,0.0,0.0,0.186,0.0,0.0,0.0,0.0,0.0,0.09,11.743
426,07:06,PTR10,16,16,16,100.0,751.92,13.86,-0.144,0.636,0.54,0.0,0.0,0.2,0.0,0.0,0.0,0.0,0.0,0.096,12.532
427,07:07,PTR6,15,15,15,100.0,715.8,13.228,-0.12,0.648,0.488,0.0,0.0,0.192,0.0,0.0,0.0,0.0,0.0,0.09,11.93
427,07:07,PTR7,15,15,15,100.0,715.08,13.228,-0.12,0.634,0.506,0.0,0.007,0.192,0.0,0.0,0.0,0.0,0.0,0.091,11.918
427,07:07,PTR8,16,16,16,100.0,765.12,14.102,-0.129,0.639,0.542,0.0,0.0,0.201,0.0,0.0,0.0,0.0,0.0,0.097,12.752
427,07:07,PTR9,15,15,15,100.0,715.92,13.222,-0.12,0.657,0.473,0.0,0.0,0.19,0.0,0.0,0.0,0.0,0.0,0.09,11.932
427,07:07,PTR10,16,16,16,100.0,765.36,14.1,-0.128,0.64,0.532,0.0,0.0,0.203,0.0,0.0,0.0,0.0,0.0,0.097,12.756
428,07:08,PTR6,15,15,15,100.0,730.56,13.513,-0.135,0.663,0.511,0.0,0.0,0.195,0.0,0.0,0.0,0.0,0.0,0.103,12.176
428,07:08,PTR7,15,15,15,100.0,731.04,13.513,-0.135,0.649,0.511,0.0,0.007,0.194,0.0,0.0,0.0,0.0,0.0,0.103,12.184
428,07:08,PTR8,16,16,16,100.0,781.38,14.406,-0.145,0.655,0.555,0.0,0.0,0.207,0.0,0.0,0.0,0.0,0.0,0.111,13.023
428,07:08,PTR9,15,15,15,100.0,731.82,13.507,-0.135,0.672,0.475,0.0,0.0,0.194,0.0,0.0,0.0,0.0,0.0,0.104,12.197
428,07:08,PTR10,16,16,16,100.0,781.56,14.404,-0.144,0.656,0.549,0.0,0.0,0.207,0.0,0.0,0.0,0.0,0.0,0.11,13.026
429,07:09,PTR6,15,15,15,100.0,743.94,13.753,-0.134,0.677,0.511,0.0,0.0,0.195,0.0,0.0,0.0,0.0,0.0,0.105,12.399
429,07:09,PTR7,15,15,15,100.0,743.28,13.753,-0.134,0.669,0.52,0.0,0.008,0.197,0.0,0.0,0.0,0.0,0.0,0.105,12.388
429,07:09,PTR8,16,16,16,100.0,797.1,14.662,-0.141,0.67,0.524,0.0,0.0,0.212,0.0,0.0,0.0,0.0,0.0,0.112,13.285
429,07:09,PTR9,15,15,15,100.0,744.0,13.747,-0.131,0.685,0.492,0.0,0.0,0.196,0.0,0.0,0.0,0.0,0.0,0.105,12.4
429,07:09,PTR10,16,16,16,100.0,795.6,14.66,-0.138,0.67,0.546,0.0,0.0,0.21,0.0,0.0,0.0,0.0,0.0,0.112,13.26
430,07:10,PTR6,15,15,15,100.0,751.44,13.888,-0.135,0.683,0.509,0.0,0.0,0.202,0.0,0.0,0.0,0.0,0.0,0.105,12.524
430,07:10,PTR7,15,15,15,100.0,752.16,13.888,-0.135,0.671,0.501,0.0,0.009,0.201,0.0,0.0,0.0,0.0,0.0,0.105,12.536
430,07:10,PTR8,16,16,16,100.0,805.02,14.807,-0.143,0.676,0.529,0.0,0.0,0.216,0.0,0.0,0.0,0.0,0.0,0.112,13.417
430,07:10,PTR9,15,15,15,100.0,751.86,13.882,-0.135,0.69,0.493,0.0,0.0,0.198,0.0,0.0,0.0,0.0,0.0,0.105,12.531
430,07:10,PTR10,16,16,16,100.0,802.86,14.804,-0.144,0.678,0.564,0.0,0.0,0.213,0.0,0.0,0.0,0.0,0.0,0.112,13.381
431,07:11,PTR6,15,15,15,100.0,767.04,14.188,-0.119,0.701,0.515,0.0,0.0,0.202,0.0,0.0,0.0,0.0,0.0,0.105,12.784
431,07:11,PTR7,15,15,15,100.0,767.22,14.188,-0.119,0.689,0.512,0.0,0.009,0.205,0.0,0.0,0.0,0.0,0.0,0.105,12.787
431,07:11,PTR8,16,16,16,100.0,821.94,15.126,-0.125,0.693,0.53,0.0,0.0,0.217,0.0,0.0,0.0,0.0,0.0,0.112,13.699
431,07:11,PTR9,15,15,15,100.0,768.3,14.182,-0.116,0.709,0.478,0.0,0.0,0.201,0.0,0.0,0.0,0.0,0.0,0.105,12.805
431,07:11,PTR10,16,16,16,100.0,819.54,15.124,-0.122,0.689,0.571,0.0,0.0,0.215,0.0,0.0,0.0,0.0,0.0,0.112,13.659
432,07:12,PTR6,15,15,15,100.0,780.6,14.428,-0.12,0.701,0.525,0.0,0.0,0.207,0.0,0.0,0.0,0.0,0.0,0.105,13.01
432,07:12,PTR7,15,15,15,100.0,781.02,14.428,-0.12,0.69,0.525,0.0,0.009,0.202,0.0,0.0,0.0,0.0,0.0,0.105,13.017
432,07:12,PTR8,16,16,16,100.0,836.52,15.382,-0.129,0.695,0.543,0.0,0.0,0.219,0.0,0.0,0.0,0.0,0.0,0.112,13.942
432,07:12,PTR9,15,15,15,100.0,780.84,14.422,-0.12,0.713,0.506,0.0,0.0,0.204,0.0,0.0,0.0,0.0,0.0,0.105,13.014
432,07:12,PTR10,16,16,16,100.0,834.42,15.38,-0.128,0.695,0.572,0.0,0.0,0.222,0.0,0.0,0.0,0.0,0.0,0.112,13.907
433,07:13,PTR6,15,15,15,100.0,791.7,14.608,-0.135,0.71,0.523,0.0,0.0,0.21,0.0,0.0,0.0,0.0,0.0,0.105,13.195
433,07:13,PTR7,15,15,15,100.0,791.7,14.608,-0.135,0.7,0.527,0.0,0.009,0.207,0.0,0.0,0.0,0.0,0.0,0.105,13.195
433,07:13,PTR8,16,16,16,100.0,846.72,15.574,-0.145,0.708,0.565,0.0,0.0,0.222,0.0,0.0,0.0,0.0,0.0,0.112,14.112
433,07:13,PTR9,15,15,15,100.0,792.96,14.602,-0.135,0.72,0.488,0.0,0.0,0.208,0.0,0.0,0.0,0.0,0.0,0.105,13.216
433,07:13,PTR10,16,16,16,100.0,846.18,15.572,-0.144,0.706,0.573,0.0,0.0,0.222,0.0,0.0,0.0,0.0,0.0,0.112,14.103
434,07:14,PTR6,15,15,15,100.0,807.48,14.908,-0.135,0.728,0.54,0.0,0.0,0.212,0.0,0.0,0.0,0.0,0.0,0.105,13.458
434,07:14,PTR7,15,15,15,100.0,806.58,14.908,-0.135,0.718,0.557,0.0,0.009,0.211,0.0,0.0,0.0,0.0,0.0,0.105,13.443
434,07:14,PTR8,16,16,16,100.0,864.42,15.895,-0.143,0.724,0.57,0.0,0.0,0.225,0.0,0.0,0.0,0.0,0.0,0.112,14.407
434,07:14,PTR9,15,15,15,100.0,808.38,14.902,-0.135,0.741,0.507,0.0,0.0,0.211,0.0,0.0,0.0,0.0,0.0,0.105,13.473
434,07:14,PTR10,16,16,16,100.0,863.16,15.892,-0.144,0.725,0.588,0.0,0.0,0.225,0.0,0.0,0.0,0.0,0.0,0.112,14.386
435,07:15,PTR6,15,15,15,100.0,824.4,15.252,-0.106,0.746,0.549,0.0,0.0,0.218,0.0,0.0,0.0,0.0,0.0,0.105,13.74
435,07:15,PTR7,15,15,15,100.0,825.96,15.252,-0.106,0.736,0.526,0.0,0.01,0.215,0.0,0.0,0.0,0.0,0.0,0.105,13.766
435,07:15,PTR8,16,16,16,100.0,885.0,16.259,-0.115,0.74,0.538,0.0,0.0,0.232,0.0,0.0,0.0,0.0,0.0,0.114,14.75
435,07:15,PTR9,15,15,15,100.0,825.3,15.243,-0.109,0.758,0.519,0.0,0.0,0.215,0.0,0.0,0.0,0.0,0.0,0.105,13.755
435,07:15,PTR10,16,16,16,100.0,880.86,16.254,-0.118,0.741,0.608,0.0,0.0,0.23,0.0,0.0,0.0,0.0,0.0,0.112,14.681
436,07:16,PTR6,15,15,15,100.0,840.0,15.508,-0.135,0.762,0.545,0.0,0.0,0.22,0.0,0.0,0.0,0.0,0.0,0.116,14.0
436,07:16,PTR7,15,15,15,100.0,838.98,15.508,-0.135,0.751,0.568,0.0,0.009,0.217,0.0,0.0,0.0,0.0,0.0,0.115,13.983
436,07:16,PTR8,16,16,16,100.0,899.1,16.534,-0.144,0.754,0.579,0.0,0.0,0.235,0.0,0.0,0.0,0.0,0.0,0.125,14.985
436,07:16,PTR9,15,15,15,100.0,840.42,15.502,-0.135,0.771,0.521,0.0,0.0,0.22,0.0,0.0,0.0,0.0,0.0,0.118,14.007
436,07:16,PTR10,16,16,16,100.0,896.28,16.532,-0.144,0.756,0.623,0.0,0.0,0.236,0.0,0.0,0.0,0.0,0.0,0.123,14.938
437,07:17,PTR6,15,15,15,100.0,856.62,15.823,-0.119,0.776,0.545,0.0,0.0,0.224,0.0,0.0,0.0,0.0,0.0,0.12,14.277
437,07:17,PTR7,15,15,15,100.0,855.48,15.823,-0.119,0.765,0.566,0.0,0.01,0.223,0.0,0.0,0.0,0.0,0.0,0.12,14.258
437,07:17,PTR8,16,16,16,100.0,916.32,16.87,-0.125,0.767,0.59,0.0,0.0,0.238,0.0,0.0,0.0,0.0,0.0,0.128,15.272
437,07:17,PTR9,15,15,15,100.0,857.16,15.817,-0.116,0.783,0.52,0.0,0.0,0.224,0.0,0.0,0.0,0.0,0.0,0.12,14.286
437,07:17,PTR10,16,16,16,100.0,914.7,16.868,-0.122,0.767,0.612,0.0,0.0,0.238,0.0,0.0,0.0,0.0,0.0,0.128,15.245
438,07:18,PTR6,15,15,15,100.0,868.5,16.078,-0.089,0.789,0.552,0.0,0.0,0.231,0.0,0.0,0.0,0.0,0.0,0.12,14.475
438,07:18,PTR7,15,15,15,100.0,868.38,16.078,-0.089,0.779,0.557,0.0,0.011,0.227,0.0,0.0,0.0,0.0,0.0,0.12,14.473
438,07:18,PTR8,16,16,16,100.0,929.94,17.142,-0.093,0.781,0.586,0.0,0.0,0.241,0.0,0.0,0.0,0.0,0.0,0.128,15.499
438,07:18,PTR9,15,15,15,100.0,869.46,16.072,-0.086,0.797,0.524,0.0,0.0,0.226,0.0,0.0,0.0,0.0,0.0,0.12,14.491
438,07:18,PTR10,16,16,16,100.0,928.74,17.14,-0.09,0.78,0.603,0.0,0.0,0.24,0.0,0.0,0.0,0.0,0.0,0.128,15.479
439,07:19,PTR6,15,15,15,100.0,886.02,16.393,-0.09,0.794,0.573,0.0,0.0,0.229,0.0,0.0,0.0,0.0,0.0,0.12,14.767
439,07:19,PTR7,15,15,15,100.0,887.04,16.393,-0.09,0.783,0.555,0.0,0.011,0.23,0.0,0.0,0.0,0.0,0.0,0.12,14.784
439,07:19,PTR8,16,16,16,100.0,948.96,17.478,-0.096,0.791,0.591,0.0,0.0,0.248,0.0,0.0,0.0,0.0,0.0,0.128,15.816
439,07:19,PTR9,15,15,15,100.0,886.56,16.387,-0.09,0.808,0.543,0.0,0.0,0.23,0.0,0.0,0.0,0.0,0.0,0.12,14.776
439,07:19,PTR10,16,16,16,100.0,946.8,17.476,-0.096,0.792,0.623,0.0,0.0,0.249,0.0,0.0,0.0,0.0,0.0,0.128,15.78
440,07:20,PTR6,15,15,15,100.0,898.32,16.633,-0.09,0.809,0.589,0.0,0.0,0.233,0.0,0.0,0.0,0.0,0.0,0.12,14.972
440,07:20,PTR7,15,15,15,100.0,897.9,16.633,-0.09,0.797,0.594,0.0,0.011,0.236,0.0,0.0,0.0,0.0,0.0,0.12,14.965
440,07:20,PTR8,16,16,16,100.0,962.04,17.734,-0.096,0.807,0.609,0.0,0.0,0.252,0.0,0.0,0.0,0.0,0.0,0.128,16.034
440,07:20,PTR9,15,15,15,100.0,900.06,16.627,-0.09,0.823,0.541,0.0,0.0,0.232,0.0,0.0,0.0,0.0,0.0,0.12,15.001
440,07:20,PTR10,16,16,16,100.0,961.92,17.732,-0.096,0.806,0.611,0.0,0.0,0.251,0.0,0.0,0.0,0.0,0.0,0.128,16.032
441,07:21,PTR6,15,15,15,100.0,912.12,16.857,-0.09,0.823,0.567,0.0,0.0,0.235,0.0,0.0,0.0,0.0,0.0,0.12,15.202
441,07:21,PTR7,15,15,15,100.0,910.32,16.857,-0.09,0.81,0.595,0.0,0.011,0.239,0.0,0.0,0.0,0.0,0.0,0.12,15.172
441,07:21,PTR8,16,16,16,100.0,975.78,17.971,-0.096,0.818,0.605,0.0,0.0,0.253,0.0,0.0,0.0,0.0,0.0,0.128,16.263
441,07:21,PTR9,15,15,15,100.0,912.06,16.848,-0.09,0.833,0.548,0.0,0.0,0.236,0.0,0.0,0.0,0.0,0.0,0.12,15.201
441,07:21,PTR10,16,16,16,100.0,976.14,17.966,-0.096,0.814,0.598,0.0,0.0,0.253,0.0,0.0,0.0,0.0,0.0,0.128,16.269
442,07:22,PTR6,15,15,15,100.0,927.42,17.157,-0.09,0.841,0.589,0.0,0.0,0.24,0.0,0.0,0.0,0.0,0.0,0.12,15.457
442,07:22,PTR7,15,15,15,100.0,928.5,17.157,-0.09,0.832,0.567,0.0,0.012,0.241,0.0,0.0,0.0,0.0,0.0,0.12,15.475
442,07:22,PTR8,16,16,16,100.0,994.44,18.29,-0.096,0.836,0.59,0.0,0.0,0.258,0.0,0.0,0.0,0.0,0.0,0.128,16.574
442,07:22,PTR9,15,15,15,100.0,928.68,17.148,-0.09,0.856,0.544,0.0,0.0,0.24,0.0,0.0,0.0,0.0,0.0,0.12,15.478
442,07:22,PTR10,16,16,16,100.0,990.9,18.286,-0.096,0.835,0.648,0.0,0.0,0.256,0.0,0.0,0.0,0.0,0.0,0.128,16.515
443,07:23,PTR6,15,15,15,100.0,942.3,17.442,-0.075,0.851,0.589,0.0,0.0,0.248,0.0,0.0,0.0,0.0,0.0,0.124,15.705
443,07:23,PTR7,15,15,15,100.0,943.86,17.442,-0.075,0.838,0.569,0.0,0.013,0.243,0.0,0.0,0.0,0.0,0.0,0.123,15.731
443,07:23,PTR8,16,16,16,100.0,1009.2,18.594,-0.08,0.843,0.614,0.0,0.0,0.264,0.0,0.0,0.0,0.0,0.0,0.133,16.82
443,07:23,PTR9,15,15,15,100.0,943.98,17.433,-0.075,0.861,0.547,0.0,0.0,0.243,0.0,0.0,0.0,0.0,0.0,0.124,15.733
443,07:23,PTR10,16,16,16,100.0,1007.52,18.59,-0.08,0.843,0.641,0.0,0.0,0.262,0.0,0.0,0.0,0.0,0.0,0.132,16.792
444,07:24,PTR6,15,15,15,100.0,954.06,17.667,-0.075,0.866,0.598,0.0,0.0,0.245,0.0,0.0,0.0,0.0,0.0,0.132,15.901
444,07:24,PTR7,15,15,15,100.0,954.9,17.667,-0.075,0.85,0.586,0.0,0.012,0.247,0.0,0.0,0.0,0.0,0.0,0.132,15.915
444,07:24,PTR8,16,16,16,100.0,1022.04,18.834,-0.08,0.855,0.618,0.0,0.0,0.263,0.0,0.0,0.0,0.0,0.0,0.144,17.034
444,07:24,PTR9,15,15,15,100.0,955.44,17.658,-0.075,0.875,0.553,0.0,0.0,0.246,0.0,0.0,0.0,0.0,0.0,0.135,15.924
444,07:24,PTR10,16,16,16,100.0,1018.98,18.83,-0.08,0.856,0.665,0.0,0.0,0.264,0.0,0.0,0.0,0.0,0.0,0.142,16.983
445,07:25,PTR6,15,15,15,100.0,975.48,18.057,-0.06,0.881,0.592,0.0,0.0,0.251,0.0,0.0,0.0,0.0,0.0,0.135,16.258
445,07:25,PTR7,15,15,15,100.0,973.68,18.057,-0.06,0.866,0.622,0.0,0.013,0.253,0.0,0.0,0.0,0.0,0.0,0.135,16.228
445,07:25,PTR8,16,16,16,100.0,1043.52,19.25,-0.064,0.87,0.639,0.0,0.0,0.269,0.0,0.0,0.0,0.0,0.0,0.144,17.392
445,07:25,PTR9,15,15,15,100.0,977.4,18.048,-0.06,0.892,0.541,0.0,0.0,0.25,0.0,0.0,0.0,0.0,0.0,0.135,16.29
445,07:25,PTR10,16,16,16,100.0,1042.14,19.246,-0.064,0.87,0.657,0.0,0.0,0.27,0.0,0.0,0.0,0.0,0.0,0.144,17.369
446,07:26,PTR6,15,15,15,100.0,991.14,18.328,-0.059,0.886,0.59,0.0,0.0,0.257,0.0,0.0,0.0,0.0,0.0,0.135,16.519
446,07:26,PTR7,15,15,15,100.0,991.14,18.328,-0.059,0.874,0.589,0.0,0.014,0.256,0.0,0.0,0.0,0.0,0.0,0.135,16.519
446,07:26,PTR8,16,16,16,100.0,1059.9,19.542,-0.061,0.88,0.639,0.0,0.0,0.275,0.0,0.0,0.0,0.0,0.0,0.144,17.665
446,07:26,PTR9,15,15,15,100.0,991.08,18.322,-0.056,0.9,0.57,0.0,0.0,0.255,0.0,0.0,0.0,0.0,0.0,0.135,16.518
446,07:26,PTR10,16,16,16,100.0,1057.14,19.54,-0.058,0.879,0.68,0.0,0.0,0.276,0.0,0.0,0.0,0.0,0.0,0.144,17.619
447,07:27,PTR6,15,15,15,100.0,1006.56,18.613,-0.059,0.913,0.587,0.0,0.0,0.261,0.0,0.0,0.0,0.0,0.0,0.135,16.776
447,07:27,PTR7,15,15,15,100.0,1005.18,18.613,-0.059,0.9,0.61,0.0,0.013,0.261,0.0,0.0,0.0,0.0,0.0,0.135,16.753
447,07:27,PTR8,16,16,16,100.0,1077.0,19.846,-0.06,0.907,0.628,0.0,0.0,0.277,0.0,0.0,0.0,0.0,0.0,0.144,17.95
447,07:27,PTR9,15,15,15,100.0,1005.42,18.607,-0.056,0.925,0.585,0.0,0.0,0.261,0.0,0.0,0.0,0.0,0.0,0.135,16.757
447,07:27,PTR10,16,16,16,100.0,1073.88,19.844,-0.058,0.906,0.677,0.0,0.0,0.277,0.0,0.0,0.0,0.0,0.0,0.144,17.898
448,07:28,PTR6,15,15,15,100.0,1022.58,18.897,-0.06,0.918,0.596,0.0,0.0,0.265,0.0,0.0,0.0,0.0,0.0,0.135,17.043
448,07:28,PTR7,15,15,15,100.0,1021.02,18.897,-0.06,0.906,0.623,0.0,0.014,0.262,0.0,0.0,0.0,0.0,0.0,0.135,17.017
448,07:28,PTR8,16,16,16,100.0,1093.86,20.146,-0.064,0.91,0.643,0.0,0.0,0.282,0.0,0.0,0.0,0.0,0.0,0.144,18.231
448,07:28,PTR9,15,15,15,100.0,1022.16,18.888,-0.06,0.933,0.583,0.0,0.0,0.261,0.0,0.0,0.0,0.0,0.0,0.135,17.036
448,07:28,PTR10,16,16,16,100.0,1092.06,20.142,-0.064,0.911,0.667,0.0,0.0,0.283,0.0,0.0,0.0,0.0,0.0,0.144,18.201
449,07:29,PTR6,15,15,15,100.0,1037.88,19.197,-0.045,0.929,0.613,0.0,0.0,0.267,0.0,0.0,0.0,0.0,0.0,0.135,17.298
449,07:29,PTR7,15,15,15,100.0,1036.26,19.197,-0.045,0.916,0.638,0.0,0.014,0.268,0.0,0.0,0.0,0.0,0.0,0.135,17.271
449,07:29,PTR8,16,16,16,100.0,1110.0,20.466,-0.048,0.923,0.66,0.0,0.0,0.286,0.0,0.0,0.0,0.0,0.0,0.145,18.5
449,07:29,PTR9,15,15,15,100.0,1038.18,19.188,-0.045,0.944,0.583,0.0,0.0,0.268,0.0,0.0,0.0,0.0,0.0,0.135,17.303
449,07:29,PTR10,16,16,16,100.0,1109.76,20.462,-0.048,0.923,0.662,0.0,0.0,0.285,0.0,0.0,0.0,0.0,0.0,0.144,18.496
450,07:30,PTR6,15,15,15,100.0,1053.18,19.512,-0.03,0.952,0.629,0.0,0.0,0.27,0.0,0.0,0.0,0.0,0.0,0.138,17.553
450,07:30,PTR7,15,15,15,100.0,1053.0,19.512,-0.03,0.94,0.629,0.0,0.015,0.27,0.0,0.0,0.0,0.0,0.0,0.138,17.55
450,07:30,PTR8,16,16,16,100.0,1128.12,20.802,-0.032,0.944,0.651,0.0,0.0,0.289,0.0,0.0,0.0,0.0,0.0,0.148,18.802
450,07:30,PTR9,15,15,15,100.0,1054.26,19.503,-0.03,0.966,0.586,0.0,0.0,0.272,0.0,0.0,0.0,0.0,0.0,0.138,17.571
450,07:30,PTR10,16,16,16,100.0,1125.18,20.798,-0.032,0.945,0.695,0.0,0.0,0.29,0.0,0.0,0.0,0.0,0.0,0.147,18.753
451,07:31,PTR6,15,15,15,100.0,1067.88,19.797,-0.015,0.959,0.631,0.0,0.0,0.276,0.0,0.0,0.0,0.0,0.0,0.148,17.798
451,07:31,PTR7,15,15,15,100.0,1066.98,19.797,-0.015,0.944,0.652,0.0,0.015,0.273,0.0,0.0,0.0,0.0,0.0,0.145,17.783
451,07:31,PTR8,16,16,16,100.0,1144.14,21.106,-0.016,0.949,0.649,0.0,0.0,0.296,0.0,0.0,0.0,0.0,0.0,0.159,19.069
451,07:31,PTR9,15,15,15,100.0,1068.12,19.788,-0.015,0.971,0.603,0.0,0.0,0.279,0.0,0.0,0.0,0.0,0.0,0.148,17.802
451,07:31,PTR10,16,16,16,100.0,1140.96,21.102,-0.016,0.951,0.7,0.0,0.0,0.294,0.0,0.0,0.0,0.0,0.0,0.157,19.016
452,07:32,PTR6,15,15,15,100.0,1078.2,20.022,0.015,0.975,0.637,0.0,0.0,0.275,0.0,0.0,0.0,0.0,0.0,0.15,17.97
452,07:32,PTR7,15,15,15,100.0,1077.84,20.022,0.015,0.961,0.636,0.0,0.016,0.28,0.0,0.0,0.0,0.0,0.0,0.15,17.964
452,07:32,PTR8,16,16,16,100.0,1155.48,21.346,0.016,0.968,0.644,0.0,0.0,0.3,0.0,0.0,0.0,0.0,0.0,0.16,19.258
452,07:32,PTR9,15,15,15,100.0,1078.02,20.013,0.015,0.989,0.616,0.0,0.0,0.276,0.0,0.0,0.0,0.0,0.0,0.15,17.967
452,07:32,PTR10,16,16,16,100.0,1151.4,21.342,0.016,0.969,0.714,0.0,0.0,0.293,0.0,0.0,0.0,0.0,0.0,0.16,19.19
453,07:33,PTR6,15,15,15,100.0,1087.02,20.202,0.03,0.975,0.647,0.0,0.0,0.283,0.0,0.0,0.0,0.0,0.0,0.15,18.117
453,07:33,PTR7,15,15,15,100.0,1086.48,20.202,0.03,0.961,0.659,0.0,0.016,0.278,0.0,0.0,0.0,0.0,0.0,0.15,18.108
453,07:33,PTR8,16,16,16,100.0,1163.64,21.538,0.032,0.968,0.683,0.0,0.0,0.301,0.0,0.0,0.0,0.0,0.0,0.16,19.394
453,07:33,PTR9,15,15,15,100.0,1089.18,20.193,0.03,0.989,0.593,0.0,0.0,0.278,0.0,0.0,0.0,0.0,0.0,0.15,18.153
453,07:33,PTR10,16,16,16,100.0,1161.6,21.534,0.032,0.968,0.717,0.0,0.0,0.297,0.0,0.0,0.0,0.0,0.0,0.16,19.36
454,07:34,PTR6,15,15,15,100.0,1102.14,20.502,0.045,0.988,0.665,0.0,0.0,0.285,0.0,0.0,0.0,0.0,0.0,0.15,18.369
454,07:34,PTR7,15,15,15,100.0,1103.1,20.502,0.045,0.975,0.647,0.0,0.016,0.284,0.0,0.0,0.0,0.0,0.0,0.15,18.385
454,07:34,PTR8,16,16,16,100.0,1181.4,21.857,0.047,0.979,0.678,0.0,0.0,0.303,0.0,0.0,0.0,0.0,0.0,0.16,19.69
454,07:34,PTR9,15,15,15,100.0,1103.64,20.493,0.045,1.004,0.617,0.0,0.0,0.283,0.0,0.0,0.0,0.0,0.0,0.15,18.394
454,07:34,PTR10,16,16,16,100.0,1179.42,21.854,0.048,0.981,0.704,0.0,0.0,0.304,0.0,0.0,0.0,0.0,0.0,0.16,19.657
455,07:35,PTR6,15,15,15,100.0,1114.86,20.756,0.074,1.0,0.664,0.0,0.0,0.287,0.0,0.0,0.0,0.0,0.0,0.15,18.581
455,07:35,PTR7,15,15,15,100.0,1116.06,20.756,0.074,0.986,0.64,0.0,0.017,0.288,0.0,0.0,0.0,0.0,0.0,0.15,18.601
455,07:35,PTR8,16,16,16,100.0,1196.64,22.126,0.076,0.993,0.645,0.0,0.0,0.308,0.0,0.0,0.0,0.0,0.0,0.16,19.944
455,07:35,PTR9,15,15,15,100.0,1118.34,20.744,0.071,1.015,0.582,0.0,0.0,0.287,0.0,0.0,0.0,0.0,0.0,0.15,18.639
455,07:35,PTR10,16,16,16,100.0,1192.5,22.12,0.074,0.993,0.713,0.0,0.0,0.305,0.0,0.0,0.0,0.0,0.0,0.16,19.875
456,07:36,PTR6,15,15,15,100.0,1126.14,20.952,0.061,1.017,0.667,0.0,0.0,0.288,0.0,0.0,0.0,0.0,0.0,0.15,18.769
456,07:36,PTR7,15,15,15,100.0,1128.42,20.952,0.061,1.002,0.625,0.0,0.016,0.291,0.0,0.0,0.0,0.0,0.0,0.15,18.807
456,07:36,PTR8,16,16,16,100.0,1206.18,22.338,0.068,1.006,0.693,0.0,0.0,0.308,0.0,0.0,0.0,0.0,0.0,0.16,20.103
456,07:36,PTR9,15,15,15,100.0,1128.36,20.943,0.064,1.029,0.602,0.0,0.0,0.292,0.0,0.0,0.0,0.0,0.0,0.15,18.806
456,07:36,PTR10,16,16,16,100.0,1205.28,22.334,0.07,1.007,0.702,0.0,0.0,0.307,0.0,0.0,0.0,0.0,0.0,0.16,20.088
457,07:37,PTR6,15,15,15,100.0,1138.26,21.162,0.075,1.024,0.653,0.0,0.0,0.289,0.0,0.0,0.0,0.0,0.0,0.15,18.971
457,07:37,PTR7,15,15,15,100.0,1136.88,21.162,0.075,1.009,0.667,0.0,0.017,0.296,0.0,0.0,0.0,0.0,0.0,0.15,18.948
457,07:37,PTR8,16,16,16,100.0,1219.38,22.562,0.08,1.016,0.669,0.0,0.0,0.314,0.0,0.0,0.0,0.0,0.0,0.16,20.323
457,07:37,PTR9,15,15,15,100.0,1140.18,21.153,0.075,1.038,0.597,0.0,0.0,0.29,0.0,0.0,0.0,0.0,0.0,0.15,19.003
457,07:37,PTR10,16,16,16,100.0,1215.24,22.558,0.08,1.017,0.734,0.0,0.0,0.313,0.0,0.0,0.0,0.0,0.0,0.16,20.254
458,07:38,PTR6,15,15,15,100.0,1152.12,21.446,0.075,1.042,0.683,0.0,0.0,0.294,0.0,0.0,0.0,0.0,0.0,0.15,19.202
458,07:38,PTR7,15,15,15,100.0,1152.78,21.446,0.075,1.028,0.668,0.0,0.017,0.295,0.0,0.0,0.0,0.0,0.0,0.15,19.213
458,07:38,PTR8,16,16,16,100.0,1234.8,22.862,0.08,1.033,0.688,0.0,0.0,0.319,0.0,0.0,0.0,0.0,0.0,0.162,20.58
458,07:38,PTR9,15,15,15,100.0,1154.82,21.434,0.075,1.056,0.612,0.0,0.0,0.294,0.0,0.0,0.0,0.0,0.0,0.15,19.247
458,07:38,PTR10,16,16,16,100.0,1231.2,22.856,0.08,1.031,0.749,0.0,0.0,0.316,0.0,0.0,0.0,0.0,0.0,0.16,20.52
459,07:39,PTR6,15,15,15,100.0,1165.92,21.702,0.091,1.053,0.674,0.0,0.0,0.299,0.0,0.0,0.0,0.0,0.0,0.153,19.432
459,07:39,PTR7,15,15,15,100.0,1165.62,21.702,0.091,1.035,0.682,0.0,0.018,0.296,0.0,0.0,0.0,0.0,0.0,0.153,19.427
459,07:39,PTR8,16,16,16,100.0,1249.26,23.138,0.1,1.043,0.685,0.0,0.0,0.323,0.0,0.0,0.0,0.0,0.0,0.166,20.821
459,07:39,PTR9,15,15,15,100.0,1169.28,21.693,0.094,1.063,0.592,0.0,0.0,0.301,0.0,0.0,0.0,0.0,0.0,0.155,19.488
459,07:39,PTR10,16,16,16,100.0,1246.62,23.134,0.102,1.041,0.729,0.0,0.0,0.318,0.0,0.0,0.0,0.0,0.0,0.167,20.777
460,07:40,PTR6,15,15,15,100.0,1181.52,21.987,0.121,1.065,0.642,0.0,0.0,0.303,0.0,0.0,0.0,0.0,0.0,0.164,19.692
460,07:40,PTR7,15,15,15,100.0,1178.46,21.987,0.121,1.049,0.696,0.0,0.018,0.301,0.0,0.0,0.0,0.0,0.0,0.161,19.641
460,07:40,PTR8,16,16,16,100.0,1263.78,23.441,0.131,1.056,0.69,0.0,0.0,0.325,0.0,0.0,0.0,0.0,0.0,0.176,21.063
460,07:40,PTR9,15,15,15,100.0,1181.16,21.978,0.124,1.078,0.623,0.0,0.0,0.303,0.0,0.0,0.0,0.0,0.0,0.164,19.686
460,07:40,PTR10,16,16,16,100.0,1263.0,23.438,0.134,1.056,0.702,0.0,0.0,0.323,0.0,0.0,0.0,0.0,0.0,0.173,21.05
461,07:41,PTR6,15,15,15,100.0,1189.68,22.137,0.106,1.073,0.662,0.0,0.0,0.304,0.0,0.0,0.0,0.0,0.0,0.164,19.828
461,07:41,PTR7,15,15,15,100.0,1188.54,22.137,0.106,1.058,0.675,0.0,0.019,0.305,0.0,0.0,0.0,0.0,0.0,0.165,19.809
461,07:41,PTR8,16,16,16,100.0,1274.82,23.602,0.116,1.064,0.668,0.0,0.0,0.331,0.0,0.0,0.0,0.0,0.0,0.176,21.247
461,07:41,PTR9,15,15,15,100.0,1191.12,22.128,0.109,1.089,0.606,0.0,0.0,0.307,0.0,0.0,0.0,0.0,0.0,0.165,19.852
461,07:41,PTR10,16,16,16,100.0,1270.14,23.598,0.118,1.061,0.75,0.0,0.0,0.325,0.0,0.0,0.0,0.0,0.0,0.175,21.169
462,07:42,PTR6,15,15,15,100.0,1204.92,22.481,0.164,1.076,0.686,0.0,0.0,0.308,0.0,0.0,0.0,0.0,0.0,0.165,20.082
462,07:42,PTR7,15,15,15,100.0,1203.96,22.481,0.164,1.062,0.693,0.0,0.019,0.312,0.0,0.0,0.0,0.0,0.0,0.165,20.066
462,07:42,PTR8,16,16,16,100.0,1292.22,23.966,0.172,1.072,0.677,0.0,0.0,0.332,0.0,0.0,0.0,0.0,0.0,0.176,21.537
462,07:42,PTR9,15,15,15,100.0,1206.06,22.469,0.161,1.094,0.636,0.0,0.0,0.312,0.0,0.0,0.0,0.0,0.0,0.165,20.101
462,07:42,PTR10,16,16,16,100.0,1289.58,23.96,0.17,1.071,0.719,0.0,0.0,0.331,0.0,0.0,0.0,0.0,0.0,0.176,21.493
463,07:43,PTR6,15,15,15,100.0,1217.1,22.707,0.18,1.089,0.675,0.0,0.0,0.313,0.0,0.0,0.0,0.0,0.0,0.165,20.285
463,07:43,PTR7,15,15,15,100.0,1216.14,22.707,0.18,1.072,0.688,0.0,0.019,0.314,0.0,0.0,0.0,0.0,0.0,0.165,20.269
463,07:43,PTR8,16,16,16,100.0,1302.48,24.209,0.191,1.08,0.718,0.0,0.0,0.336,0.0,0.0,0.0,0.0,0.0,0.176,21.708
463,07:43,PTR9,15,15,15,100.0,1218.36,22.698,0.18,1.105,0.63,0.0,0.0,0.312,0.0,0.0,0.0,0.0,0.0,0.165,20.306
463,07:43,PTR10,16,16,16,100.0,1300.26,24.206,0.192,1.081,0.751,0.0,0.0,0.335,0.0,0.0,0.0,0.0,0.0,0.176,21.671
464,07:44,PTR6,15,15,15,100.0,1226.52,22.902,0.181,1.106,0.691,0.0,0.0,0.317,0.0,0.0,0.0,0.0,0.0,0.165,20.442
464,07:44,PTR7,15,15,15,100.0,1226.52,22.902,0.181,1.088,0.692,0.0,0.02,0.314,0.0,0.0,0.0,0.0,0.0,0.165,20.442
464,07:44,PTR8,16,16,16,100.0,1314.72,24.417,0.195,1.096,0.702,0.0,0.0,0.336,0.0,0.0,0.0,0.0,0.0,0.176,21.912
464,07:44,PTR9,15,15,15,100.0,1227.96,22.893,0.184,1.119,0.645,0.0,0.0,0.314,0.0,0.0,0.0,0.0,0.0,0.165,20.466
464,07:44,PTR10,16,16,16,100.0,1309.26,24.414,0.198,1.096,0.786,0.0,0.0,0.337,0.0,0.0,0.0,0.0,0.0,0.176,21.821
465,07:45,PTR6,15,15,15,100.0,1239.72,23.141,0.224,1.11,0.663,0.0,0.0,0.317,0.0,0.0,0.0,0.0,0.0,0.165,20.662
465,07:45,PTR7,15,15,15,100.0,1239.36,23.141,0.224,1.095,0.664,0.0,0.02,0.317,0.0,0.0,0.0,0.0,0.0,0.165,20.656
465,07:45,PTR8,16,16,16,100.0,1324.2,24.67,0.237,1.103,0.745,0.0,0.0,0.339,0.0,0.0,0.0,0.0,0.0,0.176,22.07
465,07:45,PTR9,15,15,15,100.0,1239.24,23.129,0.221,1.127,0.644,0.0,0.0,0.318,0.0,0.0,0.0,0.0,0.0,0.165,20.654
465,07:45,PTR10,16,16,16,100.0,1322.52,24.664,0.234,1.104,0.771,0.0,0.0,0.337,0.0,0.0,0.0,0.0,0.0,0.176,22.042
466,07:46,PTR6,15,15,15,100.0,1247.82,23.291,0.239,1.115,0.656,0.0,0.0,0.319,0.0,0.0,0.0,0.0,0.0,0.165,20.797
466,07:46,PTR7,15,15,15,100.0,1244.1,23.291,0.239,1.099,0.712,0.0,0.02,0.321,0.0,0.0,0.0,0.0,0.0,0.165,20.735
466,07:46,PTR8,16,16,16,100.0,1334.88,24.83,0.252,1.107,0.705,0.0,0.0,0.342,0.0,0.0,0.0,0.0,0.0,0.176,22.248
466,07:46,PTR9,15,15,15,100.0,1248.72,23.279,0.236,1.132,0.613,0.0,0.0,0.321,0.0,0.0,0.0,0.0,0.0,0.165,20.812
466,07:46,PTR10,16,16,16,100.0,1331.1,24.824,0.25,1.107,0.765,0.0,0.0,0.341,0.0,0.0,0.0,0.0,0.0,0.176,22.185
467,07:47,PTR6,15,15,15,100.0,1257.0,23.516,0.269,1.125,0.682,0.0,0.0,0.325,0.0,0.0,0.0,0.0,0.0,0.165,20.95
467,07:47,PTR7,15,15,15,100.0,1253.76,23.516,0.269,1.109,0.733,0.0,0.021,0.323,0.0,0.0,0.0,0.0,0.0,0.165,20.896
467,07:47,PTR8,16,16,16,100.0,1346.88,25.07,0.285,1.116,0.698,0.0,0.0,0.347,0.0,0.0,0.0,0.0,0.0,0.176,22.448
467,07:47,PTR9,15,15,15,100.0,1256.94,23.504,0.266,1.143,0.659,0.0,0.0,0.322,0.0,0.0,0.0,0.0,0.0,0.165,20.949
467,07:47,PTR10,16,16,16,100.0,1344.0,25.064,0.282,1.119,0.743,0.0,0.0,0.344,0.0,0.0,0.0,0.0,0.0,0.176,22.4
468,07:48,PTR6,15,15,15,100.0,1272.54,23.876,0.329,1.138,0.707,0.0,0.0,0.327,0.0,0.0,0.0,0.0,0.0,0.166,21.209
468,07:48,PTR7,15,15,15,100.0,1272.72,23.876,0.329,1.12,0.704,0.0,0.021,0.323,0.0,0.0,0.0,0.0,0.0,0.167,21.212
468,07:48,PTR8,16,16,16,100.0,1363.56,25.454,0.349,1.13,0.72,0.0,0.0,0.349,0.0,0.0,0.0,0.0,0.0,0.18,22.726
468,07:48,PTR9,15,15,15,100.0,1274.16,23.864,0.326,1.158,0.647,0.0,0.0,0.329,0.0,0.0,0.0,0.0,0.0,0.168,21.236
468,07:48,PTR10,16,16,16,100.0,1360.62,25.448,0.346,1.131,0.765,0.0,0.0,0.351,0.0,0.0,0.0,0.0,0.0,0.178,22.677
469,07:49,PTR6,15,15,15,100.0,1280.34,24.026,0.345,1.155,0.688,0.0,0.0,0.329,0.0,0.0,0.0,0.0,0.0,0.17,21.339
469,07:49,PTR7,15,15,15,100.0,1279.5,24.026,0.345,1.136,0.698,0.0,0.022,0.33,0.0,0.0,0.0,0.0,0.0,0.17,21.325
469,07:49,PTR8,16,16,16,100.0,1370.22,25.613,0.367,1.146,0.727,0.0,0.0,0.353,0.0,0.0,0.0,0.0,0.0,0.183,22.837
469,07:49,PTR9,15,15,15,100.0,1281.36,24.014,0.345,1.171,0.639,0.0,0.0,0.331,0.0,0.0,0.0,0.0,0.0,0.172,21.356
469,07:49,PTR10,16,16,16,100.0,1369.92,25.608,0.368,1.143,0.725,0.0,0.0,0.353,0.0,0.0,0.0,0.0,0.0,0.187,22.832
470,07:50,PTR6,15,15,15,100.0,1294.08,24.327,0.391,1.167,0.689,0.0,0.0,0.333,0.0,0.0,0.0,0.0,0.0,0.179,21.568
470,07:50,PTR7,15,15,15,100.0,1293.3,24.327,0.391,1.148,0.703,0.0,0.022,0.331,0.0,0.0,0.0,0.0,0.0,0.177,21.555
470,07:50,PTR8,16,16,16,100.0,1386.48,25.937,0.419,1.156,0.707,0.0,0.0,0.356,0.0,0.0,0.0,0.0,0.0,0.191,23.108
470,07:50,PTR9,15,15,15,100.0,1294.68,24.318,0.394,1.183,0.654,0.0,0.0,0.331,0.0,0.0,0.0,0.0,0.0,0.178,21.578
470,07:50,PTR10,16,16,16,100.0,1381.68,25.934,0.422,1.156,0.784,0.0,0.0,0.355,0.0,0.0,0.0,0.0,0.0,0.189,23.028
471,07:51,PTR6,15,15,15,100.0,1304.94,24.582,0.421,1.178,0.72,0.0,0.0,0.334,0.0,0.0,0.0,0.0,0.0,0.18,21.749
471,07:51,PTR7,15,15,15,100.0,1305.6,24.582,0.421,1.162,0.704,0.0,0.022,0.333,0.0,0.0,0.0,0.0,0.0,0.18,21.76
471,07:51,PTR8,16,16,16,100.0,1398.6,26.209,0.452,1.167,0.729,0.0,0.0,0.359,0.0,0.0,0.0,0.0,0.0,0.192,23.31
471,07:51,PTR9,15,15,15,100.0,1307.52,24.573,0.424,1.195,0.648,0.0,0.0,0.334,0.0,0.0,0.0,0.0,0.0,0.18,21.792
471,07:51,PTR10,16,16,16,100.0,1394.04,26.206,0.454,1.166,0.802,0.0,0.0,0.358,0.0,0.0,0.0,0.0,0.0,0.192,23.234
472,07:52,PTR6,15,15,15,100.0,1317.54,24.807,0.421,1.191,0.717,0.0,0.0,0.339,0.0,0.0,0.0,0.0,0.0,0.18,21.959
472,07:52,PTR7,15,15,15,100.0,1318.08,24.807,0.421,1.173,0.704,0.0,0.023,0.338,0.0,0.0,0.0,0.0,0.0,0.18,21.968
472,07:52,PTR8,16,16,16,100.0,1413.24,26.449,0.452,1.18,0.708,0.0,0.0,0.363,0.0,0.0,0.0,0.0,0.0,0.192,23.554
472,07:52,PTR9,15,15,15,100.0,1318.02,24.798,0.424,1.206,0.684,0.0,0.0,0.337,0.0,0.0,0.0,0.0,0.0,0.18,21.967
472,07:52,PTR10,16,16,16,100.0,1409.28,26.446,0.454,1.179,0.775,0.0,0.0,0.358,0.0,0.0,0.0,0.0,0.0,0.192,23.488
473,07:53,PTR6,15,15,15,100.0,1327.8,25.031,0.465,1.189,0.725,0.0,0.0,0.342,0.0,0.0,0.0,0.0,0.0,0.18,22.13
473,07:53,PTR7,15,15,15,100.0,1328.82,25.031,0.465,1.172,0.706,0.0,0.023,0.338,0.0,0.0,0.0,0.0,0.0,0.18,22.147
473,07:53,PTR8,16,16,16,100.0,1424.7,26.686,0.496,1.179,0.711,0.0,0.0,0.363,0.0,0.0,0.0,0.0,0.0,0.192,23.745
473,07:53,PTR9,15,15,15,100.0,1330.08,25.019,0.465,1.204,0.661,0.0,0.0,0.341,0.0,0.0,0.0,0.0,0.0,0.18,22.168
473,07:53,PTR10,16,16,16,100.0,1419.42,26.68,0.496,1.177,0.793,0.0,0.0,0.365,0.0,0.0,0.0,0.0,0.0,0.192,23.657
474,07:54,PTR6,15,15,15,100.0,1343.52,25.347,0.48,1.199,0.751,0.0,0.0,0.345,0.0,0.0,0.0,0.0,0.0,0.18,22.392
474,07:54,PTR7,15,15,15,100.0,1344.24,25.347,0.48,1.184,0.731,0.0,0.024,0.344,0.0,0.0,0.0,0.0,0.0,0.18,22.404
474,07:54,PTR8,16,16,16,100.0,1441.8,27.025,0.512,1.193,0.729,0.0,0.0,0.369,0.0,0.0,0.0,0.0,0.0,0.192,24.03
474,07:54,PTR9,15,15,15,100.0,1348.32,25.338,0.48,1.22,0.641,0.0,0.0,0.345,0.0,0.0,0.0,0.0,0.0,0.18,22.472
474,07:54,PTR10,16,16,16,100.0,1439.34,27.022,0.512,1.194,0.765,0.0,0.0,0.37,0.0,0.0,0.0,0.0,0.0,0.192,23.989
475,07:55,PTR6,15,15,15,100.0,1351.5,25.391,0.435,1.218,0.687,0.0,0.0,0.346,0.0,0.0,0.0,0.0,0.0,0.18,22.525
475,07:55,PTR7,15,15,15,100.0,1348.2,25.391,0.435,1.2,0.737,0.0,0.024,0.345,0.0,0.0,0.0,0.0,0.0,0.18,22.47
475,07:55,PTR8,16,16,16,100.0,1444.02,27.069,0.464,1.207,0.768,0.0,0.0,0.371,0.0,0.0,0.0,0.0,0.0,0.192,24.067
475,07:55,PTR9,15,15,15,100.0,1352.28,25.379,0.435,1.234,0.646,0.0,0.0,0.346,0.0,0.0,0.0,0.0,0.0,0.18,22.538
475,07:55,PTR10,16,16,16,100.0,1442.94,27.064,0.464,1.208,0.782,0.0,0.0,0.369,0.0,0.0,0.0,0.0,0.0,0.192,24.049
476,07:56,PTR6,15,15,15,100.0,1361.58,25.676,0.495,1.224,0.734,0.0,0.0,0.35,0.0,0.0,0.0,0.0,0.0,0.18,22.693
476,07:56,PTR7,15,15,15,100.0,1362.66,25.676,0.495,1.207,0.708,0.0,0.025,0.35,0.0,0.0,0.0,0.0,0.0,0.18,22.711
476,07:56,PTR8,16,16,16,100.0,1458.12,27.373,0.528,1.215,0.764,0.0,0.0,0.372,0.0,0.0,0.0,0.0,0.0,0.192,24.302
476,07:56,PTR9,15,15,15,100.0,1363.5,25.664,0.495,1.243,0.668,0.0,0.0,0.353,0.0,0.0,0.0,0.0,0.0,0.18,22.725
476,07:56,PTR10,16,16,16,100.0,1455.0,27.368,0.528,1.216,0.811,0.0,0.0,0.371,0.0,0.0,0.0,0.0,0.0,0.192,24.25
477,07:57,PTR6,15,15,15,100.0,1370.88,25.826,0.48,1.224,0.744,0.0,0.0,0.35,0.0,0.0,0.0,0.0,0.0,0.18,22.848
477,07:57,PTR7,15,15,15,100.0,1370.52,25.826,0.48,1.206,0.745,0.0,0.025,0.348,0.0,0.0,0.0,0.0,0.0,0.18,22.842
477,07:57,PTR8,16,16,16,100.0,1470.48,27.533,0.511,1.213,0.729,0.0,0.0,0.379,0.0,0.0,0.0,0.0,0.0,0.193,24.508
477,07:57,PTR9,15,15,15,100.0,1373.82,25.814,0.48,1.243,0.659,0.0,0.0,0.355,0.0,0.0,0.0,0.0,0.0,0.18,22.897
477,07:57,PTR10,16,16,16,100.0,1466.76,27.528,0.512,1.214,0.791,0.0,0.0,0.373,0.0,0.0,0.0,0.0,0.0,0.192,24.446
478,07:58,PTR6,15,15,15,100.0,1383.12,26.066,0.48,1.245,0.753,0.0,0.0,0.355,0.0,0.0,0.0,0.0,0.0,0.181,23.052
478,07:58,PTR7,15,15,15,100.0,1383.96,26.066,0.48,1.227,0.733,0.0,0.025,0.352,0.0,0.0,0.0,0.0,0.0,0.183,23.066
478,07:58,PTR8,16,16,16,100.0,1485.42,27.789,0.512,1.233,0.709,0.0,0.0,0.38,0.0,0.0,0.0,0.0,0.0,0.198,24.757
478,07:58,PTR9,15,15,15,100.0,1386.54,26.054,0.48,1.261,0.665,0.0,0.0,0.357,0.0,0.0,0.0,0.0,0.0,0.182,23.109
478,07:58,PTR10,16,16,16,100.0,1480.86,27.784,0.512,1.235,0.782,0.0,0.0,0.378,0.0,0.0,0.0,0.0,0.0,0.196,24.681
479,07:59,PTR6,15,15,15,100.0,1395.42,26.306,0.495,1.259,0.753,0.0,0.0,0.356,0.0,0.0,0.0,0.0,0.0,0.186,23.257
479,07:59,PTR7,15,15,15,100.0,1396.86,26.306,0.495,1.243,0.714,0.0,0.026,0.358,0.0,0.0,0.0,0.0,0.0,0.189,23.281
479,07:59,PTR8,16,16,16,100.0,1495.44,28.045,0.528,1.249,0.758,0.0,0.0,0.384,0.0,0.0,0.0,0.0,0.0,0.202,24.924
479,07:59,PTR9,15,15,15,100.0,1396.08,26.294,0.495,1.275,0.712,0.0,0.0,0.356,0.0,0.0,0.0,0.0,0.0,0.188,23.268
479,07:59,PTR10,16,16,16,100.0,1494.06,28.04,0.528,1.249,0.774,0.0,0.0,0.383,0.0,0.0,0.0,0.0,0.0,0.205,24.901
480,08:00,PTR6,15,15,15,100.0,1412.22,26.621,0.51,1.273,0.744,0.0,0.0,0.363,0.0,0.0,0.0,0.0,0.0,0.194,23.537
480,08:00,PTR7,15,15,15,100.0,1412.7,26.621,0.51,1.256,0.728,0.0,0.026,0.361,0.0,0.0,0.0,0.0,0.0,0.195,23.545
480,08:00,PTR8,16,16,16,100.0,1514.94,28.382,0.545,1.265,0.727,0.0,0.0,0.388,0.0,0.0,0.0,0.0,0.0,0.208,25.249
480,08:00,PTR9,15,15,15,100.0,1412.34,26.609,0.51,1.291,0.713,0.0,0.0,0.361,0.0,0.0,0.0,0.0,0.0,0.195,23.539
480,08:00,PTR10,16,16,16,100.0,1510.08,28.376,0.544,1.265,0.804,0.0,0.0,0.388,0.0,0.0,0.0,0.0,0.0,0.207,25.168
481,08:01,PTR6,15,15,15,100.0,1426.68,26.876,0.54,1.279,0.719,0.0,0.0,0.365,0.0,0.0,0.0,0.0,0.0,0.195,23.778
481,08:01,PTR7,15,15,15,100.0,1424.4,26.876,0.54,1.26,0.751,0.0,0.027,0.363,0.0,0.0,0.0,0.0,0.0,0.195,23.74
481,08:01,PTR8,16,16,16,100.0,1526.46,28.653,0.576,1.269,0.768,0.0,0.0,0.391,0.0,0.0,0.0,0.0,0.0,0.208,25.441
481,08:01,PTR9,15,15,15,100.0,1426.86,26.864,0.54,1.3,0.683,0.0,0.0,0.365,0.0,0.0,0.0,0.0,0.0,0.195,23.781
481,08:01,PTR10,16,16,16,100.0,1525.5,28.648,0.576,1.27,0.783,0.0,0.0,0.386,0.0,0.0,0.0,0.0,0.0,0.208,25.425
482,08:02,PTR6,15,15,15,100.0,1438.62,27.116,0.555,1.288,0.733,0.0,0.0,0.368,0.0,0.0,0.0,0.0,0.0,0.195,23.977
482,08:02,PTR7,15,15,15,100.0,1437.42,27.116,0.555,1.269,0.743,0.0,0.027,0.37,0.0,0.0,0.0,0.0,0.0,0.195,23.957
482,08:02,PTR8,16,16,16,100.0,1539.0,28.909,0.592,1.276,0.79,0.0,0.0,0.393,0.0,0.0,0.0,0.0,0.0,0.208,25.65
482,08:02,PTR9,15,15,15,100.0,1438.74,27.104,0.555,1.305,0.7,0.0,0.0,0.37,0.0,0.0,0.0,0.0,0.0,0.195,23.979
482,08:02,PTR10,16,16,16,100.0,1535.82,28.904,0.592,1.277,0.836,0.0,0.0,0.394,0.0,0.0,0.0,0.0,0.0,0.208,25.597
483,08:03,PTR6,15,15,15,100.0,1454.22,27.385,0.524,1.302,0.754,0.0,0.0,0.373,0.0,0.0,0.0,0.0,0.0,0.195,24.237
483,08:03,PTR7,15,15,15,100.0,1454.22,27.385,0.524,1.283,0.742,0.0,0.028,0.376,0.0,0.0,0.0,0.0,0.0,0.195,24.237
483,08:03,PTR8,16,16,16,100.0,1556.58,29.194,0.557,1.291,0.797,0.0,0.0,0.398,0.0,0.0,0.0,0.0,0.0,0.208,25.943
483,08:03,PTR9,15,15,15,100.0,1455.24,27.37,0.521,1.32,0.706,0.0,0.0,0.374,0.0,0.0,0.0,0.0,0.0,0.195,24.254
483,08:03,PTR10,16,16,16,100.0,1555.38,29.186,0.554,1.293,0.809,0.0,0.0,0.399,0.0,0.0,0.0,0.0,0.0,0.208,25.923
484,08:04,PTR6,15,15,15,100.0,1475.22,27.686,0.495,1.322,0.712,0.0,0.0,0.375,0.0,0.0,0.0,0.0,0.0,0.195,24.587
484,08:04,PTR7,15,15,15,100.0,1472.52,27.686,0.495,1.305,0.746,0.0,0.029,0.374,0.0,0.0,0.0,0.0,0.0,0.195,24.542
484,08:04,PTR8,16,16,16,100.0,1577.94,29.517,0.528,1.313,0.766,0.0,0.0,0.403,0.0,0.0,0.0,0.0,0.0,0.208,26.299
484,08:04,PTR9,15,15,15,100.0,1472.7,27.674,0.495,1.343,0.72,0.0,0.0,0.376,0.0,0.0,0.0,0.0,0.0,0.195,24.545
484,08:04,PTR10,16,16,16,100.0,1573.56,29.512,0.528,1.314,0.834,0.0,0.0,0.402,0.0,0.0,0.0,0.0,0.0,0.208,26.226
485,08:05,PTR6,15,15,15,100.0,1478.82,27.776,0.48,1.324,0.752,0.0,0.0,0.378,0.0,0.0,0.0,0.0,0.0,0.195,24.647
485,08:05,PTR7,15,15,15,100.0,1476.72,27.776,0.48,1.305,0.776,0.0,0.029,0.379,0.0,0.0,0.0,0.0,0.0,0.195,24.612
485,08:05,PTR8,16,16,16,100.0,1583.46,29.613,0.512,1.313,0.782,0.0,0.0,0.407,0.0,0.0,0.0,0.0,0.0,0.208,26.391
485,08:05,PTR9,15,15,15,100.0,1480.74,27.764,0.48,1.344,0.687,0.0,0.0,0.379,0.0,0.0,0.0,0.0,0.0,0.195,24.679
485,08:05,PTR10,16,16,16,100.0,1579.56,29.608,0.512,1.316,0.84,0.0,0.0,0.406,0.0,0.0,0.0,0.0,0.0,0.208,26.326
486,08:06,PTR6,15,15,15,100.0,1489.26,27.941,0.495,1.328,0.72,0.0,0.0,0.381,0.0,0.0,0.0,0.0,0.0,0.196,24.821
486,08:06,PTR7,15,15,15,100.0,1487.82,27.941,0.495,1.308,0.736,0.0,0.029,0.38,0.0,0.0,0.0,0.0,0.0,0.196,24.797
486,08:06,PTR8,16,16,16,100.0,1592.04,29.789,0.528,1.318,0.79,0.0,0.0,0.407,0.0,0.0,0.0,0.0,0.0,0.212,26.534
486,08:06,PTR9,15,15,15,100.0,1488.3,27.929,0.495,1.345,0.71,0.0,0.0,0.379,0.0,0.0,0.0,0.0,0.0,0.195,24.805
486,08:06,PTR10,16,16,16,100.0,1586.94,29.784,0.528,1.318,0.874,0.0,0.0,0.407,0.0,0.0,0.0,0.0,0.0,0.208,26.449
487,08:07,PTR6,15,15,15,100.0,1503.06,28.225,0.509,1.348,0.733,0.0,0.0,0.384,0.0,0.0,0.0,0.0,0.0,0.2,25.051
487,08:07,PTR7,15,15,15,100.0,1501.32,28.225,0.509,1.327,0.752,0.0,0.03,0.385,0.0,0.0,0.0,0.0,0.0,0.2,25.022
487,08:07,PTR8,16,16,16,100.0,1608.78,30.089,0.54,1.337,0.771,0.0,0.0,0.411,0.0,0.0,0.0,0.0,0.0,0.217,26.813
487,08:07,PTR9,15,15,15,100.0,1502.04,28.21,0.506,1.365,0.719,0.0,0.0,0.386,0.0,0.0,0.0,0.0,0.0,0.2,25.034
487,08:07,PTR10,16,16,16,100.0,1604.76,30.082,0.538,1.338,0.832,0.0,0.0,0.411,0.0,0.0,0.0,0.0,0.0,0.217,26.746
488,08:08,PTR6,15,15,15,100.0,1515.12,28.45,0.509,1.359,0.735,0.0,0.0,0.387,0.0,0.0,0.0,0.0,0.0,0.208,25.252
488,08:08,PTR7,15,15,15,100.0,1513.5,28.45,0.509,1.338,0.755,0.0,0.03,0.387,0.0,0.0,0.0,0.0,0.0,0.206,25.225
488,08:08,PTR8,16,16,16,100.0,1620.72,30.329,0.54,1.35,0.79,0.0,0.0,0.414,0.0,0.0,0.0,0.0,0.0,0.223,27.012
488,08:08,PTR9,15,15,15,100.0,1515.0,28.435,0.506,1.375,0.71,0.0,0.0,0.388,0.0,0.0,0.0,0.0,0.0,0.206,25.25
488,08:08,PTR10,16,16,16,100.0,1615.38,30.322,0.538,1.351,0.875,0.0,0.0,0.414,0.0,0.0,0.0,0.0,0.0,0.221,26.923
489,08:09,PTR6,15,15,15,100.0,1529.88,28.765,0.525,1.376,0.766,0.0,0.0,0.39,0.0,0.0,0.0,0.0,0.0,0.21,25.498
489,08:09,PTR7,15,15,15,100.0,1528.08,28.765,0.525,1.356,0.786,0.0,0.031,0.389,0.0,0.0,0.0,0.0,0.0,0.21,25.468
489,08:09,PTR8,16,16,16,100.0,1638.72,30.665,0.56,1.362,0.785,0.0,0.0,0.422,0.0,0.0,0.0,0.0,0.0,0.224,27.312
489,08:09,PTR9,15,15,15,100.0,1530.6,28.75,0.525,1.394,0.718,0.0,0.0,0.393,0.0,0.0,0.0,0.0,0.0,0.21,25.51
489,08:09,PTR10,16,16,16,100.0,1635.24,30.658,0.56,1.362,0.839,0.0,0.0,0.419,0.0,0.0,0.0,0.0,0.0,0.224,27.254
490,08:10,PTR6,15,15,15,100.0,1539.6,28.96,0.555,1.381,0.763,0.0,0.0,0.391,0.0,0.0,0.0,0.0,0.0,0.21,25.66
490,08:10,PTR7,15,15,15,100.0,1539.3,28.96,0.555,1.361,0.758,0.0,0.031,0.39,0.0,0.0,0.0,0.0,0.0,0.21,25.655
490,08:10,PTR8,16,16,16,100.0,1647.42,30.874,0.593,1.368,0.81,0.0,0.0,0.422,0.0,0.0,0.0,0.0,0.0,0.224,27.457
490,08:10,PTR9,15,15,15,100.0,1541.46,28.945,0.555,1.399,0.695,0.0,0.0,0.395,0.0,0.0,0.0,0.0,0.0,0.21,25.691
490,08:10,PTR10,16,16,16,100.0,1644.48,30.866,0.592,1.366,0.856,0.0,0.0,0.42,0.0,0.0,0.0,0.0,0.0,0.224,27.408
491,08:11,PTR6,15,15,15,100.0,1551.66,29.216,0.585,1.385,0.776,0.0,0.0,0.399,0.0,0.0,0.0,0.0,0.0,0.21,25.861
491,08:11,PTR7,15,15,15,100.0,1550.46,29.216,0.585,1.364,0.789,0.0,0.031,0.396,0.0,0.0,0.0,0.0,0.0,0.21,25.841
491,08:11,PTR8,16,16,16,100.0,1660.92,31.149,0.624,1.375,0.821,0.0,0.0,0.423,0.0,0.0,0.0,0.0,0.0,0.224,27.682
491,08:11,PTR9,15,15,15,100.0,1552.32,29.204,0.585,1.404,0.736,0.0,0.0,0.397,0.0,0.0,0.0,0.0,0.0,0.21,25.872
491,08:11,PTR10,16,16,16,100.0,1659.18,31.144,0.624,1.374,0.841,0.0,0.0,0.428,0.0,0.0,0.0,0.0,0.0,0.224,27.653
492,08:12,PTR6,15,15,15,100.0,1569.48,29.635,0.644,1.401,0.821,0.0,0.0,0.401,0.0,0.0,0.0,0.0,0.0,0.21,26.158
492,08:12,PTR7,15,15,15,100.0,1569.6,29.635,0.644,1.381,0.809,0.0,0.032,0.399,0.0,0.0,0.0,0.0,0.0,0.21,26.16
492,08:12,PTR8,16,16,16,100.0,1681.38,31.593,0.684,1.39,0.84,0.0,0.0,0.432,0.0,0.0,0.0,0.0,0.0,0.224,28.023
492,08:12,PTR9,15,15,15,100.0,1573.56,29.62,0.641,1.423,0.715,0.0,0.0,0.405,0.0,0.0,0.0,0.0,0.0,0.21,26.226
492,08:12,PTR10,16,16,16,100.0,1680.18,31.586,0.682,1.394,0.853,0.0,0.0,0.43,0.0,0.0,0.0,0.0,0.0,0.224,28.003
493,08:13,PTR6,15,15,15,100.0,1587.24,29.951,0.646,1.425,0.811,0.0,0.0,0.405,0.0,0.0,0.0,0.0,0.0,0.21,26.454
493,08:13,PTR7,15,15,15,100.0,1588.56,29.951,0.646,1.402,0.778,0.0,0.032,0.407,0.0,0.0,0.0,0.0,0.0,0.21,26.476
493,08:13,PTR8,16,16,16,100.0,1701.3,31.933,0.692,1.412,0.815,0.0,0.0,0.434,0.0,0.0,0.0,0.0,0.0,0.225,28.355
493,08:13,PTR9,15,15,15,100.0,1590.66,29.939,0.649,1.442,0.721,0.0,0.0,0.406,0.0,0.0,0.0,0.0,0.0,0.21,26.511
493,08:13,PTR10,16,16,16,100.0,1697.22,31.928,0.694,1.41,0.879,0.0,0.0,0.434,0.0,0.0,0.0,0.0,0.0,0.224,28.287
494,08:14,PTR6,15,15,15,100.0,1601.1,30.235,0.674,1.429,0.826,0.0,0.0,0.41,0.0,0.0,0.0,0.0,0.0,0.211,26.685
494,08:14,PTR7,15,15,15,100.0,1602.72,30.235,0.674,1.408,0.787,0.0,0.033,0.408,0.0,0.0,0.0,0.0,0.0,0.213,26.712
494,08:14,PTR8,16,16,16,100.0,1714.86,32.233,0.716,1.42,0.848,0.0,0.0,0.441,0.0,0.0,0.0,0.0,0.0,0.227,28.581
494,08:14,PTR9,15,15,15,100.0,1604.82,30.22,0.671,1.449,0.732,0.0,0.0,0.41,0.0,0.0,0.0,0.0,0.0,0.211,26.747
494,08:14,PTR10,16,16,16,100.0,1714.5,32.226,0.714,1.42,0.852,0.0,0.0,0.438,0.0,0.0,0.0,0.0,0.0,0.227,28.575
495,08:15,PTR6,15,15,15,100.0,1614.78,30.46,0.689,1.442,0.79,0.0,0.0,0.413,0.0,0.0,0.0,0.0,0.0,0.213,26.913
495,08:15,PTR7,15,15,15,100.0,1613.04,30.46,0.689,1.422,0.801,0.0,0.034,0.414,0.0,0.0,0.0,0.0,0.0,0.216,26.884
495,08:15,PTR8,16,16,16,100.0,1729.2,32.473,0.733,1.433,0.81,0.0,0.0,0.443,0.0,0.0,0.0,0.0,0.0,0.234,28.82
495,08:15,PTR9,15,15,15,100.0,1616.4,30.445,0.686,1.466,0.724,0.0,0.0,0.412,0.0,0.0,0.0,0.0,0.0,0.217,26.94
495,08:15,PTR10,16,16,16,100.0,1724.64,32.466,0.73,1.434,0.883,0.0,0.0,0.442,0.0,0.0,0.0,0.0,0.0,0.233,28.744
496,08:16,PTR6,15,15,15,100.0,1623.18,30.685,0.735,1.456,0.809,0.0,0.0,0.411,0.0,0.0,0.0,0.0,0.0,0.221,27.053
496,08:16,PTR7,15,15,15,100.0,1621.26,30.685,0.735,1.435,0.822,0.0,0.035,0.417,0.0,0.0,0.0,0.0,0.0,0.22,27.021
496,08:16,PTR8,16,16,16,100.0,1737.9,32.713,0.784,1.443,0.838,0.0,0.0,0.447,0.0,0.0,0.0,0.0,0.0,0.236,28.965
496,08:16,PTR9,15,15,15,100.0,1627.68,30.67,0.735,1.474,0.695,0.0,0.0,0.415,0.0,0.0,0.0,0.0,0.0,0.223,27.128
496,08:16,PTR10,16,16,16,100.0,1736.16,32.706,0.784,1.442,0.861,0.0,0.0,0.446,0.0,0.0,0.0,0.0,0.0,0.237,28.936
497,08:17,PTR6,15,15,15,100.0,1636.92,30.94,0.749,1.461,0.804,0.0,0.0,0.419,0.0,0.0,0.0,0.0,0.0,0.225,27.282
497,08:17,PTR7,15,15,15,100.0,1635.78,30.94,0.749,1.44,0.808,0.0,0.035,0.42,0.0,0.0,0.0,0.0,0.0,0.225,27.263
497,08:17,PTR8,16,16,16,100.0,1753.08,32.985,0.796,1.452,0.829,0.0,0.0,0.45,0.0,0.0,0.0,0.0,0.0,0.24,29.218
497,08:17,PTR9,15,15,15,100.0,1639.14,30.925,0.746,1.485,0.73,0.0,0.0,0.42,0.0,0.0,0.0,0.0,0.0,0.225,27.319
497,08:17,PTR10,16,16,16,100.0,1748.7,32.978,0.794,1.456,0.897,0.0,0.0,0.447,0.0,0.0,0.0,0.0,0.0,0.239,29.145
498,08:18,PTR6,15,15,15,100.0,1650.72,31.21,0.795,1.474,0.781,0.0,0.0,0.423,0.0,0.0,0.0,0.0,0.0,0.225,27.512
498,08:18,PTR7,15,15,15,100.0,1646.94,31.21,0.795,1.453,0.831,0.0,0.035,0.422,0.0,0.0,0.0,0.0,0.0,0.225,27.449
498,08:18,PTR8,16,16,16,100.0,1763.34,33.273,0.848,1.46,0.884,0.0,0.0,0.452,0.0,0.0,0.0,0.0,0.0,0.24,29.389
498,08:18,PTR9,15,15,15,100.0,1650.78,31.195,0.795,1.494,0.747,0.0,0.0,0.421,0.0,0.0,0.0,0.0,0.0,0.225,27.513
498,08:18,PTR10,16,16,16,100.0,1761.72,33.266,0.848,1.461,0.905,0.0,0.0,0.45,0.0,0.0,0.0,0.0,0.0,0.24,29.362
499,08:19,PTR6,15,15,15,100.0,1671.06,31.645,0.869,1.49,0.78,0.0,0.0,0.43,0.0,0.0,0.0,0.0,0.0,0.225,27.851
499,08:19,PTR7,15,15,15,100.0,1667.1,31.645,0.869,1.467,0.836,0.0,0.036,0.427,0.0,0.0,0.0,0.0,0.0,0.225,27.785
499,08:19,PTR8,16,16,16,100.0,1789.92,33.737,0.925,1.48,0.803,0.0,0.0,0.457,0.0,0.0,0.0,0.0,0.0,0.24,29.832
499,08:19,PTR9,15,15,15,100.0,1671.24,31.63,0.866,1.514,0.744,0.0,0.0,0.427,0.0,0.0,0.0,0.0,0.0,0.225,27.854
499,08:19,PTR10,16,16,16,100.0,1783.32,33.73,0.922,1.482,0.906,0.0,0.0,0.458,0.0,0.0,0.0,0.0,0.0,0.24,29.722
500,08:20,PTR6,15,15,15,100.0,1688.28,32.05,0.915,1.515,0.824,0.0,0.0,0.433,0.0,0.0,0.0,0.0,0.0,0.225,28.138
500,08:20,PTR7,15,15,15,100.0,1665.66,32.05,0.915,1.492,0.791,0.405,0.037,0.427,0.0,0.0,0.0,0.0,0.0,0.222,27.761
500,08:20,PTR8,16,16,16,100.0,1811.04,34.169,0.976,1.501,0.804,0.0,0.0,0.464,0.0,0.0,0.0,0.0,0.0,0.24,30.184
500,08:20,PTR9,15,15,15,100.0,1690.08,32.035,0.915,1.534,0.761,0.0,0.0,0.432,0.0,0.0,0.0,0.0,0.0,0.225,28.168
500,08:20,PTR10,16,16,16,100.0,1805.64,34.162,0.976,1.501,0.891,0.0,0.0,0.46,0.0,0.0,0.0,0.0,0.0,0.24,30.094
501,08:21,PTR6,15,15,15,100.0,1694.22,32.185,0.99,1.517,0.785,0.0,0.0,0.431,0.0,0.0,0.0,0.0,0.0,0.225,28.237
501,08:21,PTR7,15,15,15,100.0,1667.04,32.185,0.99,1.496,0.827,0.404,0.037,0.425,0.0,0.0,0.0,0.0,0.0,0.222,27.784
501,08:21,PTR8,16,16,16,100.0,1813.98,34.313,1.056,1.507,0.812,0.0,0.0,0.464,0.0,0.0,0.0,0.0,0.0,0.241,30.233
501,08:21,PTR9,15,15,15,100.0,1696.14,32.17,0.99,1.54,0.713,0.0,0.0,0.433,0.0,0.0,0.0,0.0,0.0,0.225,28.269
501,08:21,PTR10,16,16,16,100.0,1807.8,34.306,1.056,1.503,0.916,0.0,0.0,0.461,0.0,0.0,0.0,0.0,0.0,0.24,30.13
502,08:22,PTR6,15,15,15,100.0,1705.62,32.455,1.02,1.522,0.824,0.0,0.0,0.437,0.0,0.0,0.0,0.0,0.0,0.225,28.427
502,08:22,PTR7,15,15,15,100.0,1680.18,32.455,1.02,1.5,0.833,0.41,0.037,0.43,0.0,0.0,0.0,0.0,0.0,0.222,28.003
502,08:22,PTR8,16,16,16,100.0,1826.16,34.6,1.087,1.51,0.858,0.0,0.0,0.466,0.0,0.0,0.0,0.0,0.0,0.243,30.436
502,08:22,PTR9,15,15,15,100.0,1706.76,32.44,1.02,1.542,0.77,0.0,0.0,0.437,0.0,0.0,0.0,0.0,0.0,0.225,28.446
502,08:22,PTR10,16,16,16,100.0,1823.64,34.594,1.088,1.509,0.896,0.0,0.0,0.467,0.0,0.0,0.0,0.0,0.0,0.24,30.394
503,08:23,PTR6,15,15,15,100.0,1713.18,32.545,0.99,1.531,0.804,0.0,0.0,0.441,0.0,0.0,0.0,0.0,0.0,0.226,28.553
503,08:23,PTR7,15,15,15,100.0,1686.84,32.545,0.99,1.508,0.83,0.41,0.038,0.432,0.0,0.0,0.0,0.0,0.0,0.223,28.114
503,08:23,PTR8,16,16,16,100.0,1831.2,34.697,1.056,1.518,0.891,0.0,0.0,0.469,0.0,0.0,0.0,0.0,0.0,0.243,30.52
503,08:23,PTR9,15,15,15,100.0,1714.38,32.53,0.99,1.553,0.748,0.0,0.0,0.441,0.0,0.0,0.0,0.0,0.0,0.225,28.573
503,08:23,PTR10,16,16,16,100.0,1831.68,34.69,1.056,1.519,0.873,0.0,0.0,0.472,0.0,0.0,0.0,0.0,0.0,0.242,30.528
504,08:24,PTR6,15,15,15,100.0,1725.06,32.815,1.005,1.545,0.843,0.0,0.0,0.441,0.0,0.0,0.0,0.0,0.0,0.23,28.751
504,08:24,PTR7,15,15,15,100.0,1702.26,32.815,1.005,1.521,0.805,0.414,0.038,0.434,0.0,0.0,0.0,0.0,0.0,0.227,28.371
504,08:24,PTR8,16,16,16,100.0,1848.06,34.985,1.072,1.532,0.856,0.0,0.0,0.475,0.0,0.0,0.0,0.0,0.0,0.249,30.801
504,08:24,PTR9,15,15,15,100.0,1727.82,32.8,1.005,1.568,0.757,0.0,0.0,0.443,0.0,0.0,0.0,0.0,0.0,0.23,28.797
504,08:24,PTR10,16,16,16,100.0,1841.88,34.978,1.072,1.532,0.957,0.0,0.0,0.469,0.0,0.0,0.0,0.0,0.0,0.25,30.698
505,08:25,PTR6,15,15,15,100.0,1736.1,33.04,1.005,1.548,0.87,0.0,0.0,0.446,0.0,0.0,0.0,0.0,0.0,0.236,28.935
505,08:25,PTR7,15,15,15,100.0,1712.16,33.04,1.005,1.528,0.845,0.415,0.039,0.44,0.0,0.0,0.0,0.0,0.0,0.232,28.536
505,08:25,PTR8,16,16,16,100.0,1861.68,35.225,1.072,1.535,0.857,0.0,0.0,0.479,0.0,0.0,0.0,0.0,0.0,0.254,31.028
505,08:25,PTR9,15,15,15,100.0,1741.26,33.025,1.005,1.572,0.742,0.0,0.0,0.447,0.0,0.0,0.0,0.0,0.0,0.238,29.021
505,08:25,PTR10,16,16,16,100.0,1857.6,35.218,1.072,1.534,0.925,0.0,0.0,0.474,0.0,0.0,0.0,0.0,0.0,0.253,30.96
506,08:26,PTR6,15,15,15,100.0,1746.12,33.235,1.035,1.569,0.842,0.0,0.0,0.447,0.0,0.0,0.0,0.0,0.0,0.24,29.102
506,08:26,PTR7,15,15,15,100.0,1721.82,33.235,1.035,1.546,0.823,0.419,0.039,0.441,0.0,0.0,0.0,0.0,0.0,0.235,28.697
506,08:26,PTR8,16,16,16,100.0,1871.34,35.432,1.104,1.554,0.853,0.0,0.0,0.476,0.0,0.0,0.0,0.0,0.0,0.256,31.189
506,08:26,PTR9,15,15,15,100.0,1748.1,33.22,1.035,1.59,0.774,0.0,0.0,0.446,0.0,0.0,0.0,0.0,0.0,0.24,29.135
506,08:26,PTR10,16,16,16,100.0,1867.2,35.426,1.104,1.557,0.912,0.0,0.0,0.478,0.0,0.0,0.0,0.0,0.0,0.255,31.12
507,08:27,PTR6,15,15,15,100.0,1757.1,33.475,1.035,1.576,0.89,0.0,0.0,0.449,0.0,0.0,0.0,0.0,0.0,0.24,29.285
507,08:27,PTR7,15,15,15,100.0,1733.76,33.475,1.035,1.553,0.85,0.422,0.039,0.444,0.0,0.0,0.0,0.0,0.0,0.236,28.896
507,08:27,PTR8,16,16,16,100.0,1887.06,35.688,1.103,1.565,0.829,0.0,0.0,0.484,0.0,0.0,0.0,0.0,0.0,0.256,31.451
507,08:27,PTR9,15,15,15,100.0,1761.9,33.46,1.035,1.598,0.77,0.0,0.0,0.452,0.0,0.0,0.0,0.0,0.0,0.24,29.365
507,08:27,PTR10,16,16,16,100.0,1881.96,35.682,1.104,1.562,0.911,0.0,0.0,0.483,0.0,0.0,0.0,0.0,0.0,0.256,31.366
508,08:28,PTR6,15,15,15,100.0,1770.9,33.625,0.975,1.591,0.851,0.0,0.0,0.453,0.0,0.0,0.0,0.0,0.0,0.24,29.515
508,08:28,PTR7,15,15,15,100.0,1745.16,33.625,0.975,1.569,0.846,0.426,0.041,0.445,0.0,0.0,0.0,0.0,0.0,0.237,29.086
508,08:28,PTR8,16,16,16,100.0,1895.58,35.849,1.041,1.58,0.899,0.0,0.0,0.48,0.0,0.0,0.0,0.0,0.0,0.256,31.593
508,08:28,PTR9,15,15,15,100.0,1771.98,33.61,0.975,1.613,0.795,0.0,0.0,0.454,0.0,0.0,0.0,0.0,0.0,0.24,29.533
508,08:28,PTR10,16,16,16,100.0,1892.58,35.842,1.04,1.578,0.941,0.0,0.0,0.484,0.0,0.0,0.0,0.0,0.0,0.256,31.543
509,08:29,PTR6,15,15,15,100.0,1780.26,33.835,1.02,1.587,0.86,0.0,0.0,0.457,0.0,0.0,0.0,0.0,0.0,0.24,29.671
509,08:29,PTR7,15,15,15,100.0,1756.62,33.835,1.02,1.56,0.821,0.427,0.041,0.452,0.0,0.0,0.0,0.0,0.0,0.237,29.277
509,08:29,PTR8,16,16,16,100.0,1908.9,36.073,1.088,1.573,0.853,0.0,0.0,0.488,0.0,0.0,0.0,0.0,0.0,0.256,31.815
509,08:29,PTR9,15,15,15,100.0,1782.42,33.82,1.02,1.612,0.786,0.0,0.0,0.455,0.0,0.0,0.0,0.0,0.0,0.24,29.707
509,08:29,PTR10,16,16,16,100.0,1905.3,36.066,1.088,1.575,0.904,0.0,0.0,0.488,0.0,0.0,0.0,0.0,0.0,0.256,31.755
510,08:30,PTR6,15,15,15,100.0,1789.8,34.075,1.11,1.594,0.843,0.0,0.0,0.458,0.0,0.0,0.0,0.0,0.0,0.24,29.83
510,08:30,PTR7,15,15,15,100.0,1765.08,34.075,1.11,1.571,0.817,0.427,0.042,0.453,0.0,0.0,0.0,0.0,0.0,0.237,29.418
510,08:30,PTR8,16,16,16,100.0,1916.04,36.329,1.184,1.582,0.887,0.0,0.0,0.486,0.0,0.0,0.0,0.0,0.0,0.256,31.934
510,08:30,PTR9,15,15,15,100.0,1792.08,34.06,1.11,1.615,0.767,0.0,0.0,0.46,0.0,0.0,0.0,0.0,0.0,0.24,29.868
510,08:30,PTR10,16,16,16,100.0,1913.88,36.322,1.184,1.58,0.914,0.0,0.0,0.49,0.0,0.0,0.0,0.0,0.0,0.256,31.898
511,08:31,PTR6,15,15,15,100.0,1808.64,34.449,1.139,1.617,0.844,0.0,0.0,0.465,0.0,0.0,0.0,0.0,0.0,0.24,30.144
511,08:31,PTR7,15,15,15,100.0,1779.72,34.449,1.139,1.592,0.888,0.432,0.042,0.457,0.0,0.0,0.0,0.0,0.0,0.237,29.662
511,08:31,PTR8,16,16,16,100.0,1934.76,36.725,1.212,1.603,0.916,0.0,0.0,0.492,0.0,0.0,0.0,0.0,0.0,0.256,32.246
511,08:31,PTR9,15,15,15,100.0,1810.14,34.431,1.136,1.64,0.782,0.0,0.0,0.464,0.0,0.0,0.0,0.0,0.0,0.24,30.169
511,08:31,PTR10,16,16,16,100.0,1935.36,36.716,1.21,1.603,0.896,0.0,0.0,0.495,0.0,0.0,0.0,0.0,0.0,0.256,32.256
512,08:32,PTR6,15,15,15,100.0,1828.68,34.779,1.139,1.632,0.821,0.0,0.0,0.468,0.0,0.0,0.0,0.0,0.0,0.241,30.478
512,08:32,PTR7,15,15,15,100.0,1799.1,34.779,1.139,1.603,0.873,0.438,0.043,0.46,0.0,0.0,0.0,0.0,0.0,0.238,29.985
512,08:32,PTR8,16,16,16,100.0,1955.58,37.077,1.212,1.617,0.89,0.0,0.0,0.503,0.0,0.0,0.0,0.0,0.0,0.262,32.593
512,08:32,PTR9,15,15,15,100.0,1825.2,34.761,1.136,1.653,0.84,0.0,0.0,0.47,0.0,0.0,0.0,0.0,0.0,0.242,30.42
512,08:32,PTR10,16,16,16,100.0,1953.6,37.068,1.21,1.617,0.92,0.0,0.0,0.5,0.0,0.0,0.0,0.0,0.0,0.261,32.56
513,08:33,PTR6,15,15,15,100.0,1840.5,35.11,1.185,1.65,0.882,0.0,0.0,0.472,0.0,0.0,0.0,0.0,0.0,0.246,30.675
513,08:33,PTR7,15,15,15,100.0,1811.1,35.11,1.185,1.625,0.926,0.44,0.043,0.464,0.0,0.0,0.0,0.0,0.0,0.242,30.185
513,08:33,PTR8,16,16,16,100.0,1972.26,37.432,1.264,1.636,0.892,0.0,0.0,0.504,0.0,0.0,0.0,0.0,0.0,0.265,32.871
513,08:33,PTR9,15,15,15,100.0,1845.66,35.095,1.185,1.672,0.753,0.0,0.0,0.472,0.0,0.0,0.0,0.0,0.0,0.252,30.761
513,08:33,PTR10,16,16,16,100.0,1970.1,37.426,1.264,1.638,0.916,0.0,0.0,0.504,0.0,0.0,0.0,0.0,0.0,0.269,32.835
514,08:34,PTR6,15,15,15,100.0,1852.44,35.365,1.185,1.66,0.92,0.0,0.0,0.473,0.0,0.0,0.0,0.0,0.0,0.253,30.874
514,08:34,PTR7,15,15,15,100.0,1829.28,35.365,1.185,1.635,0.851,0.445,0.044,0.468,0.0,0.0,0.0,0.0,0.0,0.249,30.488
514,08:34,PTR8,16,16,16,100.0,1987.86,37.704,1.264,1.647,0.884,0.0,0.0,0.507,0.0,0.0,0.0,0.0,0.0,0.271,33.131
514,08:34,PTR9,15,15,15,100.0,1860.78,35.35,1.185,1.684,0.737,0.0,0.0,0.476,0.0,0.0,0.0,0.0,0.0,0.255,31.013
514,08:34,PTR10,16,16,16,100.0,1982.46,37.698,1.264,1.647,0.969,0.0,0.0,0.507,0.0,0.0,0.0,0.0,0.0,0.27,33.041
515,08:35,PTR6,15,15,15,100.0,1859.16,35.439,1.199,1.66,0.863,0.0,0.0,0.477,0.0,0.0,0.0,0.0,0.0,0.254,30.986
515,08:35,PTR7,15,15,15,100.0,1832.28,35.439,1.199,1.635,0.861,0.445,0.045,0.467,0.0,0.0,0.0,0.0,0.0,0.249,30.538
515,08:35,PTR8,16,16,16,100.0,1989.48,37.78,1.276,1.647,0.919,0.0,0.0,0.508,0.0,0.0,0.0,0.0,0.0,0.272,33.158
515,08:35,PTR9,15,15,15,100.0,1860.48,35.421,1.196,1.684,0.802,0.0,0.0,0.477,0.0,0.0,0.0,0.0,0.0,0.254,31.008
515,08:35,PTR10,16,16,16,100.0,1987.2,37.772,1.274,1.648,0.95,0.0,0.0,0.511,0.0,0.0,0.0,0.0,0.0,0.269,33.12
516,08:36,PTR6,15,15,15,100.0,1881.36,35.889,1.23,1.683,0.885,0.0,0.0,0.48,0.0,0.0,0.0,0.0,0.0,0.255,31.356
516,08:36,PTR7,15,15,15,100.0,1853.04,35.889,1.23,1.66,0.891,0.452,0.045,0.475,0.0,0.0,0.0,0.0,0.0,0.252,30.884
516,08:36,PTR8,16,16,16,100.0,2016.72,38.261,1.312,1.671,0.876,0.0,0.0,0.518,0.0,0.0,0.0,0.0,0.0,0.272,33.612
516,08:36,PTR9,15,15,15,100.0,1885.56,35.871,1.23,1.707,0.771,0.0,0.0,0.482,0.0,0.0,0.0,0.0,0.0,0.255,31.426
516,08:36,PTR10,16,16,16,100.0,2011.5,38.252,1.312,1.668,0.959,0.0,0.0,0.516,0.0,0.0,0.0,0.0,0.0,0.272,33.525
517,08:37,PTR6,15,15,15,100.0,1901.16,36.219,1.26,1.696,0.837,0.0,0.0,0.485,0.0,0.0,0.0,0.0,0.0,0.255,31.686
517,08:37,PTR7,15,15,15,100.0,1870.62,36.219,1.26,1.674,0.876,0.456,0.046,0.478,0.0,0.0,0.0,0.0,0.0,0.252,31.177
517,08:37,PTR8,16,16,16,100.0,2037.24,38.612,1.343,1.683,0.838,0.0,0.0,0.522,0.0,0.0,0.0,0.0,0.0,0.272,33.954
517,08:37,PTR9,15,15,15,100.0,1901.22,36.201,1.26,1.722,0.792,0.0,0.0,0.485,0.0,0.0,0.0,0.0,0.0,0.255,31.687
517,08:37,PTR10,16,16,16,100.0,2028.84,38.604,1.344,1.681,0.979,0.0,0.0,0.514,0.0,0.0,0.0,0.0,0.0,0.272,33.814
518,08:38,PTR6,15,15,15,100.0,1910.22,36.399,1.259,1.699,0.862,0.0,0.0,0.487,0.0,0.0,0.0,0.0,0.0,0.255,31.837
518,08:38,PTR7,15,15,15,100.0,1882.02,36.399,1.259,1.675,0.863,0.456,0.048,0.479,0.0,0.0,0.0,0.0,0.0,0.252,31.367
518,08:38,PTR8,16,16,16,100.0,2046.84,38.804,1.34,1.687,0.869,0.0,0.0,0.522,0.0,0.0,0.0,0.0,0.0,0.272,34.114
518,08:38,PTR9,15,15,15,100.0,1910.28,36.381,1.256,1.726,0.817,0.0,0.0,0.489,0.0,0.0,0.0,0.0,0.0,0.255,31.838
518,08:38,PTR10,16,16,16,100.0,2040.72,38.796,1.338,1.688,0.965,0.0,0.0,0.521,0.0,0.0,0.0,0.0,0.0,0.272,34.012
519,08:39,PTR6,15,15,15,100.0,1924.2,36.624,1.259,1.715,0.831,0.0,0.0,0.494,0.0,0.0,0.0,0.0,0.0,0.255,32.07
519,08:39,PTR7,15,15,15,100.0,1891.74,36.624,1.259,1.689,0.907,0.458,0.047,0.483,0.0,0.0,0.0,0.0,0.0,0.252,31.529
519,08:39,PTR8,16,16,16,100.0,2056.32,39.044,1.34,1.703,0.928,0.0,0.0,0.527,0.0,0.0,0.0,0.0,0.0,0.274,34.272
519,08:39,PTR9,15,15,15,100.0,1925.1,36.606,1.256,1.742,0.774,0.0,0.0,0.494,0.0,0.0,0.0,0.0,0.0,0.255,32.085
519,08:39,PTR10,16,16,16,100.0,2052.48,39.036,1.338,1.704,0.989,0.0,0.0,0.525,0.0,0.0,0.0,0.0,0.0,0.272,34.208
520,08:40,PTR6,15,15,15,100.0,1939.68,36.939,1.26,1.736,0.861,0.0,0.0,0.496,0.0,0.0,0.0,0.0,0.0,0.258,32.328
520,08:40,PTR7,15,15,15,100.0,1911.12,36.939,1.26,1.712,0.856,0.465,0.048,0.491,0.0,0.0,0.0,0.0,0.0,0.255,31.852
520,08:40,PTR8,16,16,16,100.0,2075.04,39.381,1.345,1.722,0.924,0.0,0.0,0.529,0.0,0.0,0.0,0.0,0.0,0.277,34.584
520,08:40,PTR9,15,15,15,100.0,1940.4,36.921,1.26,1.76,0.806,0.0,0.0,0.498,0.0,0.0,0.0,0.0,0.0,0.257,32.34
520,08:40,PTR10,16,16,16,100.0,2069.22,39.372,1.344,1.724,1.015,0.0,0.0,0.528,0.0,0.0,0.0,0.0,0.0,0.274,34.487
521,08:41,PTR6,15,15,15,100.0,1955.28,37.284,1.319,1.744,0.868,0.0,0.0,0.502,0.0,0.0,0.0,0.0,0.0,0.263,32.588
521,08:41,PTR7,15,15,15,100.0,1921.98,37.284,1.319,1.717,0.946,0.469,0.049,0.495,0.0,0.0,0.0,0.0,0.0,0.256,32.033
521,08:41,PTR8,16,16,16,100.0,2090.64,39.748,1.404,1.733,0.947,0.0,0.0,0.538,0.0,0.0,0.0,0.0,0.0,0.282,34.844
521,08:41,PTR9,15,15,15,100.0,1953.48,37.266,1.316,1.769,0.857,0.0,0.0,0.501,0.0,0.0,0.0,0.0,0.0,0.265,32.558
521,08:41,PTR10,16,16,16,100.0,2089.38,39.74,1.402,1.733,0.962,0.0,0.0,0.535,0.0,0.0,0.0,0.0,0.0,0.285,34.823
522,08:42,PTR6,15,15,15,100.0,1967.04,37.554,1.32,1.763,0.914,0.0,0.0,0.504,0.0,0.0,0.0,0.0,0.0,0.269,32.784
522,08:42,PTR7,15,15,15,100.0,1940.7,37.554,1.32,1.736,0.872,0.475,0.05,0.492,0.0,0.0,0.0,0.0,0.0,0.264,32.345
522,08:42,PTR8,16,16,16,100.0,2107.14,40.037,1.409,1.745,0.937,0.0,0.0,0.54,0.0,0.0,0.0,0.0,0.0,0.287,35.119
522,08:42,PTR9,15,15,15,100.0,1971.18,37.536,1.32,1.787,0.801,0.0,0.0,0.506,0.0,0.0,0.0,0.0,0.0,0.269,32.853
522,08:42,PTR10,16,16,16,100.0,2101.74,40.028,1.408,1.747,1.02,0.0,0.0,0.538,0.0,0.0,0.0,0.0,0.0,0.286,35.029
523,08:43,PTR6,15,15,15,100.0,1984.14,37.914,1.38,1.779,0.905,0.0,0.0,0.511,0.0,0.0,0.0,0.0,0.0,0.27,33.069
523,08:43,PTR7,15,15,15,100.0,1957.38,37.914,1.38,1.753,0.866,0.475,0.051,0.5,0.0,0.0,0.0,0.0,0.0,0.266,32.623
523,08:43,PTR8,16,16,16,100.0,2126.52,40.42,1.472,1.762,0.912,0.0,0.0,0.544,0.0,0.0,0.0,0.0,0.0,0.288,35.442
523,08:43,PTR9,15,15,15,100.0,1988.46,37.896,1.38,1.8,0.795,0.0,0.0,0.51,0.0,0.0,0.0,0.0,0.0,0.27,33.141
523,08:43,PTR10,16,16,16,100.0,2122.62,40.412,1.472,1.763,0.966,0.0,0.0,0.546,0.0,0.0,0.0,0.0,0.0,0.288,35.377
524,08:44,PTR6,15,15,15,100.0,2001.66,38.199,1.379,1.782,0.892,0.0,0.0,0.515,0.0,0.0,0.0,0.0,0.0,0.27,33.361
524,08:44,PTR7,15,15,15,100.0,1971.6,38.199,1.379,1.756,0.903,0.479,0.051,0.505,0.0,0.0,0.0,0.0,0.0,0.266,32.86
524,08:44,PTR8,16,16,16,100.0,2144.22,40.724,1.468,1.769,0.915,0.0,0.0,0.547,0.0,0.0,0.0,0.0,0.0,0.288,35.737
524,08:44,PTR9,15,15,15,100.0,2005.5,38.181,1.376,1.814,0.782,0.0,0.0,0.514,0.0,0.0,0.0,0.0,0.0,0.27,33.425
524,08:44,PTR10,16,16,16,100.0,2134.74,40.716,1.466,1.772,1.063,0.0,0.0,0.548,0.0,0.0,0.0,0.0,0.0,0.288,35.579
525,08:45,PTR6,15,15,15,100.0,2017.8,38.514,1.41,1.8,0.885,0.0,0.0,0.519,0.0,0.0,0.0,0.0,0.0,0.27,33.63
525,08:45,PTR7,15,15,15,100.0,1986.06,38.514,1.41,1.774,0.919,0.485,0.052,0.506,0.0,0.0,0.0,0.0,0.0,0.267,33.101
525,08:45,PTR8,16,16,16,100.0,2159.88,41.06,1.503,1.785,0.938,0.0,0.0,0.548,0.0,0.0,0.0,0.0,0.0,0.288,35.998
525,08:45,PTR9,15,15,15,100.0,2020.02,38.496,1.41,1.826,0.806,0.0,0.0,0.517,0.0,0.0,0.0,0.0,0.0,0.27,33.667
525,08:45,PTR10,16,16,16,100.0,2153.04,41.052,1.504,1.783,1.043,0.0,0.0,0.55,0.0,0.0,0.0,0.0,0.0,0.288,35.884
526,08:46,PTR6,15,15,15,100.0,2032.62,38.844,1.424,1.812,0.939,0.0,0.0,0.521,0.0,0.0,0.0,0.0,0.0,0.271,33.877
526,08:46,PTR7,15,15,15,100.0,2006.34,38.844,1.424,1.787,0.873,0.489,0.052,0.513,0.0,0.0,0.0,0.0,0.0,0.267,33.439
526,08:46,PTR8,16,16,16,100.0,2179.02,41.413,1.517,1.8,0.929,0.0,0.0,0.56,0.0,0.0,0.0,0.0,0.0,0.29,36.317
526,08:46,PTR9,15,15,15,100.0,2034.84,38.826,1.421,1.842,0.858,0.0,0.0,0.521,0.0,0.0,0.0,0.0,0.0,0.27,33.914
526,08:46,PTR10,16,16,16,100.0,2175.12,41.404,1.514,1.802,0.992,0.0,0.0,0.556,0.0,0.0,0.0,0.0,0.0,0.288,36.252
527,08:47,PTR6,15,15,15,100.0,2031.42,38.859,1.484,1.808,0.922,0.0,0.0,0.518,0.0,0.0,0.0,0.0,0.0,0.27,33.857
527,08:47,PTR7,15,15,15,100.0,2002.2,38.859,1.484,1.781,0.906,0.486,0.053,0.512,0.0,0.0,0.0,0.0,0.0,0.267,33.37
527,08:47,PTR8,16,16,16,100.0,2177.04,41.428,1.58,1.798,0.919,0.0,0.0,0.558,0.0,0.0,0.0,0.0,0.0,0.289,36.284
527,08:47,PTR9,15,15,15,100.0,2034.96,38.841,1.481,1.833,0.818,0.0,0.0,0.523,0.0,0.0,0.0,0.0,0.0,0.27,33.916
527,08:47,PTR10,16,16,16,100.0,2170.68,41.42,1.578,1.797,1.024,0.0,0.0,0.555,0.0,0.0,0.0,0.0,0.0,0.288,36.178
528,08:48,PTR6,15,15,15,100.0,2035.68,38.904,1.44,1.822,0.921,0.0,0.0,0.522,0.0,0.0,0.0,0.0,0.0,0.271,33.928
528,08:48,PTR7,15,15,15,100.0,2005.86,38.904,1.44,1.795,0.915,0.489,0.053,0.514,0.0,0.0,0.0,0.0,0.0,0.267,33.431
528,08:48,PTR8,16,16,16,100.0,2180.1,41.476,1.536,1.81,0.945,0.0,0.0,0.56,0.0,0.0,0.0,0.0,0.0,0.29,36.335
528,08:48,PTR9,15,15,15,100.0,2039.16,38.886,1.44,1.845,0.821,0.0,0.0,0.524,0.0,0.0,0.0,0.0,0.0,0.27,33.986
528,08:48,PTR10,16,16,16,100.0,2175.06,41.468,1.536,1.808,1.028,0.0,0.0,0.556,0.0,0.0,0.0,0.0,0.0,0.289,36.251
529,08:49,PTR6,15,15,15,100.0,2051.04,39.144,1.44,1.83,0.892,0.0,0.0,0.526,0.0,0.0,0.0,0.0,0.0,0.272,34.184
529,08:49,PTR7,15,15,15,100.0,2020.98,39.144,1.44,1.803,0.887,0.491,0.054,0.516,0.0,0.0,0.0,0.0,0.0,0.27,33.683
529,08:49,PTR8,16,16,16,100.0,2192.28,41.732,1.536,1.814,0.991,0.0,0.0,0.561,0.0,0.0,0.0,0.0,0.0,0.292,36.538
529,08:49,PTR9,15,15,15,100.0,2053.14,39.126,1.44,1.855,0.813,0.0,0.0,0.526,0.0,0.0,0.0,0.0,0.0,0.273,34.219
529,08:49,PTR10,16,16,16,100.0,2187.72,41.724,1.536,1.814,1.063,0.0,0.0,0.559,0.0,0.0,0.0,0.0,0.0,0.29,36.462
530,08:50,PTR6,15,15,15,100.0,2067.72,39.489,1.44,1.851,0.929,0.0,0.0,0.529,0.0,0.0,0.0,0.0,0.0,0.278,34.462
530,08:50,PTR7,15,15,15,100.0,2038.44,39.489,1.44,1.826,0.9,0.497,0.054,0.522,0.0,0.0,0.0,0.0,0.0,0.276,33.974
530,08:50,PTR8,16,16,16,100.0,2216.64,42.1,1.536,1.838,0.914,0.0,0.0,0.567,0.0,0.0,0.0,0.0,0.0,0.301,36.944
530,08:50,PTR9,15,15,15,100.0,2070.0,39.471,1.44,1.877,0.845,0.0,0.0,0.53,0.0,0.0,0.0,0.0,0.0,0.279,34.5
530,08:50,PTR10,16,16,16,100.0,2209.44,42.092,1.536,1.837,1.027,0.0,0.0,0.568,0.0,0.0,0.0,0.0,0.0,0.3,36.824
531,08:51,PTR6,15,15,15,100.0,2081.4,39.728,1.499,1.85,0.874,0.0,0.0,0.532,0.0,0.0,0.0,0.0,0.0,0.283,34.69
531,08:51,PTR7,15,15,15,100.0,2048.1,39.728,1.499,1.823,0.914,0.5,0.056,0.523,0.0,0.0,0.0,0.0,0.0,0.278,34.135
531,08:51,PTR8,16,16,16,100.0,2227.86,42.352,1.595,1.836,0.917,0.0,0.0,0.57,0.0,0.0,0.0,0.0,0.0,0.303,37.131
531,08:51,PTR9,15,15,15,100.0,2079.72,39.707,1.496,1.874,0.857,0.0,0.0,0.534,0.0,0.0,0.0,0.0,0.0,0.284,34.662
531,08:51,PTR10,16,16,16,100.0,2220.12,42.342,1.594,1.834,1.043,0.0,0.0,0.569,0.0,0.0,0.0,0.0,0.0,0.3,37.002
532,08:52,PTR6,15,15,15,100.0,2103.72,40.269,1.605,1.873,0.904,0.0,0.0,0.54,0.0,0.0,0.0,0.0,0.0,0.285,35.062
532,08:52,PTR7,15,15,15,100.0,2070.24,40.269,1.605,1.847,0.942,0.503,0.056,0.532,0.0,0.0,0.0,0.0,0.0,0.28,34.504
532,08:52,PTR8,16,16,16,100.0,2252.28,42.932,1.712,1.859,0.945,0.0,0.0,0.574,0.0,0.0,0.0,0.0,0.0,0.304,37.538
532,08:52,PTR9,15,15,15,100.0,2102.28,40.251,1.605,1.901,0.887,0.0,0.0,0.535,0.0,0.0,0.0,0.0,0.0,0.285,35.038
532,08:52,PTR10,16,16,16,100.0,2248.74,42.924,1.712,1.86,0.994,0.0,0.0,0.575,0.0,0.0,0.0,0.0,0.0,0.304,37.479
533,08:53,PTR6,15,15,15,100.0,2112.18,40.494,1.65,1.88,0.935,0.0,0.0,0.541,0.0,0.0,0.0,0.0,0.0,0.285,35.203
533,08:53,PTR7,15,15,15,100.0,2080.62,40.494,1.65,1.85,0.942,0.507,0.057,0.53,0.0,0.0,0.0,0.0,0.0,0.281,34.677
533,08:53,PTR8,16,16,16,100.0,2262.0,43.172,1.759,1.866,0.966,0.0,0.0,0.577,0.0,0.0,0.0,0.0,0.0,0.304,37.7
533,08:53,PTR9,15,15,15,100.0,2116.38,40.476,1.65,1.904,0.823,0.0,0.0,0.541,0.0,0.0,0.0,0.0,0.0,0.285,35.273
533,08:53,PTR10,16,16,16,100.0,2257.5,43.164,1.76,1.864,1.033,0.0,0.0,0.578,0.0,0.0,0.0,0.0,0.0,0.304,37.625
534,08:54,PTR6,15,15,15,100.0,2127.54,40.793,1.694,1.894,0.918,0.0,0.0,0.543,0.0,0.0,0.0,0.0,0.0,0.285,35.459
534,08:54,PTR7,15,15,15,100.0,2094.78,40.793,1.694,1.865,0.936,0.508,0.057,0.539,0.0,0.0,0.0,0.0,0.0,0.281,34.913
534,08:54,PTR8,16,16,16,100.0,2277.3,43.488,1.804,1.881,0.961,0.0,0.0,0.583,0.0,0.0,0.0,0.0,0.0,0.304,37.955
534,08:54,PTR9,15,15,15,100.0,2129.34,40.772,1.691,1.919,0.843,0.0,0.0,0.545,0.0,0.0,0.0,0.0,0.0,0.285,35.489
534,08:54,PTR10,16,16,16,100.0,2271.06,43.478,1.802,1.88,1.06,0.0,0.0,0.581,0.0,0.0,0.0,0.0,0.0,0.304,37.851
535,08:55,PTR6,15,15,15,100.0,2127.12,40.764,1.695,1.901,0.884,0.0,0.0,0.547,0.0,0.0,0.0,0.0,0.0,0.285,35.452
535,08:55,PTR7,15,15,15,100.0,2093.4,40.764,1.695,1.871,0.922,0.51,0.058,0.537,0.0,0.0,0.0,0.0,0.0,0.281,34.89
535,08:55,PTR8,16,16,16,100.0,2275.26,43.459,1.807,1.885,0.957,0.0,0.0,0.585,0.0,0.0,0.0,0.0,0.0,0.304,37.921
535,08:55,PTR9,15,15,15,100.0,2124.72,40.746,1.695,1.927,0.885,0.0,0.0,0.542,0.0,0.0,0.0,0.0,0.0,0.285,35.412
535,08:55,PTR10,16,16,16,100.0,2270.58,43.452,1.808,1.885,1.03,0.0,0.0,0.582,0.0,0.0,0.0,0.0,0.0,0.304,37.843
536,08:56,PTR6,15,15,15,100.0,2136.72,41.123,1.799,1.912,0.974,0.0,0.0,0.541,0.0,0.0,0.0,0.0,0.0,0.285,35.612
536,08:56,PTR7,15,15,15,100.0,2107.08,41.123,1.799,1.885,0.93,0.513,0.058,0.539,0.0,0.0,0.0,0.0,0.0,0.281,35.118
536,08:56,PTR8,16,16,16,100.0,2289.84,43.84,1.916,1.899,0.968,0.0,0.0,0.587,0.0,0.0,0.0,0.0,0.0,0.306,38.164
536,08:56,PTR9,15,15,15,100.0,2140.86,41.102,1.796,1.939,0.855,0.0,0.0,0.546,0.0,0.0,0.0,0.0,0.0,0.285,35.681
536,08:56,PTR10,16,16,16,100.0,2286.78,43.83,1.914,1.899,1.018,0.0,0.0,0.582,0.0,0.0,0.0,0.0,0.0,0.304,38.113
537,08:57,PTR6,15,15,15,100.0,2156.64,41.409,1.8,1.917,0.912,0.0,0.0,0.55,0.0,0.0,0.0,0.0,0.0,0.286,35.944
537,08:57,PTR7,15,15,15,100.0,2123.1,41.409,1.8,1.888,0.933,0.516,0.059,0.546,0.0,0.0,0.0,0.0,0.0,0.282,35.385
537,08:57,PTR8,16,16,16,100.0,2306.04,44.148,1.92,1.902,0.991,0.0,0.0,0.593,0.0,0.0,0.0,0.0,0.0,0.308,38.434
537,08:57,PTR9,15,15,15,100.0,2156.4,41.391,1.8,1.945,0.87,0.0,0.0,0.55,0.0,0.0,0.0,0.0,0.0,0.286,35.94
537,08:57,PTR10,16,16,16,100.0,2298.96,44.14,1.92,1.901,1.112,0.0,0.0,0.586,0.0,0.0,0.0,0.0,0.0,0.305,38.316
538,08:58,PTR6,15,15,15,100.0,2148.12,41.244,1.756,1.923,0.931,0.0,0.0,0.547,0.0,0.0,0.0,0.0,0.0,0.285,35.802
538,08:58,PTR7,15,15,15,100.0,2115.36,41.244,1.756,1.895,0.941,0.515,0.059,0.54,0.0,0.0,0.0,0.0,0.0,0.282,35.256
538,08:58,PTR8,16,16,16,100.0,2300.1,43.971,1.875,1.906,0.962,0.0,0.0,0.587,0.0,0.0,0.0,0.0,0.0,0.306,38.335
538,08:58,PTR9,15,15,15,100.0,2149.44,41.226,1.759,1.949,0.856,0.0,0.0,0.552,0.0,0.0,0.0,0.0,0.0,0.286,35.824
538,08:58,PTR10,16,16,16,100.0,2292.54,43.964,1.878,1.905,1.084,0.0,0.0,0.584,0.0,0.0,0.0,0.0,0.0,0.304,38.209
539,08:59,PTR6,15,15,15,100.0,2151.36,41.319,1.771,1.925,0.932,0.0,0.0,0.55,0.0,0.0,0.0,0.0,0.0,0.285,35.856
539,08:59,PTR7,15,15,15,100.0,2120.28,41.319,1.771,1.899,0.912,0.516,0.059,0.543,0.0,0.0,0.0,0.0,0.0,0.281,35.338
539,08:59,PTR8,16,16,16,100.0,2302.2,44.052,1.892,1.91,0.981,0.0,0.0,0.591,0.0,0.0,0.0,0.0,0.0,0.308,38.37
539,08:59,PTR9,15,15,15,100.0,2150.4,41.301,1.774,1.95,0.9,0.0,0.0,0.551,0.0,0.0,0.0,0.0,0.0,0.286,35.84
539,08:59,PTR10,16,16,16,100.0,2296.8,44.044,1.894,1.91,1.068,0.0,0.0,0.588,0.0,0.0,0.0,0.0,0.0,0.304,38.28
540,09:00,PTR6,15,15,15,100.0,2171.22,41.814,1.89,1.937,0.955,0.0,0.0,0.556,0.0,0.0,0.0,0.0,0.0,0.289,36.187
540,09:00,PTR7,15,15,15,100.0,2139.6,41.814,1.89,1.905,0.945,0.52,0.06,0.547,0.0,0.0,0.0,0.0,0.0,0.287,35.66
540,09:00,PTR8,16,16,16,100.0,2324.82,44.579,2.015,1.919,0.992,0.0,0.0,0.594,0.0,0.0,0.0,0.0,0.0,0.312,38.747
540,09:00,PTR9,15,15,15,100.0,2173.98,41.796,1.89,1.963,0.865,0.0,0.0,0.553,0.0,0.0,0.0,0.0,0.0,0.292,36.233
540,09:00,PTR10,16,16,16,100.0,2316.66,44.572,2.016,1.918,1.122,0.0,0.0,0.593,0.0,0.0,0.0,0.0,0.0,0.312,38.611
541,09:01,PTR6,15,15,15,100.0,2189.16,42.173,1.934,1.953,0.941,0.0,0.0,0.561,0.0,0.0,0.0,0.0,0.0,0.298,36.486
541,09:01,PTR7,15,15,15,100.0,2155.26,42.173,1.934,1.927,0.965,0.523,0.062,0.55,0.0,0.0,0.0,0.0,0.0,0.291,35.921
541,09:01,PTR8,16,16,16,100.0,2344.26,44.96,2.06,1.939,0.973,0.0,0.0,0.599,0.0,0.0,0.0,0.0,0.0,0.318,39.071
541,09:01,PTR9,15,15,15,100.0,2193.24,42.152,1.931,1.982,0.822,0.0,0.0,0.564,0.0,0.0,0.0,0.0,0.0,0.299,36.554
541,09:01,PTR10,16,16,16,100.0,2338.08,44.95,2.058,1.939,1.07,0.0,0.0,0.598,0.0,0.0,0.0,0.0,0.0,0.317,38.968
542,09:02,PTR6,15,15,15,100.0,2209.5,42.594,1.98,1.975,0.945,0.0,0.0,0.569,0.0,0.0,0.0,0.0,0.0,0.3,36.825
542,09:02,PTR7,15,15,15,100.0,2177.58,42.594,1.98,1.944,0.93,0.531,0.063,0.557,0.0,0.0,0.0,0.0,0.0,0.296,36.293
542,09:02,PTR8,16,16,16,100.0,2365.68,45.411,2.112,1.958,0.986,0.0,0.0,0.607,0.0,0.0,0.0,0.0,0.0,0.32,39.428
542,09:02,PTR9,15,15,15,100.0,2209.08,42.576,1.98,2.001,0.912,0.0,0.0,0.565,0.0,0.0,0.0,0.0,0.0,0.3,36.818
542,09:02,PTR10,16,16,16,100.0,2360.64,45.404,2.112,1.96,1.064,0.0,0.0,0.604,0.0,0.0,0.0,0.0,0.0,0.32,39.344
543,09:03,PTR6,15,15,15,100.0,2226.78,42.999,2.01,1.992,1.014,0.0,0.0,0.57,0.0,0.0,0.0,0.0,0.0,0.3,37.113
543,09:03,PTR7,15,15,15,100.0,2196.84,42.999,2.01,1.962,0.956,0.539,0.063,0.559,0.0,0.0,0.0,0.0,0.0,0.296,36.614
543,09:03,PTR8,16,16,16,100.0,2386.14,45.843,2.144,1.976,1.025,0.0,0.0,0.609,0.0,0.0,0.0,0.0,0.0,0.32,39.769
543,09:03,PTR9,15,15,15,100.0,2229.3,42.981,2.01,2.018,0.927,0.0,0.0,0.571,0.0,0.0,0.0,0.0,0.0,0.3,37.155
543,09:03,PTR10,16,16,16,100.0,2384.04,45.836,2.144,1.978,1.051,0.0,0.0,0.609,0.0,0.0,0.0,0.0,0.0,0.32,39.734
544,09:04,PTR6,15,15,15,100.0,2239.8,43.268,2.055,2.002,1.009,0.0,0.0,0.572,0.0,0.0,0.0,0.0,0.0,0.3,37.33
544,09:04,PTR7,15,15,15,100.0,2210.7,43.268,2.055,1.974,0.932,0.54,0.064,0.562,0.0,0.0,0.0,0.0,0.0,0.296,36.845
544,09:04,PTR8,16,16,16,100.0,2399.22,46.128,2.192,1.986,1.03,0.0,0.0,0.613,0.0,0.0,0.0,0.0,0.0,0.32,39.987
544,09:04,PTR9,15,15,15,100.0,2245.68,43.247,2.055,2.028,0.863,0.0,0.0,0.573,0.0,0.0,0.0,0.0,0.0,0.3,37.428
544,09:04,PTR10,16,16,16,100.0,2395.86,46.118,2.192,1.985,1.078,0.0,0.0,0.612,0.0,0.0,0.0,0.0,0.0,0.32,39.931
545,09:05,PTR6,15,15,15,100.0,2248.98,43.539,2.115,2.008,1.058,0.0,0.0,0.575,0.0,0.0,0.0,0.0,0.0,0.3,37.483
545,09:05,PTR7,15,15,15,100.0,2219.82,43.539,2.115,1.98,0.978,0.54,0.064,0.569,0.0,0.0,0.0,0.0,0.0,0.296,36.997
545,09:05,PTR8,16,16,16,100.0,2411.94,46.419,2.256,1.995,1.03,0.0,0.0,0.618,0.0,0.0,0.0,0.0,0.0,0.321,40.199
545,09:05,PTR9,15,15,15,100.0,2256.66,43.521,2.115,2.04,0.881,0.0,0.0,0.574,0.0,0.0,0.0,0.0,0.0,0.3,37.611
545,09:05,PTR10,16,16,16,100.0,2408.94,46.412,2.256,1.995,1.079,0.0,0.0,0.613,0.0,0.0,0.0,0.0,0.0,0.32,40.149
546,09:06,PTR6,15,15,15,100.0,2260.8,43.763,2.175,2.021,1.005,0.0,0.0,0.581,0.0,0.0,0.0,0.0,0.0,0.301,37.68
546,09:06,PTR7,15,15,15,100.0,2227.8,43.763,2.175,1.994,0.995,0.54,0.066,0.566,0.0,0.0,0.0,0.0,0.0,0.297,37.13
546,09:06,PTR8,16,16,16,100.0,2424.54,46.655,2.319,2.006,0.977,0.0,0.0,0.621,0.0,0.0,0.0,0.0,0.0,0.323,40.409
546,09:06,PTR9,15,15,15,100.0,2266.32,43.742,2.175,2.051,0.866,0.0,0.0,0.577,0.0,0.0,0.0,0.0,0.0,0.301,37.772
546,09:06,PTR10,16,16,16,100.0,2417.04,46.646,2.32,2.005,1.097,0.0,0.0,0.619,0.0,0.0,0.0,0.0,0.0,0.321,40.284
547,09:07,PTR6,15,15,15,100.0,2272.68,43.974,2.206,2.033,0.975,0.0,0.0,0.58,0.0,0.0,0.0,0.0,0.0,0.302,37.878
547,09:07,PTR7,15,15,15,100.0,2239.26,43.974,2.206,2.004,0.966,0.542,0.066,0.57,0.0,0.0,0.0,0.0,0.0,0.299,37.321
547,09:07,PTR8,16,16,16,100.0,2434.02,46.883,2.355,2.016,0.998,0.0,0.0,0.624,0.0,0.0,0.0,0.0,0.0,0.323,40.567
547,09:07,PTR9,15,15,15,100.0,2275.32,43.956,2.209,2.059,0.882,0.0,0.0,0.582,0.0,0.0,0.0,0.0,0.0,0.302,37.922
547,09:07,PTR10,16,16,16,100.0,2427.72,46.876,2.358,2.013,1.095,0.0,0.0,0.624,0.0,0.0,0.0,0.0,0.0,0.324,40.462
548,09:08,PTR6,15,15,15,100.0,2291.7,44.363,2.234,2.038,0.998,0.0,0.0,0.589,0.0,0.0,0.0,0.0,0.0,0.309,38.195
548,09:08,PTR7,15,15,15,100.0,2257.08,44.363,2.234,2.01,1.007,0.546,0.067,0.577,0.0,0.0,0.0,0.0,0.0,0.304,37.618
548,09:08,PTR8,16,16,16,100.0,2453.04,47.295,2.379,2.023,1.053,0.0,0.0,0.626,0.0,0.0,0.0,0.0,0.0,0.33,40.884
548,09:08,PTR9,15,15,15,100.0,2291.82,44.342,2.231,2.071,0.949,0.0,0.0,0.585,0.0,0.0,0.0,0.0,0.0,0.309,38.197
548,09:08,PTR10,16,16,16,100.0,2449.02,47.286,2.378,2.023,1.108,0.0,0.0,0.628,0.0,0.0,0.0,0.0,0.0,0.332,40.817
549,09:09,PTR6,15,15,15,100.0,2303.7,44.573,2.249,2.049,0.979,0.0,0.0,0.588,0.0,0.0,0.0,0.0,0.0,0.313,38.395
549,09:09,PTR7,15,15,15,100.0,2272.08,44.573,2.249,2.018,0.928,0.553,0.068,0.58,0.0,0.0,0.0,0.0,0.0,0.309,37.868
549,09:09,PTR8,16,16,16,100.0,2465.22,47.52,2.396,2.033,1.037,0.0,0.0,0.632,0.0,0.0,0.0,0.0,0.0,0.335,41.087
549,09:09,PTR9,15,15,15,100.0,2304.12,44.552,2.246,2.079,0.921,0.0,0.0,0.589,0.0,0.0,0.0,0.0,0.0,0.315,38.402
549,09:09,PTR10,16,16,16,100.0,2458.38,47.51,2.394,2.035,1.145,0.0,0.0,0.629,0.0,0.0,0.0,0.0,0.0,0.334,40.973
550,09:10,PTR6,15,15,15,100.0,2311.86,44.798,2.31,2.064,0.988,0.0,0.0,0.591,0.0,0.0,0.0,0.0,0.0,0.314,38.531
550,09:10,PTR7,15,15,15,100.0,2273.7,44.798,2.31,2.034,1.045,0.555,0.069,0.581,0.0,0.0,0.0,0.0,0.0,0.309,37.895
550,09:10,PTR8,16,16,16,100.0,2473.8,47.759,2.463,2.045,1.053,0.0,0.0,0.632,0.0,0.0,0.0,0.0,0.0,0.336,41.23
550,09:10,PTR9,15,15,15,100.0,2317.02,44.777,2.31,2.091,0.852,0.0,0.0,0.592,0.0,0.0,0.0,0.0,0.0,0.315,38.617
550,09:10,PTR10,16,16,16,100.0,2471.04,47.75,2.464,2.045,1.093,0.0,0.0,0.63,0.0,0.0,0.0,0.0,0.0,0.334,41.184
551,09:11,PTR6,15,15,15,100.0,2326.92,45.038,2.295,2.08,0.97,0.0,0.0,0.596,0.0,0.0,0.0,0.0,0.0,0.315,38.782
551,09:11,PTR7,15,15,15,100.0,2292.48,45.038,2.295,2.05,0.958,0.559,0.069,0.588,0.0,0.0,0.0,0.0,0.0,0.311,38.208
551,09:11,PTR8,16,16,16,100.0,2488.62,48.015,2.447,2.063,1.055,0.0,0.0,0.637,0.0,0.0,0.0,0.0,0.0,0.336,41.477
551,09:11,PTR9,15,15,15,100.0,2325.36,45.017,2.295,2.109,0.949,0.0,0.0,0.593,0.0,0.0,0.0,0.0,0.0,0.315,38.756
551,09:11,PTR10,16,16,16,100.0,2486.76,48.006,2.448,2.064,1.076,0.0,0.0,0.636,0.0,0.0,0.0,0.0,0.0,0.336,41.446
552,09:12,PTR6,15,15,15,100.0,2324.94,45.098,2.339,2.074,1.027,0.0,0.0,0.594,0.0,0.0,0.0,0.0,0.0,0.315,38.749
552,09:12,PTR7,15,15,15,100.0,2291.28,45.098,2.339,2.044,1.005,0.556,0.07,0.586,0.0,0.0,0.0,0.0,0.0,0.31,38.188
552,09:12,PTR8,16,16,16,100.0,2494.2,48.079,2.492,2.059,0.982,0.0,0.0,0.64,0.0,0.0,0.0,0.0,0.0,0.336,41.57
552,09:12,PTR9,15,15,15,100.0,2329.08,45.077,2.336,2.104,0.907,0.0,0.0,0.597,0.0,0.0,0.0,0.0,0.0,0.315,38.818
552,09:12,PTR10,16,16,16,100.0,2487.18,48.07,2.49,2.06,1.098,0.0,0.0,0.633,0.0,0.0,0.0,0.0,0.0,0.336,41.453
553,09:13,PTR6,15,15,15,100.0,2332.74,45.263,2.355,2.084,1.034,0.0,0.0,0.596,0.0,0.0,0.0,0.0,0.0,0.315,38.879
553,09:13,PTR7,15,15,15,100.0,2297.1,45.263,2.355,2.054,1.04,0.56,0.07,0.588,0.0,0.0,0.0,0.0,0.0,0.311,38.285
553,09:13,PTR8,16,16,16,100.0,2502.9,48.256,2.512,2.07,0.983,0.0,0.0,0.64,0.0,0.0,0.0,0.0,0.0,0.336,41.715
553,09:13,PTR9,15,15,15,100.0,2337.36,45.242,2.355,2.113,0.905,0.0,0.0,0.598,0.0,0.0,0.0,0.0,0.0,0.315,38.956
553,09:13,PTR10,16,16,16,100.0,2495.46,48.246,2.512,2.066,1.099,0.0,0.0,0.642,0.0,0.0,0.0,0.0,0.0,0.336,41.591
554,09:14,PTR6,15,15,15,100.0,2345.88,45.563,2.43,2.093,1.029,0.0,0.0,0.598,0.0,0.0,0.0,0.0,0.0,0.315,39.098
554,09:14,PTR7,15,15,15,100.0,2309.22,45.563,2.43,2.062,1.045,0.565,0.071,0.592,0.0,0.0,0.0,0.0,0.0,0.311,38.487
554,09:14,PTR8,16,16,16,100.0,2514.48,48.575,2.591,2.076,1.019,0.0,0.0,0.645,0.0,0.0,0.0,0.0,0.0,0.336,41.908
554,09:14,PTR9,15,15,15,100.0,2351.1,45.542,2.43,2.121,0.892,0.0,0.0,0.599,0.0,0.0,0.0,0.0,0.0,0.315,39.185
554,09:14,PTR10,16,16,16,100.0,2509.56,48.566,2.592,2.075,1.093,0.0,0.0,0.644,0.0,0.0,0.0,0.0,0.0,0.336,41.826
555,09:15,PTR6,15,15,15,100.0,2360.22,45.758,2.415,2.106,0.981,0.0,0.0,0.604,0.0,0.0,0.0,0.0,0.0,0.315,39.337
555,09:15,PTR7,15,15,15,100.0,2323.08,45.758,2.415,2.076,1.005,0.565,0.071,0.597,0.0,0.0,0.0,0.0,0.0,0.311,38.718
555,09:15,PTR8,16,16,16,100.0,2522.22,48.783,2.575,2.089,1.101,0.0,0.0,0.644,0.0,0.0,0.0,0.0,0.0,0.337,42.037
555,09:15,PTR9,15,15,15,100.0,2363.76,45.737,2.415,2.135,0.869,0.0,0.0,0.607,0.0,0.0,0.0,0.0,0.0,0.315,39.396
555,09:15,PTR10,16,16,16,100.0,2521.86,48.774,2.576,2.09,1.097,0.0,0.0,0.644,0.0,0.0,0.0,0.0,0.0,0.336,42.031
556,09:16,PTR6,15,15,15,100.0,2360.94,45.863,2.46,2.108,1.026,0.0,0.0,0.605,0.0,0.0,0.0,0.0,0.0,0.315,39.349
556,09:16,PTR7,15,15,15,100.0,2325.3,45.863,2.46,2.077,1.025,0.566,0.072,0.597,0.0,0.0,0.0,0.0,0.0,0.311,38.755
556,09:16,PTR8,16,16,16,100.0,2531.34,48.895,2.623,2.094,1.004,0.0,0.0,0.647,0.0,0.0,0.0,0.0,0.0,0.338,42.189
556,09:16,PTR9,15,15,15,100.0,2365.2,45.842,2.46,2.138,0.905,0.0,0.0,0.604,0.0,0.0,0.0,0.0,0.0,0.315,39.42
556,09:16,PTR10,16,16,16,100.0,2526.48,48.886,2.624,2.091,1.081,0.0,0.0,0.646,0.0,0.0,0.0,0.0,0.0,0.336,42.108
557,09:17,PTR6,15,15,15,100.0,2371.44,46.088,2.535,2.114,0.994,0.0,0.0,0.606,0.0,0.0,0.0,0.0,0.0,0.315,39.524
557,09:17,PTR7,15,15,15,100.0,2337.0,46.088,2.535,2.084,0.971,0.568,0.073,0.596,0.0,0.0,0.0,0.0,0.0,0.311,38.95
557,09:17,PTR8,16,16,16,100.0,2534.82,49.135,2.703,2.095,1.101,0.0,0.0,0.649,0.0,0.0,0.0,0.0,0.0,0.34,42.247
557,09:17,PTR9,15,15,15,100.0,2374.32,46.067,2.535,2.144,0.891,0.0,0.0,0.609,0.0,0.0,0.0,0.0,0.0,0.316,39.572
557,09:17,PTR10,16,16,16,100.0,2530.38,49.126,2.704,2.096,1.171,0.0,0.0,0.646,0.0,0.0,0.0,0.0,0.0,0.336,42.173
558,09:18,PTR6,15,15,15,100.0,2381.22,46.388,2.685,2.119,0.972,0.0,0.0,0.609,0.0,0.0,0.0,0.0,0.0,0.316,39.687
558,09:18,PTR7,15,15,15,100.0,2346.72,46.388,2.685,2.09,0.95,0.569,0.074,0.596,0.0,0.0,0.0,0.0,0.0,0.312,39.112
558,09:18,PTR8,16,16,16,100.0,2549.34,49.455,2.863,2.103,1.008,0.0,0.0,0.652,0.0,0.0,0.0,0.0,0.0,0.34,42.489
558,09:18,PTR9,15,15,15,100.0,2382.72,46.367,2.685,2.148,0.897,0.0,0.0,0.609,0.0,0.0,0.0,0.0,0.0,0.316,39.712
558,09:18,PTR10,16,16,16,100.0,2541.78,49.446,2.864,2.102,1.13,0.0,0.0,0.649,0.0,0.0,0.0,0.0,0.0,0.338,42.363
559,09:19,PTR6,15,15,15,100.0,2392.44,46.702,2.729,2.141,1.024,0.0,0.0,0.615,0.0,0.0,0.0,0.0,0.0,0.319,39.874
559,09:19,PTR7,15,15,15,100.0,2354.64,46.702,2.729,2.108,1.052,0.577,0.074,0.603,0.0,0.0,0.0,0.0,0.0,0.315,39.244
559,09:19,PTR8,16,16,16,100.0,2565.12,49.788,2.909,2.124,1.0,0.0,0.0,0.658,0.0,0.0,0.0,0.0,0.0,0.345,42.752
559,09:19,PTR9,15,15,15,100.0,2394.96,46.678,2.726,2.172,0.931,0.0,0.0,0.611,0.0,0.0,0.0,0.0,0.0,0.322,39.916
559,09:19,PTR10,16,16,16,100.0,2559.24,49.776,2.906,2.124,1.092,0.0,0.0,0.654,0.0,0.0,0.0,0.0,0.0,0.346,42.654
560,09:20,PTR6,15,15,15,100.0,2397.6,46.733,2.73,2.136,0.974,0.0,0.0,0.612,0.0,0.0,0.0,0.0,0.0,0.321,39.96
560,09:20,PTR7,15,15,15,100.0,2359.74,46.733,2.73,2.103,1.002,0.575,0.074,0.606,0.0,0.0,0.0,0.0,0.0,0.314,39.329
560,09:20,PTR8,16,16,16,100.0,2565.0,49.823,2.911,2.12,1.042,0.0,0.0,0.656,0.0,0.0,0.0,0.0,0.0,0.344,42.75
560,09:20,PTR9,15,15,15,100.0,2397.6,46.712,2.73,2.165,0.92,0.0,0.0,0.616,0.0,0.0,0.0,0.0,0.0,0.321,39.96
560,09:20,PTR10,16,16,16,100.0,2558.4,49.814,2.912,2.118,1.144,0.0,0.0,0.656,0.0,0.0,0.0,0.0,0.0,0.344,42.64
561,09:21,PTR6,15,15,15,100.0,2403.24,46.943,2.76,2.145,1.043,0.0,0.0,0.618,0.0,0.0,0.0,0.0,0.0,0.323,40.054
561,09:21,PTR7,15,15,15,100.0,2369.52,46.943,2.76,2.115,0.998,0.578,0.074,0.606,0.0,0.0,0.0,0.0,0.0,0.32,39.492
561,09:21,PTR8,16,16,16,100.0,2574.3,50.047,2.943,2.129,1.062,0.0,0.0,0.66,0.0,0.0,0.0,0.0,0.0,0.348,42.905
561,09:21,PTR9,15,15,15,100.0,2410.32,46.922,2.76,2.174,0.87,0.0,0.0,0.618,0.0,0.0,0.0,0.0,0.0,0.328,40.172
561,09:21,PTR10,16,16,16,100.0,2572.68,50.038,2.944,2.128,1.082,0.0,0.0,0.658,0.0,0.0,0.0,0.0,0.0,0.348,42.878
562,09:22,PTR6,15,15,15,100.0,2406.6,47.003,2.805,2.147,0.999,0.0,0.0,0.618,0.0,0.0,0.0,0.0,0.0,0.324,40.11
562,09:22,PTR7,15,15,15,100.0,2371.26,47.003,2.805,2.118,0.979,0.577,0.075,0.609,0.0,0.0,0.0,0.0,0.0,0.319,39.521
562,09:22,PTR8,16,16,16,100.0,2575.14,50.111,2.992,2.131,1.062,0.0,0.0,0.66,0.0,0.0,0.0,0.0,0.0,0.347,42.919
562,09:22,PTR9,15,15,15,100.0,2406.54,46.982,2.805,2.179,0.946,0.0,0.0,0.618,0.0,0.0,0.0,0.0,0.0,0.325,40.109
562,09:22,PTR10,16,16,16,100.0,2569.02,50.102,2.992,2.13,1.16,0.0,0.0,0.655,0.0,0.0,0.0,0.0,0.0,0.348,42.817
563,09:23,PTR6,15,15,15,100.0,2424.36,47.408,2.865,2.166,1.023,0.0,0.0,0.619,0.0,0.0,0.0,0.0,0.0,0.329,40.406
563,09:23,PTR7,15,15,15,100.0,2386.74,47.408,2.865,2.133,1.039,0.581,0.076,0.611,0.0,0.0,0.0,0.0,0.0,0.324,39.779
563,09:23,PTR8,16,16,16,100.0,2597.88,50.543,3.056,2.148,1.023,0.0,0.0,0.666,0.0,0.0,0.0,0.0,0.0,0.352,43.298
563,09:23,PTR9,15,15,15,100.0,2427.78,47.387,2.865,2.196,0.913,0.0,0.0,0.62,0.0,0.0,0.0,0.0,0.0,0.33,40.463
563,09:23,PTR10,16,16,16,100.0,2593.32,50.534,3.056,2.147,1.097,0.0,0.0,0.662,0.0,0.0,0.0,0.0,0.0,0.35,43.222
564,09:24,PTR6,15,15,15,100.0,2438.76,47.738,2.94,2.17,1.029,0.0,0.0,0.623,0.0,0.0,0.0,0.0,0.0,0.33,40.646
564,09:24,PTR7,15,15,15,100.0,2402.16,47.738,2.94,2.138,1.024,0.583,0.077,0.616,0.0,0.0,0.0,0.0,0.0,0.324,40.036
564,09:24,PTR8,16,16,16,100.0,2614.62,50.895,3.135,2.153,1.009,0.0,0.0,0.669,0.0,0.0,0.0,0.0,0.0,0.352,43.577
564,09:24,PTR9,15,15,15,100.0,2442.78,47.717,2.94,2.202,0.905,0.0,0.0,0.627,0.0,0.0,0.0,0.0,0.0,0.33,40.713
564,09:24,PTR10,16,16,16,100.0,2605.92,50.886,3.136,2.154,1.144,0.0,0.0,0.669,0.0,0.0,0.0,0.0,0.0,0.351,43.432
565,09:25,PTR6,15,15,15,100.0,2446.8,47.842,2.954,2.174,0.976,0.0,0.0,0.628,0.0,0.0,0.0,0.0,0.0,0.33,40.78
565,09:25,PTR7,15,15,15,100.0,2404.8,47.842,2.954,2.143,1.057,0.588,0.078,0.617,0.0,0.0,0.0,0.0,0.0,0.325,40.08
565,09:25,PTR8,16,16,16,100.0,2616.06,51.003,3.147,2.157,1.078,0.0,0.0,0.668,0.0,0.0,0.0,0.0,0.0,0.352,43.601
565,09:25,PTR9,15,15,15,100.0,2447.04,47.818,2.951,2.203,0.926,0.0,0.0,0.624,0.0,0.0,0.0,0.0,0.0,0.33,40.784
565,09:25,PTR10,16,16,16,100.0,2613.0,50.992,3.146,2.157,1.119,0.0,0.0,0.668,0.0,0.0,0.0,0.0,0.0,0.352,43.55
566,09:26,PTR6,15,15,15,100.0,2455.8,48.068,2.955,2.196,1.027,0.0,0.0,0.63,0.0,0.0,0.0,0.0,0.0,0.33,40.93
566,09:26,PTR7,15,15,15,100.0,2416.68,48.068,2.955,2.166,1.052,0.594,0.078,0.62,0.0,0.0,0.0,0.0,0.0,0.325,40.278
566,09:26,PTR8,16,16,16,100.0,2632.56,51.247,3.152,2.18,1.012,0.0,0.0,0.675,0.0,0.0,0.0,0.0,0.0,0.352,43.876
566,09:26,PTR9,15,15,15,100.0,2463.24,48.047,2.955,2.229,0.845,0.0,0.0,0.634,0.0,0.0,0.0,0.0,0.0,0.33,41.054
566,09:26,PTR10,16,16,16,100.0,2625.48,51.238,3.152,2.18,1.124,0.0,0.0,0.672,0.0,0.0,0.0,0.0,0.0,0.352,43.758
567,09:27,PTR6,15,15,15,100.0,2452.26,48.083,3.06,2.185,1.009,0.0,0.0,0.628,0.0,0.0,0.0,0.0,0.0,0.33,40.871
567,09:27,PTR7,15,15,15,100.0,2410.74,48.083,3.06,2.153,1.083,0.586,0.079,0.617,0.0,0.0,0.0,0.0,0.0,0.326,40.179
567,09:27,PTR8,16,16,16,100.0,2624.88,51.263,3.264,2.168,1.058,0.0,0.0,0.673,0.0,0.0,0.0,0.0,0.0,0.352,43.748
567,09:27,PTR9,15,15,15,100.0,2454.66,48.062,3.06,2.216,0.919,0.0,0.0,0.626,0.0,0.0,0.0,0.0,0.0,0.33,40.911
567,09:27,PTR10,16,16,16,100.0,2618.76,51.254,3.264,2.168,1.152,0.0,0.0,0.672,0.0,0.0,0.0,0.0,0.0,0.352,43.646
568,09:28,PTR6,15,15,15,100.0,2471.64,48.548,3.105,2.212,1.073,0.0,0.0,0.634,0.0,0.0,0.0,0.0,0.0,0.33,41.194
568,09:28,PTR7,15,15,15,100.0,2434.92,48.548,3.105,2.178,1.063,0.592,0.079,0.623,0.0,0.0,0.0,0.0,0.0,0.326,40.582
568,09:28,PTR8,16,16,16,100.0,2650.86,51.759,3.312,2.192,1.044,0.0,0.0,0.676,0.0,0.0,0.0,0.0,0.0,0.354,44.181
568,09:28,PTR9,15,15,15,100.0,2475.9,48.527,3.105,2.242,0.952,0.0,0.0,0.633,0.0,0.0,0.0,0.0,0.0,0.33,41.265
568,09:28,PTR10,16,16,16,100.0,2643.36,51.75,3.312,2.194,1.161,0.0,0.0,0.675,0.0,0.0,0.0,0.0,0.0,0.352,44.056
569,09:29,PTR6,15,15,15,100.0,2478.3,48.773,3.18,2.206,1.117,0.0,0.0,0.635,0.0,0.0,0.0,0.0,0.0,0.33,41.305
569,09:29,PTR7,15,15,15,100.0,2441.7,48.773,3.18,2.175,1.091,0.596,0.081,0.628,0.0,0.0,0.0,0.0,0.0,0.327,40.695
569,09:29,PTR8,16,16,16,100.0,2661.54,51.999,3.391,2.19,1.019,0.0,0.0,0.683,0.0,0.0,0.0,0.0,0.0,0.357,44.359
569,09:29,PTR9,15,15,15,100.0,2485.8,48.752,3.18,2.24,0.936,0.0,0.0,0.636,0.0,0.0,0.0,0.0,0.0,0.33,41.43
569,09:29,PTR10,16,16,16,100.0,2652.3,51.99,3.392,2.189,1.173,0.0,0.0,0.678,0.0,0.0,0.0,0.0,0.0,0.353,44.205
570,09:30,PTR6,15,15,15,100.0,2483.46,48.727,3.164,2.206,0.998,0.0,0.0,0.637,0.0,0.0,0.0,0.0,0.0,0.331,41.391
570,09:30,PTR7,15,15,15,100.0,2445.66,48.727,3.164,2.175,1.002,0.595,0.08,0.624,0.0,0.0,0.0,0.0,0.0,0.326,40.761
570,09:30,PTR8,16,16,16,100.0,2655.36,51.947,3.371,2.19,1.098,0.0,0.0,0.677,0.0,0.0,0.0,0.0,0.0,0.355,44.256
570,09:30,PTR9,15,15,15,100.0,2486.04,48.703,3.161,2.239,0.905,0.0,0.0,0.633,0.0,0.0,0.0,0.0,0.0,0.331,41.434
570,09:30,PTR10,16,16,16,100.0,2651.34,51.936,3.37,2.189,1.156,0.0,0.0,0.679,0.0,0.0,0.0,0.0,0.0,0.353,44.189
571,09:31,PTR6,15,15,15,100.0,2475.54,48.578,3.09,2.211,1.052,0.0,0.0,0.635,0.0,0.0,0.0,0.0,0.0,0.331,41.259
571,09:31,PTR7,15,15,15,100.0,2439.48,48.578,3.09,2.178,1.024,0.595,0.081,0.626,0.0,0.0,0.0,0.0,0.0,0.326,40.658
571,09:31,PTR8,16,16,16,100.0,2651.88,51.791,3.296,2.192,1.07,0.0,0.0,0.68,0.0,0.0,0.0,0.0,0.0,0.355,44.198
571,09:31,PTR9,15,15,15,100.0,2476.86,48.557,3.09,2.241,0.982,0.0,0.0,0.633,0.0,0.0,0.0,0.0,0.0,0.33,41.281
571,09:31,PTR10,16,16,16,100.0,2643.72,51.782,3.296,2.194,1.202,0.0,0.0,0.676,0.0,0.0,0.0,0.0,0.0,0.352,44.062
572,09:32,PTR6,15,15,15,100.0,2490.3,48.908,3.165,2.22,1.049,0.0,0.0,0.638,0.0,0.0,0.0,0.0,0.0,0.331,41.505
572,09:32,PTR7,15,15,15,100.0,2451.66,48.908,3.165,2.186,1.065,0.594,0.081,0.629,0.0,0.0,0.0,0.0,0.0,0.327,40.861
572,09:32,PTR8,16,16,16,100.0,2667.18,52.143,3.376,2.201,1.077,0.0,0.0,0.68,0.0,0.0,0.0,0.0,0.0,0.356,44.453
572,09:32,PTR9,15,15,15,100.0,2494.86,48.887,3.165,2.251,0.924,0.0,0.0,0.635,0.0,0.0,0.0,0.0,0.0,0.331,41.581
572,09:32,PTR10,16,16,16,100.0,2661.6,52.134,3.376,2.2,1.165,0.0,0.0,0.677,0.0,0.0,0.0,0.0,0.0,0.356,44.36
573,09:33,PTR6,15,15,15,100.0,2513.76,49.313,3.195,2.236,1.005,0.0,0.0,0.643,0.0,0.0,0.0,0.0,0.0,0.338,41.896
573,09:33,PTR7,15,15,15,100.0,2471.28,49.313,3.195,2.203,1.08,0.6,0.083,0.633,0.0,0.0,0.0,0.0,0.0,0.331,41.188
573,09:33,PTR8,16,16,16,100.0,2692.38,52.574,3.407,2.219,1.021,0.0,0.0,0.689,0.0,0.0,0.0,0.0,0.0,0.365,44.873
573,09:33,PTR9,15,15,15,100.0,2514.42,49.292,3.195,2.27,0.937,0.0,0.0,0.644,0.0,0.0,0.0,0.0,0.0,0.339,41.907
573,09:33,PTR10,16,16,16,100.0,2685.54,52.566,3.408,2.217,1.132,0.0,0.0,0.687,0.0,0.0,0.0,0.0,0.0,0.363,44.759
574,09:34,PTR6,15,15,15,100.0,2530.5,49.687,3.18,2.263,1.08,0.0,0.0,0.646,0.0,0.0,0.0,0.0,0.0,0.343,42.175
574,09:34,PTR7,15,15,15,100.0,2492.64,49.687,3.18,2.23,1.064,0.608,0.085,0.639,0.0,0.0,0.0,0.0,0.0,0.337,41.544
574,09:34,PTR8,16,16,16,100.0,2713.02,52.971,3.391,2.243,1.058,0.0,0.0,0.695,0.0,0.0,0.0,0.0,0.0,0.367,45.217
574,09:34,PTR9,15,15,15,100.0,2534.82,49.663,3.18,2.293,0.95,0.0,0.0,0.648,0.0,0.0,0.0,0.0,0.0,0.345,42.247
574,09:34,PTR10,16,16,16,100.0,2705.16,52.96,3.392,2.24,1.188,0.0,0.0,0.688,0.0,0.0,0.0,0.0,0.0,0.366,45.086
575,09:35,PTR6,15,15,15,100.0,2536.92,49.807,3.194,2.257,1.079,0.0,0.0,0.65,0.0,0.0,0.0,0.0,0.0,0.345,42.282
575,09:35,PTR7,15,15,15,100.0,2500.86,49.807,3.194,2.223,1.037,0.608,0.085,0.641,0.0,0.0,0.0,0.0,0.0,0.338,41.681
575,09:35,PTR8,16,16,16,100.0,2715.48,53.099,3.404,2.239,1.136,0.0,0.0,0.694,0.0,0.0,0.0,0.0,0.0,0.368,45.258
575,09:35,PTR9,15,15,15,100.0,2542.26,49.783,3.191,2.29,0.934,0.0,0.0,0.652,0.0,0.0,0.0,0.0,0.0,0.345,42.371
575,09:35,PTR10,16,16,16,100.0,2712.48,53.088,3.402,2.242,1.178,0.0,0.0,0.691,0.0,0.0,0.0,0.0,0.0,0.367,45.208
576,09:36,PTR6,15,15,15,100.0,2552.52,49.987,3.149,2.276,1.023,0.0,0.0,0.652,0.0,0.0,0.0,0.0,0.0,0.345,42.542
576,09:36,PTR7,15,15,15,100.0,2509.74,49.987,3.149,2.242,1.091,0.61,0.085,0.642,0.0,0.0,0.0,0.0,0.0,0.339,41.829
576,09:36,PTR8,16,16,16,100.0,2734.62,53.291,3.356,2.259,1.031,0.0,0.0,0.7,0.0,0.0,0.0,0.0,0.0,0.368,45.577
576,09:36,PTR9,15,15,15,100.0,2553.06,49.963,3.146,2.31,0.96,0.0,0.0,0.651,0.0,0.0,0.0,0.0,0.0,0.345,42.551
576,09:36,PTR10,16,16,16,100.0,2721.6,53.28,3.354,2.26,1.242,0.0,0.0,0.697,0.0,0.0,0.0,0.0,0.0,0.367,45.36
577,09:37,PTR6,15,15,15,100.0,2553.24,50.047,3.18,2.28,1.035,0.0,0.0,0.653,0.0,0.0,0.0,0.0,0.0,0.345,42.554
577,09:37,PTR7,15,15,15,100.0,2513.16,50.047,3.18,2.248,1.055,0.612,0.086,0.641,0.0,0.0,0.0,0.0,0.0,0.339,41.886
577,09:37,PTR8,16,16,16,100.0,2732.82,53.355,3.391,2.262,1.088,0.0,0.0,0.699,0.0,0.0,0.0,0.0,0.0,0.368,45.547
577,09:37,PTR9,15,15,15,100.0,2553.48,50.023,3.18,2.31,0.977,0.0,0.0,0.653,0.0,0.0,0.0,0.0,0.0,0.345,42.558
577,09:37,PTR10,16,16,16,100.0,2728.5,53.344,3.392,2.259,1.151,0.0,0.0,0.699,0.0,0.0,0.0,0.0,0.0,0.368,45.475
578,09:38,PTR6,15,15,15,100.0,2579.58,50.677,3.3,2.302,1.076,0.0,0.0,0.661,0.0,0.0,0.0,0.0,0.0,0.345,42.993
578,09:38,PTR7,15,15,15,100.0,2539.74,50.677,3.3,2.267,1.088,0.617,0.087,0.649,0.0,0.0,0.0,0.0,0.0,0.34,42.329
578,09:38,PTR8,16,16,16,100.0,2758.32,54.027,3.519,2.284,1.175,0.0,0.0,0.708,0.0,0.0,0.0,0.0,0.0,0.369,45.972
578,09:38,PTR9,15,15,15,100.0,2585.7,50.653,3.3,2.334,0.917,0.0,0.0,0.662,0.0,0.0,0.0,0.0,0.0,0.345,43.095
578,09:38,PTR10,16,16,16,100.0,2761.38,54.016,3.52,2.28,1.116,0.0,0.0,0.709,0.0,0.0,0.0,0.0,0.0,0.368,46.023
579,09:39,PTR6,15,15,15,100.0,2581.26,50.677,3.284,2.301,1.068,0.0,0.0,0.658,0.0,0.0,0.0,0.0,0.0,0.345,43.021
579,09:39,PTR7,15,15,15,100.0,2536.56,50.677,3.284,2.268,1.159,0.613,0.088,0.649,0.0,0.0,0.0,0.0,0.0,0.34,42.276
579,09:39,PTR8,16,16,16,100.0,2767.02,54.027,3.5,2.284,1.047,0.0,0.0,0.708,0.0,0.0,0.0,0.0,0.0,0.371,46.117
579,09:39,PTR9,15,15,15,100.0,2582.1,50.653,3.281,2.335,0.996,0.0,0.0,0.661,0.0,0.0,0.0,0.0,0.0,0.345,43.035
579,09:39,PTR10,16,16,16,100.0,2760.0,54.016,3.498,2.283,1.163,0.0,0.0,0.704,0.0,0.0,0.0,0.0,0.0,0.368,46.0
580,09:40,PTR6,15,15,15,100.0,2592.96,50.917,3.33,2.314,1.05,0.0,0.0,0.662,0.0,0.0,0.0,0.0,0.0,0.345,43.216
580,09:40,PTR7,15,15,15,100.0,2553.42,50.917,3.33,2.282,1.043,0.623,0.089,0.652,0.0,0.0,0.0,0.0,0.0,0.341,42.557
580,09:40,PTR8,16,16,16,100.0,2774.04,54.283,3.552,2.294,1.122,0.0,0.0,0.71,0.0,0.0,0.0,0.0,0.0,0.371,46.234
580,09:40,PTR9,15,15,14,100.0,2419.32,50.893,3.33,2.346,0.964,0.0,0.0,0.664,0.0,0.0,0.0,2.945,0.0,0.322,40.322
580,09:40,PTR10,16,16,16,100.0,2769.12,54.272,3.552,2.292,1.198,0.0,0.0,0.709,0.0,0.0,0.0,0.0,0.0,0.369,46.152
581,09:41,PTR6,15,15,15,100.0,2603.46,51.172,3.389,2.312,1.067,0.0,0.0,0.667,0.0,0.0,0.0,0.0,0.0,0.346,43.391
581,09:41,PTR7,15,15,15,100.0,2563.62,51.172,3.389,2.28,1.065,0.622,0.089,0.656,0.0,0.0,0.0,0.0,0.0,0.344,42.727
581,09:41,PTR8,16,16,16,100.0,2787.18,54.555,3.612,2.297,1.107,0.0,0.0,0.714,0.0,0.0,0.0,0.0,0.0,0.372,46.453
581,09:41,PTR9,15,15,14,100.0,2431.62,51.148,3.386,2.348,0.936,0.0,0.0,0.67,0.0,0.0,0.0,2.959,0.0,0.322,40.527
581,09:41,PTR10,16,16,16,100.0,2780.88,54.544,3.61,2.298,1.205,0.0,0.0,0.712,0.0,0.0,0.0,0.0,0.0,0.371,46.348
582,09:42,PTR6,15,15,15,100.0,2611.38,51.352,3.45,2.326,1.036,0.0,0.0,0.668,0.0,0.0,0.0,0.0,0.0,0.349,43.523
582,09:42,PTR7,15,15,15,100.0,2569.8,51.352,3.45,2.294,1.064,0.623,0.09,0.657,0.0,0.0,0.0,0.0,0.0,0.344,42.83
582,09:42,PTR8,16,16,16,100.0,2790.96,54.747,3.68,2.31,1.155,0.0,0.0,0.712,0.0,0.0,0.0,0.0,0.0,0.374,46.516
582,09:42,PTR9,15,15,14,100.0,2434.92,51.328,3.45,2.36,0.985,0.0,0.0,0.669,0.0,0.0,0.0,2.959,0.0,0.323,40.582
582,09:42,PTR10,16,16,16,100.0,2786.46,54.736,3.68,2.308,1.221,0.0,0.0,0.714,0.0,0.0,0.0,0.0,0.0,0.372,46.441
583,09:43,PTR6,15,15,15,100.0,2603.22,51.247,3.435,2.325,1.089,0.0,0.0,0.664,0.0,0.0,0.0,0.0,0.0,0.347,43.387
583,09:43,PTR7,15,15,15,100.0,2564.52,51.247,3.435,2.291,1.067,0.625,0.09,0.655,0.0,0.0,0.0,0.0,0.0,0.342,42.742
583,09:43,PTR8,16,16,16,100.0,2786.64,54.635,3.664,2.306,1.137,0.0,0.0,0.712,0.0,0.0,0.0,0.0,0.0,0.372,46.444
583,09:43,PTR9,15,15,14,100.0,2429.34,51.223,3.435,2.355,0.994,0.0,0.0,0.665,0.0,0.0,0.0,2.963,0.0,0.322,40.489
583,09:43,PTR10,16,16,16,100.0,2785.68,54.624,3.664,2.307,1.136,0.0,0.0,0.716,0.0,0.0,0.0,0.0,0.0,0.373,46.428
584,09:44,PTR6,15,15,15,100.0,2613.48,51.427,3.479,2.323,1.049,0.0,0.0,0.669,0.0,0.0,0.0,0.0,0.0,0.349,43.558
584,09:44,PTR7,15,15,15,100.0,2569.92,51.427,3.479,2.29,1.108,0.627,0.09,0.657,0.0,0.0,0.0,0.0,0.0,0.344,42.832
584,09:44,PTR8,16,16,16,100.0,2797.32,54.827,3.708,2.306,1.1,0.0,0.0,0.716,0.0,0.0,0.0,0.0,0.0,0.375,46.622
584,09:44,PTR9,15,15,14,100.0,2436.84,51.403,3.476,2.357,1.016,0.0,0.0,0.67,0.0,0.0,0.0,2.944,0.0,0.326,40.614
584,09:44,PTR10,16,16,16,100.0,2789.94,54.816,3.706,2.305,1.218,0.0,0.0,0.714,0.0,0.0,0.0,0.0,0.0,0.374,46.499
585,09:45,PTR6,15,15,15,100.0,2620.56,51.577,3.464,2.33,1.088,0.0,0.0,0.669,0.0,0.0,0.0,0.0,0.0,0.35,43.676
585,09:45,PTR7,15,15,15,100.0,2582.64,51.577,3.464,2.295,1.048,0.627,0.092,0.659,0.0,0.0,0.0,0.0,0.0,0.348,43.044
585,09:45,PTR8,16,16,16,100.0,2806.62,54.987,3.692,2.315,1.107,0.0,0.0,0.718,0.0,0.0,0.0,0.0,0.0,0.378,46.777
585,09:45,PTR9,15,15,14,100.0,2448.78,51.553,3.461,2.366,0.943,0.0,0.0,0.671,0.0,0.0,0.0,2.968,0.0,0.331,40.813
585,09:45,PTR10,16,16,16,100.0,2804.28,54.976,3.69,2.315,1.134,0.0,0.0,0.719,0.0,0.0,0.0,0.0,0.0,0.38,46.738
586,09:46,PTR6,15,15,15,100.0,2619.18,51.667,3.555,2.338,1.102,0.0,0.0,0.668,0.0,0.0,0.0,0.0,0.0,0.351,43.653
586,09:46,PTR7,15,15,15,100.0,2580.36,51.667,3.555,2.304,1.073,0.629,0.091,0.661,0.0,0.0,0.0,0.0,0.0,0.348,43.006
586,09:46,PTR8,16,16,16,100.0,2807.16,55.083,3.791,2.318,1.092,0.0,0.0,0.719,0.0,0.0,0.0,0.0,0.0,0.377,46.786
586,09:46,PTR9,15,15,14,100.0,2446.56,51.643,3.555,2.368,0.979,0.0,0.0,0.671,0.0,0.0,0.0,2.964,0.0,0.33,40.776
586,09:46,PTR10,16,16,16,100.0,2803.02,55.072,3.792,2.316,1.15,0.0,0.0,0.717,0.0,0.0,0.0,0.0,0.0,0.38,46.717
587,09:47,PTR6,15,15,15,100.0,2621.58,51.712,3.569,2.332,1.099,0.0,0.0,0.668,0.0,0.0,0.0,0.0,0.0,0.351,43.693
587,09:47,PTR7,15,15,15,100.0,2584.62,51.712,3.569,2.296,1.042,0.625,0.092,0.663,0.0,0.0,0.0,0.0,0.0,0.348,43.077
587,09:47,PTR8,16,16,16,100.0,2805.6,55.131,3.804,2.315,1.156,0.0,0.0,0.719,0.0,0.0,0.0,0.0,0.0,0.377,46.76
587,09:47,PTR9,15,15,14,100.0,2448.24,51.688,3.566,2.367,0.978,0.0,0.0,0.672,0.0,0.0,0.0,2.971,0.0,0.33,40.804
587,09:47,PTR10,16,16,16,100.0,2802.84,55.12,3.802,2.315,1.193,0.0,0.0,0.717,0.0,0.0,0.0,0.0,0.0,0.379,46.714
588,09:48,PTR6,15,15,15,100.0,2626.56,51.712,3.539,2.333,1.038,0.0,0.0,0.673,0.0,0.0,0.0,0.0,0.0,0.353,43.776
588,09:48,PTR7,15,15,15,100.0,2579.88,51.712,3.539,2.299,1.154,0.628,0.092,0.656,0.0,0.0,0.0,0.0,0.0,0.346,42.998
588,09:48,PTR8,16,16,16,100.0,2810.76,55.13,3.771,2.315,1.101,0.0,0.0,0.719,0.0,0.0,0.0,0.0,0.0,0.378,46.846
588,09:48,PTR9,15,15,14,100.0,2451.24,51.688,3.536,2.37,0.954,0.0,0.0,0.672,0.0,0.0,0.0,2.972,0.0,0.33,40.854
588,09:48,PTR10,16,16,16,100.0,2805.6,55.12,3.77,2.316,1.181,0.0,0.0,0.714,0.0,0.0,0.0,0.0,0.0,0.379,46.76
589,09:49,PTR6,15,15,15,100.0,2630.4,51.982,3.629,2.342,1.142,0.0,0.0,0.675,0.0,0.0,0.0,0.0,0.0,0.354,43.84
589,09:49,PTR7,15,15,15,100.0,2594.34,51.982,3.629,2.307,1.062,0.636,0.094,0.666,0.0,0.0,0.0,0.0,0.0,0.349,43.239
589,09:49,PTR8,16,16,16,100.0,2818.56,55.418,3.867,2.325,1.15,0.0,0.0,0.72,0.0,0.0,0.0,0.0,0.0,0.38,46.976
589,09:49,PTR9,15,15,14,100.0,2462.22,51.958,3.626,2.376,0.921,0.0,0.0,0.675,0.0,0.0,0.0,2.99,0.0,0.333,41.037
589,09:49,PTR10,16,16,16,100.0,2813.28,55.408,3.866,2.325,1.231,0.0,0.0,0.717,0.0,0.0,0.0,0.0,0.0,0.381,46.888
590,09:50,PTR6,15,15,15,100.0,2640.84,52.132,3.584,2.351,1.148,0.0,0.0,0.676,0.0,0.0,0.0,0.0,0.0,0.359,44.014
590,09:50,PTR7,15,15,15,100.0,2604.6,52.132,3.584,2.318,1.073,0.636,0.094,0.664,0.0,0.0,0.0,0.0,0.0,0.353,43.41
590,09:50,PTR8,16,16,16,100.0,2831.82,55.578,3.819,2.334,1.12,0.0,0.0,0.725,0.0,0.0,0.0,0.0,0.0,0.383,47.197
590,09:50,PTR9,15,15,14,100.0,2466.84,52.108,3.581,2.386,1.03,0.0,0.0,0.676,0.0,0.0,0.0,2.986,0.0,0.335,41.114
590,09:50,PTR10,16,16,16,100.0,2823.78,55.568,3.818,2.336,1.245,0.0,0.0,0.724,0.0,0.0,0.0,0.0,0.0,0.382,47.063
591,09:51,PTR6,15,15,15,100.0,2646.0,51.982,3.465,2.361,1.019,0.0,0.0,0.678,0.0,0.0,0.0,0.0,0.0,0.359,44.1
591,09:51,PTR7,15,15,15,100.0,2600.94,51.982,3.465,2.325,1.1,0.63,0.095,0.668,0.0,0.0,0.0,0.0,0.0,0.35,43.349
591,09:51,PTR8,16,16,16,100.0,2826.42,55.419,3.696,2.342,1.17,0.0,0.0,0.721,0.0,0.0,0.0,0.0,0.0,0.383,47.107
591,09:51,PTR9,15,15,14,100.0,2465.7,51.958,3.465,2.394,1.021,0.0,0.0,0.672,0.0,0.0,0.0,2.978,0.0,0.333,41.095
591,09:51,PTR10,16,16,16,100.0,2825.58,55.408,3.696,2.34,1.173,0.0,0.0,0.724,0.0,0.0,0.0,0.0,0.0,0.382,47.093
592,09:52,PTR6,15,15,15,100.0,2644.38,52.117,3.509,2.353,1.145,0.0,0.0,0.679,0.0,0.0,0.0,0.0,0.0,0.358,44.073
592,09:52,PTR7,15,15,15,100.0,2607.9,52.117,3.509,2.32,1.07,0.635,0.096,0.669,0.0,0.0,0.0,0.0,0.0,0.353,43.465
592,09:52,PTR8,16,16,16,100.0,2835.66,55.563,3.74,2.337,1.114,0.0,0.0,0.728,0.0,0.0,0.0,0.0,0.0,0.383,47.261
592,09:52,PTR9,15,15,14,100.0,2470.8,52.093,3.506,2.387,1.005,0.0,0.0,0.681,0.0,0.0,0.0,2.998,0.0,0.336,41.18
592,09:52,PTR10,16,16,16,100.0,2830.2,55.552,3.738,2.339,1.198,0.0,0.0,0.725,0.0,0.0,0.0,0.0,0.0,0.382,47.17
593,09:53,PTR6,15,15,15,100.0,2653.2,52.207,3.509,2.357,1.081,0.0,0.0,0.68,0.0,0.0,0.0,0.0,0.0,0.36,44.22
593,09:53,PTR7,15,15,15,100.0,2613.3,52.207,3.509,2.322,1.068,0.635,0.096,0.668,0.0,0.0,0.0,0.0,0.0,0.354,43.555
593,09:53,PTR8,16,16,16,100.0,2843.7,55.659,3.74,2.341,1.071,0.0,0.0,0.728,0.0,0.0,0.0,0.0,0.0,0.384,47.395
593,09:53,PTR9,15,15,14,100.0,2475.84,52.183,3.506,2.393,0.987,0.0,0.0,0.68,0.0,0.0,0.0,3.017,0.0,0.336,41.264
593,09:53,PTR10,16,16,16,100.0,2832.66,55.648,3.738,2.34,1.251,0.0,0.0,0.726,0.0,0.0,0.0,0.0,0.0,0.382,47.211
594,09:54,PTR6,15,15,15,100.0,2657.46,52.297,3.51,2.371,1.086,0.0,0.0,0.679,0.0,0.0,0.0,0.0,0.0,0.36,44.291
594,09:54,PTR7,15,15,15,100.0,2616.9,52.297,3.51,2.336,1.079,0.638,0.096,0.669,0.0,0.0,0.0,0.0,0.0,0.354,43.615
594,09:54,PTR8,16,16,16,100.0,2845.86,55.755,3.744,2.353,1.117,0.0,0.0,0.726,0.0,0.0,0.0,0.0,0.0,0.384,47.431
594,09:54,PTR9,15,15,14,100.0,2480.82,52.273,3.51,2.405,0.998,0.0,0.0,0.683,0.0,0.0,0.0,2.994,0.0,0.336,41.347
594,09:54,PTR10,16,16,16,100.0,2836.98,55.744,3.744,2.35,1.257,0.0,0.0,0.726,0.0,0.0,0.0,0.0,0.0,0.384,47.283
595,09:55,PTR6,15,15,15,100.0,2663.58,52.342,3.495,2.374,1.036,0.0,0.0,0.684,0.0,0.0,0.0,0.0,0.0,0.36,44.393
595,09:55,PTR7,15,15,15,100.0,2620.68,52.342,3.495,2.339,1.07,0.639,0.097,0.67,0.0,0.0,0.0,0.0,0.0,0.354,43.678
595,09:55,PTR8,16,16,16,100.0,2849.82,55.803,3.728,2.355,1.107,0.0,0.0,0.732,0.0,0.0,0.0,0.0,0.0,0.384,47.497
595,09:55,PTR9,15,15,14,100.0,2487.42,52.318,3.495,2.407,0.928,0.0,0.0,0.681,0.0,0.0,0.0,3.014,0.0,0.336,41.457
595,09:55,PTR10,16,16,16,100.0,2847.0,55.792,3.728,2.351,1.152,0.0,0.0,0.727,0.0,0.0,0.0,0.0,0.0,0.384,47.45
596,09:56,PTR6,15,15,15,100.0,2673.6,52.657,3.599,2.379,1.074,0.0,0.0,0.685,0.0,0.0,0.0,0.0,0.0,0.36,44.56
596,09:56,PTR7,15,15,15,100.0,2628.3,52.657,3.599,2.344,1.144,0.64,0.098,0.673,0.0,0.0,0.0,0.0,0.0,0.354,43.805
596,09:56,PTR8,16,16,16,100.0,2861.58,56.138,3.835,2.36,1.133,0.0,0.0,0.733,0.0,0.0,0.0,0.0,0.0,0.384,47.693
596,09:56,PTR9,15,15,14,100.0,2495.28,52.633,3.596,2.413,0.994,0.0,0.0,0.684,0.0,0.0,0.0,3.022,0.0,0.336,41.588
596,09:56,PTR10,16,16,16,100.0,2855.34,56.128,3.834,2.362,1.229,0.0,0.0,0.73,0.0,0.0,0.0,0.0,0.0,0.384,47.589
597,09:57,PTR6,15,15,15,100.0,2666.1,52.702,3.764,2.368,1.091,0.0,0.0,0.684,0.0,0.0,0.0,0.0,0.0,0.36,44.435
597,09:57,PTR7,15,15,15,100.0,2624.4,52.702,3.764,2.335,1.099,0.64,0.098,0.672,0.0,0.0,0.0,0.0,0.0,0.354,43.74
597,09:57,PTR8,16,16,16,100.0,2854.5,56.187,4.012,2.353,1.133,0.0,0.0,0.73,0.0,0.0,0.0,0.0,0.0,0.384,47.575
597,09:57,PTR9,15,15,14,100.0,2490.24,52.678,3.761,2.406,0.969,0.0,0.0,0.681,0.0,0.0,0.0,3.021,0.0,0.336,41.504
597,09:57,PTR10,16,16,16,100.0,2848.44,56.176,4.01,2.354,1.225,0.0,0.0,0.729,0.0,0.0,0.0,0.0,0.0,0.384,47.474
598,09:58,PTR6,15,15,15,100.0,2663.7,52.597,3.69,2.379,1.089,0.0,0.0,0.684,0.0,0.0,0.0,0.0,0.0,0.36,44.395
598,09:58,PTR7,15,15,15,100.0,2624.58,52.597,3.69,2.344,1.058,0.639,0.098,0.671,0.0,0.0,0.0,0.0,0.0,0.354,43.743
598,09:58,PTR8,16,16,16,100.0,2855.22,56.075,3.936,2.358,1.081,0.0,0.0,0.729,0.0,0.0,0.0,0.0,0.0,0.384,47.587
598,09:58,PTR9,15,15,14,100.0,2487.48,52.573,3.69,2.409,0.968,0.0,0.0,0.685,0.0,0.0,0.0,3.027,0.0,0.336,41.458
598,09:58,PTR10,16,16,16,100.0,2844.48,56.064,3.936,2.358,1.252,0.0,0.0,0.726,0.0,0.0,0.0,0.0,0.0,0.384,47.408
599,09:59,PTR6,15,15,15,100.0,2680.14,52.926,3.764,2.386,1.059,0.0,0.0,0.688,0.0,0.0,0.0,0.0,0.0,0.36,44.669
599,09:59,PTR7,15,15,15,100.0,2636.76,52.926,3.764,2.351,1.093,0.641,0.099,0.678,0.0,0.0,0.0,0.0,0.0,0.354,43.946
599,09:59,PTR8,16,16,16,100.0,2867.7,56.423,4.012,2.369,1.128,0.0,0.0,0.735,0.0,0.0,0.0,0.0,0.0,0.384,47.795
599,09:59,PTR9,15,15,14,100.0,2500.62,52.899,3.761,2.421,0.977,0.0,0.0,0.686,0.0,0.0,0.0,3.041,0.0,0.336,41.677
599,09:59,PTR10,16,16,16,100.0,2862.78,56.41,4.01,2.365,1.208,0.0,0.0,0.73,0.0,0.0,0.0,0.0,0.0,0.384,47.713
600,10:00,PTR6,15,15,15,100.0,2681.22,53.062,3.809,2.387,1.134,0.0,0.0,0.685,0.0,0.0,0.0,0.0,0.0,0.36,44.687
600,10:00,PTR7,15,15,15,100.0,2641.26,53.062,3.809,2.351,1.111,0.639,0.101,0.675,0.0,0.0,0.0,0.0,0.0,0.355,44.021
600,10:00,PTR8,16,16,16,100.0,2873.94,56.571,4.06,2.371,1.121,0.0,0.0,0.734,0.0,0.0,0.0,0.0,0.0,0.386,47.899
600,10:00,PTR9,15,15,14,100.0,2510.34,53.038,3.806,2.423,0.906,0.0,0.0,0.69,0.0,0.0,0.0,3.038,0.0,0.336,41.839
600,10:00,PTR10,16,16,16,100.0,2863.98,56.56,4.058,2.37,1.281,0.0,0.0,0.734,0.0,0.0,0.0,0.0,0.0,0.384,47.733
601,10:01,PTR6,15,15,15,100.0,2695.02,53.437,3.96,2.408,1.101,0.0,0.0,0.691,0.0,0.0,0.0,0.0,0.0,0.36,44.917
601,10:01,PTR7,15,15,15,100.0,2653.68,53.437,3.96,2.376,1.092,0.646,0.101,0.679,0.0,0.0,0.0,0.0,0.0,0.355,44.228
601,10:01,PTR8,16,16,16,100.0,2885.64,56.97,4.223,2.389,1.139,0.0,0.0,0.74,0.0,0.0,0.0,0.0,0.0,0.385,48.094
601,10:01,PTR9,15,15,14,100.0,2513.94,53.413,3.96,2.439,1.025,0.0,0.0,0.689,0.0,0.0,0.0,3.065,0.0,0.336,41.899
601,10:01,PTR10,16,16,16,100.0,2885.28,56.96,4.224,2.388,1.137,0.0,0.0,0.739,0.0,0.0,0.0,0.0,0.0,0.384,48.088
602,10:02,PTR6,15,15,15,100.0,2709.12,53.617,3.96,2.41,1.04,0.0,0.0,0.693,0.0,0.0,0.0,0.0,0.0,0.362,45.152
602,10:02,PTR7,15,15,15,100.0,2663.58,53.617,3.96,2.376,1.103,0.647,0.102,0.68,0.0,0.0,0.0,0.0,0.0,0.356,44.393
602,10:02,PTR8,16,16,16,100.0,2894.94,57.162,4.223,2.39,1.173,0.0,0.0,0.74,0.0,0.0,0.0,0.0,0.0,0.387,48.249
602,10:02,PTR9,15,15,14,100.0,2524.14,53.593,3.96,2.443,1.019,0.0,0.0,0.691,0.0,0.0,0.0,3.075,0.0,0.336,42.069
602,10:02,PTR10,16,16,16,100.0,2889.96,57.152,4.224,2.391,1.246,0.0,0.0,0.74,0.0,0.0,0.0,0.0,0.0,0.385,48.166
603,10:03,PTR6,15,15,15,100.0,2723.46,54.067,4.035,2.426,1.155,0.0,0.0,0.697,0.0,0.0,0.0,0.0,0.0,0.363,45.391
603,10:03,PTR7,15,15,15,100.0,2686.74,54.067,4.035,2.391,1.06,0.652,0.104,0.686,0.0,0.0,0.0,0.0,0.0,0.36,44.779
603,10:03,PTR8,16,16,16,100.0,2917.14,57.642,4.303,2.405,1.177,0.0,0.0,0.748,0.0,0.0,0.0,0.0,0.0,0.39,48.619
603,10:03,PTR9,15,15,14,100.0,2545.8,54.043,4.035,2.459,0.977,0.0,0.0,0.696,0.0,0.0,0.0,3.104,0.0,0.342,42.43
603,10:03,PTR10,16,16,16,100.0,2916.96,57.632,4.304,2.406,1.165,0.0,0.0,0.745,0.0,0.0,0.0,0.0,0.0,0.396,48.616
604,10:04,PTR6,15,15,15,100.0,2744.1,54.397,4.05,2.442,1.097,0.0,0.0,0.703,0.0,0.0,0.0,0.0,0.0,0.37,45.735
604,10:04,PTR7,15,15,15,100.0,2700.66,54.397,4.05,2.407,1.112,0.657,0.104,0.691,0.0,0.0,0.0,0.0,0.0,0.365,45.011
604,10:04,PTR8,16,16,16,100.0,2937.6,57.994,4.319,2.421,1.146,0.0,0.0,0.751,0.0,0.0,0.0,0.0,0.0,0.397,48.96
604,10:04,PTR9,15,15,14,100.0,2562.48,54.373,4.05,2.477,0.981,0.0,0.0,0.7,0.0,0.0,0.0,3.111,0.0,0.346,42.708
604,10:04,PTR10,16,16,16,100.0,2932.62,57.984,4.32,2.424,1.218,0.0,0.0,0.748,0.0,0.0,0.0,0.0,0.0,0.397,48.877
605,10:05,PTR6,15,15,15,100.0,2742.3,54.262,3.96,2.444,1.079,0.0,0.0,0.703,0.0,0.0,0.0,0.0,0.0,0.371,45.705
605,10:05,PTR7,15,15,15,100.0,2697.18,54.262,3.96,2.41,1.131,0.653,0.104,0.688,0.0,0.0,0.0,0.0,0.0,0.363,44.953
605,10:05,PTR8,16,16,16,100.0,2934.48,57.85,4.223,2.429,1.14,0.0,0.0,0.755,0.0,0.0,0.0,0.0,0.0,0.395,48.908
605,10:05,PTR9,15,15,14,100.0,2560.68,54.238,3.96,2.479,0.948,0.0,0.0,0.704,0.0,0.0,0.0,3.121,0.0,0.348,42.678
605,10:05,PTR10,16,16,16,100.0,2926.68,57.84,4.224,2.428,1.266,0.0,0.0,0.749,0.0,0.0,0.0,0.0,0.0,0.395,48.778
606,10:06,PTR6,15,15,15,100.0,2758.08,54.651,4.019,2.456,1.129,0.0,0.0,0.705,0.0,0.0,0.0,0.0,0.0,0.374,45.968
606,10:06,PTR7,15,15,15,100.0,2713.74,54.651,4.019,2.42,1.151,0.662,0.105,0.697,0.0,0.0,0.0,0.0,0.0,0.368,45.229
606,10:06,PTR8,16,16,16,100.0,2953.5,58.263,4.284,2.434,1.167,0.0,0.0,0.754,0.0,0.0,0.0,0.0,0.0,0.399,49.225
606,10:06,PTR9,15,15,14,100.0,2574.3,54.624,4.016,2.491,1.037,0.0,0.0,0.707,0.0,0.0,0.0,3.12,0.0,0.348,42.905
606,10:06,PTR10,16,16,16,100.0,2948.04,58.25,4.282,2.436,1.247,0.0,0.0,0.753,0.0,0.0,0.0,0.0,0.0,0.398,49.134
607,10:07,PTR6,15,15,15,100.0,2757.96,54.787,4.125,2.456,1.163,0.0,0.0,0.703,0.0,0.0,0.0,0.0,0.0,0.374,45.966
607,10:07,PTR7,15,15,15,100.0,2716.74,54.787,4.125,2.422,1.13,0.662,0.106,0.697,0.0,0.0,0.0,0.0,0.0,0.366,45.279
607,10:07,PTR8,16,16,16,100.0,2954.16,58.41,4.399,2.435,1.184,0.0,0.0,0.756,0.0,0.0,0.0,0.0,0.0,0.4,49.236
607,10:07,PTR9,15,15,14,100.0,2579.4,54.763,4.125,2.492,0.958,0.0,0.0,0.708,0.0,0.0,0.0,3.14,0.0,0.35,42.99
607,10:07,PTR10,16,16,16,100.0,2953.02,58.4,4.4,2.436,1.194,0.0,0.0,0.755,0.0,0.0,0.0,0.0,0.0,0.398,49.217
608,10:08,PTR6,15,15,15,100.0,2757.84,54.862,4.169,2.456,1.193,0.0,0.0,0.705,0.0,0.0,0.0,0.0,0.0,0.375,45.964
608,10:08,PTR7,15,15,15,100.0,2716.5,54.862,4.169,2.419,1.17,0.66,0.107,0.694,0.0,0.0,0.0,0.0,0.0,0.368,45.275
608,10:08,PTR8,16,16,16,100.0,2957.28,58.49,4.444,2.437,1.165,0.0,0.0,0.756,0.0,0.0,0.0,0.0,0.0,0.4,49.288
608,10:08,PTR9,15,15,14,100.0,2579.1,54.838,4.166,2.492,1.008,0.0,0.0,0.708,0.0,0.0,0.0,3.129,0.0,0.35,42.985
608,10:08,PTR10,16,16,16,100.0,2950.74,58.48,4.442,2.441,1.267,0.0,0.0,0.753,0.0,0.0,0.0,0.0,0.0,0.398,49.179
609,10:09,PTR6,15,15,15,100.0,2781.54,55.297,4.23,2.484,1.135,0.0,0.0,0.714,0.0,0.0,0.0,0.0,0.0,0.375,46.359
609,10:09,PTR7,15,15,15,100.0,2733.0,55.297,4.23,2.447,1.227,0.666,0.107,0.701,0.0,0.0,0.0,0.0,0.0,0.369,45.55
609,10:09,PTR8,16,16,16,100.0,2977.56,58.954,4.511,2.466,1.188,0.0,0.0,0.763,0.0,0.0,0.0,0.0,0.0,0.4,49.626
609,10:09,PTR9,15,15,14,100.0,2594.94,55.273,4.23,2.518,1.064,0.0,0.0,0.71,0.0,0.0,0.0,3.152,0.0,0.35,43.249
609,10:09,PTR10,16,16,16,100.0,2975.16,58.944,4.512,2.465,1.217,0.0,0.0,0.764,0.0,0.0,0.0,0.0,0.0,0.4,49.586
610,10:10,PTR6,15,15,15,100.0,2805.42,55.806,4.244,2.497,1.215,0.0,0.0,0.718,0.0,0.0,0.0,0.0,0.0,0.375,46.757
610,10:10,PTR7,15,15,15,100.0,2762.28,55.806,4.244,2.461,1.204,0.672,0.109,0.709,0.0,0.0,0.0,0.0,0.0,0.369,46.038
610,10:10,PTR8,16,16,16,100.0,3011.34,59.495,4.524,2.476,1.137,0.0,0.0,0.767,0.0,0.0,0.0,0.0,0.0,0.402,50.189
610,10:10,PTR9,15,15,14,100.0,2625.36,55.779,4.241,2.53,1.004,0.0,0.0,0.72,0.0,0.0,0.0,3.178,0.0,0.35,43.756
610,10:10,PTR10,16,16,16,100.0,3000.54,59.482,4.522,2.473,1.309,0.0,0.0,0.769,0.0,0.0,0.0,0.0,0.0,0.4,50.009
611,10:11,PTR6,15,15,15,100.0,2812.2,56.031,4.319,2.507,1.241,0.0,0.0,0.719,0.0,0.0,0.0,0.0,0.0,0.375,46.87
611,10:11,PTR7,15,15,15,100.0,2773.92,56.031,4.319,2.469,1.149,0.675,0.109,0.708,0.0,0.0,0.0,0.0,0.0,0.37,46.232
611,10:11,PTR8,16,16,16,100.0,3018.06,59.734,4.603,2.489,1.165,0.0,0.0,0.772,0.0,0.0,0.0,0.0,0.0,0.404,50.301
611,10:11,PTR9,15,15,14,100.0,2629.92,56.004,4.316,2.543,1.064,0.0,0.0,0.721,0.0,0.0,0.0,3.178,0.0,0.35,43.832
611,10:11,PTR10,16,16,16,100.0,3008.58,59.722,4.602,2.489,1.317,0.0,0.0,0.771,0.0,0.0,0.0,0.0,0.0,0.4,50.143
612,10:12,PTR6,15,15,15,100.0,2819.7,56.122,4.335,2.517,1.176,0.0,0.0,0.722,0.0,0.0,0.0,0.0,0.0,0.377,46.995
612,10:12,PTR7,15,15,15,100.0,2774.52,56.122,4.335,2.48,1.201,0.676,0.109,0.709,0.0,0.0,0.0,0.0,0.0,0.37,46.242
612,10:12,PTR8,16,16,16,100.0,3022.5,59.834,4.623,2.498,1.16,0.0,0.0,0.772,0.0,0.0,0.0,0.0,0.0,0.406,50.375
612,10:12,PTR9,15,15,14,100.0,2637.84,56.098,4.335,2.553,0.981,0.0,0.0,0.725,0.0,0.0,0.0,3.188,0.0,0.352,43.964
612,10:12,PTR10,16,16,16,100.0,3017.58,59.824,4.624,2.498,1.233,0.0,0.0,0.772,0.0,0.0,0.0,0.0,0.0,0.404,50.293
613,10:13,PTR6,15,15,15,100.0,2825.58,56.316,4.394,2.522,1.206,0.0,0.0,0.723,0.0,0.0,0.0,0.0,0.0,0.378,47.093
613,10:13,PTR7,15,15,15,100.0,2781.54,56.316,4.394,2.484,1.211,0.676,0.111,0.709,0.0,0.0,0.0,0.0,0.0,0.372,46.359
613,10:13,PTR8,16,16,16,100.0,3032.22,60.038,4.684,2.504,1.131,0.0,0.0,0.775,0.0,0.0,0.0,0.0,0.0,0.407,50.537
613,10:13,PTR9,15,15,14,100.0,2641.32,56.289,4.391,2.558,1.037,0.0,0.0,0.726,0.0,0.0,0.0,3.203,0.0,0.352,44.022
613,10:13,PTR10,16,16,16,100.0,3025.86,60.026,4.682,2.504,1.223,0.0,0.0,0.778,0.0,0.0,0.0,0.0,0.0,0.408,50.431
614,10:14,PTR6,15,15,15,100.0,2817.18,56.091,4.379,2.513,1.15,0.0,0.0,0.72,0.0,0.0,0.0,0.0,0.0,0.376,46.953
614,10:14,PTR7,15,15,15,100.0,2770.2,56.091,4.379,2.477,1.203,0.676,0.111,0.705,0.0,0.0,0.0,0.0,0.0,0.37,46.17
614,10:14,PTR8,16,16,16,100.0,3019.5,59.798,4.667,2.493,1.136,0.0,0.0,0.773,0.0,0.0,0.0,0.0,0.0,0.404,50.325
614,10:14,PTR9,15,15,14,100.0,2635.26,56.064,4.376,2.547,0.949,0.0,0.0,0.723,0.0,0.0,0.0,3.196,0.0,0.352,43.921
614,10:14,PTR10,16,16,16,100.0,3016.56,59.786,4.666,2.49,1.178,0.0,0.0,0.773,0.0,0.0,0.0,0.0,0.0,0.403,50.276
615,10:15,PTR6,15,15,15,100.0,2824.8,56.197,4.395,2.519,1.102,0.0,0.0,0.722,0.0,0.0,0.0,0.0,0.0,0.379,47.08
615,10:15,PTR7,15,15,15,100.0,2778.72,56.197,4.395,2.48,1.141,0.674,0.112,0.713,0.0,0.0,0.0,0.0,0.0,0.37,46.312
615,10:15,PTR8,16,16,16,100.0,3017.34,59.914,4.688,2.498,1.265,0.0,0.0,0.77,0.0,0.0,0.0,0.0,0.0,0.404,50.289
615,10:15,PTR9,15,15,14,100.0,2638.44,56.173,4.395,2.555,0.969,0.0,0.0,0.723,0.0,0.0,0.0,3.206,0.0,0.351,43.974
615,10:15,PTR10,16,16,16,100.0,3021.84,59.904,4.688,2.502,1.172,0.0,0.0,0.775,0.0,0.0,0.0,0.0,0.0,0.403,50.364
616,10:16,PTR6,15,15,15,100.0,2813.52,56.182,4.44,2.513,1.241,0.0,0.0,0.721,0.0,0.0,0.0,0.0,0.0,0.375,46.892
616,10:16,PTR7,15,15,15,100.0,2774.34,56.182,4.44,2.478,1.159,0.674,0.112,0.709,0.0,0.0,0.0,0.0,0.0,0.371,46.239
616,10:16,PTR8,16,16,16,100.0,3020.64,59.898,4.735,2.493,1.151,0.0,0.0,0.772,0.0,0.0,0.0,0.0,0.0,0.403,50.344
616,10:16,PTR9,15,15,14,100.0,2630.46,56.158,4.44,2.548,1.06,0.0,0.0,0.722,0.0,0.0,0.0,3.196,0.0,0.351,43.841
616,10:16,PTR10,16,16,16,100.0,3014.82,59.888,4.736,2.491,1.243,0.0,0.0,0.77,0.0,0.0,0.0,0.0,0.0,0.401,50.247
617,10:17,PTR6,15,15,15,100.0,2826.36,56.272,4.455,2.507,1.102,0.0,0.0,0.724,0.0,0.0,0.0,0.0,0.0,0.378,47.106
617,10:17,PTR7,15,15,15,100.0,2779.62,56.272,4.455,2.469,1.149,0.677,0.112,0.712,0.0,0.0,0.0,0.0,0.0,0.371,46.327
617,10:17,PTR8,16,16,16,100.0,3023.46,59.994,4.751,2.489,1.185,0.0,0.0,0.773,0.0,0.0,0.0,0.0,0.0,0.405,50.391
617,10:17,PTR9,15,15,14,100.0,2635.98,56.248,4.455,2.543,1.055,0.0,0.0,0.723,0.0,0.0,0.0,3.188,0.0,0.351,43.933
617,10:17,PTR10,16,16,16,100.0,3016.38,59.984,4.752,2.489,1.293,0.0,0.0,0.774,0.0,0.0,0.0,0.0,0.0,0.403,50.273
618,10:18,PTR6,15,15,15,100.0,2811.0,56.136,4.514,2.508,1.17,0.0,0.0,0.719,0.0,0.0,0.0,0.0,0.0,0.375,46.85
618,10:18,PTR7,15,15,15,100.0,2769.24,56.136,4.514,2.47,1.134,0.674,0.113,0.708,0.0,0.0,0.0,0.0,0.0,0.369,46.154
618,10:18,PTR8,16,16,16,100.0,3010.14,59.847,4.812,2.489,1.203,0.0,0.0,0.77,0.0,0.0,0.0,0.0,0.0,0.404,50.169
618,10:18,PTR9,15,15,14,100.0,2623.26,56.109,4.511,2.543,1.08,0.0,0.0,0.72,0.0,0.0,0.0,3.184,0.0,0.35,43.721
618,10:18,PTR10,16,16,16,100.0,3007.86,59.834,4.81,2.489,1.236,0.0,0.0,0.768,0.0,0.0,0.0,0.0,0.0,0.4,50.131
619,10:19,PTR6,15,15,15,100.0,2817.0,56.182,4.485,2.505,1.148,0.0,0.0,0.719,0.0,0.0,0.0,0.0,0.0,0.375,46.95
619,10:19,PTR7,15,15,15,100.0,2776.44,56.182,4.485,2.468,1.088,0.675,0.113,0.708,0.0,0.0,0.0,0.0,0.0,0.371,46.274
619,10:19,PTR8,16,16,16,100.0,3016.26,59.898,4.783,2.487,1.181,0.0,0.0,0.773,0.0,0.0,0.0,0.0,0.0,0.403,50.271
619,10:19,PTR9,15,15,14,100.0,2632.26,56.158,4.485,2.542,0.994,0.0,0.0,0.72,0.0,0.0,0.0,3.195,0.0,0.351,43.871
619,10:19,PTR10,16,16,16,100.0,3010.74,59.888,4.784,2.487,1.267,0.0,0.0,0.77,0.0,0.0,0.0,0.0,0.0,0.401,50.179
620,10:20,PTR6,15,15,15,100.0,2833.26,56.466,4.484,2.528,1.13,0.0,0.0,0.724,0.0,0.0,0.0,0.0,0.0,0.379,47.221
620,10:20,PTR7,15,15,15,100.0,2791.08,56.466,4.484,2.493,1.09,0.679,0.114,0.714,0.0,0.0,0.0,0.0,0.0,0.374,46.518
620,10:20,PTR8,16,16,16,100.0,3035.7,60.198,4.78,2.506,1.135,0.0,0.0,0.774,0.0,0.0,0.0,0.0,0.0,0.408,50.595
620,10:20,PTR9,15,15,14,100.0,2644.38,56.439,4.481,2.562,1.037,0.0,0.0,0.727,0.0,0.0,0.0,3.206,0.0,0.353,44.073
620,10:20,PTR10,16,16,16,100.0,3029.76,60.186,4.778,2.505,1.226,0.0,0.0,0.773,0.0,0.0,0.0,0.0,0.0,0.408,50.496
621,10:21,PTR6,15,15,15,100.0,2862.66,56.961,4.469,2.544,1.116,0.0,0.0,0.734,0.0,0.0,0.0,0.0,0.0,0.387,47.711
621,10:21,PTR7,15,15,15,100.0,2815.5,56.961,4.469,2.504,1.159,0.688,0.116,0.72,0.0,0.0,0.0,0.0,0.0,0.38,46.925
621,10:21,PTR8,16,16,16,100.0,3056.94,60.727,4.764,2.522,1.3,0.0,0.0,0.781,0.0,0.0,0.0,0.0,0.0,0.411,50.949
621,10:21,PTR9,15,15,14,100.0,2669.88,56.934,4.466,2.579,1.051,0.0,0.0,0.732,0.0,0.0,0.0,3.246,0.0,0.362,44.498
621,10:21,PTR10,16,16,16,100.0,3056.16,60.714,4.762,2.523,1.299,0.0,0.0,0.781,0.0,0.0,0.0,0.0,0.0,0.413,50.936
622,10:22,PTR6,15,15,15,100.0,2870.4,57.291,4.544,2.561,1.222,0.0,0.0,0.734,0.0,0.0,0.0,0.0,0.0,0.39,47.84
622,10:22,PTR7,15,15,15,100.0,2827.32,57.291,4.544,2.526,1.189,0.689,0.117,0.721,0.0,0.0,0.0,0.0,0.0,0.383,47.122
622,10:22,PTR8,16,16,16,100.0,3080.16,61.079,4.845,2.542,1.147,0.0,0.0,0.793,0.0,0.0,0.0,0.0,0.0,0.416,51.336
622,10:22,PTR9,15,15,14,100.0,2680.02,57.264,4.541,2.6,1.104,0.0,0.0,0.737,0.0,0.0,0.0,3.251,0.0,0.364,44.667
622,10:22,PTR10,16,16,16,100.0,3070.92,61.066,4.842,2.543,1.299,0.0,0.0,0.786,0.0,0.0,0.0,0.0,0.0,0.414,51.182
623,10:23,PTR6,15,15,15,100.0,2872.38,57.351,4.619,2.561,1.173,0.0,0.0,0.736,0.0,0.0,0.0,0.0,0.0,0.389,47.873
623,10:23,PTR7,15,15,15,100.0,2827.98,57.351,4.619,2.522,1.168,0.686,0.117,0.722,0.0,0.0,0.0,0.0,0.0,0.384,47.133
623,10:23,PTR8,16,16,16,100.0,3075.54,61.142,4.924,2.539,1.22,0.0,0.0,0.786,0.0,0.0,0.0,0.0,0.0,0.414,51.259
623,10:23,PTR9,15,15,14,100.0,2679.84,57.324,4.616,2.597,1.09,0.0,0.0,0.735,0.0,0.0,0.0,3.258,0.0,0.364,44.664
623,10:23,PTR10,16,16,16,100.0,3069.96,61.13,4.922,2.542,1.298,0.0,0.0,0.788,0.0,0.0,0.0,0.0,0.0,0.414,51.166
624,10:24,PTR6,15,15,15,100.0,2886.0,57.561,4.634,2.575,1.122,0.0,0.0,0.74,0.0,0.0,0.0,0.0,0.0,0.39,48.1
624,10:24,PTR7,15,15,15,100.0,2840.94,57.561,4.634,2.535,1.123,0.692,0.119,0.725,0.0,0.0,0.0,0.0,0.0,0.384,47.349
624,10:24,PTR8,16,16,16,100.0,3090.78,61.366,4.94,2.553,1.153,0.0,0.0,0.791,0.0,0.0,0.0,0.0,0.0,0.416,51.513
624,10:24,PTR9,15,15,14,100.0,2692.02,57.534,4.631,2.609,1.058,0.0,0.0,0.737,0.0,0.0,0.0,3.268,0.0,0.364,44.867
624,10:24,PTR10,16,16,16,100.0,3080.16,61.354,4.938,2.557,1.322,0.0,0.0,0.787,0.0,0.0,0.0,0.0,0.0,0.414,51.336
625,10:25,PTR6,15,15,15,100.0,2896.08,57.786,4.665,2.581,1.144,0.0,0.0,0.738,0.0,0.0,0.0,0.0,0.0,0.39,48.268
625,10:25,PTR7,15,15,15,100.0,2849.34,57.786,4.665,2.546,1.158,0.695,0.12,0.729,0.0,0.0,0.0,0.0,0.0,0.384,47.489
625,10:25,PTR8,16,16,16,100.0,3100.68,61.606,4.975,2.563,1.182,0.0,0.0,0.792,0.0,0.0,0.0,0.0,0.0,0.416,51.678
625,10:25,PTR9,15,15,14,100.0,2702.4,57.759,4.665,2.616,1.063,0.0,0.0,0.739,0.0,0.0,0.0,3.272,0.0,0.364,45.04
625,10:25,PTR10,16,16,16,100.0,3094.74,61.594,4.976,2.559,1.275,0.0,0.0,0.789,0.0,0.0,0.0,0.0,0.0,0.416,51.579
626,10:26,PTR6,15,15,15,100.0,2898.36,57.861,4.664,2.581,1.18,0.0,0.0,0.74,0.0,0.0,0.0,0.0,0.0,0.39,48.306
626,10:26,PTR7,15,15,15,100.0,2852.76,57.861,4.664,2.546,1.181,0.692,0.119,0.729,0.0,0.0,0.0,0.0,0.0,0.384,47.546
626,10:26,PTR8,16,16,16,100.0,3103.02,61.686,4.972,2.562,1.228,0.0,0.0,0.791,0.0,0.0,0.0,0.0,0.0,0.416,51.717
626,10:26,PTR9,15,15,14,100.0,2707.8,57.834,4.661,2.62,1.021,0.0,0.0,0.744,0.0,0.0,0.0,3.294,0.0,0.364,45.13
626,10:26,PTR10,16,16,16,100.0,3091.08,61.674,4.97,2.562,1.417,0.0,0.0,0.791,0.0,0.0,0.0,0.0,0.0,0.416,51.518
627,10:27,PTR6,15,15,15,100.0,2908.2,57.981,4.649,2.584,1.145,0.0,0.0,0.743,0.0,0.0,0.0,0.0,0.0,0.39,48.47
627,10:27,PTR7,15,15,15,100.0,2861.82,57.981,4.649,2.547,1.157,0.694,0.12,0.733,0.0,0.0,0.0,0.0,0.0,0.384,47.697
627,10:27,PTR8,16,16,16,100.0,3115.08,61.814,4.955,2.565,1.164,0.0,0.0,0.795,0.0,0.0,0.0,0.0,0.0,0.417,51.918
627,10:27,PTR9,15,15,14,100.0,2718.9,57.954,4.646,2.621,0.962,0.0,0.0,0.747,0.0,0.0,0.0,3.299,0.0,0.364,45.315
627,10:27,PTR10,16,16,16,100.0,3108.84,61.802,4.954,2.565,1.256,0.0,0.0,0.797,0.0,0.0,0.0,0.0,0.0,0.416,51.814
628,10:28,PTR6,15,15,15,100.0,2914.5,58.086,4.634,2.593,1.149,0.0,0.0,0.744,0.0,0.0,0.0,0.0,0.0,0.391,48.575
628,10:28,PTR7,15,15,15,100.0,2867.28,58.086,4.634,2.555,1.17,0.699,0.121,0.735,0.0,0.0,0.0,0.0,0.0,0.384,47.788
628,10:28,PTR8,16,16,16,100.0,3118.02,61.926,4.94,2.574,1.23,0.0,0.0,0.797,0.0,0.0,0.0,0.0,0.0,0.418,51.967
628,10:28,PTR9,15,15,14,100.0,2718.48,58.059,4.631,2.632,1.079,0.0,0.0,0.746,0.0,0.0,0.0,3.299,0.0,0.364,45.308
628,10:28,PTR10,16,16,16,100.0,3115.86,61.914,4.938,2.576,1.256,0.0,0.0,0.797,0.0,0.0,0.0,0.0,0.0,0.416,51.931
629,10:29,PTR6,15,15,15,100.0,2926.32,58.416,4.635,2.612,1.257,0.0,0.0,0.749,0.0,0.0,0.0,0.0,0.0,0.391,48.772
629,10:29,PTR7,15,15,15,100.0,2885.52,58.416,4.635,2.574,1.174,0.697,0.122,0.737,0.0,0.0,0.0,0.0,0.0,0.385,48.092
629,10:29,PTR8,16,16,16,100.0,3138.96,62.278,4.943,2.589,1.208,0.0,0.0,0.802,0.0,0.0,0.0,0.0,0.0,0.42,52.316
629,10:29,PTR9,15,15,14,100.0,2732.58,58.389,4.635,2.647,1.128,0.0,0.0,0.75,0.0,0.0,0.0,3.322,0.0,0.364,45.543
629,10:29,PTR10,16,16,16,100.0,3133.62,62.266,4.944,2.589,1.284,0.0,0.0,0.803,0.0,0.0,0.0,0.0,0.0,0.419,52.227
630,10:30,PTR6,15,15,15,100.0,2937.84,58.566,4.649,2.619,1.19,0.0,0.0,0.752,0.0,0.0,0.0,0.0,0.0,0.392,48.964
630,10:30,PTR7,15,15,15,100.0,2892.3,58.566,4.649,2.581,1.179,0.703,0.123,0.739,0.0,0.0,0.0,0.0,0.0,0.387,48.205
630,10:30,PTR8,16,16,16,100.0,3143.94,62.438,4.956,2.598,1.258,0.0,0.0,0.806,0.0,0.0,0.0,0.0,0.0,0.421,52.399
630,10:30,PTR9,15,15,14,100.0,2744.1,58.539,4.646,2.656,1.061,0.0,0.0,0.75,0.0,0.0,0.0,3.325,0.0,0.366,45.735
630,10:30,PTR10,16,16,16,100.0,3141.12,62.426,4.954,2.599,1.296,0.0,0.0,0.805,0.0,0.0,0.0,0.0,0.0,0.42,52.352
631,10:31,PTR6,15,15,15,100.0,2938.38,58.581,4.695,2.62,1.148,0.0,0.0,0.752,0.0,0.0,0.0,0.0,0.0,0.393,48.973
631,10:31,PTR7,15,15,15,100.0,2889.6,58.581,4.695,2.58,1.192,0.705,0.124,0.739,0.0,0.0,0.0,0.0,0.0,0.386,48.16
631,10:31,PTR8,16,16,16,100.0,3141.9,62.454,5.007,2.6,1.256,0.0,0.0,0.804,0.0,0.0,0.0,0.0,0.0,0.422,52.365
631,10:31,PTR9,15,15,14,100.0,2743.56,58.554,4.695,2.654,1.026,0.0,0.0,0.754,0.0,0.0,0.0,3.332,0.0,0.367,45.726
631,10:31,PTR10,16,16,16,100.0,3139.2,62.442,5.008,2.598,1.294,0.0,0.0,0.801,0.0,0.0,0.0,0.0,0.0,0.421,52.32
632,10:32,PTR6,15,15,15,100.0,2949.84,58.896,4.784,2.621,1.177,0.0,0.0,0.755,0.0,0.0,0.0,0.0,0.0,0.395,49.164
632,10:32,PTR7,15,15,15,100.0,2899.14,58.896,4.784,2.581,1.249,0.708,0.124,0.741,0.0,0.0,0.0,0.0,0.0,0.39,48.319
632,10:32,PTR8,16,16,16,100.0,3156.3,62.79,5.099,2.602,1.251,0.0,0.0,0.809,0.0,0.0,0.0,0.0,0.0,0.424,52.605
632,10:32,PTR9,15,15,14,100.0,2756.88,58.869,4.781,2.658,1.03,0.0,0.0,0.756,0.0,0.0,0.0,3.329,0.0,0.367,45.948
632,10:32,PTR10,16,16,16,100.0,3151.32,62.778,5.098,2.603,1.32,0.0,0.0,0.809,0.0,0.0,0.0,0.0,0.0,0.426,52.522
633,10:33,PTR6,15,15,15,100.0,2959.86,59.046,4.754,2.636,1.17,0.0,0.0,0.758,0.0,0.0,0.0,0.0,0.0,0.397,49.331
633,10:33,PTR7,15,15,15,100.0,2913.0,59.046,4.754,2.599,1.171,0.709,0.125,0.748,0.0,0.0,0.0,0.0,0.0,0.39,48.55
633,10:33,PTR8,16,16,16,100.0,3170.4,62.95,5.068,2.618,1.186,0.0,0.0,0.81,0.0,0.0,0.0,0.0,0.0,0.428,52.84
633,10:33,PTR9,15,15,14,100.0,2757.66,59.019,4.751,2.674,1.156,0.0,0.0,0.755,0.0,0.0,0.0,3.351,0.0,0.371,45.961
633,10:33,PTR10,16,16,16,100.0,3160.44,62.938,5.066,2.618,1.342,0.0,0.0,0.809,0.0,0.0,0.0,0.0,0.0,0.429,52.674
634,10:34,PTR6,15,15,15,100.0,2967.0,59.136,4.679,2.635,1.211,0.0,0.0,0.761,0.0,0.0,0.0,0.0,0.0,0.4,49.45
634,10:34,PTR7,15,15,15,100.0,2922.3,59.136,4.679,2.6,1.177,0.709,0.127,0.745,0.0,0.0,0.0,0.0,0.0,0.394,48.705
634,10:34,PTR8,16,16,16,100.0,3179.1,63.046,4.988,2.618,1.209,0.0,0.0,0.817,0.0,0.0,0.0,0.0,0.0,0.429,52.985
634,10:34,PTR9,15,15,14,100.0,2767.56,59.109,4.676,2.676,1.146,0.0,0.0,0.758,0.0,0.0,0.0,3.354,0.0,0.373,46.126
634,10:34,PTR10,16,16,16,100.0,3171.72,63.034,4.986,2.62,1.323,0.0,0.0,0.813,0.0,0.0,0.0,0.0,0.0,0.43,52.862
635,10:35,PTR6,15,15,15,100.0,2979.18,59.406,4.724,2.649,1.216,0.0,0.0,0.762,0.0,0.0,0.0,0.0,0.0,0.402,49.653
635,10:35,PTR7,15,15,15,100.0,2928.06,59.406,4.724,2.61,1.288,0.715,0.126,0.747,0.0,0.0,0.0,0.0,0.0,0.395,48.801
635,10:35,PTR8,16,16,16,100.0,3190.74,63.334,5.036,2.628,1.245,0.0,0.0,0.815,0.0,0.0,0.0,0.0,0.0,0.431,53.179
635,10:35,PTR9,15,15,14,100.0,2784.18,59.379,4.721,2.686,1.07,0.0,0.0,0.761,0.0,0.0,0.0,3.361,0.0,0.377,46.403
635,10:35,PTR10,16,16,16,100.0,3188.7,63.322,5.034,2.628,1.27,0.0,0.0,0.816,0.0,0.0,0.0,0.0,0.0,0.429,53.145
636,10:36,PTR6,15,15,15,100.0,2975.52,59.391,4.8,2.654,1.18,0.0,0.0,0.763,0.0,0.0,0.0,0.0,0.0,0.402,49.592
636,10:36,PTR7,15,15,15,100.0,2920.86,59.391,4.8,2.615,1.318,0.712,0.127,0.746,0.0,0.0,0.0,0.0,0.0,0.392,48.681
636,10:36,PTR8,16,16,16,100.0,3184.02,63.318,5.119,2.631,1.254,0.0,0.0,0.817,0.0,0.0,0.0,0.0,0.0,0.43,53.067
636,10:36,PTR9,15,15,14,100.0,2779.62,59.364,4.8,2.688,1.036,0.0,0.0,0.764,0.0,0.0,0.0,3.373,0.0,0.376,46.327
636,10:36,PTR10,16,16,16,100.0,3179.58,63.306,5.12,2.632,1.32,0.0,0.0,0.812,0.0,0.0,0.0,0.0,0.0,0.429,52.993
637,10:37,PTR6,15,15,15,100.0,2985.78,59.676,4.799,2.664,1.28,0.0,0.0,0.765,0.0,0.0,0.0,0.0,0.0,0.405,49.763
637,10:37,PTR7,15,15,15,100.0,2944.56,59.676,4.799,2.624,1.182,0.717,0.128,0.752,0.0,0.0,0.0,0.0,0.0,0.398,49.076
637,10:37,PTR8,16,16,16,100.0,3205.68,63.622,5.116,2.644,1.183,0.0,0.0,0.819,0.0,0.0,0.0,0.0,0.0,0.432,53.428
637,10:37,PTR9,15,15,14,100.0,2795.1,59.649,4.796,2.703,1.044,0.0,0.0,0.768,0.0,0.0,0.0,3.375,0.0,0.378,46.585
637,10:37,PTR10,16,16,16,100.0,3195.48,63.61,5.114,2.645,1.346,0.0,0.0,0.817,0.0,0.0,0.0,0.0,0.0,0.43,53.258
638,10:38,PTR6,15,15,15,100.0,2999.16,59.84,4.799,2.671,1.212,0.0,0.0,0.767,0.0,0.0,0.0,0.0,0.0,0.405,49.986
638,10:38,PTR7,15,15,15,100.0,2949.96,59.84,4.799,2.634,1.241,0.719,0.129,0.754,0.0,0.0,0.0,0.0,0.0,0.398,49.166
638,10:38,PTR8,16,16,16,100.0,3214.92,63.794,5.115,2.651,1.189,0.0,0.0,0.825,0.0,0.0,0.0,0.0,0.0,0.432,53.582
638,10:38,PTR9,15,15,14,100.0,2802.96,59.81,4.796,2.71,1.033,0.0,0.0,0.77,0.0,0.0,0.0,3.407,0.0,0.378,46.716
638,10:38,PTR10,16,16,16,100.0,3206.04,63.78,5.114,2.65,1.328,0.0,0.0,0.822,0.0,0.0,0.0,0.0,0.0,0.432,53.434
639,10:39,PTR6,15,15,15,100.0,3005.64,60.021,4.829,2.677,1.246,0.0,0.0,0.77,0.0,0.0,0.0,0.0,0.0,0.405,50.094
639,10:39,PTR7,15,15,15,100.0,2959.8,60.021,4.829,2.638,1.219,0.721,0.13,0.755,0.0,0.0,0.0,0.0,0.0,0.399,49.33
639,10:39,PTR8,16,16,16,100.0,3224.04,63.99,5.148,2.658,1.192,0.0,0.0,0.824,0.0,0.0,0.0,0.0,0.0,0.434,53.734
639,10:39,PTR9,15,15,14,100.0,2805.24,59.994,4.826,2.718,1.136,0.0,0.0,0.773,0.0,0.0,0.0,3.409,0.0,0.378,46.754
639,10:39,PTR10,16,16,16,100.0,3213.06,63.978,5.146,2.66,1.365,0.0,0.0,0.825,0.0,0.0,0.0,0.0,0.0,0.431,53.551
640,10:40,PTR6,15,15,15,100.0,2991.42,59.706,4.829,2.662,1.189,0.0,0.0,0.765,0.0,0.0,0.0,0.0,0.0,0.404,49.857
640,10:40,PTR7,15,15,15,100.0,2945.34,59.706,4.829,2.621,1.171,0.715,0.13,0.753,0.0,0.0,0.0,0.0,0.0,0.398,49.089
640,10:40,PTR8,16,16,16,100.0,3206.94,63.654,5.148,2.642,1.164,0.0,0.0,0.819,0.0,0.0,0.0,0.0,0.0,0.432,53.449
640,10:40,PTR9,15,15,14,100.0,2794.2,59.679,4.826,2.701,1.065,0.0,0.0,0.767,0.0,0.0,0.0,3.372,0.0,0.378,46.57
640,10:40,PTR10,16,16,16,100.0,3197.7,63.642,5.146,2.642,1.312,0.0,0.0,0.817,0.0,0.0,0.0,0.0,0.0,0.43,53.295
641,10:41,PTR6,15,15,15,100.0,3009.72,60.126,4.875,2.686,1.231,0.0,0.0,0.767,0.0,0.0,0.0,0.0,0.0,0.405,50.162
641,10:41,PTR7,15,15,15,100.0,2968.74,60.126,4.875,2.648,1.11,0.723,0.132,0.76,0.0,0.0,0.0,0.0,0.0,0.399,49.479
641,10:41,PTR8,16,16,16,100.0,3218.34,64.102,5.2,2.665,1.342,0.0,0.0,0.824,0.0,0.0,0.0,0.0,0.0,0.432,53.639
641,10:41,PTR9,15,15,14,100.0,2812.2,60.099,4.875,2.724,1.062,0.0,0.0,0.772,0.0,0.0,0.0,3.418,0.0,0.378,46.87
641,10:41,PTR10,16,16,16,100.0,3217.44,64.09,5.2,2.665,1.349,0.0,0.0,0.821,0.0,0.0,0.0,0.0,0.0,0.431,53.624
642,10:42,PTR6,15,15,15,100.0,3021.42,60.231,4.845,2.689,1.163,0.0,0.0,0.772,0.0,0.0,0.0,0.0,0.0,0.405,50.357
642,10:42,PTR7,15,15,15,100.0,2967.06,60.231,4.845,2.652,1.272,0.723,0.132,0.757,0.0,0.0,0.0,0.0,0.0,0.399,49.451
642,10:42,PTR8,16,16,16,100.0,3231.24,64.214,5.167,2.669,1.265,0.0,0.0,0.827,0.0,0.0,0.0,0.0,0.0,0.432,53.854
642,10:42,PTR9,15,15,14,100.0,2821.5,60.204,4.845,2.727,1.019,0.0,0.0,0.773,0.0,0.0,0.0,3.437,0.0,0.378,47.025
642,10:42,PTR10,16,16,16,100.0,3225.84,64.202,5.168,2.667,1.343,0.0,0.0,0.828,0.0,0.0,0.0,0.0,0.0,0.432,53.764
643,10:43,PTR6,15,15,15,100.0,3024.96,60.441,4.934,2.689,1.227,0.0,0.0,0.77,0.0,0.0,0.0,0.0,0.0,0.405,50.416
643,10:43,PTR7,15,15,15,100.0,2977.2,60.441,4.934,2.65,1.218,0.728,0.133,0.759,0.0,0.0,0.0,0.0,0.0,0.399,49.62
643,10:43,PTR8,16,16,16,100.0,3243.54,64.437,5.259,2.67,1.183,0.0,0.0,0.831,0.0,0.0,0.0,0.0,0.0,0.435,54.059
643,10:43,PTR9,15,15,14,100.0,2825.34,60.414,4.931,2.731,1.101,0.0,0.0,0.774,0.0,0.0,0.0,3.41,0.0,0.378,47.089
643,10:43,PTR10,16,16,16,100.0,3230.7,64.426,5.258,2.671,1.396,0.0,0.0,0.824,0.0,0.0,0.0,0.0,0.0,0.432,53.845
644,10:44,PTR6,15,15,15,100.0,3032.04,60.56,4.934,2.708,1.205,0.0,0.0,0.773,0.0,0.0,0.0,0.0,0.0,0.406,50.534
644,10:44,PTR7,15,15,15,100.0,2985.24,60.56,4.934,2.666,1.183,0.727,0.133,0.763,0.0,0.0,0.0,0.0,0.0,0.4,49.754
644,10:44,PTR8,16,16,16,100.0,3244.86,64.562,5.26,2.684,1.259,0.0,0.0,0.831,0.013,0.0,0.0,0.0,0.0,0.434,54.081
644,10:44,PTR9,15,15,14,100.0,2831.82,60.53,4.931,2.743,1.065,0.0,0.0,0.776,0.0,0.0,0.0,3.44,0.0,0.378,47.197
644,10:44,PTR10,16,16,16,100.0,3240.6,64.548,5.258,2.684,1.335,0.0,0.0,0.829,0.0,0.0,0.0,0.0,0.0,0.432,54.01
645,10:45,PTR6,15,15,15,100.0,3040.14,60.786,5.01,2.711,1.212,0.0,0.0,0.778,0.0,0.0,0.0,0.0,0.0,0.406,50.669
645,10:45,PTR7,15,15,15,100.0,2990.76,60.786,5.01,2.673,1.23,0.73,0.134,0.763,0.0,0.0,0.0,0.0,0.0,0.4,49.846
645,10:45,PTR8,16,16,16,100.0,3196.92,64.806,5.344,2.69,1.228,0.0,0.0,0.835,0.004,0.996,0.0,0.0,0.0,0.427,53.282
645,10:45,PTR9,15,15,14,100.0,2837.34,60.759,5.01,2.749,1.11,0.0,0.0,0.778,0.0,0.0,0.0,3.445,0.0,0.378,47.289
645,10:45,PTR10,16,16,16,100.0,3253.44,64.794,5.344,2.689,1.265,0.0,0.0,0.834,0.0,0.0,0.0,0.0,0.0,0.438,54.224
646,10:46,PTR6,15,15,15,100.0,3037.5,60.771,4.995,2.708,1.258,0.0,0.0,0.778,0.0,0.0,0.0,0.0,0.0,0.407,50.625
646,10:46,PTR7,15,15,15,100.0,2986.86,60.771,4.995,2.67,1.303,0.721,0.135,0.767,0.0,0.0,0.0,0.0,0.0,0.399,49.781
646,10:46,PTR8,16,16,16,100.0,3196.68,64.79,5.327,2.688,1.241,0.0,0.0,0.834,0.0,0.994,0.0,0.0,0.0,0.428,53.278
646,10:46,PTR9,15,15,14,100.0,2838.0,60.744,4.995,2.744,1.109,0.0,0.0,0.779,0.0,0.0,0.0,3.439,0.0,0.378,47.3
646,10:46,PTR10,16,16,16,100.0,3249.96,64.778,5.328,2.687,1.331,0.0,0.0,0.832,0.0,0.0,0.0,0.0,0.0,0.434,54.166
647,10:47,PTR6,15,15,15,100.0,3062.64,61.34,5.024,2.734,1.325,0.0,0.0,0.784,0.019,0.0,0.0,0.0,0.0,0.41,51.044
647,10:47,PTR7,15,15,15,100.0,3019.08,61.34,5.024,2.696,1.241,0.74,0.136,0.773,0.007,0.0,0.0,0.0,0.0,0.405,50.318
647,10:47,PTR8,16,16,16,100.0,3219.3,65.394,5.356,2.714,1.287,0.0,0.0,0.84,0.094,1.015,0.0,0.0,0.0,0.433,53.655
647,10:47,PTR9,15,15,14,100.0,2864.04,61.31,5.021,2.772,1.154,0.0,0.0,0.788,0.0,0.0,0.0,3.457,0.0,0.384,47.734
647,10:47,PTR10,16,16,16,100.0,3280.14,65.38,5.354,2.714,1.351,0.0,0.0,0.838,0.01,0.0,0.0,0.0,0.0,0.444,54.669
648,10:48,PTR6,15,15,15,100.0,3064.62,61.266,5.039,2.725,1.222,0.0,0.0,0.785,0.007,0.0,0.0,0.0,0.0,0.411,51.077
648,10:48,PTR7,15,15,15,100.0,3016.2,61.266,5.039,2.684,1.223,0.737,0.136,0.773,0.0,0.0,0.0,0.0,0.0,0.404,50.27
648,10:48,PTR8,16,16,16,100.0,3215.82,65.318,5.372,2.704,1.288,0.0,0.0,0.84,0.078,1.007,0.0,0.0,0.0,0.432,53.597
648,10:48,PTR9,15,15,14,100.0,2864.58,61.239,5.036,2.763,1.053,0.0,0.0,0.783,0.008,0.0,0.0,3.467,0.0,0.386,47.743
648,10:48,PTR10,16,16,16,100.0,3274.44,65.306,5.37,2.706,1.358,0.0,0.0,0.837,0.019,0.0,0.0,0.0,0.0,0.442,54.574
649,10:49,PTR6,15,15,15,100.0,3074.04,61.626,5.175,2.738,1.198,0.0,0.0,0.787,0.078,0.0,0.0,0.0,0.0,0.416,51.234
649,10:49,PTR7,15,15,15,100.0,3028.26,61.626,5.175,2.697,1.185,0.735,0.138,0.777,0.039,0.0,0.0,0.0,0.0,0.409,50.471
649,10:49,PTR8,16,16,16,100.0,3226.44,65.701,5.518,2.716,1.238,0.0,0.0,0.844,0.148,1.027,0.0,0.0,0.0,0.436,53.774
649,10:49,PTR9,15,15,14,100.0,2869.08,61.599,5.175,2.777,1.142,0.0,0.0,0.787,0.047,0.0,0.0,3.467,0.0,0.386,47.818
649,10:49,PTR10,16,16,16,100.0,3283.98,65.69,5.52,2.716,1.371,0.0,0.0,0.842,0.063,0.0,0.0,0.0,0.0,0.445,54.733
650,10:50,PTR6,15,15,15,100.0,3081.3,61.805,5.249,2.75,1.202,0.0,0.0,0.788,0.045,0.0,0.0,0.0,0.0,0.416,51.355
650,10:50,PTR7,15,15,15,100.0,3029.1,61.805,5.249,2.712,1.274,0.737,0.139,0.773,0.028,0.0,0.0,0.0,0.0,0.408,50.485
650,10:50,PTR8,16,16,16,100.0,3226.56,65.89,5.596,2.73,1.315,0.0,0.0,0.844,0.17,1.023,0.0,0.0,0.0,0.436,53.776
650,10:50,PTR9,15,15,14,100.0,2875.02,61.775,5.246,2.791,1.09,0.0,0.0,0.792,0.083,0.0,0.0,3.467,0.0,0.389,47.917
650,10:50,PTR10,16,16,16,100.0,3284.46,65.876,5.594,2.731,1.459,0.0,0.0,0.84,0.067,0.0,0.0,0.0,0.0,0.444,54.741
651,10:51,PTR6,15,15,15,100.0,3079.56,61.94,5.309,2.754,1.278,0.0,0.0,0.789,0.066,0.0,0.0,0.0,0.0,0.418,51.326
651,10:51,PTR7,15,15,15,100.0,3035.46,61.94,5.309,2.713,1.178,0.742,0.139,0.777,0.08,0.0,0.0,0.0,0.0,0.411,50.591
651,10:51,PTR8,16,16,16,100.0,3229.26,66.034,5.66,2.732,1.291,0.0,0.0,0.846,0.208,1.04,0.0,0.0,0.0,0.436,53.821
651,10:51,PTR9,15,15,14,100.0,2878.2,61.91,5.306,2.793,1.081,0.0,0.0,0.791,0.112,0.0,0.0,3.467,0.0,0.39,47.97
651,10:51,PTR10,16,16,16,100.0,3287.16,66.02,5.658,2.733,1.384,0.0,0.0,0.846,0.168,0.0,0.0,0.0,0.0,0.445,54.786
652,10:52,PTR6,15,15,15,100.0,3081.3,61.865,5.324,2.748,1.193,0.0,0.0,0.79,0.037,0.0,0.0,0.0,0.0,0.418,51.355
652,10:52,PTR7,15,15,15,100.0,3026.4,61.865,5.324,2.709,1.269,0.738,0.139,0.776,0.061,0.0,0.0,0.0,0.0,0.409,50.44
652,10:52,PTR8,16,16,16,100.0,3226.32,65.954,5.676,2.725,1.295,0.0,0.0,0.843,0.174,1.032,0.0,0.0,0.0,0.437,53.772
652,10:52,PTR9,15,15,14,100.0,2875.44,61.835,5.321,2.786,1.111,0.0,0.0,0.788,0.048,0.0,0.0,3.467,0.0,0.39,47.924
652,10:52,PTR10,16,16,16,100.0,3283.5,65.94,5.674,2.726,1.445,0.0,0.0,0.844,0.082,0.0,0.0,0.0,0.0,0.444,54.725
653,10:53,PTR6,15,15,15,100.0,3083.82,62.076,5.385,2.75,1.229,0.0,0.0,0.793,0.103,0.0,0.0,0.0,0.0,0.419,51.397
653,10:53,PTR7,15,15,15,100.0,3033.72,62.076,5.385,2.712,1.255,0.744,0.141,0.779,0.088,0.0,0.0,0.0,0.0,0.41,50.562
653,10:53,PTR8,16,16,16,100.0,3229.14,66.181,5.743,2.731,1.273,0.0,0.0,0.849,0.288,1.04,0.0,0.0,0.0,0.438,53.819
653,10:53,PTR9,15,15,14,100.0,2879.4,62.049,5.385,2.791,1.124,0.0,0.0,0.792,0.11,0.0,0.0,3.467,0.0,0.39,47.99
653,10:53,PTR10,16,16,16,100.0,3290.58,66.17,5.744,2.731,1.324,0.0,0.0,0.846,0.237,0.0,0.0,0.0,0.0,0.445,54.843
654,10:54,PTR6,15,15,15,100.0,3087.6,62.15,5.354,2.76,1.24,0.0,0.0,0.79,0.127,0.0,0.0,0.0,0.0,0.419,51.46
654,10:54,PTR7,15,15,15,100.0,3038.16,62.15,5.354,2.719,1.232,0.745,0.141,0.778,0.134,0.0,0.0,0.0,0.0,0.411,50.636
654,10:54,PTR8,16,16,16,100.0,3233.4,66.258,5.708,2.737,1.263,0.0,0.0,0.849,0.332,1.04,0.0,0.0,0.0,0.439,53.89
654,10:54,PTR9,15,15,14,100.0,2884.14,62.12,5.351,2.797,1.089,0.0,0.0,0.793,0.162,0.0,0.0,3.467,0.0,0.392,48.069
654,10:54,PTR10,16,16,16,100.0,3291.06,66.244,5.706,2.736,1.398,0.0,0.0,0.848,0.259,0.0,0.0,0.0,0.0,0.446,54.851
655,10:55,PTR6,15,15,15,100.0,3088.92,62.165,5.399,2.752,1.139,0.0,0.0,0.793,0.181,0.0,0.0,0.0,0.0,0.419,51.482
655,10:55,PTR7,15,15,15,100.0,3037.38,62.165,5.399,2.713,1.279,0.741,0.141,0.778,0.08,0.0,0.0,0.0,0.0,0.411,50.623
655,10:55,PTR8,16,16,16,100.0,3231.42,66.274,5.755,2.732,1.318,0.0,0.0,0.848,0.286,1.04,0.0,0.0,0.0,0.438,53.857
655,10:55,PTR9,15,15,14,100.0,2881.86,62.135,5.396,2.792,1.084,0.0,0.0,0.792,0.182,0.0,0.0,3.467,0.0,0.391,48.031
655,10:55,PTR10,16,16,16,100.0,3291.24,66.26,5.754,2.732,1.372,0.0,0.0,0.847,0.255,0.0,0.0,0.0,0.0,0.446,54.854
656,10:56,PTR6,15,15,15,100.0,3091.62,62.511,5.55,2.767,1.224,0.0,0.0,0.795,0.229,0.0,0.0,0.0,0.0,0.419,51.527
656,10:56,PTR7,15,15,15,100.0,3044.1,62.511,5.55,2.728,1.19,0.743,0.142,0.785,0.225,0.0,0.0,0.0,0.0,0.413,50.735
656,10:56,PTR8,16,16,16,100.0,3236.22,66.645,5.919,2.747,1.257,0.0,0.0,0.853,0.453,1.04,0.0,0.0,0.0,0.439,53.937
656,10:56,PTR9,15,15,14,100.0,2885.16,62.484,5.55,2.807,1.134,0.0,0.0,0.797,0.251,0.0,0.0,3.467,0.0,0.392,48.086
656,10:56,PTR10,16,16,16,100.0,3292.68,66.634,5.92,2.748,1.39,0.0,0.0,0.848,0.404,0.0,0.0,0.0,0.0,0.446,54.878
657,10:57,PTR6,15,15,15,100.0,3091.32,62.48,5.519,2.764,1.206,0.0,0.0,0.795,0.254,0.0,0.0,0.0,0.0,0.42,51.522
657,10:57,PTR7,15,15,15,100.0,3043.02,62.48,5.519,2.72,1.233,0.742,0.143,0.78,0.213,0.0,0.0,0.0,0.0,0.413,50.717
657,10:57,PTR8,16,16,16,100.0,3236.16,66.61,5.883,2.74,1.265,0.0,0.0,0.851,0.456,1.04,0.0,0.0,0.0,0.439,53.936
657,10:57,PTR9,15,15,14,100.0,2884.38,62.45,5.516,2.798,1.123,0.0,0.0,0.792,0.289,0.0,0.0,3.467,0.0,0.392,48.073
657,10:57,PTR10,16,16,16,100.0,3294.0,66.596,5.882,2.738,1.351,0.0,0.0,0.849,0.428,0.0,0.0,0.0,0.0,0.448,54.9
658,10:58,PTR6,15,15,15,100.0,3088.74,62.391,5.535,2.765,1.196,0.0,0.0,0.795,0.201,0.0,0.0,0.0,0.0,0.42,51.479
658,10:58,PTR7,15,15,15,100.0,3040.8,62.391,5.535,2.725,1.27,0.743,0.143,0.782,0.102,0.0,0.0,0.0,0.0,0.411,50.68
658,10:58,PTR8,16,16,16,100.0,3234.84,66.517,5.903,2.744,1.211,0.0,0.0,0.852,0.414,1.04,0.0,0.0,0.0,0.439,53.914
658,10:58,PTR9,15,15,14,100.0,2884.2,62.364,5.535,2.806,1.062,0.0,0.0,0.795,0.237,0.0,0.0,3.467,0.0,0.392,48.07
658,10:58,PTR10,16,16,16,100.0,3292.26,66.506,5.904,2.743,1.462,0.0,0.0,0.846,0.233,0.0,0.0,0.0,0.0,0.447,54.871
659,10:59,PTR6,15,15,15,100.0,3091.62,62.616,5.67,2.766,1.23,0.0,0.0,0.795,0.208,0.0,0.0,0.0,0.0,0.42,51.527
659,10:59,PTR7,15,15,15,100.0,3041.7,62.616,5.67,2.727,1.28,0.743,0.144,0.779,0.165,0.0,0.0,0.0,0.0,0.413,50.695
659,10:59,PTR8,16,16,16,100.0,3235.38,66.757,6.047,2.747,1.275,0.0,0.0,0.849,0.437,1.04,0.0,0.0,0.0,0.439,53.923
659,10:59,PTR9,15,15,14,100.0,2883.54,62.589,5.67,2.807,1.187,0.0,0.0,0.793,0.214,0.0,0.0,3.467,0.0,0.392,48.059
659,10:59,PTR10,16,16,16,100.0,3292.32,66.746,6.048,2.747,1.341,0.0,0.0,0.848,0.444,0.0,0.0,0.0,0.0,0.446,54.872
660,11:00,PTR6,15,15,15,100.0,3089.22,62.346,5.625,2.752,1.159,0.0,0.0,0.793,0.11,0.0,0.0,0.0,0.0,0.42,51.487
660,11:00,PTR7,15,15,15,100.0,3035.7,62.346,5.625,2.712,1.233,0.739,0.144,0.779,0.108,0.0,0.0,0.0,0.0,0.411,50.595
660,11:00,PTR8,16,16,16,100.0,3233.52,66.469,5.999,2.731,1.212,0.0,0.0,0.848,0.308,1.04,0.0,0.0,0.0,0.439,53.892
660,11:00,PTR9,15,15,14,100.0,2881.08,62.319,5.625,2.792,1.106,0.0,0.0,0.791,0.129,0.0,0.0,3.467,0.0,0.391,48.018
660,11:00,PTR10,16,16,16,100.0,3288.18,66.458,6.0,2.731,1.434,0.0,0.0,0.842,0.204,0.0,0.0,0.0,0.0,0.444,54.803
661,11:01,PTR6,15,15,15,100.0,3091.26,62.57,5.654,2.764,1.201,0.0,0.0,0.797,0.213,0.0,0.0,0.0,0.0,0.42,51.521
661,11:01,PTR7,15,15,15,100.0,3043.02,62.57,5.654,2.721,1.207,0.743,0.145,0.785,0.186,0.0,0.0,0.0,0.0,0.412,50.717
661,11:01,PTR8,16,16,16,100.0,3236.76,66.706,6.028,2.741,1.143,0.0,0.0,0.853,0.516,1.04,0.0,0.0,0.0,0.439,53.946
661,11:01,PTR9,15,15,14,100.0,2884.32,62.54,5.651,2.799,1.076,0.0,0.0,0.795,0.288,0.0,0.0,3.467,0.0,0.392,48.072
661,11:01,PTR10,16,16,16,100.0,3292.86,66.692,6.026,2.739,1.324,0.0,0.0,0.85,0.426,0.0,0.0,0.0,0.0,0.446,54.881
662,11:02,PTR6,15,15,15,100.0,3089.52,62.585,5.714,2.764,1.206,0.0,0.0,0.794,0.196,0.0,0.0,0.0,0.0,0.419,51.492
662,11:02,PTR7,15,15,15,100.0,3042.24,62.585,5.714,2.722,1.176,0.74,0.145,0.781,0.19,0.0,0.0,0.0,0.0,0.413,50.704
662,11:02,PTR8,16,16,16,100.0,3234.18,66.722,6.092,2.741,1.249,0.0,0.0,0.85,0.408,1.04,0.0,0.0,0.0,0.439,53.903
662,11:02,PTR9,15,15,14,100.0,2883.96,62.555,5.711,2.799,1.096,0.0,0.0,0.795,0.229,0.0,0.0,3.467,0.0,0.392,48.066
662,11:02,PTR10,16,16,16,100.0,3291.84,66.708,6.09,2.74,1.414,0.0,0.0,0.847,0.307,0.0,0.0,0.0,0.0,0.446,54.864
663,11:03,PTR6,15,15,15,100.0,3088.14,62.555,5.654,2.759,1.275,0.0,0.0,0.796,0.183,0.0,0.0,0.0,0.0,0.419,51.469
663,11:03,PTR7,15,15,15,100.0,3041.58,62.555,5.654,2.719,1.234,0.745,0.146,0.781,0.171,0.0,0.0,0.0,0.0,0.412,50.693
663,11:03,PTR8,16,16,16,100.0,3235.2,66.69,6.027,2.735,1.231,0.0,0.0,0.851,0.447,1.04,0.0,0.0,0.0,0.439,53.92
663,11:03,PTR9,15,15,14,100.0,2882.4,62.525,5.651,2.797,1.111,0.0,0.0,0.795,0.272,0.0,0.0,3.467,0.0,0.392,48.04
663,11:03,PTR10,16,16,16,100.0,3293.34,66.676,6.026,2.734,1.404,0.0,0.0,0.847,0.329,0.0,0.0,0.0,0.0,0.447,54.889
664,11:04,PTR6,15,15,15,100.0,3090.06,62.585,5.683,2.756,1.204,0.0,0.0,0.794,0.228,0.0,0.0,0.0,0.0,0.419,51.501
664,11:04,PTR7,15,15,15,100.0,3042.3,62.585,5.683,2.717,1.17,0.746,0.146,0.784,0.222,0.0,0.0,0.0,0.0,0.412,50.705
664,11:04,PTR8,16,16,16,100.0,3233.64,66.722,6.056,2.736,1.32,0.0,0.0,0.849,0.388,1.04,0.0,0.0,0.0,0.439,53.894
664,11:04,PTR9,15,15,14,100.0,2883.3,62.555,5.677,2.8,1.126,0.0,0.0,0.796,0.242,0.0,0.0,3.467,0.0,0.392,48.055
664,11:04,PTR10,16,16,16,100.0,3290.34,66.708,6.052,2.739,1.401,0.0,0.0,0.847,0.384,0.0,0.0,0.0,0.0,0.446,54.839
665,11:05,PTR6,15,15,15,100.0,3093.54,62.915,5.774,2.772,1.171,0.0,0.0,0.797,0.422,0.0,0.0,0.0,0.0,0.42,51.559
665,11:05,PTR7,15,15,15,100.0,3047.04,62.915,5.774,2.733,1.264,0.749,0.147,0.782,0.269,0.0,0.0,0.0,0.0,0.413,50.784
665,11:05,PTR8,16,16,16,100.0,3236.4,67.074,6.156,2.749,1.302,0.0,0.0,0.852,0.596,1.04,0.0,0.0,0.0,0.439,53.94
665,11:05,PTR9,15,15,14,100.0,2885.82,62.885,5.771,2.811,1.089,0.0,0.0,0.797,0.461,0.0,0.0,3.467,0.0,0.392,48.097
665,11:05,PTR10,16,16,16,100.0,3295.8,67.06,6.154,2.75,1.346,0.0,0.0,0.85,0.582,0.0,0.0,0.0,0.0,0.448,54.93
666,11:06,PTR6,15,15,15,100.0,3092.82,62.87,5.699,2.78,1.128,0.0,0.0,0.801,0.495,0.0,0.0,0.0,0.0,0.42,51.547
666,11:06,PTR7,15,15,15,100.0,3048.42,62.87,5.699,2.737,1.21,0.747,0.147,0.785,0.325,0.0,0.0,0.0,0.0,0.413,50.807
666,11:06,PTR8,16,16,16,100.0,3236.7,67.026,6.076,2.757,1.24,0.0,0.0,0.856,0.673,1.04,0.0,0.0,0.0,0.439,53.945
666,11:06,PTR9,15,15,14,100.0,2886.6,62.84,5.696,2.819,1.091,0.0,0.0,0.796,0.469,0.0,0.0,3.467,0.0,0.392,48.11
666,11:06,PTR10,16,16,16,100.0,3296.46,67.012,6.074,2.755,1.415,0.0,0.0,0.854,0.525,0.0,0.0,0.0,0.0,0.448,54.941
667,11:07,PTR6,15,15,15,100.0,3090.18,62.645,5.728,2.758,1.208,0.0,0.0,0.797,0.231,0.0,0.0,0.0,0.0,0.42,51.503
667,11:07,PTR7,15,15,15,100.0,3040.38,62.645,5.728,2.717,1.278,0.742,0.147,0.779,0.169,0.0,0.0,0.0,0.0,0.412,50.673
667,11:07,PTR8,16,16,16,100.0,3234.6,66.786,6.104,2.737,1.294,0.0,0.0,0.848,0.414,1.04,0.0,0.0,0.0,0.439,53.91
667,11:07,PTR9,15,15,14,100.0,2883.42,62.615,5.722,2.8,1.147,0.0,0.0,0.794,0.236,0.0,0.0,3.467,0.0,0.392,48.057
667,11:07,PTR10,16,16,16,100.0,3294.3,66.772,6.1,2.74,1.358,0.0,0.0,0.848,0.374,0.0,0.0,0.0,0.0,0.447,54.905
668,11:08,PTR6,15,15,15,100.0,3094.56,62.9,5.699,2.78,1.224,0.0,0.0,0.799,0.402,0.0,0.0,0.0,0.0,0.42,51.576
668,11:08,PTR7,15,15,15,100.0,3048.6,62.9,5.699,2.74,1.227,0.747,0.149,0.786,0.329,0.0,0.0,0.0,0.0,0.413,50.81
668,11:08,PTR8,16,16,16,100.0,3236.52,67.058,6.076,2.76,1.32,0.0,0.0,0.852,0.629,1.04,0.0,0.0,0.0,0.439,53.942
668,11:08,PTR9,15,15,14,100.0,2886.6,62.87,5.696,2.821,1.216,0.0,0.0,0.798,0.37,0.0,0.0,3.467,0.0,0.392,48.11
668,11:08,PTR10,16,16,16,100.0,3296.22,67.044,6.074,2.759,1.382,0.0,0.0,0.851,0.593,0.0,0.0,0.0,0.0,0.448,54.937
669,11:09,PTR6,15,15,15,100.0,3090.78,62.571,5.58,2.768,1.232,0.0,0.0,0.799,0.259,0.0,0.0,0.0,0.0,0.42,51.513
669,11:09,PTR7,15,15,15,100.0,3044.76,62.571,5.58,2.728,1.27,0.744,0.148,0.781,0.161,0.0,0.0,0.0,0.0,0.413,50.746
669,11:09,PTR8,16,16,16,100.0,3233.82,66.709,5.951,2.747,1.246,0.0,0.0,0.852,0.537,1.04,0.0,0.0,0.0,0.439,53.897
669,11:09,PTR9,15,15,14,100.0,2884.14,62.544,5.58,2.807,1.07,0.0,0.0,0.797,0.362,0.0,0.0,3.467,0.0,0.392,48.069
669,11:09,PTR10,16,16,16,100.0,3294.0,66.698,5.952,2.748,1.367,0.0,0.0,0.85,0.434,0.0,0.0,0.0,0.0,0.447,54.9
670,11:10,PTR6,15,15,15,100.0,3092.88,62.96,5.729,2.78,1.298,0.0,0.0,0.801,0.384,0.0,0.0,0.0,0.0,0.42,51.548
670,11:10,PTR7,15,15,15,100.0,3047.88,62.96,5.729,2.74,1.277,0.748,0.151,0.786,0.318,0.0,0.0,0.0,0.0,0.413,50.798
670,11:10,PTR8,16,16,16,100.0,3236.1,67.122,6.108,2.761,1.333,0.0,0.0,0.854,0.652,1.04,0.0,0.0,0.0,0.439,53.935
670,11:10,PTR9,15,15,14,100.0,2886.24,62.93,5.726,2.821,1.153,0.0,0.0,0.801,0.466,0.0,0.0,3.467,0.0,0.392,48.104
670,11:10,PTR10,16,16,16,100.0,3295.92,67.108,6.106,2.759,1.339,0.0,0.0,0.852,0.672,0.0,0.0,0.0,0.0,0.448,54.932
671,11:11,PTR6,15,15,15,100.0,3094.32,63.126,5.76,2.784,1.296,0.0,0.0,0.802,0.492,0.0,0.0,0.0,0.0,0.42,51.572
671,11:11,PTR7,15,15,15,100.0,3049.32,63.126,5.76,2.747,1.307,0.75,0.151,0.786,0.39,0.0,0.0,0.0,0.0,0.413,50.822
671,11:11,PTR8,16,16,16,100.0,3237.12,67.301,6.143,2.765,1.247,0.0,0.0,0.856,0.859,1.04,0.0,0.0,0.0,0.439,53.952
671,11:11,PTR9,15,15,14,100.0,2886.6,63.099,5.76,2.824,1.128,0.0,0.0,0.802,0.616,0.0,0.0,3.467,0.0,0.392,48.11
671,11:11,PTR10,16,16,16,100.0,3296.16,67.29,6.144,2.764,1.417,0.0,0.0,0.855,0.726,0.0,0.0,0.0,0.0,0.448,54.936
672,11:12,PTR6,15,15,15,100.0,3094.14,63.14,5.789,2.784,1.229,0.0,0.0,0.798,0.551,0.0,0.0,0.0,0.0,0.42,51.569
672,11:12,PTR7,15,15,15,100.0,3048.72,63.14,5.789,2.747,1.253,0.749,0.151,0.786,0.44,0.0,0.0,0.0,0.0,0.413,50.812
672,11:12,PTR8,16,16,16,100.0,3237.12,67.314,6.172,2.765,1.293,0.0,0.0,0.855,0.798,1.04,0.0,0.0,0.0,0.439,53.952
672,11:12,PTR9,15,15,14,100.0,2886.6,63.11,5.786,2.824,1.133,0.0,0.0,0.801,0.597,0.0,0.0,3.467,0.0,0.392,48.11
672,11:12,PTR10,16,16,16,100.0,3297.12,67.3,6.17,2.764,1.424,0.0,0.0,0.856,0.686,0.0,0.0,0.0,0.0,0.448,54.952
673,11:13,PTR6,15,15,15,100.0,3094.32,62.976,5.73,2.775,1.156,0.0,0.0,0.798,0.525,0.0,0.0,0.0,0.0,0.42,51.572
673,11:13,PTR7,15,15,15,100.0,3046.98,62.976,5.73,2.734,1.262,0.748,0.15,0.783,0.373,0.0,0.0,0.0,0.0,0.413,50.783
673,11:13,PTR8,16,16,16,100.0,3237.12,67.141,6.11,2.75,1.244,0.0,0.0,0.856,0.75,1.04,0.0,0.0,0.0,0.439,53.952
673,11:13,PTR9,15,15,14,100.0,2886.36,62.949,5.73,2.811,1.124,0.0,0.0,0.8,0.519,0.0,0.0,3.467,0.0,0.392,48.106
673,11:13,PTR10,16,16,16,100.0,3295.5,67.13,6.112,2.752,1.42,0.0,0.0,0.853,0.62,0.0,0.0,0.0,0.0,0.448,54.925
674,11:14,PTR6,15,15,15,100.0,3094.56,63.29,5.774,2.794,1.232,0.0,0.0,0.799,0.695,0.0,0.0,0.0,0.0,0.42,51.576
674,11:14,PTR7,15,15,15,100.0,3050.04,63.29,5.774,2.753,1.273,0.75,0.152,0.792,0.549,0.0,0.0,0.0,0.0,0.413,50.834
674,11:14,PTR8,16,16,16,100.0,3237.12,67.474,6.156,2.774,1.239,0.0,0.0,0.86,1.014,1.04,0.0,0.0,0.0,0.439,53.952
674,11:14,PTR9,15,15,14,100.0,2886.6,63.26,5.771,2.835,1.136,0.0,0.0,0.804,0.745,0.0,0.0,3.467,0.0,0.392,48.11
674,11:14,PTR10,16,16,16,100.0,3297.42,67.46,6.154,2.772,1.404,0.0,0.0,0.857,0.868,0.0,0.0,0.0,0.0,0.448,54.957
675,11:15,PTR6,15,15,15,100.0,3094.56,63.381,5.76,2.799,1.324,0.0,0.0,0.802,0.7,0.0,0.0,0.0,0.0,0.42,51.576
675,11:15,PTR7,15,15,15,100.0,3050.88,63.381,5.76,2.762,1.277,0.751,0.153,0.79,0.626,0.0,0.0,0.0,0.0,0.414,50.848
675,11:15,PTR8,16,16,16,100.0,3237.12,67.573,6.143,2.778,1.191,0.0,0.0,0.863,1.167,1.04,0.0,0.0,0.0,0.439,53.952
675,11:15,PTR9,15,15,14,100.0,2886.6,63.354,5.76,2.838,1.048,0.0,0.0,0.806,0.933,0.0,0.0,3.467,0.0,0.392,48.11
675,11:15,PTR10,16,16,16,100.0,3298.2,67.562,6.144,2.778,1.405,0.0,0.0,0.858,0.959,0.0,0.0,0.0,0.0,0.448,54.97
676,11:16,PTR6,15,15,15,100.0,3094.56,63.53,5.909,2.798,1.28,0.0,0.0,0.804,0.743,0.0,0.0,0.0,0.0,0.42,51.576
676,11:16,PTR7,15,15,15,100.0,3049.62,63.53,5.909,2.758,1.24,0.746,0.154,0.793,0.69,0.0,0.0,0.0,0.0,0.413,50.827
676,11:16,PTR8,16,16,16,100.0,3237.12,67.73,6.3,2.777,1.183,0.0,0.0,0.861,1.178,1.04,0.0,0.0,0.0,0.439,53.952
676,11:16,PTR9,15,15,14,100.0,2886.6,63.5,5.906,2.838,1.152,0.0,0.0,0.803,0.832,0.0,0.0,3.467,0.0,0.392,48.11
676,11:16,PTR10,16,16,16,100.0,3298.2,67.716,6.298,2.775,1.364,0.0,0.0,0.859,1.002,0.0,0.0,0.0,0.0,0.448,54.97
677,11:17,PTR6,15,15,15,100.0,3094.56,63.545,5.924,2.792,1.301,0.0,0.0,0.8,0.732,0.0,0.0,0.0,0.0,0.42,51.576
677,11:17,PTR7,15,15,15,100.0,3049.92,63.545,5.924,2.749,1.322,0.751,0.154,0.789,0.611,0.0,0.0,0.0,0.0,0.413,50.832
677,11:17,PTR8,16,16,16,100.0,3237.12,67.745,6.315,2.77,1.281,0.0,0.0,0.861,1.087,1.04,0.0,0.0,0.0,0.439,53.952
677,11:17,PTR9,15,15,14,100.0,2886.6,63.515,5.921,2.832,1.134,0.0,0.0,0.806,0.853,0.0,0.0,3.467,0.0,0.392,48.11
677,11:17,PTR10,16,16,16,100.0,3297.54,67.732,6.314,2.77,1.482,0.0,0.0,0.859,0.9,0.0,0.0,0.0,0.0,0.448,54.959
678,11:18,PTR6,15,15,15,100.0,3094.56,63.785,5.954,2.811,1.208,0.0,0.0,0.808,1.008,0.0,0.0,0.0,0.0,0.42,51.576
678,11:18,PTR7,15,15,15,100.0,3052.5,63.785,5.954,2.769,1.248,0.753,0.156,0.793,0.823,0.0,0.0,0.0,0.0,0.414,50.875
678,11:18,PTR8,16,16,16,100.0,3237.12,68.002,6.348,2.787,1.262,0.0,0.0,0.864,1.31,1.04,0.0,0.0,0.0,0.439,53.952
678,11:18,PTR9,15,15,14,100.0,2886.6,63.755,5.951,2.85,1.145,0.0,0.0,0.808,1.032,0.0,0.0,3.467,0.0,0.392,48.11
678,11:18,PTR10,16,16,16,100.0,3298.2,67.988,6.346,2.79,1.394,0.0,0.0,0.863,1.177,0.0,0.0,0.0,0.0,0.448,54.97
679,11:19,PTR6,15,15,15,100.0,3094.56,63.59,5.923,2.793,1.246,0.0,0.0,0.807,0.825,0.0,0.0,0.0,0.0,0.42,51.576
679,11:19,PTR7,15,15,15,100.0,3051.24,63.59,5.923,2.75,1.21,0.752,0.155,0.794,0.738,0.0,0.0,0.0,0.0,0.414,50.854
679,11:19,PTR8,16,16,16,100.0,3237.12,67.794,6.312,2.775,1.258,0.0,0.0,0.861,1.157,1.04,0.0,0.0,0.0,0.439,53.952
679,11:19,PTR9,15,15,14,100.0,2886.6,63.56,5.917,2.835,1.16,0.0,0.0,0.806,0.873,0.0,0.0,3.467,0.0,0.392,48.11
679,11:19,PTR10,16,16,16,100.0,3298.2,67.78,6.308,2.776,1.423,0.0,0.0,0.86,0.995,0.0,0.0,0.0,0.0,0.448,54.97
680,11:20,PTR6,15,15,15,100.0,3094.56,63.605,5.969,2.799,1.223,0.0,0.0,0.801,0.817,0.0,0.0,0.0,0.0,0.42,51.576
680,11:20,PTR7,15,15,15,100.0,3051.18,63.605,5.969,2.759,1.288,0.752,0.156,0.789,0.625,0.0,0.0,0.0,0.0,0.414,50.853
680,11:20,PTR8,16,16,16,100.0,3237.12,67.809,6.363,2.778,1.326,0.0,0.0,0.86,1.051,1.04,0.0,0.0,0.0,0.439,53.952
680,11:20,PTR9,15,15,14,100.0,2886.6,63.575,5.966,2.838,1.16,0.0,0.0,0.802,0.84,0.0,0.0,3.467,0.0,0.392,48.11
680,11:20,PTR10,16,16,16,100.0,3298.02,67.796,6.362,2.775,1.37,0.0,0.0,0.859,1.015,0.0,0.0,0.0,0.0,0.448,54.967
681,11:21,PTR6,15,15,15,100.0,3094.56,63.59,5.924,2.798,1.274,0.0,0.0,0.807,0.791,0.0,0.0,0.0,0.0,0.42,51.576
681,11:21,PTR7,15,15,15,100.0,3051.78,63.59,5.924,2.758,1.24,0.753,0.157,0.791,0.69,0.0,0.0,0.0,0.0,0.414,50.863
681,11:21,PTR8,16,16,16,100.0,3237.12,67.793,6.315,2.778,1.239,0.0,0.0,0.861,1.169,1.04,0.0,0.0,0.0,0.439,53.952
681,11:21,PTR9,15,15,14,100.0,2886.6,63.56,5.921,2.838,1.106,0.0,0.0,0.806,0.92,0.0,0.0,3.467,0.0,0.392,48.11
681,11:21,PTR10,16,16,16,100.0,3298.2,67.78,6.314,2.775,1.405,0.0,0.0,0.862,1.006,0.0,0.0,0.0,0.0,0.448,54.97
682,11:22,PTR6,15,15,15,100.0,3094.56,63.65,5.954,2.798,1.285,0.0,0.0,0.803,0.814,0.0,0.0,0.0,0.0,0.42,51.576
682,11:22,PTR7,15,15,15,100.0,3050.58,63.65,5.954,2.759,1.265,0.751,0.156,0.79,0.719,0.0,0.0,0.0,0.0,0.413,50.843
682,11:22,PTR8,16,16,16,100.0,3237.12,67.857,6.347,2.778,1.314,0.0,0.0,0.864,1.123,1.04,0.0,0.0,0.0,0.439,53.952
682,11:22,PTR9,15,15,14,100.0,2886.6,63.62,5.951,2.838,1.163,0.0,0.0,0.805,0.894,0.0,0.0,3.467,0.0,0.392,48.11
682,11:22,PTR10,16,16,16,100.0,3297.9,67.844,6.346,2.776,1.399,0.0,0.0,0.858,1.052,0.0,0.0,0.0,0.0,0.448,54.965
683,11:23,PTR6,15,15,15,100.0,3094.56,64.07,6.059,2.812,1.306,0.0,0.0,0.808,1.089,0.0,0.0,0.0,0.0,0.42,51.576
683,11:23,PTR7,15,15,15,100.0,3052.14,64.07,6.059,2.773,1.29,0.755,0.157,0.795,0.958,0.0,0.0,0.0,0.0,0.414,50.869
683,11:23,PTR8,16,16,16,100.0,3237.12,68.305,6.459,2.792,1.264,0.0,0.0,0.868,1.491,1.04,0.0,0.0,0.0,0.439,53.952
683,11:23,PTR9,15,15,14,100.0,2886.6,64.04,6.056,2.853,1.084,0.0,0.0,0.808,1.27,0.0,0.0,3.467,0.0,0.392,48.11
683,11:23,PTR10,16,16,16,100.0,3298.2,68.292,6.458,2.792,1.341,0.0,0.0,0.867,1.416,0.0,0.0,0.0,0.0,0.448,54.97
684,11:24,PTR6,15,15,15,100.0,3094.56,63.965,5.969,2.819,1.229,0.0,0.0,0.806,1.146,0.0,0.0,0.0,0.0,0.42,51.576
684,11:24,PTR7,15,15,15,100.0,3054.84,63.965,5.969,2.777,1.235,0.762,0.159,0.798,0.937,0.0,0.0,0.0,0.0,0.414,50.914
684,11:24,PTR8,16,16,16,100.0,3237.12,68.194,6.364,2.796,1.275,0.0,0.0,0.869,1.459,1.04,0.0,0.0,0.0,0.439,53.952
684,11:24,PTR9,15,15,14,100.0,2886.6,63.935,5.966,2.861,1.181,0.0,0.0,0.809,1.149,0.0,0.0,3.467,0.0,0.392,48.11
684,11:24,PTR10,16,16,16,100.0,3298.2,68.18,6.362,2.797,1.341,0.0,0.0,0.864,1.398,0.0,0.0,0.0,0.0,0.448,54.97
685,11:25,PTR6,15,15,15,100.0,3094.56,63.965,6.029,2.808,1.196,0.0,0.0,0.807,1.129,0.0,0.0,0.0,0.0,0.42,51.576
685,11:25,PTR7,15,15,15,100.0,3053.28,63.965,6.029,2.764,1.326,0.754,0.16,0.794,0.836,0.0,0.0,0.0,0.0,0.414,50.888
685,11:25,PTR8,16,16,16,100.0,3237.12,68.193,6.427,2.786,1.305,0.0,0.0,0.864,1.38,1.04,0.0,0.0,0.0,0.439,53.952
685,11:25,PTR9,15,15,14,100.0,2886.6,63.935,6.026,2.846,1.137,0.0,0.0,0.81,1.147,0.0,0.0,3.467,0.0,0.392,48.11
685,11:25,PTR10,16,16,16,100.0,3298.2,68.18,6.426,2.784,1.405,0.0,0.0,0.865,1.282,0.0,0.0,0.0,0.0,0.448,54.97
686,11:26,PTR6,15,15,15,100.0,3094.56,64.07,6.074,2.813,1.233,0.0,0.0,0.808,1.146,0.0,0.0,0.0,0.0,0.42,51.576
686,11:26,PTR7,15,15,15,100.0,3053.46,64.07,6.074,2.776,1.219,0.756,0.16,0.795,0.985,0.0,0.0,0.0,0.0,0.414,50.891
686,11:26,PTR8,16,16,16,100.0,3237.12,68.306,6.476,2.793,1.238,0.0,0.0,0.865,1.503,1.04,0.0,0.0,0.0,0.439,53.952
686,11:26,PTR9,15,15,14,100.0,2886.6,64.04,6.071,2.853,1.153,0.0,0.0,0.808,1.186,0.0,0.0,3.467,0.0,0.392,48.11
686,11:26,PTR10,16,16,16,100.0,3298.2,68.292,6.474,2.792,1.37,0.0,0.0,0.866,1.372,0.0,0.0,0.0,0.0,0.448,54.97
687,11:27,PTR6,15,15,15,100.0,2691.6,53.497,4.109,2.391,1.09,0.0,0.0,0.687,0.0,0.0,0.0,0.0,0.0,0.36,44.86
687,11:27,PTR7,15,15,15,100.0,2643.36,53.497,4.109,2.355,1.167,0.643,0.136,0.677,0.0,0.0,0.0,0.0,0.0,0.354,44.056
687,11:27,PTR8,16,16,16,100.0,2840.82,57.034,4.379,2.375,1.207,0.0,0.0,0.738,0.0,0.608,0.0,0.0,0.0,0.38,47.347
687,11:27,PTR9,15,15,14,100.0,2510.28,53.473,4.106,2.427,1.025,0.0,0.0,0.691,0.0,0.0,0.0,3.05,0.0,0.336,41.838
687,11:27,PTR10,16,16,16,100.0,2877.18,57.024,4.378,2.377,1.196,0.0,0.0,0.736,0.0,0.0,0.0,0.0,0.0,0.384,47.953
688,11:28,PTR6,15,15,15,100.0,2215.44,43.299,2.595,1.968,0.947,0.0,0.0,0.565,0.0,0.0,0.0,0.0,0.0,0.3,36.924
688,11:28,PTR7,15,15,15,100.0,2179.5,43.299,2.595,1.939,0.94,0.534,0.113,0.558,0.0,0.0,0.0,0.0,0.0,0.295,36.325
688,11:28,PTR8,16,16,16,100.0,2367.9,46.163,2.767,1.953,0.99,0.0,0.0,0.607,0.0,0.062,0.0,0.0,0.0,0.319,39.465
688,11:28,PTR9,15,15,14,100.0,2066.4,43.281,2.595,2.0,0.884,0.0,0.0,0.568,0.0,0.0,0.0,2.514,0.0,0.28,34.44
688,11:28,PTR10,16,16,16,100.0,2366.22,46.156,2.768,1.954,1.071,0.0,0.0,0.606,0.0,0.0,0.0,0.0,0.0,0.32,39.437
689,11:29,PTR6,15,15,15,100.0,1711.68,32.965,1.41,1.535,0.828,0.0,0.0,0.439,0.0,0.0,0.0,0.0,0.0,0.225,28.528
689,11:29,PTR7,15,15,15,100.0,1686.18,32.965,1.41,1.515,0.783,0.412,0.087,0.431,0.0,0.0,0.0,0.0,0.0,0.224,28.103
689,11:29,PTR8,16,16,16,100.0,1833.36,35.145,1.504,1.526,0.845,0.0,0.0,0.47,0.0,0.0,0.0,0.0,0.0,0.244,30.556
689,11:29,PTR9,15,15,14,100.0,1599.48,32.95,1.41,1.557,0.744,0.0,0.0,0.437,0.0,0.0,0.0,1.934,0.0,0.21,26.658
689,11:29,PTR10,16,16,16,100.0,1829.94,35.138,1.504,1.523,0.906,0.0,0.0,0.465,0.0,0.0,0.0,0.0,0.0,0.241,30.499
690,11:30,PTR6,15,15,15,100.0,1184.82,22.511,0.584,1.059,0.654,0.0,0.0,0.303,0.0,0.0,0.0,0.0,0.0,0.164,19.747
690,11:30,PTR7,15,15,15,100.0,1165.2,22.511,0.584,1.042,0.661,0.285,0.061,0.296,0.0,0.0,0.0,0.0,0.0,0.162,19.42
690,11:30,PTR8,16,16,16,100.0,1267.38,23.998,0.62,1.052,0.7,0.0,0.0,0.328,0.0,0.0,0.0,0.0,0.0,0.175,21.123
690,11:30,PTR9,15,15,14,100.0,1106.7,22.499,0.581,1.078,0.595,0.0,0.0,0.305,0.0,0.0,0.0,1.341,0.0,0.154,18.445
690,11:30,PTR10,16,16,16,100.0,1265.1,23.992,0.618,1.051,0.738,0.0,0.0,0.326,0.0,0.0,0.0,0.0,0.0,0.174,21.085
691,11:31,PTR6,15,15,15,100.0,1178.64,22.391,0.569,1.056,0.657,0.0,0.0,0.303,0.0,0.0,0.0,0.0,0.0,0.162,19.644
691,11:31,PTR7,15,15,15,100.0,1160.04,22.391,0.569,1.041,0.647,0.284,0.06,0.297,0.0,0.0,0.0,0.0,0.0,0.159,19.334
691,11:31,PTR8,16,16,16,100.0,1260.78,23.87,0.604,1.05,0.708,0.0,0.0,0.323,0.0,0.0,0.0,0.0,0.0,0.172,21.013
691,11:31,PTR9,15,15,14,100.0,1099.68,22.379,0.566,1.072,0.619,0.0,0.0,0.303,0.0,0.0,0.0,1.338,0.0,0.153,18.328
691,11:31,PTR10,16,16,16,100.0,1259.04,23.864,0.602,1.049,0.734,0.0,0.0,0.322,0.0,0.0,0.0,0.0,0.0,0.173,20.984
692,11:32,PTR6,15,15,15,100.0,1174.5,22.316,0.569,1.055,0.658,0.0,0.0,0.301,0.0,0.0,0.0,0.0,0.0,0.158,19.575
692,11:32,PTR7,15,15,15,100.0,1155.24,22.316,0.569,1.037,0.661,0.282,0.061,0.297,0.0,0.0,0.0,0.0,0.0,0.155,19.254
692,11:32,PTR8,16,16,16,100.0,1257.96,23.79,0.604,1.046,0.68,0.0,0.0,0.323,0.0,0.0,0.0,0.0,0.0,0.171,20.966
692,11:32,PTR9,15,15,14,100.0,1094.82,22.304,0.566,1.068,0.651,0.0,0.0,0.302,0.0,0.0,0.0,1.321,0.0,0.149,18.247
692,11:32,PTR10,16,16,16,100.0,1256.34,23.784,0.602,1.047,0.701,0.0,0.0,0.322,0.0,0.0,0.0,0.0,0.0,0.173,20.939
693,11:33,PTR6,15,15,15,100.0,1175.94,22.362,0.556,1.066,0.68,0.0,0.0,0.301,0.0,0.0,0.0,0.0,0.0,0.16,19.599
693,11:33,PTR7,15,15,15,100.0,1158.24,22.362,0.556,1.05,0.653,0.282,0.061,0.298,0.0,0.0,0.0,0.0,0.0,0.158,19.304
693,11:33,PTR8,16,16,16,100.0,1259.22,23.841,0.595,1.058,0.704,0.0,0.0,0.325,0.0,0.0,0.0,0.0,0.0,0.172,20.987
693,11:33,PTR9,15,15,14,100.0,1099.56,22.353,0.559,1.078,0.593,0.0,0.0,0.304,0.0,0.0,0.0,1.341,0.0,0.152,18.326
693,11:33,PTR10,16,16,16,100.0,1258.26,23.838,0.598,1.056,0.716,0.0,0.0,0.324,0.0,0.0,0.0,0.0,0.0,0.173,20.971
694,11:34,PTR6,15,15,15,100.0,1177.26,22.317,0.525,1.057,0.649,0.0,0.0,0.303,0.0,0.0,0.0,0.0,0.0,0.162,19.621
694,11:34,PTR7,15,15,15,100.0,1156.26,22.317,0.525,1.041,0.683,0.28,0.061,0.3,0.0,0.0,0.0,0.0,0.0,0.156,19.271
694,11:34,PTR8,16,16,16,100.0,1260.42,23.794,0.561,1.05,0.677,0.0,0.0,0.325,0.0,0.0,0.0,0.0,0.0,0.174,21.007
694,11:34,PTR9,15,15,14,100.0,1098.3,22.308,0.525,1.074,0.619,0.0,0.0,0.301,0.0,0.0,0.0,1.333,0.0,0.151,18.305
694,11:34,PTR10,16,16,16,100.0,1256.46,23.79,0.56,1.05,0.742,0.0,0.0,0.324,0.0,0.0,0.0,0.0,0.0,0.173,20.941
695,11:35,PTR6,15,15,15,100.0,1180.32,22.362,0.51,1.057,0.658,0.0,0.0,0.302,0.0,0.0,0.0,0.0,0.0,0.163,19.672
695,11:35,PTR7,15,15,15,100.0,1160.22,22.362,0.51,1.042,0.674,0.281,0.061,0.298,0.0,0.0,0.0,0.0,0.0,0.159,19.337
695,11:35,PTR8,16,16,16,100.0,1263.42,23.841,0.543,1.051,0.692,0.0,0.0,0.322,0.0,0.0,0.0,0.0,0.0,0.176,21.057
695,11:35,PTR9,15,15,14,100.0,1102.74,22.353,0.51,1.075,0.598,0.0,0.0,0.304,0.0,0.0,0.0,1.333,0.0,0.154,18.379
695,11:35,PTR10,16,16,16,100.0,1261.86,23.838,0.544,1.05,0.716,0.0,0.0,0.323,0.0,0.0,0.0,0.0,0.0,0.174,21.031
696,11:36,PTR6,15,15,15,100.0,1185.42,22.436,0.51,1.068,0.631,0.0,0.0,0.305,0.0,0.0,0.0,0.0,0.0,0.165,19.757
696,11:36,PTR7,15,15,15,100.0,1164.48,22.436,0.51,1.051,0.664,0.284,0.061,0.298,0.0,0.0,0.0,0.0,0.0,0.16,19.408
696,11:36,PTR8,16,16,16,100.0,1266.9,23.918,0.544,1.058,0.7,0.0,0.0,0.325,0.0,0.0,0.0,0.0,0.0,0.176,21.115
696,11:36,PTR9,15,15,14,100.0,1104.66,22.424,0.51,1.079,0.628,0.0,0.0,0.302,0.0,0.0,0.0,1.34,0.0,0.154,18.411
696,11:36,PTR10,16,16,16,100.0,1267.08,23.912,0.544,1.056,0.692,0.0,0.0,0.328,0.0,0.0,0.0,0.0,0.0,0.174,21.118
697,11:37,PTR6,15,15,15,100.0,1187.64,22.512,0.525,1.063,0.663,0.0,0.0,0.303,0.0,0.0,0.0,0.0,0.0,0.164,19.794
697,11:37,PTR7,15,15,15,100.0,1167.66,22.512,0.525,1.049,0.669,0.284,0.062,0.3,0.0,0.0,0.0,0.0,0.0,0.162,19.461
697,11:37,PTR8,16,16,16,100.0,1271.82,24.002,0.56,1.055,0.689,0.0,0.0,0.325,0.0,0.0,0.0,0.0,0.0,0.176,21.197
697,11:37,PTR9,15,15,14,100.0,1106.22,22.503,0.525,1.08,0.656,0.0,0.0,0.303,0.0,0.0,0.0,1.348,0.0,0.154,18.437
697,11:37,PTR10,16,16,16,100.0,1268.22,23.998,0.56,1.057,0.743,0.0,0.0,0.327,0.0,0.0,0.0,0.0,0.0,0.174,21.137
698,11:38,PTR6,15,15,15,100.0,1184.82,22.511,0.569,1.059,0.668,0.0,0.0,0.303,0.0,0.0,0.0,0.0,0.0,0.165,19.747
698,11:38,PTR7,15,15,15,100.0,1164.06,22.511,0.569,1.044,0.692,0.284,0.062,0.299,0.0,0.0,0.0,0.0,0.0,0.16,19.401
698,11:38,PTR8,16,16,16,100.0,1268.58,23.998,0.604,1.052,0.697,0.0,0.0,0.326,0.0,0.0,0.0,0.0,0.0,0.176,21.143
698,11:38,PTR9,15,15,14,100.0,1107.96,22.499,0.566,1.078,0.587,0.0,0.0,0.306,0.0,0.0,0.0,1.342,0.0,0.154,18.466
698,11:38,PTR10,16,16,16,100.0,1267.38,23.992,0.602,1.051,0.711,0.0,0.0,0.33,0.0,0.0,0.0,0.0,0.0,0.175,21.123
699,11:39,PTR6,15,15,15,100.0,1189.44,22.587,0.555,1.064,0.677,0.0,0.0,0.302,0.0,0.0,0.0,0.0,0.0,0.165,19.824
699,11:39,PTR7,15,15,15,100.0,1169.7,22.587,0.555,1.049,0.676,0.284,0.063,0.304,0.0,0.0,0.0,0.0,0.0,0.161,19.495
699,11:39,PTR8,16,16,16,100.0,1273.68,24.081,0.591,1.058,0.701,0.0,0.0,0.327,0.0,0.0,0.0,0.0,0.0,0.176,21.228
699,11:39,PTR9,15,15,14,100.0,1109.76,22.578,0.555,1.081,0.635,0.0,0.0,0.306,0.0,0.0,0.0,1.351,0.0,0.154,18.496
699,11:39,PTR10,16,16,16,100.0,1271.94,24.078,0.592,1.059,0.724,0.0,0.0,0.328,0.0,0.0,0.0,0.0,0.0,0.176,21.199
700,11:40,PTR6,15,15,15,100.0,1189.2,22.571,0.555,1.072,0.653,0.0,0.0,0.306,0.0,0.0,0.0,0.0,0.0,0.165,19.82
700,11:40,PTR7,15,15,15,100.0,1168.08,22.571,0.555,1.056,0.684,0.285,0.063,0.298,0.0,0.0,0.0,0.0,0.0,0.162,19.468
700,11:40,PTR8,16,16,16,100.0,1273.02,24.062,0.592,1.063,0.689,0.0,0.0,0.325,0.0,0.0,0.0,0.0,0.0,0.176,21.217
700,11:40,PTR9,15,15,14,100.0,1111.8,22.559,0.555,1.086,0.586,0.0,0.0,0.305,0.0,0.0,0.0,1.343,0.0,0.154,18.53
700,11:40,PTR10,16,16,16,100.0,1270.02,24.056,0.592,1.06,0.735,0.0,0.0,0.327,0.0,0.0,0.0,0.0,0.0,0.175,21.167
701,11:41,PTR6,15,15,15,100.0,1183.74,22.467,0.54,1.059,0.67,0.0,0.0,0.305,0.0,0.0,0.0,0.0,0.0,0.164,19.729
701,11:41,PTR7,15,15,15,100.0,1164.42,22.467,0.54,1.044,0.672,0.283,0.063,0.298,0.0,0.0,0.0,0.0,0.0,0.16,19.407
701,11:41,PTR8,16,16,16,100.0,1266.72,23.954,0.576,1.052,0.714,0.0,0.0,0.325,0.0,0.0,0.0,0.0,0.0,0.175,21.112
701,11:41,PTR9,15,15,14,100.0,1105.38,22.458,0.54,1.078,0.618,0.0,0.0,0.303,0.0,0.0,0.0,1.342,0.0,0.154,18.423
701,11:41,PTR10,16,16,16,100.0,1266.78,23.95,0.576,1.051,0.707,0.0,0.0,0.329,0.0,0.0,0.0,0.0,0.0,0.174,21.113
702,11:42,PTR6,15,15,15,100.0,1184.82,22.466,0.509,1.067,0.675,0.0,0.0,0.303,0.0,0.0,0.0,0.0,0.0,0.165,19.747
702,11:42,PTR7,15,15,15,100.0,1167.3,22.466,0.509,1.05,0.644,0.285,0.063,0.298,0.0,0.0,0.0,0.0,0.0,0.162,19.455
702,11:42,PTR8,16,16,16,100.0,1269.78,23.95,0.541,1.058,0.688,0.0,0.0,0.324,0.0,0.0,0.0,0.0,0.0,0.176,21.163
702,11:42,PTR9,15,15,14,100.0,1107.96,22.454,0.506,1.081,0.599,0.0,0.0,0.308,0.0,0.0,0.0,1.34,0.0,0.154,18.466
702,11:42,PTR10,16,16,16,100.0,1266.18,23.944,0.538,1.06,0.742,0.0,0.0,0.326,0.0,0.0,0.0,0.0,0.0,0.175,21.103
703,11:43,PTR6,15,15,15,100.0,1183.26,22.467,0.54,1.059,0.679,0.0,0.0,0.304,0.0,0.0,0.0,0.0,0.0,0.164,19.721
703,11:43,PTR7,15,15,15,100.0,1166.88,22.467,0.54,1.044,0.624,0.286,0.063,0.3,0.0,0.0,0.0,0.0,0.0,0.162,19.448
703,11:43,PTR8,16,16,16,100.0,1267.38,23.954,0.576,1.052,0.701,0.0,0.0,0.326,0.0,0.0,0.0,0.0,0.0,0.176,21.123
703,11:43,PTR9,15,15,14,100.0,1105.14,22.458,0.54,1.078,0.623,0.0,0.0,0.303,0.0,0.0,0.0,1.341,0.0,0.154,18.419
703,11:43,PTR10,16,16,16,100.0,1265.28,23.95,0.576,1.051,0.732,0.0,0.0,0.328,0.0,0.0,0.0,0.0,0.0,0.175,21.088
704,11:44,PTR6,15,15,15,100.0,1181.52,22.422,0.526,1.066,0.669,0.0,0.0,0.306,0.0,0.0,0.0,0.0,0.0,0.163,19.692
704,11:44,PTR7,15,15,15,100.0,1162.68,22.422,0.526,1.05,0.66,0.283,0.063,0.301,0.0,0.0,0.0,0.0,0.0,0.161,19.378
704,11:44,PTR8,16,16,16,100.0,1267.32,23.906,0.564,1.056,0.663,0.0,0.0,0.325,0.0,0.0,0.0,0.0,0.0,0.176,21.122
704,11:44,PTR9,15,15,14,100.0,1105.32,22.413,0.529,1.078,0.59,0.0,0.0,0.304,0.0,0.0,0.0,1.336,0.0,0.154,18.422
704,11:44,PTR10,16,16,16,100.0,1263.66,23.902,0.566,1.056,0.72,0.0,0.0,0.325,0.0,0.0,0.0,0.0,0.0,0.174,21.061
705,11:45,PTR6,15,15,15,100.0,1704.24,32.8,1.38,1.527,0.827,0.0,0.0,0.437,0.0,0.0,0.0,0.0,0.0,0.225,28.404
705,11:45,PTR7,15,15,15,100.0,1676.4,32.8,1.38,1.504,0.823,0.412,0.091,0.428,0.0,0.0,0.0,0.0,0.0,0.222,27.94
705,11:45,PTR8,16,16,16,100.0,1827.3,34.969,1.472,1.515,0.817,0.0,0.0,0.467,0.0,0.0,0.0,0.0,0.0,0.243,30.455
705,11:45,PTR9,15,15,14,100.0,1592.82,32.785,1.38,1.547,0.732,0.0,0.0,0.438,0.0,0.0,0.0,1.931,0.0,0.21,26.547
705,11:45,PTR10,16,16,16,100.0,1824.84,34.962,1.472,1.514,0.854,0.0,0.0,0.468,0.0,0.0,0.0,0.0,0.0,0.24,30.414
706,11:46,PTR6,15,15,15,100.0,2209.2,43.253,2.639,1.967,0.958,0.0,0.0,0.569,0.0,0.0,0.0,0.0,0.0,0.3,36.82
706,11:46,PTR7,15,15,15,100.0,2172.84,43.253,2.639,1.939,0.962,0.529,0.118,0.557,0.0,0.0,0.0,0.0,0.0,0.295,36.214
706,11:46,PTR8,16,16,16,100.0,2362.92,46.112,2.812,1.954,0.992,0.0,0.0,0.604,0.0,0.049,0.0,0.0,0.0,0.319,39.382
706,11:46,PTR9,15,15,14,100.0,2060.94,43.232,2.636,2.0,0.883,0.0,0.0,0.569,0.0,0.0,0.0,2.515,0.0,0.28,34.349
706,11:46,PTR10,16,16,16,100.0,2363.22,46.102,2.81,1.954,1.029,0.0,0.0,0.603,0.0,0.0,0.0,0.0,0.0,0.319,39.387
707,11:47,PTR6,15,15,15,100.0,2690.52,53.632,4.229,2.394,1.115,0.0,0.0,0.691,0.0,0.0,0.0,0.0,0.0,0.361,44.842
707,11:47,PTR7,15,15,15,100.0,2647.32,53.632,4.229,2.362,1.1,0.645,0.145,0.675,0.0,0.0,0.0,0.0,0.0,0.354,44.122
707,11:47,PTR8,16,16,16,100.0,2846.58,57.178,4.507,2.377,1.128,0.0,0.0,0.733,0.0,0.61,0.0,0.0,0.0,0.38,47.443
707,11:47,PTR9,15,15,14,100.0,2511.48,53.608,4.226,2.428,1.018,0.0,0.0,0.688,0.0,0.0,0.0,3.054,0.0,0.336,41.858
707,11:47,PTR10,16,16,16,100.0,2878.08,57.168,4.506,2.379,1.195,0.0,0.0,0.736,0.0,0.0,0.0,0.0,0.0,0.384,47.968
708,11:48,PTR6,15,15,15,100.0,3094.56,64.01,6.209,2.803,1.25,0.0,0.0,0.807,0.945,0.0,0.0,0.0,0.0,0.42,51.576
708,11:48,PTR7,15,15,15,100.0,3052.38,64.01,6.209,2.763,1.191,0.758,0.171,0.793,0.838,0.0,0.0,0.0,0.0,0.414,50.873
708,11:48,PTR8,16,16,16,100.0,3237.12,68.241,6.619,2.781,1.274,0.0,0.0,0.863,1.273,1.04,0.0,0.0,0.0,0.439,53.952
708,11:48,PTR9,15,15,14,100.0,2886.6,63.98,6.206,2.845,1.14,0.0,0.0,0.809,1.011,0.0,0.0,3.467,0.0,0.392,48.11
708,11:48,PTR10,16,16,16,100.0,3298.2,68.228,6.618,2.782,1.41,0.0,0.0,0.863,1.137,0.0,0.0,0.0,0.0,0.448,54.97
709,11:49,PTR6,15,15,15,100.0,3094.56,63.875,6.104,2.806,1.278,0.0,0.0,0.806,0.885,0.0,0.0,0.0,0.0,0.42,51.576
709,11:49,PTR7,15,15,15,100.0,3052.02,63.875,6.104,2.764,1.205,0.756,0.171,0.794,0.8,0.0,0.0,0.0,0.0,0.414,50.867
709,11:49,PTR8,16,16,16,100.0,3237.12,68.097,6.507,2.782,1.185,0.0,0.0,0.867,1.325,1.04,0.0,0.0,0.0,0.439,53.952
709,11:49,PTR9,15,15,14,100.0,2886.6,63.845,6.101,2.846,1.113,0.0,0.0,0.809,1.007,0.0,0.0,3.467,0.0,0.392,48.11
709,11:49,PTR10,16,16,16,100.0,3298.2,68.084,6.506,2.783,1.338,0.0,0.0,0.86,1.179,0.0,0.0,0.0,0.0,0.448,54.97
710,11:50,PTR6,15,15,15,100.0,3094.56,63.861,6.104,2.797,1.216,0.0,0.0,0.809,0.939,0.0,0.0,0.0,0.0,0.42,51.576
710,11:50,PTR7,15,15,15,100.0,3050.88,63.861,6.104,2.756,1.26,0.757,0.17,0.789,0.763,0.0,0.0,0.0,0.0,0.414,50.848
710,11:50,PTR8,16,16,16,100.0,3237.12,68.085,6.507,2.777,1.274,0.0,0.0,0.864,1.232,1.04,0.0,0.0,0.0,0.439,53.952
710,11:50,PTR9,15,15,14,100.0,2886.6,63.834,6.101,2.839,1.135,0.0,0.0,0.806,0.984,0.0,0.0,3.467,0.0,0.392,48.11
710,11:50,PTR10,16,16,16,100.0,3298.2,68.074,6.506,2.78,1.408,0.0,0.0,0.862,1.1,0.0,0.0,0.0,0.0,0.448,54.97
711,11:51,PTR6,15,15,15,100.0,3094.56,64.265,6.134,2.824,1.268,0.0,0.0,0.81,1.233,0.0,0.0,0.0,0.0,0.42,51.576
711,11:51,PTR7,15,15,15,100.0,3054.78,64.265,6.134,2.783,1.216,0.763,0.172,0.799,1.071,0.0,0.0,0.0,0.0,0.414,50.913
711,11:51,PTR8,16,16,16,100.0,3237.12,68.514,6.54,2.803,1.288,0.0,0.0,0.869,1.583,1.04,0.0,0.0,0.0,0.439,53.952
711,11:51,PTR9,15,15,14,100.0,2886.6,64.235,6.131,2.862,1.12,0.0,0.0,0.811,1.342,0.0,0.0,3.467,0.0,0.392,48.11
711,11:51,PTR10,16,16,16,100.0,3298.2,68.5,6.538,2.803,1.414,0.0,0.0,0.866,1.461,0.0,0.0,0.0,0.0,0.448,54.97
712,11:52,PTR6,15,15,15,100.0,3094.56,64.16,6.119,2.823,1.298,0.0,0.0,0.808,1.116,0.0,0.0,0.0,0.0,0.42,51.576
712,11:52,PTR7,15,15,15,100.0,3052.62,64.16,6.119,2.783,1.262,0.756,0.173,0.797,0.979,0.0,0.0,0.0,0.0,0.414,50.877
712,11:52,PTR8,16,16,16,100.0,3237.12,68.402,6.524,2.802,1.287,0.0,0.0,0.869,1.489,1.04,0.0,0.0,0.0,0.439,53.952
712,11:52,PTR9,15,15,14,100.0,2886.6,64.13,6.116,2.862,1.2,0.0,0.0,0.807,1.176,0.0,0.0,3.467,0.0,0.392,48.11
712,11:52,PTR10,16,16,16,100.0,3298.2,68.388,6.522,2.803,1.34,0.0,0.0,0.865,1.44,0.0,0.0,0.0,0.0,0.448,54.97
713,11:53,PTR6,15,15,15,100.0,3094.56,64.295,6.149,2.823,1.262,0.0,0.0,0.811,1.254,0.0,0.0,0.0,0.0,0.42,51.576
713,11:53,PTR7,15,15,15,100.0,3053.46,64.295,6.149,2.781,1.228,0.759,0.173,0.796,1.104,0.0,0.0,0.0,0.0,0.414,50.891
713,11:53,PTR8,16,16,16,100.0,3237.12,68.545,6.555,2.802,1.265,0.0,0.0,0.869,1.623,1.04,0.0,0.0,0.0,0.439,53.952
713,11:53,PTR9,15,15,14,100.0,2886.6,64.265,6.146,2.861,1.08,0.0,0.0,0.814,1.395,0.0,0.0,3.467,0.0,0.392,48.11
713,11:53,PTR10,16,16,16,100.0,3298.2,68.532,6.554,2.801,1.354,0.0,0.0,0.866,1.539,0.0,0.0,0.0,0.0,0.448,54.97
714,11:54,PTR6,15,15,15,100.0,3094.56,64.295,6.104,2.82,1.277,0.0,0.0,0.813,1.285,0.0,0.0,0.0,0.0,0.42,51.576
714,11:54,PTR7,15,15,15,100.0,3054.96,64.295,6.104,2.777,1.292,0.763,0.175,0.797,1.057,0.0,0.0,0.0,0.0,0.414,50.916
714,11:54,PTR8,16,16,16,100.0,3237.12,68.545,6.507,2.796,1.386,0.0,0.0,0.867,1.558,1.04,0.0,0.0,0.0,0.439,53.952
714,11:54,PTR9,15,15,14,100.0,2886.6,64.265,6.101,2.86,1.178,0.0,0.0,0.81,1.347,0.0,0.0,3.467,0.0,0.392,48.11
714,11:54,PTR10,16,16,16,100.0,3298.2,68.532,6.506,2.796,1.441,0.0,0.0,0.868,1.503,0.0,0.0,0.0,0.0,0.448,54.97
715,11:55,PTR6,15,15,15,100.0,3094.56,64.46,6.074,2.831,1.287,0.0,0.0,0.817,1.455,0.0,0.0,0.0,0.0,0.42,51.576
715,11:55,PTR7,15,15,15,100.0,3054.6,64.46,6.074,2.791,1.344,0.76,0.176,0.801,1.19,0.0,0.0,0.0,0.0,0.414,50.91
715,11:55,PTR8,16,16,16,100.0,3237.12,68.721,6.475,2.807,1.258,0.0,0.0,0.873,1.877,1.04,0.0,0.0,0.0,0.439,53.952
715,11:55,PTR9,15,15,14,100.0,2886.6,64.43,6.071,2.873,1.231,0.0,0.0,0.814,1.472,0.0,0.0,3.467,0.0,0.392,48.11
715,11:55,PTR10,16,16,16,100.0,3298.2,68.708,6.474,2.809,1.409,0.0,0.0,0.868,1.73,0.0,0.0,0.0,0.0,0.448,54.97
716,11:56,PTR6,15,15,15,100.0,3094.56,64.295,6.044,2.822,1.229,0.0,0.0,0.814,1.39,0.0,0.0,0.0,0.0,0.42,51.576
716,11:56,PTR7,15,15,15,100.0,3054.48,64.295,6.044,2.777,1.24,0.762,0.176,0.8,1.174,0.0,0.0,0.0,0.0,0.414,50.908
716,11:56,PTR8,16,16,16,100.0,3237.12,68.545,6.442,2.798,1.279,0.0,0.0,0.869,1.726,1.04,0.0,0.0,0.0,0.439,53.952
716,11:56,PTR9,15,15,14,100.0,2886.6,64.265,6.041,2.86,1.142,0.0,0.0,0.816,1.437,0.0,0.0,3.467,0.0,0.392,48.11
716,11:56,PTR10,16,16,16,100.0,3298.2,68.532,6.442,2.798,1.367,0.0,0.0,0.872,1.635,0.0,0.0,0.0,0.0,0.448,54.97
717,11:57,PTR6,15,15,15,100.0,3094.56,64.235,6.104,2.814,1.182,0.0,0.0,0.812,1.327,0.0,0.0,0.0,0.0,0.42,51.576
717,11:57,PTR7,15,15,15,100.0,3053.82,64.235,6.104,2.775,1.315,0.759,0.176,0.797,0.998,0.0,0.0,0.0,0.0,0.414,50.897
717,11:57,PTR8,16,16,16,100.0,3237.12,68.481,6.506,2.793,1.273,0.0,0.0,0.868,1.61,1.04,0.0,0.0,0.0,0.439,53.952
717,11:57,PTR9,15,15,14,100.0,2886.6,64.205,6.101,2.854,1.166,0.0,0.0,0.812,1.303,0.0,0.0,3.467,0.0,0.392,48.11
717,11:57,PTR10,16,16,16,100.0,3298.2,68.468,6.506,2.793,1.409,0.0,0.0,0.866,1.476,0.0,0.0,0.0,0.0,0.448,54.97
718,11:58,PTR6,15,15,15,100.0,3094.56,64.385,6.179,2.822,1.314,0.0,0.0,0.813,1.261,0.0,0.0,0.0,0.0,0.42,51.576
718,11:58,PTR7,15,15,15,100.0,3053.82,64.385,6.179,2.777,1.233,0.756,0.177,0.798,1.154,0.0,0.0,0.0,0.0,0.414,50.897
718,11:58,PTR8,16,16,16,100.0,3237.12,68.642,6.588,2.796,1.272,0.0,0.0,0.872,1.683,1.04,0.0,0.0,0.0,0.439,53.952
718,11:58,PTR9,15,15,14,100.0,2886.6,64.355,6.176,2.86,1.11,0.0,0.0,0.814,1.426,0.0,0.0,3.467,0.0,0.392,48.11
718,11:58,PTR10,16,16,16,100.0,3298.2,68.628,6.586,2.798,1.402,0.0,0.0,0.866,1.558,0.0,0.0,0.0,0.0,0.448,54.97
719,11:59,PTR6,15,15,15,100.0,3094.56,64.145,6.029,2.813,1.197,0.0,0.0,0.814,1.296,0.0,0.0,0.0,0.0,0.42,51.576
719,11:59,PTR7,15,15,15,100.0,3052.14,64.145,6.029,2.774,1.255,0.754,0.176,0.796,1.078,0.0,0.0,0.0,0.0,0.414,50.869
719,11:59,PTR8,16,16,16,100.0,3237.12,68.385,6.426,2.793,1.291,0.0,0.0,0.868,1.576,1.04,0.0,0.0,0.0,0.439,53.952
719,11:59,PTR9,15,15,14,100.0,2886.6,64.115,6.026,2.854,1.144,0.0,0.0,0.812,1.31,0.0,0.0,3.467,0.0,0.392,48.11
719,11:59,PTR10,16,16,16,100.0,3298.2,68.372,6.426,2.793,1.386,0.0,0.0,0.867,1.482,0.0,0.0,0.0,0.0,0.448,54.97
720,12:00,PTR6,15,15,15,87.0,2692.38,64.19,5.954,2.825,1.221,0.0,0.0,0.813,1.381,0.0,6.763,0.0,0.0,0.36,44.873
720,12:00,PTR7,15,15,15,87.0,2682.42,64.19,5.954,2.783,1.283,0.762,0.178,0.797,1.108,0.0,6.259,0.0,0.0,0.359,44.707
720,12:00,PTR8,16,16,16,100.0,3237.12,68.434,6.348,2.804,1.286,0.0,0.0,0.87,1.695,1.04,0.0,0.0,0.0,0.439,53.952
720,12:00,PTR9,15,15,14,100.0,2886.6,64.16,5.951,2.865,1.079,0.0,0.0,0.812,1.484,0.0,0.0,3.467,0.0,0.392,48.11
720,12:00,PTR10,16,16,16,100.0,3298.2,68.42,6.346,2.805,1.399,0.0,0.0,0.866,1.586,0.0,0.0,0.0,0.0,0.448,54.97
721,12:01,PTR6,15,15,15,87.0,2692.38,64.145,5.999,2.816,1.269,0.0,0.0,0.812,1.253,0.0,6.763,0.0,0.0,0.36,44.873
721,12:01,PTR7,15,15,15,87.0,2682.18,64.145,5.999,2.777,1.273,0.76,0.177,0.799,1.052,0.0,6.246,0.0,0.0,0.359,44.703
721,12:01,PTR8,16,16,16,100.0,3237.12,68.386,6.396,2.794,1.304,0.0,0.0,0.865,1.596,1.04,0.0,0.0,0.0,0.439,53.952
721,12:01,PTR9,15,15,14,100.0,2886.6,64.115,5.996,2.86,1.165,0.0,0.0,0.816,1.309,0.0,0.0,3.467,0.0,0.392,48.11
721,12:01,PTR10,16,16,16,100.0,3298.2,68.372,6.394,2.793,1.381,0.0,0.0,0.867,1.519,0.0,0.0,0.0,0.0,0.448,54.97
722,12:02,PTR6,15,15,15,87.0,2692.38,63.905,5.999,2.811,1.249,0.0,0.0,0.808,1.042,0.0,6.763,0.0,0.0,0.36,44.873
722,12:02,PTR7,15,15,15,87.0,2681.34,63.905,5.999,2.77,1.327,0.757,0.177,0.791,0.807,0.0,6.229,0.0,0.0,0.359,44.689
722,12:02,PTR8,16,16,16,100.0,3237.12,68.129,6.395,2.79,1.338,0.0,0.0,0.864,1.311,1.04,0.0,0.0,0.0,0.439,53.952
722,12:02,PTR9,15,15,14,100.0,2886.6,63.875,5.996,2.852,1.192,0.0,0.0,0.809,1.057,0.0,0.0,3.467,0.0,0.392,48.11
722,12:02,PTR10,16,16,16,100.0,3298.2,68.116,6.394,2.79,1.43,0.0,0.0,0.86,1.224,0.0,0.0,0.0,0.0,0.448,54.97
723,12:03,PTR6,15,15,15,87.0,2692.38,64.13,6.044,2.817,1.276,0.0,0.0,0.81,1.187,0.0,6.763,0.0,0.0,0.36,44.873
723,12:03,PTR7,15,15,15,87.0,2681.76,64.13,6.044,2.777,1.289,0.758,0.178,0.798,0.993,0.0,6.238,0.0,0.0,0.359,44.696
723,12:03,PTR8,16,16,16,100.0,3237.12,68.369,6.443,2.794,1.243,0.0,0.0,0.87,1.588,1.04,0.0,0.0,0.0,0.439,53.952
723,12:03,PTR9,15,15,14,100.0,2886.6,64.1,6.041,2.859,1.093,0.0,0.0,0.813,1.325,0.0,0.0,3.467,0.0,0.392,48.11
723,12:03,PTR10,16,16,16,100.0,3298.2,68.356,6.442,2.793,1.367,0.0,0.0,0.861,1.475,0.0,0.0,0.0,0.0,0.448,54.97
724,12:04,PTR6,15,15,15,87.0,2692.38,64.025,6.029,2.811,1.251,0.0,0.0,0.808,1.13,0.0,6.763,0.0,0.0,0.36,44.873
724,12:04,PTR7,15,15,15,87.0,2682.12,64.025,6.029,2.769,1.239,0.76,0.179,0.794,0.949,0.0,6.245,0.0,0.0,0.359,44.702
724,12:04,PTR8,16,16,16,100.0,3237.12,68.258,6.428,2.789,1.26,0.0,0.0,0.865,1.485,1.04,0.0,0.0,0.0,0.439,53.952
724,12:04,PTR9,15,15,14,100.0,2886.6,63.995,6.026,2.851,1.166,0.0,0.0,0.81,1.173,0.0,0.0,3.467,0.0,0.392,48.11
724,12:04,PTR10,16,16,16,100.0,3298.08,68.244,6.426,2.79,1.433,0.0,0.0,0.864,1.315,0.0,0.0,0.0,0.0,0.448,54.968
725,12:05,PTR6,15,15,15,87.0,2692.38,64.01,6.134,2.808,1.336,0.0,0.0,0.807,0.929,0.0,6.763,0.0,0.0,0.36,44.873
725,12:05,PTR7,15,15,15,87.0,2681.82,64.01,6.134,2.766,1.3,0.758,0.177,0.795,0.819,0.0,6.205,0.0,0.0,0.359,44.697
725,12:05,PTR8,16,16,16,100.0,3237.12,68.242,6.54,2.787,1.229,0.0,0.0,0.864,1.391,1.04,0.0,0.0,0.0,0.439,53.952
725,12:05,PTR9,15,15,15,100.0,3092.94,63.98,6.131,2.846,1.109,0.0,0.0,0.806,1.119,0.0,0.0,0.0,0.0,0.42,51.549
725,12:05,PTR10,16,16,16,100.0,3298.2,68.228,6.538,2.787,1.402,0.0,0.0,0.861,1.222,0.0,0.0,0.0,0.0,0.448,54.97
726,12:06,PTR6,15,15,15,87.0,2692.38,63.695,6.134,2.789,1.3,0.0,0.0,0.805,0.671,0.0,6.763,0.0,0.0,0.36,44.873
726,12:06,PTR7,15,15,15,87.0,2679.42,63.695,6.134,2.749,1.31,0.748,0.178,0.789,0.576,0.0,6.196,0.0,0.0,0.358,44.657
726,12:06,PTR8,16,16,16,100.0,3237.12,67.906,6.539,2.766,1.333,0.0,0.0,0.859,0.978,1.04,0.0,0.0,0.0,0.439,53.952
726,12:06,PTR9,15,15,15,100.0,3092.94,63.665,6.131,2.829,1.158,0.0,0.0,0.801,0.777,0.0,0.0,0.0,0.0,0.42,51.549
726,12:06,PTR10,16,16,16,100.0,3298.02,67.892,6.538,2.767,1.443,0.0,0.0,0.858,0.871,0.0,0.0,0.0,0.0,0.448,54.967
727,12:07,PTR6,15,15,15,87.0,2692.38,64.07,6.209,2.811,1.252,0.0,0.0,0.807,0.995,0.0,6.763,0.0,0.0,0.36,44.873
727,12:07,PTR7,15,15,15,87.0,2680.68,64.07,6.209,2.771,1.343,0.753,0.179,0.793,0.765,0.0,6.22,0.0,0.0,0.359,44.678
727,12:07,PTR8,16,16,16,100.0,3237.12,68.305,6.619,2.793,1.283,0.0,0.0,0.864,1.315,1.04,0.0,0.0,0.0,0.439,53.952
727,12:07,PTR9,15,15,15,100.0,3092.94,64.04,6.206,2.852,1.118,0.0,0.0,0.807,1.088,0.0,0.0,0.0,0.0,0.42,51.549
727,12:07,PTR10,16,16,16,100.0,3298.2,68.292,6.618,2.792,1.448,0.0,0.0,0.861,1.155,0.0,0.0,0.0,0.0,0.448,54.97
728,12:08,PTR6,15,15,15,87.0,2692.38,63.801,6.18,2.796,1.2,0.0,0.0,0.805,0.824,0.0,6.763,0.0,0.0,0.36,44.873
728,12:08,PTR7,15,15,15,87.0,2680.02,63.801,6.18,2.755,1.229,0.75,0.178,0.789,0.698,0.0,6.197,0.0,0.0,0.358,44.667
728,12:08,PTR8,16,16,16,100.0,3237.12,68.021,6.591,2.774,1.349,0.0,0.0,0.859,1.017,1.04,0.0,0.0,0.0,0.439,53.952
728,12:08,PTR9,15,15,15,100.0,3092.94,63.774,6.18,2.835,1.115,0.0,0.0,0.806,0.869,0.0,0.0,0.0,0.0,0.42,51.549
728,12:08,PTR10,16,16,16,100.0,3297.84,68.01,6.592,2.774,1.411,0.0,0.0,0.856,0.965,0.0,0.0,0.0,0.0,0.448,54.964
729,12:09,PTR6,15,15,15,87.0,2692.38,63.576,6.135,2.792,1.247,0.0,0.0,0.801,0.605,0.0,6.763,0.0,0.0,0.36,44.873
729,12:09,PTR7,15,15,15,87.0,2679.42,63.576,6.135,2.749,1.207,0.748,0.178,0.788,0.568,0.0,6.188,0.0,0.0,0.358,44.657
729,12:09,PTR8,16,16,16,100.0,3237.12,67.781,6.543,2.768,1.296,0.0,0.0,0.858,0.885,1.04,0.0,0.0,0.0,0.439,53.952
729,12:09,PTR9,15,15,15,100.0,3092.94,63.549,6.135,2.831,1.13,0.0,0.0,0.803,0.681,0.0,0.0,0.0,0.0,0.42,51.549
729,12:09,PTR10,16,16,16,100.0,3297.84,67.77,6.544,2.768,1.342,0.0,0.0,0.856,0.848,0.0,0.0,0.0,0.0,0.448,54.964
730,12:10,PTR6,15,15,15,87.0,2692.38,63.695,6.149,2.795,1.302,0.0,0.0,0.803,0.65,0.0,6.763,0.0,0.0,0.36,44.873
730,12:10,PTR7,15,15,15,87.0,2680.38,63.695,6.149,2.752,1.245,0.752,0.179,0.788,0.61,0.0,6.188,0.0,0.0,0.359,44.673
730,12:10,PTR8,16,16,16,100.0,3237.12,67.906,6.556,2.774,1.205,0.0,0.0,0.861,1.079,1.04,0.0,0.0,0.0,0.439,53.952
730,12:10,PTR9,15,15,15,100.0,3092.94,63.665,6.146,2.835,1.184,0.0,0.0,0.805,0.726,0.0,0.0,0.0,0.0,0.42,51.549
730,12:10,PTR10,16,16,16,100.0,3297.66,67.892,6.554,2.772,1.477,0.0,0.0,0.854,0.826,0.0,0.0,0.0,0.0,0.448,54.961
731,12:11,PTR6,15,15,15,87.0,2692.38,63.89,6.164,2.806,1.202,0.0,0.0,0.807,0.915,0.0,6.763,0.0,0.0,0.36,44.873
731,12:11,PTR7,15,15,15,87.0,2681.22,63.89,6.164,2.764,1.211,0.756,0.182,0.792,0.749,0.0,6.226,0.0,0.0,0.359,44.687
731,12:11,PTR8,16,16,16,100.0,3237.12,68.114,6.572,2.787,1.302,0.0,0.0,0.863,1.159,1.04,0.0,0.0,0.0,0.439,53.952
731,12:11,PTR9,15,15,15,100.0,3092.94,63.86,6.161,2.846,1.089,0.0,0.0,0.808,0.987,0.0,0.0,0.0,0.0,0.42,51.549
731,12:11,PTR10,16,16,16,100.0,3298.2,68.1,6.57,2.786,1.434,0.0,0.0,0.86,1.032,0.0,0.0,0.0,0.0,0.448,54.97
732,12:12,PTR6,15,15,15,87.0,2692.38,63.59,6.089,2.798,1.241,0.0,0.0,0.801,0.665,0.0,6.763,0.0,0.0,0.36,44.873
732,12:12,PTR7,15,15,15,87.0,2680.26,63.59,6.089,2.756,1.247,0.751,0.18,0.786,0.567,0.0,6.184,0.0,0.0,0.359,44.671
732,12:12,PTR8,16,16,16,100.0,3237.12,67.794,6.492,2.775,1.312,0.0,0.0,0.858,0.926,1.04,0.0,0.0,0.0,0.439,53.952
732,12:12,PTR9,15,15,15,100.0,3092.94,63.56,6.086,2.835,1.169,0.0,0.0,0.804,0.697,0.0,0.0,0.0,0.0,0.42,51.549
732,12:12,PTR10,16,16,16,100.0,3297.36,67.78,6.49,2.775,1.397,0.0,0.0,0.856,0.858,0.0,0.0,0.0,0.0,0.448,54.956
733,12:13,PTR6,15,15,15,87.0,2692.38,63.515,6.058,2.784,1.32,0.0,0.0,0.801,0.556,0.0,6.763,0.0,0.0,0.36,44.873
733,12:13,PTR7,15,15,15,87.0,2680.32,63.515,6.058,2.742,1.261,0.751,0.181,0.786,0.506,0.0,6.199,0.0,0.0,0.359,44.672
733,12:13,PTR8,16,16,16,100.0,3237.12,67.713,6.455,2.764,1.239,0.0,0.0,0.858,0.966,1.04,0.0,0.0,0.0,0.439,53.952
733,12:13,PTR9,15,15,15,100.0,3092.94,63.485,6.052,2.826,1.132,0.0,0.0,0.802,0.704,0.0,0.0,0.0,0.0,0.42,51.549
733,12:13,PTR10,16,16,16,100.0,3296.76,67.7,6.452,2.765,1.478,0.0,0.0,0.855,0.756,0.0,0.0,0.0,0.0,0.448,54.946
734,12:14,PTR6,15,15,15,87.0,2692.38,63.17,6.014,2.78,1.27,0.0,0.0,0.796,0.316,0.0,6.761,0.0,0.0,0.36,44.873
734,12:14,PTR7,15,15,15,87.0,2678.22,63.17,6.014,2.737,1.229,0.742,0.179,0.783,0.35,0.0,6.141,0.0,0.0,0.358,44.637
734,12:14,PTR8,16,16,16,100.0,3236.94,67.345,6.411,2.757,1.232,0.0,0.0,0.853,0.664,1.04,0.0,0.0,0.0,0.439,53.949
734,12:14,PTR9,15,15,15,100.0,3092.46,63.14,6.011,2.818,1.166,0.0,0.0,0.796,0.388,0.0,0.0,0.0,0.0,0.42,51.541
734,12:14,PTR10,16,16,16,100.0,3294.12,67.332,6.41,2.755,1.388,0.0,0.0,0.85,0.58,0.0,0.0,0.0,0.0,0.447,54.902
735,12:15,PTR6,15,15,15,87.0,2692.38,63.11,6.059,2.765,1.191,0.0,0.0,0.794,0.345,0.0,6.723,0.0,0.0,0.36,44.873
735,12:15,PTR7,15,15,15,87.0,2679.42,63.11,6.059,2.727,1.225,0.747,0.182,0.784,0.245,0.0,6.126,0.0,0.0,0.358,44.657
735,12:15,PTR8,16,16,16,100.0,3235.8,67.281,6.458,2.746,1.262,0.0,0.0,0.852,0.554,1.04,0.0,0.0,0.0,0.439,53.93
735,12:15,PTR9,15,15,15,100.0,3090.18,63.08,6.056,2.806,1.124,0.0,0.0,0.798,0.373,0.0,0.0,0.0,0.0,0.42,51.503
735,12:15,PTR10,16,16,16,100.0,3294.9,67.268,6.458,2.745,1.38,0.0,0.0,0.851,0.472,0.0,0.0,0.0,0.0,0.447,54.915
736,12:16,PTR6,15,15,15,87.0,2692.38,63.11,6.119,2.768,1.331,0.0,0.0,0.797,0.191,0.0,6.671,0.0,0.0,0.36,44.873
736,12:16,PTR7,15,15,15,87.0,2679.36,63.11,6.119,2.728,1.209,0.747,0.181,0.784,0.249,0.0,6.079,0.0,0.0,0.358,44.656
736,12:16,PTR8,16,16,16,100.0,3235.44,67.281,6.523,2.747,1.247,0.0,0.0,0.854,0.507,1.04,0.0,0.0,0.0,0.439,53.924
736,12:16,PTR9,15,15,15,100.0,3092.76,63.08,6.116,2.809,1.062,0.0,0.0,0.797,0.33,0.0,0.0,0.0,0.0,0.42,51.546
736,12:16,PTR10,16,16,16,100.0,3293.46,67.268,6.522,2.748,1.344,0.0,0.0,0.851,0.466,0.0,0.0,0.0,0.0,0.446,54.891
737,12:17,PTR6,15,15,15,87.0,2692.38,62.886,6.045,2.764,1.292,0.0,0.0,0.792,0.127,0.0,6.633,0.0,0.0,0.36,44.873
737,12:17,PTR7,15,15,15,87.0,2678.34,62.886,6.045,2.721,1.272,0.743,0.181,0.78,0.119,0.0,6.028,0.0,0.0,0.358,44.639
737,12:17,PTR8,16,16,16,100.0,3232.92,67.045,6.447,2.741,1.333,0.0,0.0,0.848,0.316,1.04,0.0,0.0,0.0,0.438,53.882
737,12:17,PTR9,15,15,15,100.0,3087.42,62.859,6.045,2.799,1.161,0.0,0.0,0.792,0.185,0.0,0.0,0.0,0.0,0.42,51.457
737,12:17,PTR10,16,16,16,100.0,3290.82,67.034,6.448,2.74,1.418,0.0,0.0,0.847,0.289,0.0,0.0,0.0,0.0,0.445,54.847
738,12:18,PTR6,15,15,15,87.0,2692.38,62.615,5.984,2.75,1.235,0.0,0.0,0.791,0.063,0.0,6.559,0.0,0.0,0.36,44.873
738,12:18,PTR7,15,15,15,87.0,2677.62,62.615,5.984,2.711,1.299,0.739,0.182,0.777,0.043,0.0,5.895,0.0,0.0,0.358,44.627
738,12:18,PTR8,16,16,16,100.0,3232.14,66.754,6.38,2.729,1.249,0.0,0.0,0.846,0.207,1.036,0.0,0.0,0.0,0.438,53.869
738,12:18,PTR9,15,15,15,100.0,3083.88,62.585,5.981,2.789,1.104,0.0,0.0,0.791,0.103,0.0,0.0,0.0,0.0,0.419,51.398
738,12:18,PTR10,16,16,16,100.0,3287.58,66.74,6.378,2.728,1.319,0.0,0.0,0.844,0.233,0.0,0.0,0.0,0.0,0.445,54.793
739,12:19,PTR6,15,15,15,87.0,2692.38,62.345,5.984,2.737,1.236,0.0,0.0,0.784,0.016,0.0,6.355,0.0,0.0,0.36,44.873
739,12:19,PTR7,15,15,15,87.0,2676.24,62.345,5.984,2.696,1.233,0.734,0.181,0.772,0.044,0.0,5.739,0.0,0.0,0.358,44.604
739,12:19,PTR8,16,16,16,100.0,3218.1,66.466,6.38,2.715,1.342,0.0,0.0,0.843,0.099,1.019,0.0,0.0,0.0,0.433,53.635
739,12:19,PTR9,15,15,15,100.0,3077.76,62.315,5.981,2.773,1.034,0.0,0.0,0.787,0.028,0.0,0.0,0.0,0.0,0.416,51.296
739,12:19,PTR10,16,16,16,100.0,3277.26,66.452,6.378,2.715,1.417,0.0,0.0,0.84,0.039,0.0,0.0,0.0,0.0,0.442,54.621
740,12:20,PTR6,15,15,15,87.0,2692.38,62.256,6.014,2.726,1.176,0.0,0.0,0.784,0.027,0.0,6.296,0.0,0.0,0.36,44.873
740,12:20,PTR7,15,15,15,87.0,2676.9,62.256,6.014,2.686,1.253,0.737,0.181,0.77,0.011,0.0,5.631,0.0,0.0,0.358,44.615
740,12:20,PTR8,16,16,16,100.0,3215.58,66.373,6.411,2.708,1.308,0.0,0.0,0.838,0.067,1.016,0.0,0.0,0.0,0.432,53.593
740,12:20,PTR9,15,15,15,100.0,3067.44,62.229,6.011,2.767,1.122,0.0,0.0,0.785,0.008,0.0,0.0,0.0,0.0,0.412,51.124
740,12:20,PTR10,16,16,16,100.0,3274.14,66.362,6.41,2.707,1.396,0.0,0.0,0.837,0.001,0.0,0.0,0.0,0.0,0.442,54.569
741,12:21,PTR6,15,15,15,87.0,2692.38,61.896,6.0,2.712,1.14,0.0,0.0,0.78,0.0,0.0,6.031,0.0,0.0,0.36,44.873
741,12:21,PTR7,15,15,15,87.0,2675.1,61.896,6.0,2.673,1.213,0.728,0.18,0.769,0.0,0.0,5.39,0.0,0.0,0.358,44.585
741,12:21,PTR8,16,16,16,100.0,3198.96,65.989,6.398,2.691,1.313,0.0,0.0,0.834,0.022,0.987,0.0,0.0,0.0,0.428,53.316
741,12:21,PTR9,15,15,15,100.0,3052.08,61.869,6.0,2.751,1.062,0.0,0.0,0.781,0.0,0.0,0.0,0.0,0.0,0.407,50.868
741,12:21,PTR10,16,16,16,100.0,3253.26,65.978,6.4,2.689,1.4,0.0,0.0,0.831,0.0,0.0,0.0,0.0,0.0,0.437,54.221
742,12:22,PTR6,15,15,15,87.0,2692.38,61.791,5.909,2.708,1.226,0.0,0.0,0.78,0.0,0.0,5.935,0.0,0.0,0.36,44.873
742,12:22,PTR7,15,15,15,87.0,2675.52,61.791,5.909,2.668,1.234,0.73,0.181,0.767,0.0,0.0,5.352,0.0,0.0,0.358,44.592
742,12:22,PTR8,16,16,16,100.0,3202.98,65.877,6.299,2.687,1.245,0.0,0.0,0.833,0.018,0.983,0.0,0.0,0.0,0.429,53.383
742,12:22,PTR9,15,15,15,100.0,3047.1,61.764,5.906,2.747,1.14,0.0,0.0,0.779,0.0,0.0,0.0,0.0,0.0,0.407,50.785
742,12:22,PTR10,16,16,16,100.0,3250.38,65.866,6.298,2.687,1.438,0.0,0.0,0.835,0.0,0.0,0.0,0.0,0.0,0.435,54.173
743,12:23,PTR6,15,15,15,87.0,2692.38,61.985,5.908,2.719,1.199,0.0,0.0,0.779,0.0,0.0,6.147,0.0,0.0,0.36,44.873
743,12:23,PTR7,15,15,15,87.0,2676.18,61.985,5.908,2.678,1.187,0.734,0.181,0.77,0.0,0.0,5.566,0.0,0.0,0.358,44.603
743,12:23,PTR8,16,16,16,100.0,3212.64,66.082,6.296,2.699,1.267,0.0,0.0,0.84,0.001,1.004,0.0,0.0,0.0,0.431,53.544
743,12:23,PTR9,15,15,15,100.0,3059.34,61.955,5.902,2.759,1.109,0.0,0.0,0.784,0.002,0.0,0.0,0.0,0.0,0.41,50.989
743,12:23,PTR10,16,16,16,100.0,3267.6,66.068,6.292,2.7,1.34,0.0,0.0,0.837,0.0,0.0,0.0,0.0,0.0,0.439,54.46
744,12:24,PTR6,15,15,15,87.0,2692.38,61.656,5.82,2.71,1.199,0.0,0.0,0.779,0.0,0.0,5.915,0.0,0.0,0.36,44.873
744,12:24,PTR7,15,15,15,87.0,2674.74,61.656,5.82,2.671,1.225,0.726,0.18,0.766,0.001,0.0,5.33,0.0,0.0,0.358,44.579
744,12:24,PTR8,16,16,16,100.0,3200.22,65.734,6.207,2.688,1.243,0.0,0.0,0.834,0.01,0.986,0.0,0.0,0.0,0.429,53.337
744,12:24,PTR9,15,15,15,100.0,3046.74,61.629,5.82,2.745,1.099,0.0,0.0,0.78,0.0,0.0,0.0,0.0,0.0,0.406,50.779
744,12:24,PTR10,16,16,16,100.0,3251.94,65.722,6.208,2.689,1.358,0.0,0.0,0.834,0.0,0.0,0.0,0.0,0.0,0.434,54.199
745,12:25,PTR6,15,15,15,87.0,2692.38,61.536,5.774,2.701,1.238,0.0,0.0,0.779,0.0,0.0,5.811,0.0,0.0,0.36,44.873
745,12:25,PTR7,15,15,15,87.0,2675.64,61.536,5.774,2.661,1.257,0.73,0.18,0.767,0.0,0.0,5.215,0.0,0.0,0.358,44.594
745,12:25,PTR8,16,16,16,100.0,3200.58,65.605,6.155,2.682,1.178,0.0,0.0,0.833,0.0,0.985,0.0,0.0,0.0,0.429,53.343
745,12:25,PTR9,15,15,15,100.0,3044.4,61.509,5.771,2.744,1.073,0.0,0.0,0.775,0.0,0.0,0.0,0.0,0.0,0.406,50.74
745,12:25,PTR10,16,16,16,100.0,3247.98,65.594,6.154,2.684,1.358,0.0,0.0,0.829,0.0,0.0,0.0,0.0,0.0,0.436,54.133
746,12:26,PTR6,15,15,15,87.0,2692.38,61.491,5.745,2.706,1.199,0.0,0.0,0.778,0.0,0.0,5.83,0.0,0.0,0.36,44.873
746,12:26,PTR7,15,15,15,87.0,2675.22,61.491,5.745,2.666,1.224,0.729,0.182,0.766,0.0,0.0,5.234,0.0,0.0,0.358,44.587
746,12:26,PTR8,16,16,16,100.0,3198.36,65.557,6.126,2.683,1.196,0.0,0.0,0.831,0.0,0.987,0.0,0.0,0.0,0.428,53.306
746,12:26,PTR9,15,15,15,100.0,3042.6,61.464,5.745,2.743,1.081,0.0,0.0,0.78,0.0,0.0,0.0,0.0,0.0,0.405,50.71
746,12:26,PTR10,16,16,16,100.0,3245.1,65.546,6.128,2.68,1.387,0.0,0.0,0.831,0.0,0.0,0.0,0.0,0.0,0.435,54.085
747,12:27,PTR6,15,15,15,87.0,2692.38,61.475,5.744,2.708,1.203,0.0,0.0,0.778,0.0,0.0,5.809,0.0,0.0,0.36,44.873
747,12:27,PTR7,15,15,15,87.0,2675.88,61.475,5.744,2.667,1.207,0.732,0.183,0.764,0.0,0.0,5.222,0.0,0.0,0.358,44.598
747,12:27,PTR8,16,16,16,100.0,3195.9,65.538,6.123,2.686,1.216,0.0,0.0,0.832,0.004,0.984,0.0,0.0,0.0,0.428,53.265
747,12:27,PTR9,15,15,15,100.0,3043.68,61.445,5.741,2.743,1.047,0.0,0.0,0.78,0.0,0.0,0.0,0.0,0.0,0.406,50.728
747,12:27,PTR10,16,16,16,100.0,3250.2,65.524,6.122,2.685,1.283,0.0,0.0,0.831,0.0,0.0,0.0,0.0,0.0,0.433,54.17
748,12:28,PTR6,15,15,15,87.0,2692.38,61.506,5.879,2.697,1.183,0.0,0.0,0.775,0.0,0.0,5.739,0.0,0.0,0.36,44.873
748,12:28,PTR7,15,15,15,87.0,2675.04,61.506,5.879,2.658,1.148,0.728,0.182,0.767,0.0,0.0,5.202,0.0,0.0,0.358,44.584
748,12:28,PTR8,16,16,16,100.0,3187.56,65.573,6.267,2.677,1.271,0.0,0.0,0.831,0.001,0.975,0.0,0.0,0.0,0.425,53.126
748,12:28,PTR9,15,15,15,100.0,3035.1,61.479,5.876,2.736,1.099,0.0,0.0,0.778,0.0,0.0,0.0,0.0,0.0,0.405,50.585
748,12:28,PTR10,16,16,16,100.0,3243.78,65.562,6.266,2.679,1.291,0.0,0.0,0.83,0.0,0.0,0.0,0.0,0.0,0.433,54.063
749,12:29,PTR6,15,15,15,87.0,2692.38,61.76,5.848,2.709,1.292,0.0,0.0,0.778,0.0,0.0,5.9,0.0,0.0,0.36,44.873
749,12:29,PTR7,15,15,15,87.0,2676.3,61.76,5.848,2.669,1.193,0.733,0.183,0.769,0.0,0.0,5.402,0.0,0.0,0.358,44.605
749,12:29,PTR8,16,16,16,100.0,3203.16,65.842,6.232,2.691,1.244,0.0,0.0,0.835,0.042,0.985,0.0,0.0,0.0,0.427,53.386
749,12:29,PTR9,15,15,15,100.0,3056.4,61.73,5.842,2.747,1.009,0.0,0.0,0.783,0.0,0.0,0.0,0.0,0.0,0.409,50.94
749,12:29,PTR10,16,16,16,100.0,3255.24,65.828,6.228,2.691,1.388,0.0,0.0,0.831,0.0,0.0,0.0,0.0,0.0,0.436,54.254
750,12:30,PTR6,15,15,15,87.0,2692.38,61.49,5.789,2.708,1.281,0.0,0.0,0.775,0.0,0.0,5.704,0.0,0.0,0.36,44.873
750,12:30,PTR7,15,15,15,87.0,2675.04,61.49,5.789,2.666,1.233,0.728,0.183,0.765,0.0,0.0,5.184,0.0,0.0,0.358,44.584
750,12:30,PTR8,16,16,16,100.0,3195.42,65.554,6.172,2.684,1.189,0.0,0.0,0.834,0.0,0.99,0.0,0.0,0.0,0.428,53.257
750,12:30,PTR9,15,15,15,100.0,3041.52,61.46,5.786,2.743,1.058,0.0,0.0,0.775,0.0,0.0,0.0,0.0,0.0,0.406,50.692
750,12:30,PTR10,16,16,16,100.0,3247.14,65.54,6.17,2.684,1.302,0.0,0.0,0.831,0.0,0.0,0.0,0.0,0.0,0.434,54.119
751,12:31,PTR6,15,15,15,87.0,2692.38,61.31,5.774,2.697,1.205,0.0,0.0,0.773,0.0,0.0,5.628,0.0,0.0,0.36,44.873
751,12:31,PTR7,15,15,15,87.0,2673.9,61.31,5.774,2.659,1.318,0.723,0.183,0.761,0.0,0.0,4.969,0.0,0.0,0.358,44.565
751,12:31,PTR8,16,16,16,100.0,3183.9,65.362,6.155,2.677,1.217,0.0,0.0,0.832,0.0,0.99,0.0,0.0,0.0,0.426,53.065
751,12:31,PTR9,15,15,15,100.0,3031.26,61.28,5.771,2.735,1.072,0.0,0.0,0.776,0.0,0.0,0.0,0.0,0.0,0.405,50.521
751,12:31,PTR10,16,16,16,100.0,3236.22,65.348,6.154,2.675,1.321,0.0,0.0,0.828,0.0,0.0,0.0,0.0,0.0,0.433,53.937
752,12:32,PTR6,15,15,15,87.0,2692.38,61.25,5.789,2.693,1.201,0.0,0.0,0.774,0.0,0.0,5.56,0.0,0.0,0.36,44.873
752,12:32,PTR7,15,15,15,87.0,2674.56,61.25,5.789,2.654,1.205,0.726,0.184,0.761,0.0,0.0,4.997,0.0,0.0,0.358,44.576
752,12:32,PTR8,16,16,16,100.0,3177.9,65.298,6.171,2.671,1.265,0.0,0.0,0.827,0.0,0.974,0.0,0.0,0.0,0.425,52.965
752,12:32,PTR9,15,15,15,100.0,3024.12,61.22,5.786,2.729,1.126,0.0,0.0,0.772,0.0,0.0,0.0,0.0,0.0,0.405,50.402
752,12:32,PTR10,16,16,16,100.0,3228.6,65.284,6.17,2.671,1.375,0.0,0.0,0.826,0.0,0.0,0.0,0.0,0.0,0.432,53.81
753,12:33,PTR6,15,15,15,87.0,2692.38,61.265,5.758,2.688,1.181,0.0,0.0,0.775,0.0,0.0,5.63,0.0,0.0,0.36,44.873
753,12:33,PTR7,15,15,15,87.0,2674.8,61.265,5.758,2.649,1.146,0.727,0.185,0.759,0.0,0.0,5.103,0.0,0.0,0.358,44.58
753,12:33,PTR8,16,16,16,100.0,3182.94,65.314,6.136,2.668,1.224,0.0,0.0,0.83,0.0,0.98,0.0,0.0,0.0,0.427,53.049
753,12:33,PTR9,15,15,15,100.0,3029.28,61.235,5.752,2.73,1.085,0.0,0.0,0.775,0.0,0.0,0.0,0.0,0.0,0.405,50.488
753,12:33,PTR10,16,16,16,100.0,3231.96,65.3,6.132,2.669,1.374,0.0,0.0,0.827,0.0,0.0,0.0,0.0,0.0,0.432,53.866
754,12:34,PTR6,15,15,15,87.0,2692.38,61.026,5.684,2.685,1.241,0.0,0.0,0.767,0.0,0.0,5.416,0.0,0.0,0.36,44.873
754,12:34,PTR7,15,15,15,87.0,2674.44,61.026,5.684,2.644,1.163,0.725,0.185,0.758,0.0,0.0,4.935,0.0,0.0,0.358,44.574
754,12:34,PTR8,16,16,16,100.0,3172.68,65.061,6.059,2.666,1.24,0.0,0.0,0.823,0.0,0.97,0.0,0.0,0.0,0.425,52.878
754,12:34,PTR9,15,15,15,100.0,3019.38,60.999,5.681,2.722,1.093,0.0,0.0,0.775,0.0,0.0,0.0,0.0,0.0,0.405,50.323
754,12:34,PTR10,16,16,16,100.0,3221.94,65.05,6.058,2.666,1.369,0.0,0.0,0.826,0.0,0.0,0.0,0.0,0.0,0.432,53.699
755,12:35,PTR6,15,15,15,87.0,2692.38,61.191,5.699,2.688,1.23,0.0,0.0,0.772,0.0,0.0,5.569,0.0,0.0,0.36,44.873
755,12:35,PTR7,15,15,15,87.0,2673.72,61.191,5.699,2.649,1.177,0.722,0.185,0.761,0.0,0.0,5.078,0.0,0.0,0.358,44.562
755,12:35,PTR8,16,16,16,100.0,3180.54,65.238,6.076,2.668,1.237,0.0,0.0,0.829,0.0,0.993,0.0,0.0,0.0,0.426,53.009
755,12:35,PTR9,15,15,15,100.0,3027.54,61.164,5.696,2.731,1.099,0.0,0.0,0.774,0.0,0.0,0.0,0.0,0.0,0.405,50.459
755,12:35,PTR10,16,16,16,100.0,3233.7,65.226,6.074,2.669,1.326,0.0,0.0,0.829,0.0,0.0,0.0,0.0,0.0,0.433,53.895
756,12:36,PTR6,15,15,15,87.0,2692.38,61.041,5.655,2.69,1.145,0.0,0.0,0.773,0.0,0.0,5.545,0.0,0.0,0.36,44.873
756,12:36,PTR7,15,15,15,87.0,2674.8,61.041,5.655,2.652,1.14,0.727,0.184,0.761,0.0,0.0,4.984,0.0,0.0,0.358,44.58
756,12:36,PTR8,16,16,16,100.0,3178.56,65.078,6.031,2.669,1.194,0.0,0.0,0.828,0.0,0.953,0.0,0.0,0.0,0.427,52.976
756,12:36,PTR9,15,15,15,100.0,3021.96,61.014,5.655,2.728,1.085,0.0,0.0,0.775,0.0,0.0,0.0,0.0,0.0,0.405,50.366
756,12:36,PTR10,16,16,16,100.0,3226.38,65.066,6.032,2.667,1.338,0.0,0.0,0.824,0.0,0.0,0.0,0.0,0.0,0.432,53.773
757,12:37,PTR6,15,15,15,87.0,2692.38,60.861,5.579,2.684,1.183,0.0,0.0,0.773,0.0,0.0,5.409,0.0,0.0,0.36,44.873
757,12:37,PTR7,15,15,15,87.0,2672.82,60.861,5.579,2.644,1.249,0.717,0.185,0.756,0.0,0.0,4.827,0.0,0.0,0.357,44.547
757,12:37,PTR8,16,16,16,100.0,3170.52,64.886,5.948,2.664,1.223,0.0,0.0,0.825,0.0,0.959,0.0,0.0,0.0,0.425,52.842
757,12:37,PTR9,15,15,15,100.0,3015.3,60.834,5.576,2.722,1.101,0.0,0.0,0.775,0.0,0.0,0.0,0.0,0.0,0.405,50.255
757,12:37,PTR10,16,16,16,100.0,3223.02,64.874,5.946,2.664,1.287,0.0,0.0,0.828,0.0,0.0,0.0,0.0,0.0,0.432,53.717
758,12:38,PTR6,15,15,15,87.0,2692.38,61.086,5.64,2.696,1.214,0.0,0.0,0.772,0.0,0.0,5.531,0.0,0.0,0.36,44.873
758,12:38,PTR7,15,15,15,87.0,2674.38,61.086,5.64,2.657,1.145,0.725,0.187,0.76,0.0,0.0,5.041,0.0,0.0,0.358,44.573
758,12:38,PTR8,16,16,16,100.0,3178.5,65.125,6.015,2.674,1.237,0.0,0.0,0.831,0.0,0.966,0.0,0.0,0.0,0.427,52.975
758,12:38,PTR9,15,15,15,100.0,3023.28,61.059,5.64,2.732,1.12,0.0,0.0,0.774,0.0,0.0,0.0,0.0,0.0,0.405,50.388
758,12:38,PTR10,16,16,16,100.0,3229.86,65.114,6.016,2.674,1.335,0.0,0.0,0.825,0.0,0.0,0.0,0.0,0.0,0.433,53.831
759,12:39,PTR6,15,15,15,87.0,2692.38,60.95,5.609,2.689,1.129,0.0,0.0,0.773,0.0,0.0,5.517,0.0,0.0,0.36,44.873
759,12:39,PTR7,15,15,15,87.0,2674.38,60.95,5.609,2.649,1.271,0.725,0.187,0.76,0.0,0.0,4.818,0.0,0.0,0.358,44.573
759,12:39,PTR8,16,16,16,100.0,3171.9,64.978,5.979,2.669,1.248,0.0,0.0,0.827,0.0,0.965,0.0,0.0,0.0,0.425,52.865
759,12:39,PTR9,15,15,15,100.0,3015.96,60.92,5.606,2.727,1.146,0.0,0.0,0.77,0.0,0.0,0.0,0.0,0.0,0.405,50.266
759,12:39,PTR10,16,16,16,100.0,3223.02,64.964,5.978,2.667,1.348,0.0,0.0,0.822,0.0,0.0,0.0,0.0,0.0,0.432,53.717
760,12:40,PTR6,15,15,15,87.0,2692.38,61.026,5.639,2.682,1.296,0.0,0.0,0.772,0.0,0.0,5.404,0.0,0.0,0.36,44.873
760,12:40,PTR7,15,15,15,87.0,2674.2,61.026,5.639,2.643,1.194,0.724,0.187,0.762,0.0,0.0,4.949,0.0,0.0,0.358,44.57
760,12:40,PTR8,16,16,16,100.0,3179.34,65.062,6.012,2.662,1.187,0.0,0.0,0.828,0.0,0.958,0.0,0.0,0.0,0.426,52.989
760,12:40,PTR9,15,15,15,100.0,3020.34,60.999,5.636,2.722,1.125,0.0,0.0,0.772,0.0,0.0,0.0,0.0,0.0,0.405,50.339
760,12:40,PTR10,16,16,16,100.0,3225.96,65.05,6.01,2.664,1.355,0.0,0.0,0.823,0.0,0.0,0.0,0.0,0.0,0.432,53.766
761,12:41,PTR6,15,15,15,87.0,2692.38,60.951,5.609,2.686,1.212,0.0,0.0,0.768,0.0,0.0,5.443,0.0,0.0,0.36,44.873
761,12:41,PTR7,15,15,15,87.0,2674.32,60.951,5.609,2.645,1.185,0.725,0.188,0.758,0.0,0.0,4.911,0.0,0.0,0.358,44.572
761,12:41,PTR8,16,16,16,100.0,3173.28,64.982,5.98,2.667,1.214,0.0,0.0,0.827,0.0,0.981,0.0,0.0,0.0,0.425,52.888
761,12:41,PTR9,15,15,15,100.0,3022.74,60.924,5.606,2.725,1.034,0.0,0.0,0.775,0.0,0.0,0.0,0.0,0.0,0.405,50.379
761,12:41,PTR10,16,16,16,100.0,3223.26,64.97,5.978,2.666,1.347,0.0,0.0,0.826,0.0,0.0,0.0,0.0,0.0,0.432,53.721
762,12:42,PTR6,15,15,15,87.0,2692.38,60.95,5.698,2.682,1.148,0.0,0.0,0.772,0.0,0.0,5.417,0.0,0.0,0.36,44.873
762,12:42,PTR7,15,15,15,87.0,2674.62,60.95,5.698,2.642,1.201,0.726,0.188,0.756,0.0,0.0,4.804,0.0,0.0,0.358,44.577
762,12:42,PTR8,16,16,16,100.0,3166.92,64.978,6.072,2.661,1.252,0.0,0.0,0.825,0.0,0.962,0.0,0.0,0.0,0.424,52.782
762,12:42,PTR9,15,15,15,100.0,3015.24,60.92,5.692,2.718,1.079,0.0,0.0,0.772,0.0,0.0,0.0,0.0,0.0,0.405,50.254
762,12:42,PTR10,16,16,16,100.0,3218.82,64.964,6.068,2.662,1.332,0.0,0.0,0.823,0.0,0.0,0.0,0.0,0.0,0.432,53.647
763,12:43,PTR6,15,15,15,87.0,2692.38,60.681,5.595,2.677,1.176,0.0,0.0,0.77,0.0,0.0,5.23,0.0,0.0,0.36,44.873
763,12:43,PTR7,15,15,15,87.0,2673.06,60.681,5.595,2.639,1.162,0.719,0.188,0.752,0.0,0.0,4.717,0.0,0.0,0.358,44.551
763,12:43,PTR8,16,16,16,100.0,3156.12,64.694,5.968,2.655,1.284,0.0,0.0,0.822,0.0,0.939,0.0,0.0,0.0,0.424,52.602
763,12:43,PTR9,15,15,15,100.0,3003.66,60.654,5.595,2.714,1.113,0.0,0.0,0.766,0.0,0.0,0.0,0.0,0.0,0.405,50.061
763,12:43,PTR10,16,16,16,100.0,3207.0,64.682,5.968,2.656,1.355,0.0,0.0,0.822,0.0,0.0,0.0,0.0,0.0,0.431,53.45
764,12:44,PTR6,15,15,15,87.0,2692.38,60.53,5.623,2.662,1.196,0.0,0.0,0.764,0.0,0.0,5.052,0.0,0.0,0.36,44.873
764,12:44,PTR7,15,15,15,87.0,2672.16,60.53,5.623,2.62,1.198,0.715,0.187,0.754,0.0,0.0,4.54,0.0,0.0,0.357,44.536
764,12:44,PTR8,16,16,16,100.0,3152.58,64.53,5.992,2.642,1.156,0.0,0.0,0.822,0.0,0.951,0.0,0.0,0.0,0.424,52.543
764,12:44,PTR9,15,15,15,100.0,2993.58,60.5,5.617,2.701,1.119,0.0,0.0,0.765,0.0,0.0,0.0,0.0,0.0,0.405,49.893
764,12:44,PTR10,16,16,16,100.0,3199.92,64.516,5.988,2.642,1.305,0.0,0.0,0.818,0.0,0.0,0.0,0.0,0.0,0.431,53.332
765,12:45,PTR6,15,15,15,87.0,2692.38,60.56,5.623,2.662,1.212,0.0,0.0,0.767,0.0,0.0,5.063,0.0,0.0,0.36,44.873
765,12:45,PTR7,15,15,15,87.0,2673.42,60.56,5.623,2.623,1.203,0.721,0.188,0.754,0.0,0.0,4.533,0.0,0.0,0.358,44.557
765,12:45,PTR8,16,16,16,100.0,3157.14,64.562,5.992,2.642,1.122,0.0,0.0,0.821,0.0,0.942,0.0,0.0,0.0,0.424,52.619
765,12:45,PTR9,15,15,15,100.0,3001.2,60.53,5.617,2.702,1.019,0.0,0.0,0.767,0.0,0.0,0.0,0.0,0.0,0.405,50.02
765,12:45,PTR10,16,16,16,100.0,3203.88,64.548,5.988,2.642,1.27,0.0,0.0,0.819,0.0,0.0,0.0,0.0,0.0,0.431,53.398
766,12:46,PTR6,15,15,15,87.0,2692.38,60.291,5.609,2.651,1.176,0.0,0.0,0.763,0.0,0.0,4.859,0.0,0.0,0.36,44.873
766,12:46,PTR7,15,15,15,87.0,2672.04,60.291,5.609,2.614,1.249,0.714,0.186,0.75,0.0,0.0,4.278,0.0,0.0,0.357,44.534
766,12:46,PTR8,16,16,16,100.0,3136.32,64.278,5.98,2.632,1.23,0.0,0.0,0.814,0.0,0.926,0.0,0.0,0.0,0.424,52.272
766,12:46,PTR9,15,15,15,100.0,2980.62,60.264,5.606,2.69,1.123,0.0,0.0,0.764,0.0,0.0,0.0,0.0,0.0,0.404,49.677
766,12:46,PTR10,16,16,16,100.0,3187.26,64.266,5.978,2.635,1.288,0.0,0.0,0.815,0.0,0.0,0.0,0.0,0.0,0.429,53.121
767,12:47,PTR6,15,15,15,87.0,2692.38,60.336,5.729,2.643,1.235,0.0,0.0,0.76,0.0,0.0,4.736,0.0,0.0,0.36,44.873
767,12:47,PTR7,15,15,15,87.0,2671.62,60.336,5.729,2.605,1.19,0.712,0.186,0.75,0.0,0.0,4.28,0.0,0.0,0.357,44.527
767,12:47,PTR8,16,16,16,100.0,3129.96,64.326,6.108,2.624,1.259,0.0,0.0,0.817,0.0,0.929,0.0,0.0,0.0,0.423,52.166
767,12:47,PTR9,15,15,15,100.0,2980.98,60.309,5.726,2.683,1.048,0.0,0.0,0.767,0.0,0.0,0.0,0.0,0.0,0.402,49.683
767,12:47,PTR10,16,16,16,100.0,3177.42,64.314,6.106,2.625,1.386,0.0,0.0,0.812,0.0,0.0,0.0,0.0,0.0,0.428,52.957
768,12:48,PTR6,15,15,15,87.0,2692.38,60.651,5.834,2.66,1.201,0.0,0.0,0.764,0.0,0.0,4.959,0.0,0.0,0.36,44.873
768,12:48,PTR7,15,15,15,87.0,2672.58,60.651,5.834,2.62,1.211,0.717,0.189,0.752,0.0,0.0,4.428,0.0,0.0,0.357,44.543
768,12:48,PTR8,16,16,16,100.0,3143.34,64.662,6.22,2.641,1.254,0.0,0.0,0.818,0.0,0.917,0.0,0.0,0.0,0.423,52.389
768,12:48,PTR9,15,15,15,100.0,2988.6,60.624,5.831,2.701,1.112,0.0,0.0,0.766,0.0,0.0,0.0,0.0,0.0,0.404,49.81
768,12:48,PTR10,16,16,16,100.0,3191.52,64.65,6.218,2.642,1.35,0.0,0.0,0.817,0.0,0.0,0.0,0.0,0.0,0.431,53.192
769,12:49,PTR6,15,15,15,87.0,2692.38,60.486,5.835,2.654,1.277,0.0,0.0,0.759,0.0,0.0,4.728,0.0,0.0,0.36,44.873
769,12:49,PTR7,15,15,15,87.0,2671.2,60.486,5.835,2.616,1.145,0.711,0.19,0.751,0.0,0.0,4.361,0.0,0.0,0.357,44.52
769,12:49,PTR8,16,16,16,100.0,3131.52,64.486,6.223,2.631,1.283,0.0,0.0,0.815,0.0,0.92,0.0,0.0,0.0,0.422,52.192
769,12:49,PTR9,15,15,15,100.0,2980.02,60.459,5.835,2.69,1.1,0.0,0.0,0.763,0.0,0.0,0.0,0.0,0.0,0.404,49.667
769,12:49,PTR10,16,16,16,100.0,3185.76,64.474,6.224,2.632,1.278,0.0,0.0,0.814,0.0,0.0,0.0,0.0,0.0,0.43,53.096
770,12:50,PTR6,15,15,15,87.0,2692.38,60.486,5.774,2.655,1.255,0.0,0.0,0.761,0.0,0.0,4.808,0.0,0.0,0.36,44.873
770,12:50,PTR7,15,15,15,87.0,2671.8,60.486,5.774,2.615,1.253,0.714,0.19,0.749,0.0,0.0,4.304,0.0,0.0,0.357,44.53
770,12:50,PTR8,16,16,16,100.0,3135.96,64.486,6.156,2.634,1.254,0.0,0.0,0.82,0.0,0.934,0.0,0.0,0.0,0.422,52.266
770,12:50,PTR9,15,15,15,100.0,2988.78,60.459,5.771,2.694,1.011,0.0,0.0,0.765,0.0,0.0,0.0,0.0,0.0,0.405,49.813
770,12:50,PTR10,16,16,16,100.0,3186.84,64.474,6.154,2.637,1.325,0.0,0.0,0.814,0.0,0.0,0.0,0.0,0.0,0.43,53.114
771,12:51,PTR6,15,15,15,87.0,2692.38,60.785,5.863,2.659,1.184,0.0,0.0,0.765,0.0,0.0,5.081,0.0,0.0,0.36,44.873
771,12:51,PTR7,15,15,15,87.0,2672.82,60.785,5.863,2.62,1.195,0.718,0.192,0.755,0.0,0.0,4.538,0.0,0.0,0.357,44.547
771,12:51,PTR8,16,16,16,100.0,3149.34,64.802,6.248,2.638,1.249,0.0,0.0,0.821,0.0,0.933,0.0,0.0,0.0,0.424,52.489
771,12:51,PTR9,15,15,15,100.0,3000.12,60.755,5.857,2.7,1.025,0.0,0.0,0.766,0.0,0.0,0.0,0.0,0.0,0.405,50.002
771,12:51,PTR10,16,16,16,100.0,3198.6,64.788,6.244,2.64,1.345,0.0,0.0,0.818,0.0,0.0,0.0,0.0,0.0,0.431,53.31
772,12:52,PTR6,15,15,15,87.0,2692.38,60.951,5.88,2.676,1.17,0.0,0.0,0.766,0.0,0.0,5.226,0.0,0.0,0.36,44.873
772,12:52,PTR7,15,15,15,87.0,2672.94,60.951,5.88,2.637,1.127,0.719,0.191,0.759,0.0,0.0,4.731,0.0,0.0,0.358,44.549
772,12:52,PTR8,16,16,16,100.0,3155.46,64.982,6.271,2.655,1.257,0.0,0.0,0.819,0.0,0.965,0.0,0.0,0.0,0.424,52.591
772,12:52,PTR9,15,15,15,100.0,3001.26,60.924,5.88,2.714,1.136,0.0,0.0,0.769,0.0,0.0,0.0,0.0,0.0,0.404,50.021
772,12:52,PTR10,16,16,16,100.0,3208.68,64.97,6.272,2.654,1.313,0.0,0.0,0.821,0.0,0.0,0.0,0.0,0.0,0.432,53.478
773,12:53,PTR6,15,15,15,87.0,2692.38,60.936,5.894,2.664,1.178,0.0,0.0,0.767,0.0,0.0,5.2,0.0,0.0,0.36,44.873
773,12:53,PTR7,15,15,15,87.0,2672.7,60.936,5.894,2.625,1.188,0.718,0.193,0.754,0.0,0.0,4.662,0.0,0.0,0.357,44.545
773,12:53,PTR8,16,16,16,100.0,3156.96,64.965,6.283,2.643,1.241,0.0,0.0,0.821,0.0,0.937,0.0,0.0,0.0,0.424,52.616
773,12:53,PTR9,15,15,15,100.0,3005.7,60.909,5.891,2.703,1.045,0.0,0.0,0.77,0.0,0.0,0.0,0.0,0.0,0.405,50.095
773,12:53,PTR10,16,16,16,100.0,3205.14,64.954,6.282,2.646,1.355,0.0,0.0,0.821,0.0,0.0,0.0,0.0,0.0,0.431,53.419
774,12:54,PTR6,15,15,15,87.0,2692.38,60.755,5.878,2.656,1.219,0.0,0.0,0.766,0.0,0.0,5.003,0.0,0.0,0.36,44.873
774,12:54,PTR7,15,15,15,87.0,2672.52,60.755,5.878,2.62,1.191,0.717,0.191,0.753,0.0,0.0,4.506,0.0,0.0,0.357,44.542
774,12:54,PTR8,16,16,16,100.0,3149.1,64.77,6.264,2.638,1.221,0.0,0.0,0.821,0.0,0.917,0.0,0.0,0.0,0.424,52.485
774,12:54,PTR9,15,15,15,100.0,2993.76,60.725,5.872,2.695,1.091,0.0,0.0,0.767,0.0,0.0,0.0,0.0,0.0,0.404,49.896
774,12:54,PTR10,16,16,16,100.0,3193.32,64.756,6.26,2.639,1.386,0.0,0.0,0.819,0.0,0.0,0.0,0.0,0.0,0.43,53.222
775,12:55,PTR6,15,15,15,87.0,2692.38,60.636,5.835,2.661,1.223,0.0,0.0,0.761,0.0,0.0,4.923,0.0,0.0,0.36,44.873
775,12:55,PTR7,15,15,15,87.0,2671.8,60.636,5.835,2.62,1.226,0.713,0.192,0.75,0.0,0.0,4.413,0.0,0.0,0.357,44.53
775,12:55,PTR8,16,16,16,100.0,3142.8,64.645,6.222,2.639,1.235,0.0,0.0,0.82,0.0,0.926,0.0,0.0,0.0,0.423,52.38
775,12:55,PTR9,15,15,15,100.0,2989.26,60.609,5.835,2.697,1.088,0.0,0.0,0.763,0.0,0.0,0.0,0.0,0.0,0.405,49.821
775,12:55,PTR10,16,16,16,100.0,3189.3,64.634,6.224,2.636,1.374,0.0,0.0,0.815,0.0,0.0,0.0,0.0,0.0,0.43,53.155
776,12:56,PTR6,15,15,15,87.0,2692.38,60.696,5.895,2.665,1.174,0.0,0.0,0.764,0.0,0.0,4.965,0.0,0.0,0.36,44.873
776,12:56,PTR7,15,15,15,87.0,2671.74,60.696,5.895,2.627,1.191,0.713,0.192,0.752,0.0,0.0,4.44,0.0,0.0,0.357,44.529
776,12:56,PTR8,16,16,16,100.0,3139.2,64.71,6.288,2.644,1.292,0.0,0.0,0.82,0.0,0.922,0.0,0.0,0.0,0.424,52.32
776,12:56,PTR9,15,15,15,100.0,2992.26,60.669,5.895,2.701,1.032,0.0,0.0,0.765,0.0,0.0,0.0,0.0,0.0,0.405,49.871
776,12:56,PTR10,16,16,16,100.0,3197.76,64.698,6.288,2.643,1.225,0.0,0.0,0.816,0.0,0.0,0.0,0.0,0.0,0.43,53.296
777,12:57,PTR6,15,15,15,87.0,2692.38,60.426,5.879,2.649,1.131,0.0,0.0,0.762,0.0,0.0,4.772,0.0,0.0,0.36,44.873
777,12:57,PTR7,15,15,15,87.0,2672.16,60.426,5.879,2.608,1.157,0.715,0.192,0.746,0.0,0.0,4.236,0.0,0.0,0.357,44.536
777,12:57,PTR8,16,16,16,100.0,3129.06,64.422,6.268,2.628,1.223,0.0,0.0,0.816,0.0,0.914,0.0,0.0,0.0,0.422,52.151
777,12:57,PTR9,15,15,15,100.0,2973.48,60.399,5.876,2.686,1.116,0.0,0.0,0.762,0.0,0.0,0.0,0.0,0.0,0.401,49.558
777,12:57,PTR10,16,16,16,100.0,3174.36,64.41,6.266,2.627,1.369,0.0,0.0,0.812,0.0,0.0,0.0,0.0,0.0,0.43,52.906
778,12:58,PTR6,15,15,15,87.0,2692.38,60.306,5.849,2.642,1.222,0.0,0.0,0.757,0.0,0.0,4.603,0.0,0.0,0.36,44.873
778,12:58,PTR7,15,15,15,87.0,2670.66,60.306,5.849,2.605,1.229,0.708,0.192,0.747,0.0,0.0,4.108,0.0,0.0,0.357,44.511
778,12:58,PTR8,16,16,16,100.0,3119.4,64.293,6.235,2.622,1.306,0.0,0.0,0.815,0.0,0.907,0.0,0.0,0.0,0.418,51.99
778,12:58,PTR9,15,15,15,100.0,2970.6,60.279,5.846,2.681,1.079,0.0,0.0,0.761,0.0,0.0,0.0,0.0,0.0,0.402,49.51
778,12:58,PTR10,16,16,16,100.0,3169.8,64.282,6.234,2.623,1.356,0.0,0.0,0.811,0.0,0.0,0.0,0.0,0.0,0.428,52.83
779,12:59,PTR6,15,15,15,87.0,2692.38,60.395,5.908,2.639,1.194,0.0,0.0,0.758,0.0,0.0,4.663,0.0,0.0,0.36,44.873
779,12:59,PTR7,15,15,15,87.0,2669.94,60.395,5.908,2.601,1.23,0.705,0.192,0.745,0.0,0.0,4.158,0.0,0.0,0.357,44.499
779,12:59,PTR8,16,16,16,100.0,3127.56,64.386,6.296,2.618,1.187,0.0,0.0,0.816,0.0,0.921,0.0,0.0,0.0,0.422,52.126
779,12:59,PTR9,15,15,15,100.0,2968.5,60.365,5.902,2.677,1.149,0.0,0.0,0.76,0.0,0.0,0.0,0.0,0.0,0.402,49.475
779,12:59,PTR10,16,16,16,100.0,3175.98,64.372,6.292,2.622,1.283,0.0,0.0,0.812,0.0,0.0,0.0,0.0,0.0,0.43,52.933
780,13:00,PTR6,15,15,15,100.0,2968.14,60.351,5.865,2.648,1.208,0.0,0.0,0.761,0.0,0.0,0.0,0.0,0.0,0.4,49.469
780,13:00,PTR7,15,15,15,100.0,2918.58,60.351,5.865,2.607,1.192,0.709,0.194,0.748,0.0,0.0,0.0,0.0,0.0,0.393,48.643
780,13:00,PTR8,16,16,16,100.0,3129.84,64.342,6.255,2.625,1.156,0.0,0.0,0.819,0.0,0.903,0.0,0.0,0.0,0.42,52.164
780,13:00,PTR9,15,15,15,100.0,2970.96,60.324,5.865,2.683,1.1,0.0,0.0,0.758,0.0,0.0,0.0,0.0,0.0,0.402,49.516
780,13:00,PTR10,16,16,16,100.0,3172.32,64.33,6.256,2.621,1.338,0.0,0.0,0.814,0.0,0.0,0.0,0.0,0.0,0.429,52.872
781,13:01,PTR6,15,15,15,100.0,2957.88,60.171,5.864,2.631,1.227,0.0,0.0,0.756,0.0,0.0,0.0,0.0,0.0,0.395,49.298
781,13:01,PTR7,15,15,15,100.0,2911.98,60.171,5.864,2.591,1.141,0.709,0.195,0.747,0.0,0.0,0.0,0.0,0.0,0.391,48.533
781,13:01,PTR8,16,16,16,100.0,3113.94,64.149,6.25,2.611,1.264,0.0,0.0,0.81,0.0,0.898,0.0,0.0,0.0,0.417,51.899
781,13:01,PTR9,15,15,15,100.0,2963.4,60.144,5.861,2.668,1.069,0.0,0.0,0.758,0.0,0.0,0.0,0.0,0.0,0.398,49.39
781,13:01,PTR10,16,16,16,100.0,3160.62,64.138,6.25,2.609,1.364,0.0,0.0,0.81,0.0,0.0,0.0,0.0,0.0,0.428,52.677
782,13:02,PTR6,15,15,15,100.0,2955.18,59.976,5.789,2.632,1.148,0.0,0.0,0.758,0.0,0.0,0.0,0.0,0.0,0.396,49.253
782,13:02,PTR7,15,15,15,100.0,2902.44,59.976,5.789,2.593,1.187,0.707,0.192,0.744,0.0,0.0,0.0,0.0,0.0,0.39,48.374
782,13:02,PTR8,16,16,16,100.0,3110.4,63.942,6.172,2.611,1.198,0.0,0.0,0.808,0.0,0.895,0.0,0.0,0.0,0.418,51.84
782,13:02,PTR9,15,15,15,100.0,2952.36,59.949,5.786,2.67,1.136,0.0,0.0,0.756,0.0,0.0,0.0,0.0,0.0,0.395,49.206
782,13:02,PTR10,16,16,16,100.0,3159.54,63.93,6.17,2.611,1.258,0.0,0.0,0.806,0.0,0.0,0.0,0.0,0.0,0.426,52.659
783,13:03,PTR6,15,15,15,100.0,2954.04,59.901,5.744,2.622,1.15,0.0,0.0,0.756,0.0,0.0,0.0,0.0,0.0,0.395,49.234
783,13:03,PTR7,15,15,15,100.0,2902.2,59.901,5.744,2.585,1.171,0.707,0.194,0.741,0.0,0.0,0.0,0.0,0.0,0.389,48.37
783,13:03,PTR8,16,16,16,100.0,3110.58,63.862,6.123,2.604,1.176,0.0,0.0,0.809,0.0,0.891,0.0,0.0,0.0,0.416,51.843
783,13:03,PTR9,15,15,15,100.0,2953.38,59.874,5.741,2.661,1.098,0.0,0.0,0.754,0.0,0.0,0.0,0.0,0.0,0.397,49.223
783,13:03,PTR10,16,16,16,100.0,3152.46,63.85,6.122,2.604,1.351,0.0,0.0,0.806,0.0,0.0,0.0,0.0,0.0,0.426,52.541
784,13:04,PTR6,15,15,15,100.0,2940.36,59.646,5.639,2.621,1.236,0.0,0.0,0.752,0.0,0.0,0.0,0.0,0.0,0.392,49.006
784,13:04,PTR7,15,15,15,100.0,2893.98,59.646,5.639,2.585,1.162,0.704,0.195,0.741,0.0,0.0,0.0,0.0,0.0,0.387,48.233
784,13:04,PTR8,16,16,16,100.0,3100.74,63.589,6.011,2.604,1.186,0.0,0.0,0.807,0.0,0.887,0.0,0.0,0.0,0.415,51.679
784,13:04,PTR9,15,15,15,100.0,2945.1,59.619,5.636,2.662,1.09,0.0,0.0,0.753,0.0,0.0,0.0,0.0,0.0,0.393,49.085
784,13:04,PTR10,16,16,16,100.0,3143.16,63.578,6.01,2.604,1.355,0.0,0.0,0.802,0.0,0.0,0.0,0.0,0.0,0.421,52.386
785,13:05,PTR6,15,15,15,100.0,2948.94,59.75,5.669,2.626,1.155,0.0,0.0,0.756,0.0,0.0,0.0,0.0,0.0,0.395,49.149
785,13:05,PTR7,15,15,15,100.0,2894.46,59.75,5.669,2.588,1.227,0.707,0.194,0.738,0.0,0.0,0.0,0.0,0.0,0.386,48.241
785,13:05,PTR8,16,16,16,100.0,3104.82,63.698,6.043,2.604,1.201,0.0,0.0,0.807,0.0,0.881,0.0,0.0,0.0,0.415,51.747
785,13:05,PTR9,15,15,15,100.0,2951.22,59.72,5.666,2.662,1.056,0.0,0.0,0.753,0.0,0.0,0.0,0.0,0.0,0.396,49.187
785,13:05,PTR10,16,16,16,100.0,3149.16,63.684,6.042,2.603,1.322,0.0,0.0,0.805,0.0,0.0,0.0,0.0,0.0,0.426,52.486
786,13:06,PTR6,15,15,15,100.0,2949.18,59.826,5.73,2.631,1.164,0.0,0.0,0.754,0.0,0.0,0.0,0.0,0.0,0.394,49.153
786,13:06,PTR7,15,15,15,100.0,2898.36,59.826,5.73,2.591,1.169,0.705,0.194,0.742,0.0,0.0,0.0,0.0,0.0,0.389,48.306
786,13:06,PTR8,16,16,16,100.0,3104.16,63.782,6.111,2.607,1.22,0.0,0.0,0.807,0.0,0.885,0.0,0.0,0.0,0.416,51.736
786,13:06,PTR9,15,15,15,100.0,2948.82,59.799,5.73,2.665,1.106,0.0,0.0,0.756,0.0,0.0,0.0,0.0,0.0,0.395,49.147
786,13:06,PTR10,16,16,16,100.0,3152.58,63.77,6.112,2.605,1.277,0.0,0.0,0.807,0.0,0.0,0.0,0.0,0.0,0.426,52.543
787,13:07,PTR6,15,15,15,100.0,2935.14,59.615,5.743,2.615,1.197,0.0,0.0,0.749,0.0,0.0,0.0,0.0,0.0,0.392,48.919
787,13:07,PTR7,15,15,15,100.0,2886.42,59.615,5.743,2.575,1.169,0.705,0.194,0.737,0.0,0.0,0.0,0.0,0.0,0.385,48.107
787,13:07,PTR8,16,16,16,100.0,3093.48,63.554,6.12,2.592,1.187,0.0,0.0,0.806,0.0,0.877,0.0,0.0,0.0,0.414,51.558
787,13:07,PTR9,15,15,15,100.0,2939.52,59.585,5.737,2.655,1.055,0.0,0.0,0.753,0.0,0.0,0.0,0.0,0.0,0.393,48.992
787,13:07,PTR10,16,16,16,100.0,3135.72,63.54,6.116,2.595,1.347,0.0,0.0,0.801,0.0,0.0,0.0,0.0,0.0,0.419,52.262
788,13:08,PTR6,15,15,15,100.0,2923.92,59.196,5.534,2.6,1.192,0.0,0.0,0.747,0.0,0.0,0.0,0.0,0.0,0.391,48.732
788,13:08,PTR7,15,15,15,100.0,2876.94,59.196,5.534,2.562,1.133,0.702,0.193,0.737,0.0,0.0,0.0,0.0,0.0,0.386,47.949
788,13:08,PTR8,16,16,16,100.0,3083.82,63.11,5.899,2.578,1.154,0.0,0.0,0.803,0.0,0.867,0.0,0.0,0.0,0.412,51.397
788,13:08,PTR9,15,15,15,100.0,2931.72,59.169,5.531,2.637,0.995,0.0,0.0,0.752,0.0,0.0,0.0,0.0,0.0,0.392,48.862
788,13:08,PTR10,16,16,16,100.0,3126.84,63.098,5.898,2.58,1.286,0.0,0.0,0.802,0.0,0.0,0.0,0.0,0.0,0.418,52.114
789,13:09,PTR6,15,15,15,100.0,2910.24,59.001,5.505,2.6,1.256,0.0,0.0,0.746,0.0,0.0,0.0,0.0,0.0,0.39,48.504
789,13:09,PTR7,15,15,15,100.0,2864.52,59.001,5.505,2.563,1.177,0.702,0.194,0.734,0.0,0.0,0.0,0.0,0.0,0.384,47.742
789,13:09,PTR8,16,16,16,100.0,3068.82,62.902,5.871,2.581,1.262,0.0,0.0,0.793,0.0,0.836,0.0,0.0,0.0,0.412,51.147
789,13:09,PTR9,15,15,15,100.0,2920.44,58.974,5.505,2.636,1.022,0.0,0.0,0.747,0.0,0.0,0.0,0.0,0.0,0.39,48.674
789,13:09,PTR10,16,16,16,100.0,3116.4,62.89,5.872,2.578,1.287,0.0,0.0,0.797,0.0,0.0,0.0,0.0,0.0,0.416,51.94
790,13:10,PTR6,15,15,15,100.0,2914.26,58.956,5.489,2.597,1.162,0.0,0.0,0.747,0.0,0.0,0.0,0.0,0.0,0.39,48.571
790,13:10,PTR7,15,15,15,100.0,2859.96,58.956,5.489,2.562,1.232,0.697,0.193,0.733,0.0,0.0,0.0,0.0,0.0,0.384,47.666
790,13:10,PTR8,16,16,16,100.0,3071.34,62.854,5.852,2.575,1.186,0.0,0.0,0.798,0.0,0.842,0.0,0.0,0.0,0.412,51.189
790,13:10,PTR9,15,15,15,100.0,2916.18,58.929,5.486,2.635,1.068,0.0,0.0,0.747,0.0,0.0,0.0,0.0,0.0,0.39,48.603
790,13:10,PTR10,16,16,16,100.0,3111.0,62.842,5.85,2.578,1.351,0.0,0.0,0.797,0.0,0.0,0.0,0.0,0.0,0.416,51.85
791,13:11,PTR6,15,15,15,100.0,2888.04,58.386,5.414,2.572,1.137,0.0,0.0,0.739,0.0,0.0,0.0,0.0,0.0,0.39,48.134
791,13:11,PTR7,15,15,15,100.0,2839.92,58.386,5.414,2.534,1.111,0.692,0.194,0.725,0.0,0.0,0.0,0.0,0.0,0.384,47.332
791,13:11,PTR8,16,16,16,100.0,3043.62,62.246,5.772,2.552,1.178,0.0,0.0,0.791,0.0,0.817,0.0,0.0,0.0,0.409,50.727
791,13:11,PTR9,15,15,15,100.0,2890.32,58.359,5.411,2.608,1.039,0.0,0.0,0.739,0.0,0.0,0.0,0.0,0.0,0.39,48.172
791,13:11,PTR10,16,16,16,100.0,3088.02,62.234,5.77,2.552,1.24,0.0,0.0,0.789,0.0,0.0,0.0,0.0,0.0,0.416,51.467
792,13:12,PTR6,15,15,15,100.0,2874.66,58.101,5.354,2.553,1.158,0.0,0.0,0.735,0.0,0.0,0.0,0.0,0.0,0.39,47.911
792,13:12,PTR7,15,15,15,100.0,2823.54,58.101,5.354,2.519,1.186,0.686,0.192,0.723,0.0,0.0,0.0,0.0,0.0,0.382,47.059
792,13:12,PTR8,16,16,16,100.0,3029.16,61.942,5.707,2.537,1.2,0.0,0.0,0.789,0.0,0.814,0.0,0.0,0.0,0.409,50.486
792,13:12,PTR9,15,15,15,100.0,2871.42,58.074,5.351,2.591,1.148,0.0,0.0,0.737,0.0,0.0,0.0,0.0,0.0,0.39,47.857
792,13:12,PTR10,16,16,16,100.0,3075.54,61.93,5.706,2.535,1.228,0.0,0.0,0.788,0.0,0.0,0.0,0.0,0.0,0.414,51.259
793,13:13,PTR6,15,15,15,100.0,2875.8,58.147,5.37,2.56,1.162,0.0,0.0,0.736,0.0,0.0,0.0,0.0,0.0,0.389,47.93
793,13:13,PTR7,15,15,15,100.0,2821.44,58.147,5.37,2.52,1.25,0.687,0.192,0.722,0.0,0.0,0.0,0.0,0.0,0.382,47.024
793,13:13,PTR8,16,16,16,100.0,3030.96,61.994,5.727,2.538,1.2,0.0,0.0,0.789,0.0,0.815,0.0,0.0,0.0,0.409,50.516
793,13:13,PTR9,15,15,15,100.0,2880.36,58.123,5.37,2.595,1.025,0.0,0.0,0.737,0.0,0.0,0.0,0.0,0.0,0.39,48.006
793,13:13,PTR10,16,16,16,100.0,3072.12,61.984,5.728,2.542,1.312,0.0,0.0,0.786,0.0,0.0,0.0,0.0,0.0,0.414,51.202
794,13:14,PTR6,15,15,15,100.0,2876.76,58.146,5.354,2.565,1.155,0.0,0.0,0.736,0.0,0.0,0.0,0.0,0.0,0.39,47.946
794,13:14,PTR7,15,15,15,100.0,2825.82,58.146,5.354,2.528,1.178,0.691,0.193,0.723,0.0,0.0,0.0,0.0,0.0,0.382,47.097
794,13:14,PTR8,16,16,16,100.0,3034.56,61.99,5.708,2.546,1.141,0.0,0.0,0.792,0.0,0.819,0.0,0.0,0.0,0.408,50.576
794,13:14,PTR9,15,15,15,100.0,2879.1,58.119,5.351,2.604,1.055,0.0,0.0,0.734,0.0,0.0,0.0,0.0,0.0,0.39,47.985
794,13:14,PTR10,16,16,16,100.0,3074.88,61.978,5.706,2.546,1.277,0.0,0.0,0.787,0.0,0.0,0.0,0.0,0.0,0.414,51.248
795,13:15,PTR6,15,15,15,100.0,2869.74,57.981,5.324,2.552,1.154,0.0,0.0,0.734,0.0,0.0,0.0,0.0,0.0,0.388,47.829
795,13:15,PTR7,15,15,15,100.0,2819.94,57.981,5.324,2.514,1.161,0.686,0.193,0.721,0.0,0.0,0.0,0.0,0.0,0.383,46.999
795,13:15,PTR8,16,15,15,100.0,2832.3,61.814,5.675,2.534,1.236,0.0,0.0,0.784,0.0,0.79,0.0,0.0,3.207,0.383,47.205
795,13:15,PTR9,15,15,15,100.0,2869.86,57.954,5.321,2.589,1.092,0.0,0.0,0.732,0.0,0.0,0.0,0.0,0.0,0.389,47.831
795,13:15,PTR10,16,16,16,100.0,3068.88,61.802,5.674,2.532,1.247,0.0,0.0,0.787,0.0,0.0,0.0,0.0,0.0,0.414,51.148
796,13:16,PTR6,15,15,15,100.0,2872.02,57.876,5.249,2.546,1.089,0.0,0.0,0.736,0.0,0.0,0.0,0.0,0.0,0.389,47.867
796,13:16,PTR7,15,15,15,100.0,2814.96,57.876,5.249,2.509,1.22,0.687,0.194,0.722,0.0,0.0,0.0,0.0,0.0,0.379,46.916
796,13:16,PTR8,16,15,15,100.0,2834.04,61.702,5.595,2.527,1.156,0.0,0.0,0.787,0.0,0.807,0.0,0.0,3.214,0.382,47.234
796,13:16,PTR9,15,15,15,100.0,2871.66,57.849,5.246,2.585,1.034,0.0,0.0,0.734,0.0,0.0,0.0,0.0,0.0,0.389,47.861
796,13:16,PTR10,16,16,16,100.0,3067.02,61.69,5.594,2.527,1.253,0.0,0.0,0.785,0.0,0.0,0.0,0.0,0.0,0.414,51.117
797,13:17,PTR6,15,15,15,100.0,2871.42,57.907,5.22,2.561,1.149,0.0,0.0,0.733,0.0,0.0,0.0,0.0,0.0,0.387,47.857
797,13:17,PTR7,15,15,15,100.0,2822.34,57.907,5.22,2.523,1.139,0.687,0.194,0.723,0.0,0.0,0.0,0.0,0.0,0.382,47.039
797,13:17,PTR8,16,15,15,100.0,2833.08,61.738,5.568,2.54,1.24,0.0,0.0,0.786,0.0,0.798,0.0,0.0,3.205,0.383,47.218
797,13:17,PTR9,15,15,15,100.0,2878.68,57.883,5.22,2.597,0.961,0.0,0.0,0.737,0.0,0.0,0.0,0.0,0.0,0.39,47.978
797,13:17,PTR10,16,16,16,100.0,3067.5,61.728,5.568,2.542,1.298,0.0,0.0,0.782,0.0,0.0,0.0,0.0,0.0,0.413,51.125
798,13:18,PTR6,15,15,15,100.0,2866.92,57.712,5.145,2.551,1.113,0.0,0.0,0.734,0.0,0.0,0.0,0.0,0.0,0.387,47.782
798,13:18,PTR7,15,15,15,100.0,2813.4,57.712,5.145,2.513,1.18,0.688,0.194,0.721,0.0,0.0,0.0,0.0,0.0,0.381,46.89
798,13:18,PTR8,16,15,15,100.0,2829.36,61.53,5.488,2.534,1.186,0.0,0.0,0.783,0.0,0.799,0.0,0.0,3.201,0.383,47.156
798,13:18,PTR9,15,15,15,100.0,2866.14,57.688,5.145,2.589,1.06,0.0,0.0,0.735,0.0,0.0,0.0,0.0,0.0,0.39,47.769
798,13:18,PTR10,16,16,16,100.0,3060.3,61.52,5.488,2.532,1.3,0.0,0.0,0.783,0.0,0.0,0.0,0.0,0.0,0.412,51.005
799,13:19,PTR6,15,15,15,100.0,2860.56,57.711,5.264,2.539,1.111,0.0,0.0,0.733,0.0,0.0,0.0,0.0,0.0,0.388,47.676
799,13:19,PTR7,15,15,15,100.0,2807.88,57.711,5.264,2.503,1.174,0.683,0.193,0.717,0.0,0.0,0.0,0.0,0.0,0.379,46.798
799,13:19,PTR8,16,15,15,100.0,2824.38,61.526,5.611,2.52,1.16,0.0,0.0,0.785,0.0,0.778,0.0,0.0,3.217,0.382,47.073
799,13:19,PTR9,15,15,15,100.0,2860.86,57.684,5.261,2.575,1.046,0.0,0.0,0.733,0.0,0.0,0.0,0.0,0.0,0.388,47.681
799,13:19,PTR10,16,16,16,100.0,3057.72,61.514,5.61,2.52,1.224,0.0,0.0,0.784,0.0,0.0,0.0,0.0,0.0,0.414,50.962
800,13:20,PTR6,15,15,15,100.0,2864.22,57.741,5.189,2.552,1.143,0.0,0.0,0.732,0.0,0.0,0.0,0.0,0.0,0.388,47.737
800,13:20,PTR7,15,15,15,100.0,2814.24,57.741,5.189,2.516,1.15,0.685,0.196,0.722,0.0,0.0,0.0,0.0,0.0,0.379,46.904
800,13:20,PTR8,16,15,15,100.0,2828.04,61.558,5.532,2.535,1.174,0.0,0.0,0.787,0.0,0.802,0.0,0.0,3.213,0.381,47.134
800,13:20,PTR9,15,15,15,100.0,2870.52,57.714,5.186,2.59,0.972,0.0,0.0,0.734,0.0,0.0,0.0,0.0,0.0,0.39,47.842
800,13:20,PTR10,16,16,16,100.0,3058.68,61.546,5.53,2.533,1.309,0.0,0.0,0.783,0.0,0.0,0.0,0.0,0.0,0.413,50.978
801,13:21,PTR6,15,15,15,100.0,2859.18,57.531,5.069,2.547,1.144,0.0,0.0,0.732,0.0,0.0,0.0,0.0,0.0,0.386,47.653
801,13:21,PTR7,15,15,15,100.0,2812.14,57.531,5.069,2.51,1.104,0.687,0.196,0.718,0.0,0.0,0.0,0.0,0.0,0.378,46.869
801,13:21,PTR8,16,15,15,100.0,2824.26,61.335,5.405,2.526,1.194,0.0,0.0,0.784,0.0,0.791,0.0,0.0,3.182,0.382,47.071
801,13:21,PTR9,15,15,15,100.0,2858.34,57.504,5.066,2.583,1.1,0.0,0.0,0.731,0.0,0.0,0.0,0.0,0.0,0.385,47.639
801,13:21,PTR10,16,16,16,100.0,3054.72,61.322,5.402,2.526,1.29,0.0,0.0,0.779,0.0,0.0,0.0,0.0,0.0,0.413,50.912
802,13:22,PTR6,15,15,15,100.0,2866.92,57.531,4.994,2.549,1.086,0.0,0.0,0.732,0.0,0.0,0.0,0.0,0.0,0.388,47.782
802,13:22,PTR7,15,15,15,100.0,2811.54,57.531,4.994,2.513,1.181,0.687,0.195,0.721,0.0,0.0,0.0,0.0,0.0,0.381,46.859
802,13:22,PTR8,16,15,15,100.0,2827.8,61.334,5.324,2.533,1.187,0.0,0.0,0.784,0.0,0.798,0.0,0.0,3.196,0.382,47.13
802,13:22,PTR9,15,15,15,100.0,2864.64,57.504,4.991,2.588,1.062,0.0,0.0,0.73,0.0,0.0,0.0,0.0,0.0,0.389,47.744
802,13:22,PTR10,16,16,16,100.0,3060.42,61.322,5.322,2.532,1.267,0.0,0.0,0.781,0.0,0.0,0.0,0.0,0.0,0.413,51.007
803,13:23,PTR6,15,15,15,100.0,2856.3,57.322,4.89,2.545,1.168,0.0,0.0,0.73,0.0,0.0,0.0,0.0,0.0,0.384,47.605
803,13:23,PTR7,15,15,15,100.0,2807.58,57.322,4.89,2.509,1.156,0.682,0.197,0.718,0.0,0.0,0.0,0.0,0.0,0.377,46.793
803,13:23,PTR8,16,15,15,100.0,2820.18,61.114,5.215,2.524,1.214,0.0,0.0,0.783,0.0,0.779,0.0,0.0,3.214,0.382,47.003
803,13:23,PTR9,15,15,15,100.0,2860.5,57.298,4.89,2.581,1.032,0.0,0.0,0.732,0.0,0.0,0.0,0.0,0.0,0.388,47.675
803,13:23,PTR10,16,16,16,100.0,3053.46,61.104,5.216,2.525,1.278,0.0,0.0,0.781,0.0,0.0,0.0,0.0,0.0,0.413,50.891
804,13:24,PTR6,15,15,15,100.0,2848.32,57.171,4.889,2.535,1.164,0.0,0.0,0.729,0.0,0.0,0.0,0.0,0.0,0.382,47.472
804,13:24,PTR7,15,15,15,100.0,2798.58,57.171,4.889,2.498,1.17,0.683,0.196,0.716,0.0,0.0,0.0,0.0,0.0,0.376,46.643
804,13:24,PTR8,16,15,15,100.0,2813.58,60.95,5.211,2.518,1.215,0.0,0.0,0.78,0.0,0.777,0.0,0.0,3.178,0.378,46.893
804,13:24,PTR9,15,15,15,100.0,2845.86,57.144,4.886,2.573,1.142,0.0,0.0,0.728,0.0,0.0,0.0,0.0,0.0,0.384,47.431
804,13:24,PTR10,16,16,16,100.0,3043.98,60.938,5.21,2.519,1.285,0.0,0.0,0.779,0.0,0.0,0.0,0.0,0.0,0.412,50.733
805,13:25,PTR6,15,15,15,100.0,2839.08,56.842,4.815,2.519,1.086,0.0,0.0,0.725,0.0,0.0,0.0,0.0,0.0,0.379,47.318
805,13:25,PTR7,15,15,15,100.0,2785.62,56.842,4.815,2.482,1.157,0.68,0.195,0.713,0.0,0.0,0.0,0.0,0.0,0.373,46.427
805,13:25,PTR8,16,15,15,100.0,2800.5,60.602,5.135,2.5,1.206,0.0,0.0,0.778,0.0,0.766,0.0,0.0,3.165,0.377,46.675
805,13:25,PTR9,15,15,15,100.0,2836.2,56.818,4.815,2.557,1.072,0.0,0.0,0.725,0.0,0.0,0.0,0.0,0.0,0.379,47.27
805,13:25,PTR10,16,16,16,100.0,3029.34,60.592,5.136,2.503,1.278,0.0,0.0,0.776,0.0,0.0,0.0,0.0,0.0,0.41,50.489
806,13:26,PTR6,15,15,15,100.0,2831.22,56.751,4.784,2.527,1.15,0.0,0.0,0.724,0.0,0.0,0.0,0.0,0.0,0.379,47.187
806,13:26,PTR7,15,15,15,100.0,2786.82,56.751,4.784,2.49,1.068,0.684,0.197,0.71,0.0,0.0,0.0,0.0,0.0,0.371,46.447
806,13:26,PTR8,16,15,15,100.0,2796.66,60.502,5.1,2.506,1.206,0.0,0.0,0.776,0.0,0.745,0.0,0.0,3.183,0.375,46.611
806,13:26,PTR9,15,15,15,100.0,2832.9,56.724,4.781,2.561,1.063,0.0,0.0,0.726,0.0,0.0,0.0,0.0,0.0,0.378,47.215
806,13:26,PTR10,16,16,16,100.0,3026.22,60.49,5.098,2.505,1.268,0.0,0.0,0.775,0.0,0.0,0.0,0.0,0.0,0.407,50.437
807,13:27,PTR6,15,15,15,100.0,2819.64,56.556,4.769,2.517,1.179,0.0,0.0,0.722,0.0,0.0,0.0,0.0,0.0,0.375,46.994
807,13:27,PTR7,15,15,15,100.0,2772.84,56.556,4.769,2.48,1.142,0.678,0.196,0.707,0.0,0.0,0.0,0.0,0.0,0.37,46.214
807,13:27,PTR8,16,15,15,100.0,2790.0,60.294,5.083,2.498,1.187,0.0,0.0,0.773,0.0,0.719,0.0,0.0,3.159,0.375,46.5
807,13:27,PTR9,15,15,15,100.0,2821.8,56.529,4.766,2.553,1.083,0.0,0.0,0.721,0.0,0.0,0.0,0.0,0.0,0.376,47.03
807,13:27,PTR10,16,16,16,100.0,3012.72,60.282,5.082,2.498,1.319,0.0,0.0,0.77,0.0,0.0,0.0,0.0,0.0,0.401,50.212
808,13:28,PTR6,15,15,15,100.0,2812.86,56.407,4.77,2.51,1.15,0.0,0.0,0.721,0.0,0.0,0.0,0.0,0.0,0.375,46.881
808,13:28,PTR7,15,15,15,100.0,2763.96,56.407,4.77,2.473,1.153,0.675,0.196,0.705,0.0,0.0,0.0,0.0,0.0,0.369,46.066
808,13:28,PTR8,16,15,15,100.0,2780.7,60.138,5.087,2.49,1.161,0.0,0.0,0.773,0.0,0.754,0.0,0.0,3.155,0.373,46.345
808,13:28,PTR9,15,15,15,100.0,2815.26,56.383,4.77,2.544,1.052,0.0,0.0,0.72,0.0,0.0,0.0,0.0,0.0,0.376,46.921
808,13:28,PTR10,16,16,16,100.0,3004.8,60.128,5.088,2.489,1.298,0.0,0.0,0.77,0.0,0.0,0.0,0.0,0.0,0.403,50.08
809,13:29,PTR6,15,15,15,100.0,2813.52,56.346,4.739,2.504,1.117,0.0,0.0,0.719,0.0,0.0,0.0,0.0,0.0,0.375,46.892
809,13:29,PTR7,15,15,15,100.0,2765.28,56.346,4.739,2.468,1.101,0.676,0.196,0.708,0.0,0.0,0.0,0.0,0.0,0.37,46.088
809,13:29,PTR8,16,15,15,100.0,2783.58,60.07,5.051,2.485,1.11,0.0,0.0,0.77,0.0,0.724,0.0,0.0,3.165,0.372,46.393
809,13:29,PTR9,15,15,15,100.0,2814.6,56.319,4.736,2.541,1.035,0.0,0.0,0.722,0.0,0.0,0.0,0.0,0.0,0.375,46.91
809,13:29,PTR10,16,16,16,100.0,3005.52,60.058,5.05,2.486,1.257,0.0,0.0,0.772,0.0,0.0,0.0,0.0,0.0,0.401,50.092
810,13:30,PTR6,15,15,15,100.0,2800.38,56.002,4.62,2.493,1.123,0.0,0.0,0.718,0.0,0.0,0.0,0.0,0.0,0.375,46.673
810,13:30,PTR7,15,15,15,100.0,2756.04,56.002,4.62,2.457,1.047,0.675,0.196,0.704,0.0,0.0,0.0,0.0,0.0,0.369,45.934
810,13:30,PTR8,16,15,15,100.0,2766.96,59.706,4.927,2.475,1.189,0.0,0.0,0.767,0.0,0.726,0.0,0.0,3.136,0.37,46.116
810,13:30,PTR9,15,15,15,100.0,2802.48,55.978,4.62,2.528,1.029,0.0,0.0,0.718,0.0,0.0,0.0,0.0,0.0,0.375,46.708
810,13:30,PTR10,16,16,16,100.0,2989.86,59.696,4.928,2.473,1.297,0.0,0.0,0.767,0.0,0.0,0.0,0.0,0.0,0.4,49.831
811,13:31,PTR6,15,15,15,100.0,2795.58,55.972,4.695,2.491,1.104,0.0,0.0,0.714,0.0,0.0,0.0,0.0,0.0,0.375,46.593
811,13:31,PTR7,15,15,15,100.0,2746.38,55.972,4.695,2.455,1.112,0.671,0.194,0.703,0.0,0.0,0.0,0.0,0.0,0.369,45.773
811,13:31,PTR8,16,15,15,100.0,2763.18,59.674,5.007,2.472,1.203,0.0,0.0,0.768,0.0,0.69,0.0,0.0,3.111,0.37,46.053
811,13:31,PTR9,15,15,15,100.0,2798.7,55.948,4.695,2.526,0.994,0.0,0.0,0.713,0.0,0.0,0.0,0.0,0.0,0.375,46.645
811,13:31,PTR10,16,16,16,100.0,2986.74,59.664,5.008,2.471,1.244,0.0,0.0,0.762,0.0,0.0,0.0,0.0,0.0,0.4,49.779
812,13:32,PTR6,15,15,15,100.0,2800.02,56.106,4.679,2.497,1.171,0.0,0.0,0.716,0.0,0.0,0.0,0.0,0.0,0.376,46.667
812,13:32,PTR7,15,15,15,100.0,2750.4,56.106,4.679,2.46,1.185,0.672,0.196,0.705,0.0,0.0,0.0,0.0,0.0,0.369,45.84
812,13:32,PTR8,16,15,15,100.0,2768.28,59.814,4.987,2.476,1.258,0.0,0.0,0.766,0.0,0.705,0.0,0.0,3.114,0.37,46.138
812,13:32,PTR9,15,15,15,100.0,2805.18,56.079,4.676,2.53,1.028,0.0,0.0,0.717,0.0,0.0,0.0,0.0,0.0,0.375,46.753
812,13:32,PTR10,16,16,16,100.0,2996.04,59.802,4.986,2.478,1.236,0.0,0.0,0.768,0.0,0.0,0.0,0.0,0.0,0.4,49.934
813,13:33,PTR6,15,15,15,100.0,2790.9,55.881,4.634,2.491,1.153,0.0,0.0,0.713,0.0,0.0,0.0,0.0,0.0,0.375,46.515
813,13:33,PTR7,15,15,15,100.0,2741.34,55.881,4.634,2.455,1.166,0.668,0.197,0.703,0.0,0.0,0.0,0.0,0.0,0.369,45.689
813,13:33,PTR8,16,15,15,100.0,2760.78,59.574,4.939,2.471,1.191,0.0,0.0,0.765,0.0,0.71,0.0,0.0,3.116,0.369,46.013
813,13:33,PTR9,15,15,15,100.0,2793.78,55.854,4.631,2.526,1.043,0.0,0.0,0.716,0.0,0.0,0.0,0.0,0.0,0.375,46.563
813,13:33,PTR10,16,16,16,100.0,2982.24,59.562,4.938,2.47,1.288,0.0,0.0,0.762,0.0,0.0,0.0,0.0,0.0,0.4,49.704
814,13:34,PTR6,15,15,15,100.0,2781.84,55.671,4.619,2.477,1.125,0.0,0.0,0.711,0.0,0.0,0.0,0.0,0.0,0.375,46.364
814,13:34,PTR7,15,15,15,100.0,2730.48,55.671,4.619,2.441,1.173,0.669,0.195,0.698,0.0,0.0,0.0,0.0,0.0,0.368,45.508
814,13:34,PTR8,16,15,15,100.0,2750.16,59.351,4.924,2.457,1.197,0.0,0.0,0.765,0.0,0.688,0.0,0.0,3.115,0.369,45.836
814,13:34,PTR9,15,15,15,100.0,2788.8,55.644,4.616,2.511,0.949,0.0,0.0,0.713,0.0,0.0,0.0,0.0,0.0,0.375,46.48
814,13:34,PTR10,16,16,16,100.0,2969.7,59.338,4.922,2.454,1.304,0.0,0.0,0.763,0.0,0.0,0.0,0.0,0.0,0.4,49.495
815,13:35,PTR6,15,15,15,100.0,2777.34,55.626,4.694,2.47,1.086,0.0,0.0,0.712,0.0,0.0,0.0,0.0,0.0,0.375,46.289
815,13:35,PTR7,15,15,15,100.0,2725.98,55.626,4.694,2.435,1.138,0.665,0.195,0.698,0.0,0.0,0.0,0.0,0.0,0.368,45.433
815,13:35,PTR8,16,15,15,100.0,2746.74,59.303,5.004,2.45,1.119,0.0,0.0,0.761,0.0,0.687,0.0,0.0,3.134,0.369,45.779
815,13:35,PTR9,15,15,15,100.0,2775.72,55.599,4.691,2.504,1.058,0.0,0.0,0.709,0.0,0.0,0.0,0.0,0.0,0.375,46.262
815,13:35,PTR10,16,16,16,100.0,2964.12,59.29,5.002,2.452,1.275,0.0,0.0,0.76,0.0,0.0,0.0,0.0,0.0,0.399,49.402
816,13:36,PTR6,15,15,15,100.0,2761.44,55.371,4.649,2.465,1.152,0.0,0.0,0.706,0.0,0.0,0.0,0.0,0.0,0.375,46.024
816,13:36,PTR7,15,15,15,100.0,2716.8,55.371,4.649,2.427,1.096,0.66,0.196,0.697,0.0,0.0,0.0,0.0,0.0,0.366,45.28
816,13:36,PTR8,16,15,15,100.0,2731.56,59.031,4.956,2.445,1.195,0.0,0.0,0.758,0.0,0.685,0.0,0.0,3.097,0.369,45.526
816,13:36,PTR9,15,15,15,100.0,2764.8,55.344,4.646,2.496,1.037,0.0,0.0,0.71,0.0,0.0,0.0,0.0,0.0,0.375,46.08
816,13:36,PTR10,16,16,16,100.0,2955.3,59.018,4.954,2.444,1.212,0.0,0.0,0.755,0.0,0.0,0.0,0.0,0.0,0.398,49.255
817,13:37,PTR6,15,15,15,100.0,2747.64,55.087,4.589,2.444,1.184,0.0,0.0,0.703,0.0,0.0,0.0,0.0,0.0,0.373,45.794
817,13:37,PTR7,15,15,15,100.0,2706.06,55.087,4.589,2.409,1.075,0.661,0.194,0.693,0.0,0.0,0.0,0.0,0.0,0.365,45.101
817,13:37,PTR8,16,15,15,100.0,2725.2,58.73,4.892,2.429,1.13,0.0,0.0,0.755,0.0,0.659,0.0,0.0,3.076,0.369,45.42
817,13:37,PTR9,15,15,15,100.0,2754.36,55.063,4.586,2.484,1.007,0.0,0.0,0.706,0.0,0.0,0.0,0.0,0.0,0.374,45.906
817,13:37,PTR10,16,16,16,100.0,2938.86,58.72,4.89,2.432,1.27,0.0,0.0,0.751,0.0,0.0,0.0,0.0,0.0,0.396,48.981
818,13:38,PTR6,15,15,15,100.0,2744.82,54.921,4.544,2.441,1.117,0.0,0.0,0.701,0.0,0.0,0.0,0.0,0.0,0.371,45.747
818,13:38,PTR7,15,15,15,100.0,2698.38,54.921,4.544,2.405,1.094,0.657,0.195,0.69,0.0,0.0,0.0,0.0,0.0,0.363,44.973
818,13:38,PTR8,16,15,15,100.0,2712.84,58.551,4.844,2.42,1.227,0.0,0.0,0.75,0.0,0.664,0.0,0.0,3.067,0.365,45.214
818,13:38,PTR9,15,15,15,100.0,2748.72,54.894,4.541,2.476,0.989,0.0,0.0,0.703,0.0,0.0,0.0,0.0,0.0,0.373,45.812
818,13:38,PTR10,16,16,16,100.0,2934.18,58.538,4.842,2.423,1.22,0.0,0.0,0.753,0.0,0.0,0.0,0.0,0.0,0.397,48.903
819,13:39,PTR6,15,15,15,100.0,2727.36,54.547,4.47,2.428,1.132,0.0,0.0,0.697,0.0,0.0,0.0,0.0,0.0,0.364,45.456
819,13:39,PTR7,15,15,15,100.0,2681.04,54.547,4.47,2.392,1.107,0.653,0.194,0.687,0.0,0.0,0.0,0.0,0.0,0.36,44.684
819,13:39,PTR8,16,15,15,100.0,2701.44,58.154,4.767,2.408,1.158,0.0,0.0,0.75,0.0,0.622,0.0,0.0,3.062,0.363,45.024
819,13:39,PTR9,15,15,15,100.0,2730.96,54.523,4.47,2.463,1.009,0.0,0.0,0.7,0.0,0.0,0.0,0.0,0.0,0.365,45.516
819,13:39,PTR10,16,16,16,100.0,2915.46,58.144,4.768,2.409,1.234,0.0,0.0,0.748,0.0,0.0,0.0,0.0,0.0,0.394,48.591
820,13:40,PTR6,15,15,15,100.0,2723.28,54.381,4.439,2.423,1.07,0.0,0.0,0.696,0.0,0.0,0.0,0.0,0.0,0.365,45.388
820,13:40,PTR7,15,15,15,100.0,2675.16,54.381,4.439,2.389,1.076,0.652,0.195,0.684,0.0,0.0,0.0,0.0,0.0,0.36,44.586
820,13:40,PTR8,16,15,15,100.0,2694.12,57.975,4.732,2.404,1.173,0.0,0.0,0.747,0.0,0.616,0.0,0.0,3.04,0.361,44.902
820,13:40,PTR9,15,15,15,100.0,2724.18,54.354,4.436,2.454,1.0,0.0,0.0,0.696,0.0,0.0,0.0,0.0,0.0,0.365,45.403
820,13:40,PTR10,16,16,16,100.0,2910.24,57.962,4.73,2.401,1.192,0.0,0.0,0.743,0.0,0.0,0.0,0.0,0.0,0.392,48.504
821,13:41,PTR6,15,15,15,100.0,2711.16,54.112,4.365,2.418,1.087,0.0,0.0,0.694,0.0,0.0,0.0,0.0,0.0,0.362,45.186
821,13:41,PTR7,15,15,15,100.0,2665.86,54.112,4.365,2.383,1.05,0.652,0.194,0.681,0.0,0.0,0.0,0.0,0.0,0.356,44.431
821,13:41,PTR8,16,15,15,100.0,2683.08,57.69,4.655,2.399,1.142,0.0,0.0,0.742,0.0,0.626,0.0,0.0,3.048,0.36,44.718
821,13:41,PTR9,15,15,15,100.0,2711.46,54.088,4.365,2.452,1.025,0.0,0.0,0.695,0.0,0.0,0.0,0.0,0.0,0.36,45.191
821,13:41,PTR10,16,16,16,100.0,2896.92,57.68,4.656,2.401,1.212,0.0,0.0,0.741,0.0,0.0,0.0,0.0,0.0,0.388,48.282
822,13:42,PTR6,15,15,15,100.0,2703.72,53.961,4.318,2.403,1.124,0.0,0.0,0.693,0.0,0.0,0.0,0.0,0.0,0.361,45.062
822,13:42,PTR7,15,15,15,100.0,2659.44,53.961,4.318,2.367,1.078,0.648,0.194,0.677,0.0,0.0,0.0,0.0,0.0,0.355,44.324
822,13:42,PTR8,16,15,15,100.0,2683.44,57.527,4.6,2.387,1.045,0.0,0.0,0.743,0.0,0.615,0.0,0.0,3.052,0.361,44.724
822,13:42,PTR9,15,15,15,100.0,2708.16,53.934,4.312,2.441,0.993,0.0,0.0,0.692,0.0,0.0,0.0,0.0,0.0,0.36,45.136
822,13:42,PTR10,16,16,16,100.0,2890.2,57.514,4.596,2.387,1.237,0.0,0.0,0.739,0.0,0.0,0.0,0.0,0.0,0.385,48.17
823,13:43,PTR6,15,15,15,100.0,2694.78,53.722,4.26,2.402,1.095,0.0,0.0,0.692,0.0,0.0,0.0,0.0,0.0,0.36,44.913
823,13:43,PTR7,15,15,15,100.0,2648.4,53.722,4.26,2.367,1.088,0.643,0.193,0.677,0.0,0.0,0.0,0.0,0.0,0.354,44.14
823,13:43,PTR8,16,15,15,100.0,2667.42,57.275,4.544,2.385,1.168,0.0,0.0,0.737,0.0,0.602,0.0,0.0,3.026,0.356,44.457
823,13:43,PTR9,15,15,15,100.0,2697.12,53.698,4.26,2.437,0.999,0.0,0.0,0.69,0.0,0.0,0.0,0.0,0.0,0.36,44.952
823,13:43,PTR10,16,16,16,100.0,2879.76,57.264,4.544,2.383,1.218,0.0,0.0,0.739,0.0,0.0,0.0,0.0,0.0,0.384,47.996
824,13:44,PTR6,15,15,15,100.0,2695.44,53.737,4.29,2.401,1.071,0.0,0.0,0.691,0.0,0.0,0.0,0.0,0.0,0.36,44.924
824,13:44,PTR7,15,15,15,100.0,2647.38,53.737,4.29,2.364,1.089,0.645,0.194,0.678,0.0,0.0,0.0,0.0,0.0,0.354,44.123
824,13:44,PTR8,16,15,15,100.0,2666.88,57.29,4.575,2.382,1.203,0.0,0.0,0.736,0.0,0.583,0.0,0.0,3.006,0.357,44.448
824,13:44,PTR9,15,15,15,100.0,2696.16,53.713,4.29,2.435,1.001,0.0,0.0,0.691,0.0,0.0,0.0,0.0,0.0,0.36,44.936
824,13:44,PTR10,16,16,16,100.0,2879.28,57.28,4.576,2.38,1.215,0.0,0.0,0.736,0.0,0.0,0.0,0.0,0.0,0.385,47.988
825,13:45,PTR6,15,15,15,100.0,2684.22,53.542,4.215,2.392,1.152,0.0,0.0,0.686,0.0,0.0,0.0,0.0,0.0,0.36,44.737
825,13:45,PTR7,15,15,15,100.0,2640.78,53.542,4.215,2.36,1.089,0.642,0.194,0.675,0.0,0.0,0.0,0.0,0.0,0.354,44.013
825,13:45,PTR8,16,15,15,100.0,2660.88,57.083,4.496,2.372,1.173,0.0,0.0,0.735,0.0,0.597,0.0,0.0,3.006,0.356,44.348
825,13:45,PTR9,15,15,15,100.0,2686.8,53.518,4.215,2.424,1.053,0.0,0.0,0.686,0.0,0.0,0.0,0.0,0.0,0.36,44.78
825,13:45,PTR10,16,16,16,100.0,2872.26,57.072,4.496,2.373,1.215,0.0,0.0,0.733,0.0,0.0,0.0,0.0,0.0,0.384,47.871
826,13:46,PTR6,15,15,15,100.0,2679.06,53.361,4.169,2.386,1.112,0.0,0.0,0.683,0.0,0.0,0.0,0.0,0.0,0.36,44.651
826,13:46,PTR7,15,15,15,100.0,2631.0,53.361,4.169,2.351,1.133,0.639,0.193,0.672,0.0,0.0,0.0,0.0,0.0,0.354,43.85
826,13:46,PTR8,16,15,15,100.0,2658.3,56.887,4.444,2.369,1.086,0.0,0.0,0.734,0.0,0.586,0.0,0.0,3.007,0.356,44.305
826,13:46,PTR9,15,15,15,100.0,2682.66,53.334,4.166,2.421,0.988,0.0,0.0,0.688,0.0,0.0,0.0,0.0,0.0,0.36,44.711
826,13:46,PTR10,16,16,16,100.0,2860.62,56.874,4.442,2.366,1.271,0.0,0.0,0.734,0.0,0.0,0.0,0.0,0.0,0.384,47.677
827,13:47,PTR6,15,15,15,100.0,2665.8,52.987,4.08,2.375,1.06,0.0,0.0,0.682,0.0,0.0,0.0,0.0,0.0,0.36,44.43
827,13:47,PTR7,15,15,15,100.0,2618.82,52.987,4.08,2.339,1.069,0.636,0.192,0.671,0.0,0.0,0.0,0.0,0.0,0.353,43.647
827,13:47,PTR8,16,15,15,100.0,2644.32,56.49,4.351,2.355,1.08,0.0,0.0,0.73,0.0,0.562,0.0,0.0,2.985,0.355,44.072
827,13:47,PTR9,15,15,15,100.0,2667.0,52.963,4.08,2.407,0.981,0.0,0.0,0.685,0.0,0.0,0.0,0.0,0.0,0.36,44.45
827,13:47,PTR10,16,16,16,100.0,2844.0,56.48,4.352,2.351,1.267,0.0,0.0,0.726,0.0,0.0,0.0,0.0,0.0,0.384,47.4
828,13:48,PTR6,15,15,15,100.0,2655.96,52.881,4.109,2.371,1.096,0.0,0.0,0.679,0.0,0.0,0.0,0.0,0.0,0.36,44.266
828,13:48,PTR7,15,15,15,100.0,2612.22,52.881,4.109,2.336,1.046,0.64,0.192,0.669,0.0,0.0,0.0,0.0,0.0,0.352,43.537
828,13:48,PTR8,16,15,15,100.0,2634.06,56.375,4.38,2.353,1.138,0.0,0.0,0.726,0.0,0.557,0.0,0.0,2.965,0.355,43.901
828,13:48,PTR9,15,15,15,100.0,2656.5,52.854,4.106,2.404,1.031,0.0,0.0,0.678,0.0,0.0,0.0,0.0,0.0,0.36,44.275
828,13:48,PTR10,16,16,16,100.0,2839.38,56.362,4.378,2.35,1.203,0.0,0.0,0.726,0.0,0.0,0.0,0.0,0.0,0.382,47.323
829,13:49,PTR6,15,15,15,100.0,2634.36,52.342,4.004,2.347,1.055,0.0,0.0,0.675,0.0,0.0,0.0,0.0,0.0,0.355,43.906
829,13:49,PTR7,15,15,15,100.0,2588.22,52.342,4.004,2.311,1.057,0.629,0.191,0.664,0.0,0.0,0.0,0.0,0.0,0.349,43.137
829,13:49,PTR8,16,15,15,100.0,2614.08,55.803,4.268,2.33,1.092,0.0,0.0,0.723,0.0,0.526,0.0,0.0,2.943,0.353,43.568
829,13:49,PTR9,15,15,15,100.0,2632.92,52.318,4.001,2.382,1.023,0.0,0.0,0.675,0.0,0.0,0.0,0.0,0.0,0.355,43.882
829,13:49,PTR10,16,16,16,100.0,2810.46,55.792,4.266,2.331,1.254,0.0,0.0,0.719,0.0,0.0,0.0,0.0,0.0,0.381,46.841
830,13:50,PTR6,15,15,15,100.0,2607.84,51.772,3.945,2.326,1.023,0.0,0.0,0.666,0.0,0.0,0.0,0.0,0.0,0.348,43.464
830,13:50,PTR7,15,15,15,100.0,2558.16,51.772,3.945,2.293,1.085,0.624,0.189,0.659,0.0,0.0,0.0,0.0,0.0,0.341,42.636
830,13:50,PTR8,16,15,15,100.0,2588.22,55.195,4.208,2.309,1.068,0.0,0.0,0.718,0.0,0.501,0.0,0.0,2.907,0.347,43.137
830,13:50,PTR9,15,15,15,100.0,2604.84,51.748,3.945,2.357,1.019,0.0,0.0,0.667,0.0,0.0,0.0,0.0,0.0,0.346,43.414
830,13:50,PTR10,16,16,16,100.0,2784.54,55.184,4.208,2.308,1.177,0.0,0.0,0.71,0.0,0.0,0.0,0.0,0.0,0.372,46.409
831,13:51,PTR6,15,15,15,100.0,2592.12,51.532,3.93,2.312,1.077,0.0,0.0,0.665,0.0,0.0,0.0,0.0,0.0,0.346,43.202
831,13:51,PTR7,15,15,15,100.0,2548.26,51.532,3.93,2.281,1.049,0.62,0.19,0.651,0.0,0.0,0.0,0.0,0.0,0.34,42.471
831,13:51,PTR8,16,15,15,100.0,2577.84,54.939,4.191,2.294,1.04,0.0,0.0,0.709,0.0,0.481,0.0,0.0,2.915,0.345,42.964
831,13:51,PTR9,15,15,15,100.0,2594.46,51.508,3.93,2.345,0.982,0.0,0.0,0.664,0.0,0.0,0.0,0.0,0.0,0.346,43.241
831,13:51,PTR10,16,16,16,100.0,2771.94,54.928,4.192,2.292,1.168,0.0,0.0,0.709,0.0,0.0,0.0,0.0,0.0,0.368,46.199
832,13:52,PTR6,15,15,15,100.0,2589.36,51.487,3.9,2.314,1.108,0.0,0.0,0.662,0.0,0.0,0.0,0.0,0.0,0.347,43.156
832,13:52,PTR7,15,15,15,100.0,2545.56,51.487,3.9,2.282,1.079,0.621,0.19,0.649,0.0,0.0,0.0,0.0,0.0,0.34,42.426
832,13:52,PTR8,16,15,15,100.0,2574.48,54.891,4.16,2.295,1.089,0.0,0.0,0.71,0.0,0.489,0.0,0.0,2.895,0.345,42.908
832,13:52,PTR9,15,15,15,100.0,2593.62,51.463,3.9,2.346,0.983,0.0,0.0,0.661,0.0,0.0,0.0,0.0,0.0,0.346,43.227
832,13:52,PTR10,16,16,16,100.0,2770.8,54.88,4.16,2.293,1.17,0.0,0.0,0.708,0.0,0.0,0.0,0.0,0.0,0.369,46.18
833,13:53,PTR6,15,15,15,100.0,2574.96,51.187,3.885,2.299,1.084,0.0,0.0,0.658,0.0,0.0,0.0,0.0,0.0,0.345,42.916
833,13:53,PTR7,15,15,15,100.0,2527.86,51.187,3.885,2.266,1.116,0.617,0.187,0.646,0.0,0.0,0.0,0.0,0.0,0.339,42.131
833,13:53,PTR8,16,15,15,100.0,2557.44,54.571,4.143,2.279,1.126,0.0,0.0,0.703,0.0,0.475,0.0,0.0,2.88,0.341,42.624
833,13:53,PTR9,15,15,15,100.0,2578.62,51.163,3.885,2.328,0.967,0.0,0.0,0.661,0.0,0.0,0.0,0.0,0.0,0.345,42.977
833,13:53,PTR10,16,16,16,100.0,2752.08,54.56,4.144,2.277,1.198,0.0,0.0,0.705,0.0,0.0,0.0,0.0,0.0,0.368,45.868
834,13:54,PTR6,15,15,15,100.0,2561.46,50.843,3.825,2.278,1.048,0.0,0.0,0.656,0.0,0.0,0.0,0.0,0.0,0.345,42.691
834,13:54,PTR7,15,15,15,100.0,2515.38,50.843,3.825,2.246,1.065,0.616,0.187,0.642,0.0,0.0,0.0,0.0,0.0,0.339,41.923
834,13:54,PTR8,16,15,15,100.0,2547.18,54.206,4.079,2.262,1.048,0.0,0.0,0.703,0.0,0.449,0.0,0.0,2.871,0.341,42.453
834,13:54,PTR9,15,15,15,100.0,2564.46,50.822,3.825,2.312,0.943,0.0,0.0,0.656,0.0,0.0,0.0,0.0,0.0,0.345,42.741
834,13:54,PTR10,16,16,16,100.0,2736.12,54.198,4.08,2.263,1.183,0.0,0.0,0.702,0.0,0.0,0.0,0.0,0.0,0.368,45.602
835,13:55,PTR6,15,15,15,100.0,2546.82,50.662,3.824,2.275,1.122,0.0,0.0,0.649,0.0,0.0,0.0,0.0,0.0,0.345,42.447
835,13:55,PTR7,15,15,15,100.0,2503.2,50.662,3.824,2.242,1.098,0.609,0.188,0.642,0.0,0.0,0.0,0.0,0.0,0.339,41.72
835,13:55,PTR8,16,15,15,100.0,2535.54,54.011,4.076,2.258,1.076,0.0,0.0,0.698,0.0,0.442,0.0,0.0,2.861,0.341,42.259
835,13:55,PTR9,15,15,15,100.0,2551.62,50.638,3.821,2.309,0.983,0.0,0.0,0.653,0.0,0.0,0.0,0.0,0.0,0.345,42.527
835,13:55,PTR10,16,16,16,100.0,2726.58,54.0,4.074,2.26,1.16,0.0,0.0,0.695,0.0,0.0,0.0,0.0,0.0,0.368,45.443
836,13:56,PTR6,15,15,15,100.0,2539.92,50.482,3.854,2.26,1.043,0.0,0.0,0.649,0.0,0.0,0.0,0.0,0.0,0.344,42.332
836,13:56,PTR7,15,15,15,100.0,2497.56,50.482,3.854,2.224,1.006,0.606,0.188,0.64,0.0,0.0,0.0,0.0,0.0,0.338,41.626
836,13:56,PTR8,16,15,15,100.0,2526.48,53.819,4.108,2.241,1.043,0.0,0.0,0.695,0.0,0.429,0.0,0.0,2.854,0.341,42.108
836,13:56,PTR9,15,15,15,100.0,2539.02,50.458,3.851,2.291,1.003,0.0,0.0,0.652,0.0,0.0,0.0,0.0,0.0,0.344,42.317
836,13:56,PTR10,16,16,16,100.0,2711.76,53.808,4.106,2.244,1.205,0.0,0.0,0.691,0.0,0.0,0.0,0.0,0.0,0.366,45.196
837,13:57,PTR6,15,15,15,100.0,2530.38,50.318,3.855,2.252,1.048,0.0,0.0,0.646,0.0,0.0,0.0,0.0,0.0,0.344,42.173
837,13:57,PTR7,15,15,15,100.0,2485.98,50.318,3.855,2.219,1.044,0.609,0.187,0.635,0.0,0.0,0.0,0.0,0.0,0.336,41.433
837,13:57,PTR8,16,15,15,100.0,2518.26,53.646,4.111,2.237,1.046,0.0,0.0,0.694,0.0,0.415,0.0,0.0,2.831,0.341,41.971
837,13:57,PTR9,15,15,15,100.0,2531.22,50.297,3.855,2.285,0.979,0.0,0.0,0.647,0.0,0.0,0.0,0.0,0.0,0.344,42.187
837,13:57,PTR10,16,16,16,100.0,2703.24,53.638,4.112,2.238,1.177,0.0,0.0,0.691,0.0,0.0,0.0,0.0,0.0,0.366,45.054
838,13:58,PTR6,15,15,15,100.0,2520.48,50.168,3.84,2.25,1.085,0.0,0.0,0.645,0.0,0.0,0.0,0.0,0.0,0.34,42.008
838,13:58,PTR7,15,15,15,100.0,2476.5,50.168,3.84,2.218,1.074,0.605,0.188,0.635,0.0,0.0,0.0,0.0,0.0,0.333,41.275
838,13:58,PTR8,16,15,15,100.0,2510.28,53.486,4.095,2.233,1.038,0.0,0.0,0.692,0.0,0.413,0.0,0.0,2.838,0.339,41.838
838,13:58,PTR9,15,15,15,100.0,2525.04,50.147,3.84,2.285,0.95,0.0,0.0,0.646,0.0,0.0,0.0,0.0,0.0,0.342,42.084
838,13:58,PTR10,16,16,16,100.0,2692.74,53.478,4.096,2.233,1.217,0.0,0.0,0.688,0.0,0.0,0.0,0.0,0.0,0.365,44.879
839,13:59,PTR6,15,15,15,100.0,2505.54,49.778,3.81,2.234,1.003,0.0,0.0,0.637,0.0,0.0,0.0,0.0,0.0,0.335,41.759
839,13:59,PTR7,15,15,15,100.0,2454.84,49.778,3.81,2.198,1.12,0.594,0.185,0.628,0.0,0.0,0.0,0.0,0.0,0.329,40.914
839,13:59,PTR8,16,15,15,100.0,2489.34,53.071,4.064,2.217,1.083,0.0,0.0,0.685,0.0,0.391,0.0,0.0,2.808,0.334,41.489
839,13:59,PTR9,15,15,15,100.0,2505.96,49.757,3.81,2.266,0.938,0.0,0.0,0.64,0.0,0.0,0.0,0.0,0.0,0.337,41.766
839,13:59,PTR10,16,16,16,100.0,2674.38,53.062,4.064,2.215,1.166,0.0,0.0,0.684,0.0,0.0,0.0,0.0,0.0,0.36,44.573
840,14:00,PTR6,15,15,15,100.0,2514.48,50.062,3.854,2.243,1.076,0.0,0.0,0.643,0.0,0.0,0.0,0.0,0.0,0.338,41.908
840,14:00,PTR7,15,15,15,100.0,2471.34,50.062,3.854,2.21,1.06,0.602,0.187,0.63,0.0,0.0,0.0,0.0,0.0,0.33,41.189
840,14:00,PTR8,16,15,15,100.0,2503.2,53.371,4.108,2.224,1.09,0.0,0.0,0.687,0.0,0.396,0.0,0.0,2.81,0.336,41.72
840,14:00,PTR9,15,15,15,100.0,2519.64,50.038,3.851,2.273,0.937,0.0,0.0,0.644,0.0,0.0,0.0,0.0,0.0,0.339,41.994
840,14:00,PTR10,16,16,16,100.0,2687.58,53.36,4.106,2.227,1.181,0.0,0.0,0.689,0.0,0.0,0.0,0.0,0.0,0.364,44.793
841,14:01,PTR6,15,15,15,100.0,2517.36,50.047,3.824,2.242,1.04,0.0,0.0,0.646,0.0,0.0,0.0,0.0,0.0,0.339,41.956
841,14:01,PTR7,15,15,15,100.0,2474.1,50.047,3.824,2.209,1.024,0.603,0.188,0.632,0.0,0.0,0.0,0.0,0.0,0.332,41.235
841,14:01,PTR8,16,15,15,100.0,2502.54,53.355,4.076,2.222,1.095,0.0,0.0,0.692,0.0,0.411,0.0,0.0,2.813,0.337,41.709
841,14:01,PTR9,15,15,15,100.0,2519.7,50.023,3.821,2.272,0.951,0.0,0.0,0.644,0.0,0.0,0.0,0.0,0.0,0.34,41.995
841,14:01,PTR10,16,16,16,100.0,2687.82,53.344,4.074,2.226,1.194,0.0,0.0,0.689,0.0,0.0,0.0,0.0,0.0,0.364,44.797
842,14:02,PTR6,15,15,15,100.0,2505.24,49.762,3.749,2.227,1.051,0.0,0.0,0.644,0.0,0.0,0.0,0.0,0.0,0.337,41.754
842,14:02,PTR7,15,15,15,100.0,2458.62,49.762,3.749,2.195,1.105,0.596,0.186,0.626,0.0,0.0,0.0,0.0,0.0,0.328,40.977
842,14:02,PTR8,16,15,15,100.0,2490.78,53.051,3.995,2.211,1.109,0.0,0.0,0.684,0.0,0.397,0.0,0.0,2.807,0.335,41.513
842,14:02,PTR9,15,15,15,100.0,2508.78,49.738,3.746,2.257,0.945,0.0,0.0,0.641,0.0,0.0,0.0,0.0,0.0,0.336,41.813
842,14:02,PTR10,16,16,16,100.0,2678.34,53.04,3.994,2.211,1.148,0.0,0.0,0.686,0.0,0.0,0.0,0.0,0.0,0.362,44.639
843,14:03,PTR6,15,15,15,100.0,2485.32,49.462,3.794,2.211,1.067,0.0,0.0,0.637,0.0,0.0,0.0,0.0,0.0,0.331,41.422
843,14:03,PTR7,15,15,15,100.0,2444.94,49.462,3.794,2.18,1.01,0.592,0.185,0.626,0.0,0.0,0.0,0.0,0.0,0.326,40.749
843,14:03,PTR8,16,15,15,100.0,2475.9,52.731,4.043,2.195,1.072,0.0,0.0,0.681,0.0,0.355,0.0,0.0,2.79,0.33,41.265
843,14:03,PTR9,15,15,15,100.0,2490.36,49.438,3.791,2.243,0.928,0.0,0.0,0.639,0.0,0.0,0.0,0.0,0.0,0.331,41.506
843,14:03,PTR10,16,16,16,100.0,2659.8,52.72,4.042,2.196,1.116,0.0,0.0,0.68,0.0,0.0,0.0,0.0,0.0,0.356,44.33
844,14:04,PTR6,15,15,15,100.0,2466.6,49.058,3.72,2.203,1.063,0.0,0.0,0.632,0.0,0.0,0.0,0.0,0.0,0.33,41.11
844,14:04,PTR7,15,15,15,100.0,2424.96,49.058,3.72,2.169,1.03,0.594,0.184,0.62,0.0,0.0,0.0,0.0,0.0,0.325,40.416
844,14:04,PTR8,16,15,15,100.0,2457.9,52.303,3.968,2.187,1.062,0.0,0.0,0.677,0.0,0.355,0.0,0.0,2.76,0.329,40.965
844,14:04,PTR9,15,15,15,100.0,2469.24,49.037,3.72,2.234,0.971,0.0,0.0,0.628,0.0,0.0,0.0,0.0,0.0,0.33,41.154
844,14:04,PTR10,16,16,16,100.0,2634.84,52.294,3.968,2.188,1.199,0.0,0.0,0.673,0.0,0.0,0.0,0.0,0.0,0.352,43.914
845,14:05,PTR6,15,15,15,100.0,2448.48,48.638,3.675,2.184,1.014,0.0,0.0,0.627,0.0,0.0,0.0,0.0,0.0,0.33,40.808
845,14:05,PTR7,15,15,15,100.0,2405.4,48.638,3.675,2.152,1.013,0.587,0.181,0.615,0.0,0.0,0.0,0.0,0.0,0.325,40.09
845,14:05,PTR8,16,15,15,100.0,2436.78,51.855,3.92,2.165,1.097,0.0,0.0,0.672,0.0,0.316,0.0,0.0,2.745,0.327,40.613
845,14:05,PTR9,15,15,15,100.0,2449.2,48.617,3.675,2.216,0.948,0.0,0.0,0.628,0.0,0.0,0.0,0.0,0.0,0.33,40.82
845,14:05,PTR10,16,16,16,100.0,2615.22,51.846,3.92,2.166,1.154,0.0,0.0,0.667,0.0,0.0,0.0,0.0,0.0,0.352,43.587
846,14:06,PTR6,15,15,15,100.0,2431.2,48.233,3.555,2.174,1.037,0.0,0.0,0.618,0.0,0.0,0.0,0.0,0.0,0.329,40.52
846,14:06,PTR7,15,15,15,100.0,2393.16,48.233,3.555,2.141,0.947,0.586,0.18,0.613,0.0,0.0,0.0,0.0,0.0,0.325,39.886
846,14:06,PTR8,16,15,15,100.0,2421.78,51.423,3.792,2.156,1.097,0.0,0.0,0.666,0.0,0.299,0.0,0.0,2.723,0.327,40.363
846,14:06,PTR9,15,15,15,100.0,2434.68,48.212,3.555,2.202,0.922,0.0,0.0,0.625,0.0,0.0,0.0,0.0,0.0,0.33,40.578
846,14:06,PTR10,16,16,16,100.0,2598.9,51.414,3.792,2.158,1.13,0.0,0.0,0.667,0.0,0.0,0.0,0.0,0.0,0.352,43.315
847,14:07,PTR6,15,15,15,100.0,2422.26,47.918,3.45,2.163,0.988,0.0,0.0,0.617,0.0,0.0,0.0,0.0,0.0,0.329,40.371
847,14:07,PTR7,15,15,15,100.0,2376.12,47.918,3.45,2.132,1.043,0.583,0.18,0.606,0.0,0.0,0.0,0.0,0.0,0.322,39.602
847,14:07,PTR8,16,15,15,100.0,2411.22,51.087,3.68,2.146,1.086,0.0,0.0,0.661,0.0,0.297,0.0,0.0,2.703,0.327,40.187
847,14:07,PTR9,15,15,15,100.0,2422.8,47.897,3.45,2.195,0.924,0.0,0.0,0.618,0.0,0.0,0.0,0.0,0.0,0.33,40.38
847,14:07,PTR10,16,16,16,100.0,2590.74,51.078,3.68,2.145,1.061,0.0,0.0,0.664,0.0,0.0,0.0,0.0,0.0,0.349,43.179
848,14:08,PTR6,15,15,15,100.0,2406.9,47.663,3.45,2.147,1.011,0.0,0.0,0.615,0.0,0.0,0.0,0.0,0.0,0.325,40.115
848,14:08,PTR7,15,15,15,100.0,2362.26,47.663,3.45,2.118,1.051,0.574,0.178,0.604,0.0,0.0,0.0,0.0,0.0,0.317,39.371
848,14:08,PTR8,16,15,15,100.0,2400.36,50.815,3.68,2.13,1.048,0.0,0.0,0.661,0.0,0.271,0.0,0.0,2.694,0.325,40.006
848,14:08,PTR9,15,15,15,100.0,2411.58,47.642,3.45,2.179,0.876,0.0,0.0,0.617,0.0,0.0,0.0,0.0,0.0,0.327,40.193
848,14:08,PTR10,16,16,16,100.0,2571.36,50.806,3.68,2.129,1.135,0.0,0.0,0.658,0.0,0.0,0.0,0.0,0.0,0.348,42.856
849,14:09,PTR6,15,15,15,100.0,2391.36,47.363,3.434,2.128,1.013,0.0,0.0,0.614,0.0,0.0,0.0,0.0,0.0,0.318,39.856
849,14:09,PTR7,15,15,15,100.0,2346.9,47.363,3.434,2.096,1.057,0.571,0.178,0.599,0.0,0.0,0.0,0.0,0.0,0.313,39.115
849,14:09,PTR8,16,15,15,100.0,2386.68,50.495,3.66,2.113,1.052,0.0,0.0,0.655,0.0,0.241,0.0,0.0,2.676,0.32,39.778
849,14:09,PTR9,15,15,15,100.0,2393.22,47.342,3.431,2.162,0.926,0.0,0.0,0.615,0.0,0.0,0.0,0.0,0.0,0.321,39.887
849,14:09,PTR10,16,16,16,100.0,2556.48,50.486,3.658,2.114,1.106,0.0,0.0,0.655,0.0,0.0,0.0,0.0,0.0,0.345,42.608
850,14:10,PTR6,15,15,15,100.0,2375.4,46.973,3.33,2.124,1.006,0.0,0.0,0.607,0.0,0.0,0.0,0.0,0.0,0.316,39.59
850,14:10,PTR7,15,15,15,100.0,2334.72,46.973,3.33,2.092,0.984,0.57,0.178,0.596,0.0,0.0,0.0,0.0,0.0,0.311,38.912
850,14:10,PTR8,16,15,15,100.0,2374.98,50.079,3.552,2.109,0.951,0.0,0.0,0.654,0.0,0.244,0.0,0.0,2.668,0.318,39.583
850,14:10,PTR9,15,15,15,100.0,2377.08,46.952,3.33,2.153,0.927,0.0,0.0,0.609,0.0,0.0,0.0,0.0,0.0,0.315,39.618
850,14:10,PTR10,16,16,16,100.0,2539.32,50.07,3.552,2.107,1.102,0.0,0.0,0.65,0.0,0.0,0.0,0.0,0.0,0.337,42.322
851,14:11,PTR6,15,15,15,100.0,2364.48,46.808,3.374,2.104,1.003,0.0,0.0,0.604,0.0,0.0,0.0,0.0,0.0,0.315,39.408
851,14:11,PTR7,15,15,15,100.0,2325.78,46.808,3.374,2.075,0.947,0.567,0.176,0.596,0.0,0.0,0.0,0.0,0.0,0.31,38.763
851,14:11,PTR8,16,15,15,100.0,2363.04,49.903,3.596,2.09,1.003,0.0,0.0,0.65,0.0,0.218,0.0,0.0,2.646,0.316,39.384
851,14:11,PTR9,15,15,15,100.0,2363.28,46.787,3.371,2.136,0.974,0.0,0.0,0.602,0.0,0.0,0.0,0.0,0.0,0.316,39.388
851,14:11,PTR10,16,16,16,100.0,2524.8,49.894,3.594,2.095,1.142,0.0,0.0,0.646,0.0,0.0,0.0,0.0,0.0,0.337,42.08
852,14:12,PTR6,15,15,15,100.0,2353.56,46.687,3.419,2.099,1.025,0.0,0.0,0.603,0.0,0.0,0.0,0.0,0.0,0.315,39.226
852,14:12,PTR7,15,15,15,100.0,2313.18,46.687,3.419,2.07,1.005,0.565,0.175,0.59,0.0,0.0,0.0,0.0,0.0,0.31,38.553
852,14:12,PTR8,16,15,15,100.0,2353.2,49.772,3.644,2.082,1.027,0.0,0.0,0.645,0.0,0.216,0.0,0.0,2.625,0.313,39.22
852,14:12,PTR9,15,15,15,100.0,2352.9,46.663,3.416,2.128,0.986,0.0,0.0,0.603,0.0,0.0,0.0,0.0,0.0,0.315,39.215
852,14:12,PTR10,16,16,16,100.0,2515.92,49.76,3.642,2.081,1.127,0.0,0.0,0.642,0.0,0.0,0.0,0.0,0.0,0.336,41.932
853,14:13,PTR6,15,15,15,100.0,2342.82,46.508,3.435,2.092,1.022,0.0,0.0,0.597,0.0,0.0,0.0,0.0,0.0,0.315,39.047
853,14:13,PTR7,15,15,15,100.0,2302.74,46.508,3.435,2.062,0.996,0.563,0.175,0.588,0.0,0.0,0.0,0.0,0.0,0.31,38.379
853,14:13,PTR8,16,15,15,100.0,2343.72,49.583,3.663,2.074,0.99,0.0,0.0,0.642,0.0,0.213,0.0,0.0,2.626,0.313,39.062
853,14:13,PTR9,15,15,15,100.0,2344.68,46.487,3.435,2.12,0.94,0.0,0.0,0.599,0.0,0.0,0.0,0.0,0.0,0.315,39.078
853,14:13,PTR10,16,16,16,100.0,2505.6,49.574,3.664,2.074,1.1,0.0,0.0,0.64,0.0,0.0,0.0,0.0,0.0,0.336,41.76
854,14:14,PTR6,15,15,15,100.0,2334.3,46.268,3.359,2.078,1.014,0.0,0.0,0.597,0.0,0.0,0.0,0.0,0.0,0.315,38.905
854,14:14,PTR7,15,15,15,100.0,2292.72,46.268,3.359,2.048,1.02,0.559,0.174,0.586,0.0,0.0,0.0,0.0,0.0,0.31,38.212
854,14:14,PTR8,16,15,15,100.0,2332.08,49.327,3.58,2.06,1.06,0.0,0.0,0.639,0.0,0.193,0.0,0.0,2.614,0.313,38.868
854,14:14,PTR9,15,15,15,100.0,2335.32,46.247,3.356,2.109,0.947,0.0,0.0,0.598,0.0,0.0,0.0,0.0,0.0,0.315,38.922
854,14:14,PTR10,16,16,16,100.0,2497.14,49.318,3.578,2.065,1.08,0.0,0.0,0.64,0.0,0.0,0.0,0.0,0.0,0.336,41.619
855,14:15,PTR6,15,15,15,100.0,2321.46,45.938,3.284,2.069,0.987,0.0,0.0,0.592,0.0,0.0,0.0,0.0,0.0,0.315,38.691
855,14:15,PTR7,15,15,15,100.0,2279.58,45.938,3.284,2.038,0.998,0.557,0.174,0.584,0.0,0.0,0.0,0.0,0.0,0.31,37.993
855,14:15,PTR8,16,15,15,100.0,2317.68,48.975,3.5,2.055,1.063,0.0,0.0,0.635,0.0,0.179,0.0,0.0,2.602,0.313,38.628
855,14:15,PTR9,15,15,15,100.0,2322.72,45.917,3.281,2.101,0.913,0.0,0.0,0.595,0.0,0.0,0.0,0.0,0.0,0.315,38.712
855,14:15,PTR10,16,16,16,100.0,2480.34,48.966,3.498,2.055,1.102,0.0,0.0,0.637,0.0,0.0,0.0,0.0,0.0,0.335,41.339
856,14:16,PTR6,15,15,15,100.0,2323.62,45.923,3.24,2.073,0.972,0.0,0.0,0.596,0.0,0.0,0.0,0.0,0.0,0.315,38.727
856,14:16,PTR7,15,15,15,100.0,2281.92,45.923,3.24,2.043,0.99,0.553,0.173,0.582,0.0,0.0,0.0,0.0,0.0,0.31,38.032
856,14:16,PTR8,16,15,15,100.0,2321.46,48.96,3.456,2.057,1.021,0.0,0.0,0.637,0.0,0.183,0.0,0.0,2.602,0.313,38.691
856,14:16,PTR9,15,15,15,100.0,2321.82,45.902,3.24,2.101,0.953,0.0,0.0,0.596,0.0,0.0,0.0,0.0,0.0,0.315,38.697
856,14:16,PTR10,16,16,16,100.0,2483.34,48.95,3.456,2.055,1.08,0.0,0.0,0.634,0.0,0.0,0.0,0.0,0.0,0.336,41.389
857,14:17,PTR6,15,15,15,100.0,2319.0,45.848,3.24,2.072,0.976,0.0,0.0,0.595,0.0,0.0,0.0,0.0,0.0,0.315,38.65
857,14:17,PTR7,15,15,15,100.0,2279.46,45.848,3.24,2.043,0.953,0.556,0.172,0.584,0.0,0.0,0.0,0.0,0.0,0.309,37.991
857,14:17,PTR8,16,15,15,100.0,2318.1,48.879,3.455,2.057,1.008,0.0,0.0,0.637,0.0,0.179,0.0,0.0,2.595,0.313,38.635
857,14:17,PTR9,15,15,15,100.0,2319.36,45.827,3.24,2.1,0.921,0.0,0.0,0.595,0.0,0.0,0.0,0.0,0.0,0.315,38.656
857,14:17,PTR10,16,16,16,100.0,2479.2,48.87,3.456,2.055,1.071,0.0,0.0,0.633,0.0,0.0,0.0,0.0,0.0,0.335,41.32
858,14:18,PTR6,15,15,15,100.0,2311.08,45.638,3.18,2.061,0.976,0.0,0.0,0.589,0.0,0.0,0.0,0.0,0.0,0.314,38.518
858,14:18,PTR7,15,15,15,100.0,2268.96,45.638,3.18,2.031,0.997,0.553,0.173,0.58,0.0,0.0,0.0,0.0,0.0,0.308,37.816
858,14:18,PTR8,16,15,15,100.0,2310.9,48.655,3.391,2.044,1.002,0.0,0.0,0.635,0.0,0.16,0.0,0.0,2.595,0.313,38.515
858,14:18,PTR9,15,15,15,100.0,2309.28,45.617,3.18,2.088,0.954,0.0,0.0,0.592,0.0,0.0,0.0,0.0,0.0,0.315,38.488
858,14:18,PTR10,16,16,16,100.0,2471.1,48.646,3.392,2.042,1.06,0.0,0.0,0.633,0.0,0.0,0.0,0.0,0.0,0.334,41.185
859,14:19,PTR6,15,15,15,100.0,2306.64,45.458,3.089,2.051,0.97,0.0,0.0,0.59,0.0,0.0,0.0,0.0,0.0,0.314,38.444
859,14:19,PTR7,15,15,15,100.0,2265.12,45.458,3.089,2.023,0.983,0.551,0.172,0.58,0.0,0.0,0.0,0.0,0.0,0.308,37.752
859,14:19,PTR8,16,15,15,100.0,2302.62,48.464,3.293,2.037,1.077,0.0,0.0,0.629,0.0,0.168,0.0,0.0,2.571,0.312,38.377
859,14:19,PTR9,15,15,15,100.0,2308.8,45.437,3.086,2.084,0.884,0.0,0.0,0.589,0.0,0.0,0.0,0.0,0.0,0.314,38.48
859,14:19,PTR10,16,16,16,100.0,2464.02,48.454,3.29,2.038,1.098,0.0,0.0,0.627,0.0,0.0,0.0,0.0,0.0,0.334,41.067
860,14:20,PTR6,15,15,15,100.0,2305.74,45.473,3.075,2.064,1.006,0.0,0.0,0.586,0.0,0.0,0.0,0.0,0.0,0.313,38.429
860,14:20,PTR7,15,15,15,100.0,2264.52,45.473,3.075,2.033,1.012,0.554,0.171,0.58,0.0,0.0,0.0,0.0,0.0,0.306,37.742
860,14:20,PTR8,16,15,15,100.0,2304.72,48.48,3.28,2.045,1.058,0.0,0.0,0.632,0.0,0.165,0.0,0.0,2.577,0.311,38.412
860,14:20,PTR9,15,15,15,100.0,2308.02,45.452,3.075,2.091,0.913,0.0,0.0,0.591,0.0,0.0,0.0,0.0,0.0,0.315,38.467
860,14:20,PTR10,16,16,16,100.0,2467.14,48.47,3.28,2.045,1.065,0.0,0.0,0.628,0.0,0.0,0.0,0.0,0.0,0.333,41.119
861,14:21,PTR6,15,15,15,100.0,2297.82,45.278,3.045,2.052,0.986,0.0,0.0,0.587,0.0,0.0,0.0,0.0,0.0,0.311,38.297
861,14:21,PTR7,15,15,15,100.0,2257.62,45.278,3.045,2.023,0.98,0.55,0.17,0.579,0.0,0.0,0.0,0.0,0.0,0.304,37.627
861,14:21,PTR8,16,15,15,100.0,2300.1,48.271,3.247,2.036,1.012,0.0,0.0,0.631,0.0,0.132,0.0,0.0,2.566,0.312,38.335
861,14:21,PTR9,15,15,15,100.0,2301.36,45.257,3.045,2.082,0.876,0.0,0.0,0.587,0.0,0.0,0.0,0.0,0.0,0.311,38.356
861,14:21,PTR10,16,16,16,100.0,2454.06,48.262,3.248,2.033,1.121,0.0,0.0,0.627,0.0,0.0,0.0,0.0,0.0,0.332,40.901
862,14:22,PTR6,15,15,15,100.0,2295.24,45.233,3.029,2.042,1.013,0.0,0.0,0.585,0.0,0.0,0.0,0.0,0.0,0.31,38.254
862,14:22,PTR7,15,15,15,100.0,2254.98,45.233,3.029,2.013,1.004,0.549,0.171,0.578,0.0,0.0,0.0,0.0,0.0,0.306,37.583
862,14:22,PTR8,16,15,15,100.0,2297.22,48.223,3.227,2.029,1.033,0.0,0.0,0.629,0.0,0.142,0.0,0.0,2.564,0.312,38.287
862,14:22,PTR9,15,15,15,100.0,2299.08,45.212,3.026,2.074,0.896,0.0,0.0,0.586,0.0,0.0,0.0,0.0,0.0,0.312,38.318
862,14:22,PTR10,16,16,16,100.0,2456.04,48.214,3.226,2.032,1.062,0.0,0.0,0.628,0.0,0.0,0.0,0.0,0.0,0.332,40.934
863,14:23,PTR6,15,15,15,100.0,2286.54,45.039,2.986,2.046,1.007,0.0,0.0,0.586,0.0,0.0,0.0,0.0,0.0,0.305,38.109
863,14:23,PTR7,15,15,15,100.0,2245.68,45.039,2.986,2.013,1.012,0.55,0.17,0.578,0.0,0.0,0.0,0.0,0.0,0.302,37.428
863,14:23,PTR8,16,15,15,100.0,2287.26,48.019,3.187,2.028,1.023,0.0,0.0,0.626,0.0,0.154,0.0,0.0,2.572,0.308,38.121
863,14:23,PTR9,15,15,15,100.0,2288.04,45.021,2.989,2.071,0.934,0.0,0.0,0.586,0.0,0.0,0.0,0.0,0.0,0.307,38.134
863,14:23,PTR10,16,16,16,100.0,2447.94,48.012,3.19,2.027,1.038,0.0,0.0,0.626,0.0,0.0,0.0,0.0,0.0,0.332,40.799
864,14:24,PTR6,15,15,15,100.0,2287.38,45.113,3.06,2.04,1.0,0.0,0.0,0.583,0.0,0.0,0.0,0.0,0.0,0.307,38.123
864,14:24,PTR7,15,15,15,100.0,2244.48,45.113,3.06,2.012,1.044,0.543,0.17,0.576,0.0,0.0,0.0,0.0,0.0,0.3,37.408
864,14:24,PTR8,16,15,15,100.0,2292.12,48.096,3.264,2.025,0.942,0.0,0.0,0.629,0.0,0.148,0.0,0.0,2.578,0.308,38.202
864,14:24,PTR9,15,15,15,100.0,2290.98,45.092,3.06,2.068,0.884,0.0,0.0,0.589,0.0,0.0,0.0,0.0,0.0,0.308,38.183
864,14:24,PTR10,16,16,16,100.0,2446.02,48.086,3.264,2.025,1.071,0.0,0.0,0.627,0.0,0.0,0.0,0.0,0.0,0.332,40.767
865,14:25,PTR6,15,15,15,100.0,2287.26,44.978,2.984,2.036,0.947,0.0,0.0,0.584,0.0,0.0,0.0,0.0,0.0,0.306,38.121
865,14:25,PTR7,15,15,15,100.0,2247.42,44.978,2.984,2.004,0.934,0.549,0.17,0.578,0.0,0.0,0.0,0.0,0.0,0.302,37.457
865,14:25,PTR8,16,15,15,100.0,2285.52,47.951,3.179,2.02,1.04,0.0,0.0,0.625,0.0,0.132,0.0,0.0,2.556,0.307,38.092
865,14:25,PTR9,15,15,15,100.0,2286.96,44.957,2.981,2.064,0.904,0.0,0.0,0.585,0.0,0.0,0.0,0.0,0.0,0.307,38.116
865,14:25,PTR10,16,16,16,100.0,2439.66,47.942,3.178,2.019,1.133,0.0,0.0,0.623,0.0,0.0,0.0,0.0,0.0,0.328,40.661
866,14:26,PTR6,15,15,15,100.0,2286.96,44.873,2.864,2.037,0.965,0.0,0.0,0.585,0.0,0.0,0.0,0.0,0.0,0.306,38.116
866,14:26,PTR7,15,15,15,100.0,2245.2,44.873,2.864,2.008,0.99,0.547,0.17,0.574,0.0,0.0,0.0,0.0,0.0,0.3,37.42
866,14:26,PTR8,16,15,15,100.0,2287.02,47.839,3.052,2.021,1.009,0.0,0.0,0.623,0.0,0.143,0.0,0.0,2.566,0.308,38.117
866,14:26,PTR9,15,15,15,100.0,2291.04,44.852,2.861,2.069,0.845,0.0,0.0,0.584,0.0,0.0,0.0,0.0,0.0,0.309,38.184
866,14:26,PTR10,16,16,16,100.0,2443.5,47.83,3.05,2.02,1.079,0.0,0.0,0.625,0.0,0.0,0.0,0.0,0.0,0.331,40.725
867,14:27,PTR6,15,15,15,100.0,2275.56,44.678,2.849,2.032,0.983,0.0,0.0,0.583,0.0,0.0,0.0,0.0,0.0,0.305,37.926
867,14:27,PTR7,15,15,15,100.0,2231.64,44.678,2.849,2.0,1.054,0.545,0.169,0.57,0.0,0.0,0.0,0.0,0.0,0.297,37.194
867,14:27,PTR8,16,15,15,100.0,2276.52,47.631,3.036,2.015,1.02,0.0,0.0,0.622,0.0,0.122,0.0,0.0,2.569,0.305,37.942
867,14:27,PTR9,15,15,15,100.0,2278.5,44.657,2.846,2.061,0.888,0.0,0.0,0.584,0.0,0.0,0.0,0.0,0.0,0.303,37.975
867,14:27,PTR10,16,16,16,100.0,2433.42,47.622,3.034,2.018,1.061,0.0,0.0,0.623,0.0,0.0,0.0,0.0,0.0,0.329,40.557
868,14:28,PTR6,15,15,15,100.0,2270.82,44.573,2.865,2.025,0.955,0.0,0.0,0.579,0.0,0.0,0.0,0.0,0.0,0.302,37.847
868,14:28,PTR7,15,15,15,100.0,2226.66,44.573,2.865,1.997,1.027,0.541,0.168,0.568,0.0,0.0,0.0,0.0,0.0,0.296,37.111
868,14:28,PTR8,16,15,15,100.0,2271.12,47.52,3.056,2.01,1.035,0.0,0.0,0.623,0.0,0.109,0.0,0.0,2.53,0.305,37.852
868,14:28,PTR9,15,15,15,100.0,2272.62,44.552,2.865,2.054,0.871,0.0,0.0,0.583,0.0,0.0,0.0,0.0,0.0,0.302,37.877
868,14:28,PTR10,16,16,16,100.0,2425.56,47.51,3.056,2.008,1.077,0.0,0.0,0.619,0.0,0.0,0.0,0.0,0.0,0.324,40.426
869,14:29,PTR6,15,15,15,100.0,2261.34,44.408,2.864,2.013,0.962,0.0,0.0,0.579,0.0,0.0,0.0,0.0,0.0,0.301,37.689
869,14:29,PTR7,15,15,15,100.0,2221.32,44.408,2.864,1.983,0.968,0.539,0.167,0.57,0.0,0.0,0.0,0.0,0.0,0.295,37.022
869,14:29,PTR8,16,15,15,100.0,2263.08,47.344,3.052,1.997,1.004,0.0,0.0,0.62,0.0,0.111,0.0,0.0,2.54,0.302,37.718
869,14:29,PTR9,15,15,15,100.0,2265.06,44.387,2.861,2.043,0.852,0.0,0.0,0.578,0.0,0.0,0.0,0.0,0.0,0.302,37.751
869,14:29,PTR10,16,16,16,100.0,2416.26,47.334,3.05,1.999,1.075,0.0,0.0,0.618,0.0,0.0,0.0,0.0,0.0,0.321,40.271
870,14:30,PTR6,15,15,15,100.0,2246.34,44.138,2.849,2.001,0.973,0.0,0.0,0.576,0.0,0.0,0.0,0.0,0.0,0.3,37.439
870,14:30,PTR7,15,15,15,100.0,2208.72,44.138,2.849,1.971,0.939,0.539,0.168,0.565,0.0,0.0,0.0,0.0,0.0,0.295,36.812
870,14:30,PTR8,16,15,15,100.0,2248.68,47.055,3.035,1.986,1.015,0.0,0.0,0.616,0.0,0.101,0.0,0.0,2.524,0.3,37.478
870,14:30,PTR9,15,15,15,100.0,2247.54,44.117,2.846,2.031,0.904,0.0,0.0,0.577,0.0,0.0,0.0,0.0,0.0,0.3,37.459
870,14:30,PTR10,16,16,16,100.0,2401.44,47.046,3.034,1.987,1.068,0.0,0.0,0.613,0.0,0.0,0.0,0.0,0.0,0.32,40.024
871,14:31,PTR6,15,15,15,100.0,2237.52,43.958,2.804,1.998,0.993,0.0,0.0,0.571,0.0,0.0,0.0,0.0,0.0,0.3,37.292
871,14:31,PTR7,15,15,15,100.0,2199.36,43.958,2.804,1.969,0.966,0.537,0.167,0.564,0.0,0.0,0.0,0.0,0.0,0.295,36.656
871,14:31,PTR8,16,15,15,100.0,2241.42,46.863,2.988,1.983,1.025,0.0,0.0,0.614,0.0,0.085,0.0,0.0,2.512,0.299,37.357
871,14:31,PTR9,15,15,15,100.0,2241.3,43.937,2.801,2.031,0.875,0.0,0.0,0.575,0.0,0.0,0.0,0.0,0.0,0.3,37.355
871,14:31,PTR10,16,16,16,100.0,2390.46,46.854,2.986,1.984,1.11,0.0,0.0,0.613,0.0,0.0,0.0,0.0,0.0,0.32,39.841
872,14:32,PTR6,15,15,15,100.0,2225.64,43.719,2.761,1.991,1.005,0.0,0.0,0.568,0.0,0.0,0.0,0.0,0.0,0.3,37.094
872,14:32,PTR7,15,15,15,100.0,2191.2,43.719,2.761,1.961,0.919,0.532,0.166,0.565,0.0,0.0,0.0,0.0,0.0,0.295,36.52
872,14:32,PTR8,16,15,15,100.0,2234.22,46.611,2.947,1.973,0.975,0.0,0.0,0.612,0.0,0.074,0.0,0.0,2.494,0.299,37.237
872,14:32,PTR9,15,15,15,100.0,2229.78,43.701,2.764,2.014,0.89,0.0,0.0,0.57,0.0,0.0,0.0,0.0,0.0,0.3,37.163
872,14:32,PTR10,16,16,16,100.0,2381.94,46.604,2.95,1.972,1.052,0.0,0.0,0.611,0.0,0.0,0.0,0.0,0.0,0.32,39.699
873,14:33,PTR6,15,15,15,100.0,2215.38,43.418,2.729,1.969,0.931,0.0,0.0,0.566,0.0,0.0,0.0,0.0,0.0,0.3,36.923
873,14:33,PTR7,15,15,15,100.0,2173.98,43.418,2.729,1.943,0.968,0.53,0.165,0.555,0.0,0.0,0.0,0.0,0.0,0.295,36.233
873,14:33,PTR8,16,15,15,100.0,2220.78,46.288,2.908,1.957,0.965,0.0,0.0,0.609,0.0,0.056,0.0,0.0,2.481,0.299,37.013
873,14:33,PTR9,15,15,15,100.0,2216.82,43.397,2.726,2.001,0.855,0.0,0.0,0.568,0.0,0.0,0.0,0.0,0.0,0.3,36.947
873,14:33,PTR10,16,16,16,100.0,2367.84,46.278,2.906,1.955,1.027,0.0,0.0,0.607,0.0,0.0,0.0,0.0,0.0,0.319,39.464
874,14:34,PTR6,15,15,15,100.0,2192.88,42.969,2.656,1.96,0.946,0.0,0.0,0.561,0.0,0.0,0.0,0.0,0.0,0.298,36.548
874,14:34,PTR7,15,15,15,100.0,2151.0,42.969,2.656,1.931,1.008,0.525,0.163,0.548,0.0,0.0,0.0,0.0,0.0,0.288,35.85
874,14:34,PTR8,16,15,15,100.0,2198.16,45.811,2.835,1.943,1.014,0.0,0.0,0.598,0.0,0.032,0.0,0.0,2.455,0.298,36.636
874,14:34,PTR9,15,15,15,100.0,2193.0,42.951,2.659,1.985,0.897,0.0,0.0,0.562,0.0,0.0,0.0,0.0,0.0,0.298,36.55
874,14:34,PTR10,16,16,16,100.0,2343.0,45.804,2.838,1.942,1.057,0.0,0.0,0.6,0.0,0.0,0.0,0.0,0.0,0.317,39.05
875,14:35,PTR6,15,15,15,100.0,2175.96,42.653,2.594,1.948,0.997,0.0,0.0,0.557,0.0,0.0,0.0,0.0,0.0,0.291,36.266
875,14:35,PTR7,15,15,15,100.0,2137.98,42.653,2.594,1.919,0.988,0.523,0.162,0.548,0.0,0.0,0.0,0.0,0.0,0.286,35.633
875,14:35,PTR8,16,15,15,100.0,2186.7,45.472,2.765,1.933,0.976,0.0,0.0,0.597,0.0,0.031,0.0,0.0,2.431,0.294,36.445
875,14:35,PTR9,15,15,15,100.0,2181.84,42.632,2.591,1.975,0.85,0.0,0.0,0.556,0.0,0.0,0.0,0.0,0.0,0.296,36.364
875,14:35,PTR10,16,16,16,100.0,2328.36,45.462,2.762,1.933,1.056,0.0,0.0,0.59,0.0,0.0,0.0,0.0,0.0,0.315,38.806
876,14:36,PTR6,15,15,15,100.0,2157.42,42.353,2.639,1.932,0.987,0.0,0.0,0.552,0.0,0.0,0.0,0.0,0.0,0.286,35.957
876,14:36,PTR7,15,15,15,100.0,2121.9,42.353,2.639,1.903,0.944,0.517,0.161,0.543,0.0,0.0,0.0,0.0,0.0,0.281,35.365
876,14:36,PTR8,16,15,15,100.0,2171.04,45.152,2.812,1.918,0.928,0.0,0.0,0.591,0.0,0.017,0.0,0.0,2.41,0.292,36.184
876,14:36,PTR9,15,15,15,100.0,2163.3,42.332,2.636,1.96,0.837,0.0,0.0,0.556,0.0,0.0,0.0,0.0,0.0,0.288,36.055
876,14:36,PTR10,16,16,16,100.0,2307.0,45.142,2.81,1.917,1.07,0.0,0.0,0.588,0.0,0.0,0.0,0.0,0.0,0.307,38.45
877,14:37,PTR6,15,15,15,100.0,2145.42,42.009,2.565,1.909,0.945,0.0,0.0,0.548,0.0,0.0,0.0,0.0,0.0,0.285,35.757
877,14:37,PTR7,15,15,15,100.0,2105.4,42.009,2.565,1.88,0.983,0.512,0.16,0.539,0.0,0.0,0.0,0.0,0.0,0.28,35.09
877,14:37,PTR8,16,15,15,100.0,2158.8,44.787,2.735,1.892,0.906,0.0,0.0,0.589,0.0,0.0,0.0,0.0,2.398,0.287,35.98
877,14:37,PTR9,15,15,15,100.0,2147.7,41.991,2.565,1.933,0.863,0.0,0.0,0.55,0.0,0.0,0.0,0.0,0.0,0.285,35.795
877,14:37,PTR10,16,16,16,100.0,2291.94,44.78,2.736,1.895,1.058,0.0,0.0,0.588,0.0,0.0,0.0,0.0,0.0,0.304,38.199
878,14:38,PTR6,15,15,15,100.0,2138.46,41.814,2.505,1.912,0.922,0.0,0.0,0.549,0.0,0.0,0.0,0.0,0.0,0.285,35.641
878,14:38,PTR7,15,15,15,100.0,2096.82,41.814,2.505,1.886,0.992,0.511,0.159,0.534,0.0,0.0,0.0,0.0,0.0,0.28,34.947
878,14:38,PTR8,16,15,15,100.0,2148.54,44.58,2.672,1.899,0.94,0.0,0.0,0.585,0.0,0.0,0.0,0.0,2.389,0.286,35.809
878,14:38,PTR9,15,15,15,100.0,2139.72,41.796,2.505,1.94,0.855,0.0,0.0,0.549,0.0,0.0,0.0,0.0,0.0,0.285,35.662
878,14:38,PTR10,16,16,16,100.0,2283.9,44.572,2.672,1.899,1.046,0.0,0.0,0.586,0.0,0.0,0.0,0.0,0.0,0.304,38.065
879,14:39,PTR6,15,15,15,100.0,2126.28,41.513,2.414,1.897,0.937,0.0,0.0,0.542,0.0,0.0,0.0,0.0,0.0,0.285,35.438
879,14:39,PTR7,15,15,15,100.0,2086.92,41.513,2.414,1.871,0.963,0.511,0.158,0.534,0.0,0.0,0.0,0.0,0.0,0.28,34.782
879,14:39,PTR8,16,15,15,100.0,2134.98,44.256,2.572,1.883,0.965,0.0,0.0,0.581,0.0,0.0,0.0,0.0,2.387,0.285,35.583
879,14:39,PTR9,15,15,15,100.0,2127.6,41.492,2.411,1.925,0.868,0.0,0.0,0.543,0.0,0.0,0.0,0.0,0.0,0.285,35.46
879,14:39,PTR10,16,16,16,100.0,2271.3,44.246,2.57,1.884,1.051,0.0,0.0,0.582,0.0,0.0,0.0,0.0,0.0,0.304,37.855
880,14:40,PTR6,15,15,15,100.0,2117.7,41.259,2.37,1.883,0.885,0.0,0.0,0.541,0.0,0.0,0.0,0.0,0.0,0.285,35.295
880,14:40,PTR7,15,15,15,100.0,2077.68,41.259,2.37,1.854,0.93,0.507,0.158,0.532,0.0,0.0,0.0,0.0,0.0,0.28,34.628
880,14:40,PTR8,16,15,15,100.0,2125.02,43.988,2.528,1.865,0.945,0.0,0.0,0.579,0.0,0.0,0.0,0.0,2.369,0.285,35.417
880,14:40,PTR9,15,15,15,100.0,2120.04,41.241,2.37,1.91,0.799,0.0,0.0,0.543,0.0,0.0,0.0,0.0,0.0,0.285,35.334
880,14:40,PTR10,16,16,16,100.0,2262.54,43.98,2.528,1.866,0.994,0.0,0.0,0.579,0.0,0.0,0.0,0.0,0.0,0.304,37.709
881,14:41,PTR6,15,15,15,100.0,2105.88,41.034,2.295,1.882,0.934,0.0,0.0,0.54,0.0,0.0,0.0,0.0,0.0,0.285,35.098
881,14:41,PTR7,15,15,15,100.0,2069.94,41.034,2.295,1.853,0.915,0.504,0.156,0.532,0.0,0.0,0.0,0.0,0.0,0.28,34.499
881,14:41,PTR8,16,15,15,100.0,2115.42,43.748,2.448,1.865,0.947,0.0,0.0,0.576,0.0,0.0,0.0,0.0,2.37,0.285,35.257
881,14:41,PTR9,15,15,15,100.0,2108.46,41.016,2.295,1.91,0.844,0.0,0.0,0.541,0.0,0.0,0.0,0.0,0.0,0.285,35.141
881,14:41,PTR10,16,16,16,100.0,2252.7,43.74,2.448,1.866,1.003,0.0,0.0,0.574,0.0,0.0,0.0,0.0,0.0,0.304,37.545
882,14:42,PTR6,15,15,15,100.0,2103.24,40.959,2.235,1.882,0.966,0.0,0.0,0.537,0.0,0.0,0.0,0.0,0.0,0.285,35.054
882,14:42,PTR7,15,15,15,100.0,2068.44,40.959,2.235,1.854,0.927,0.504,0.156,0.529,0.0,0.0,0.0,0.0,0.0,0.28,34.474
882,14:42,PTR8,16,15,15,100.0,2118.18,43.667,2.383,1.865,0.894,0.0,0.0,0.578,0.0,0.0,0.0,0.0,2.359,0.285,35.303
882,14:42,PTR9,15,15,15,100.0,2105.58,40.941,2.235,1.91,0.879,0.0,0.0,0.539,0.0,0.0,0.0,0.0,0.0,0.285,35.093
882,14:42,PTR10,16,16,16,100.0,2250.9,43.66,2.384,1.866,1.014,0.0,0.0,0.577,0.0,0.0,0.0,0.0,0.0,0.304,37.515
883,14:43,PTR6,15,15,15,100.0,2094.12,40.719,2.22,1.868,0.908,0.0,0.0,0.536,0.0,0.0,0.0,0.0,0.0,0.285,34.902
883,14:43,PTR7,15,15,15,100.0,2056.62,40.719,2.22,1.84,0.918,0.503,0.156,0.525,0.0,0.0,0.0,0.0,0.0,0.28,34.277
883,14:43,PTR8,16,15,15,100.0,2102.94,43.412,2.368,1.852,0.941,0.0,0.0,0.576,0.0,0.0,0.0,0.0,2.341,0.285,35.049
883,14:43,PTR9,15,15,15,100.0,2095.8,40.701,2.22,1.895,0.836,0.0,0.0,0.535,0.0,0.0,0.0,0.0,0.0,0.285,34.93
883,14:43,PTR10,16,16,16,100.0,2236.5,43.404,2.368,1.85,1.037,0.0,0.0,0.57,0.0,0.0,0.0,0.0,0.0,0.304,37.275
884,14:44,PTR6,15,15,15,100.0,2069.64,40.268,2.219,1.847,0.899,0.0,0.0,0.529,0.0,0.0,0.0,0.0,0.0,0.28,34.494
884,14:44,PTR7,15,15,15,100.0,2031.84,40.268,2.219,1.82,0.919,0.496,0.154,0.521,0.0,0.0,0.0,0.0,0.0,0.275,33.864
884,14:44,PTR8,16,15,15,100.0,2075.4,42.928,2.364,1.833,0.977,0.0,0.0,0.565,0.0,0.0,0.0,0.0,2.318,0.281,34.59
884,14:44,PTR9,15,15,15,100.0,2072.16,40.247,2.216,1.872,0.812,0.0,0.0,0.53,0.0,0.0,0.0,0.0,0.0,0.281,34.536
884,14:44,PTR10,16,16,16,100.0,2211.12,42.918,2.362,1.832,1.007,0.0,0.0,0.564,0.0,0.0,0.0,0.0,0.0,0.301,36.852
885,14:45,PTR6,15,15,15,100.0,2069.1,40.254,2.189,1.841,0.93,0.0,0.0,0.529,0.0,0.0,0.0,0.0,0.0,0.28,34.485
885,14:45,PTR7,15,15,15,100.0,2032.74,40.254,2.189,1.815,0.93,0.495,0.153,0.519,0.0,0.0,0.0,0.0,0.0,0.274,33.879
885,14:45,PTR8,16,16,16,100.0,2217.06,42.916,2.332,1.829,0.935,0.0,0.0,0.567,0.0,0.0,0.0,0.0,0.0,0.302,36.951
885,14:45,PTR9,15,15,15,100.0,2075.7,40.236,2.186,1.874,0.765,0.0,0.0,0.533,0.0,0.0,0.0,0.0,0.0,0.283,34.595
885,14:45,PTR10,16,16,16,100.0,2210.82,42.908,2.33,1.832,1.033,0.0,0.0,0.567,0.0,0.0,0.0,0.0,0.0,0.299,36.847
886,14:46,PTR6,15,15,15,100.0,2069.34,40.179,2.145,1.849,0.887,0.0,0.0,0.528,0.0,0.0,0.0,0.0,0.0,0.281,34.489
886,14:46,PTR7,15,15,15,100.0,2033.04,40.179,2.145,1.821,0.887,0.495,0.154,0.519,0.0,0.0,0.0,0.0,0.0,0.274,33.884
886,14:46,PTR8,16,16,16,100.0,2212.44,42.836,2.288,1.834,0.975,0.0,0.0,0.566,0.0,0.0,0.0,0.0,0.0,0.299,36.874
886,14:46,PTR9,15,15,15,100.0,2073.48,40.161,2.145,1.872,0.777,0.0,0.0,0.528,0.0,0.0,0.0,0.0,0.0,0.281,34.558
886,14:46,PTR10,16,16,16,100.0,2208.6,42.828,2.288,1.833,1.035,0.0,0.0,0.563,0.0,0.0,0.0,0.0,0.0,0.299,36.81
887,14:47,PTR6,15,15,15,100.0,2062.08,40.149,2.189,1.835,0.953,0.0,0.0,0.528,0.0,0.0,0.0,0.0,0.0,0.276,34.368
887,14:47,PTR7,15,15,15,100.0,2030.52,40.149,2.189,1.809,0.87,0.495,0.154,0.518,0.0,0.0,0.0,0.0,0.0,0.272,33.842
887,14:47,PTR8,16,16,16,100.0,2213.7,42.803,2.331,1.823,0.888,0.0,0.0,0.567,0.0,0.0,0.0,0.0,0.0,0.299,36.895
887,14:47,PTR9,15,15,15,100.0,2064.06,40.131,2.186,1.862,0.877,0.0,0.0,0.528,0.0,0.0,0.0,0.0,0.0,0.277,34.401
887,14:47,PTR10,16,16,16,100.0,2207.94,42.796,2.33,1.825,0.976,0.0,0.0,0.566,0.0,0.0,0.0,0.0,0.0,0.3,36.799
888,14:48,PTR6,15,15,15,100.0,2043.36,39.789,2.174,1.821,0.945,0.0,0.0,0.523,0.0,0.0,0.0,0.0,0.0,0.27,34.056
888,14:48,PTR7,15,15,15,100.0,2005.74,39.789,2.174,1.794,0.972,0.49,0.152,0.512,0.0,0.0,0.0,0.0,0.0,0.266,33.429
888,14:48,PTR8,16,16,16,100.0,2192.7,42.42,2.316,1.808,0.898,0.0,0.0,0.561,0.0,0.0,0.0,0.0,0.0,0.292,36.545
888,14:48,PTR9,15,15,15,100.0,2048.82,39.771,2.171,1.848,0.81,0.0,0.0,0.525,0.0,0.0,0.0,0.0,0.0,0.27,34.147
888,14:48,PTR10,16,16,16,100.0,2185.98,42.412,2.314,1.808,1.008,0.0,0.0,0.56,0.0,0.0,0.0,0.0,0.0,0.289,36.433
889,14:49,PTR6,15,15,15,100.0,2034.84,39.609,2.16,1.822,0.925,0.0,0.0,0.518,0.0,0.0,0.0,0.0,0.0,0.27,33.914
889,14:49,PTR7,15,15,15,100.0,2001.48,39.609,2.16,1.797,0.877,0.488,0.151,0.512,0.0,0.0,0.0,0.0,0.0,0.266,33.358
889,14:49,PTR8,16,16,16,100.0,2180.4,42.228,2.304,1.811,0.926,0.0,0.0,0.557,0.0,0.0,0.0,0.0,0.0,0.29,36.34
889,14:49,PTR9,15,15,15,100.0,2036.04,39.591,2.16,1.848,0.859,0.0,0.0,0.52,0.0,0.0,0.0,0.0,0.0,0.27,33.934
889,14:49,PTR10,16,16,16,100.0,2172.18,42.22,2.304,1.809,1.062,0.0,0.0,0.554,0.0,0.0,0.0,0.0,0.0,0.288,36.203
890,14:50,PTR6,15,15,15,100.0,2034.18,39.533,2.143,1.808,0.887,0.0,0.0,0.522,0.0,0.0,0.0,0.0,0.0,0.27,33.903
890,14:50,PTR7,15,15,15,100.0,1997.7,39.533,2.143,1.783,0.899,0.487,0.151,0.509,0.0,0.0,0.0,0.0,0.0,0.266,33.295
890,14:50,PTR8,16,16,16,100.0,2178.48,42.144,2.28,1.799,0.91,0.0,0.0,0.557,0.0,0.0,0.0,0.0,0.0,0.29,36.308
890,14:50,PTR9,15,15,15,100.0,2033.64,39.512,2.137,1.834,0.857,0.0,0.0,0.52,0.0,0.0,0.0,0.0,0.0,0.27,33.894
890,14:50,PTR10,16,16,16,100.0,2171.82,42.134,2.276,1.799,1.018,0.0,0.0,0.556,0.0,0.0,0.0,0.0,0.0,0.288,36.197
891,14:51,PTR6,15,15,15,100.0,2010.48,39.069,2.07,1.8,0.908,0.0,0.0,0.513,0.0,0.0,0.0,0.0,0.0,0.27,33.508
891,14:51,PTR7,15,15,15,100.0,1974.78,39.069,2.07,1.775,0.91,0.482,0.15,0.504,0.0,0.0,0.0,0.0,0.0,0.265,32.913
891,14:51,PTR8,16,16,16,100.0,2151.42,41.652,2.208,1.787,0.961,0.0,0.0,0.551,0.0,0.0,0.0,0.0,0.0,0.288,35.857
891,14:51,PTR9,15,15,15,100.0,2011.08,39.051,2.07,1.826,0.854,0.0,0.0,0.513,0.0,0.0,0.0,0.0,0.0,0.27,33.518
891,14:51,PTR10,16,16,16,100.0,2147.52,41.644,2.208,1.784,1.025,0.0,0.0,0.547,0.0,0.0,0.0,0.0,0.0,0.288,35.792
892,14:52,PTR6,15,15,15,100.0,1997.94,38.859,2.085,1.781,0.913,0.0,0.0,0.511,0.0,0.0,0.0,0.0,0.0,0.27,33.299
892,14:52,PTR7,15,15,15,100.0,1965.66,38.859,2.085,1.756,0.859,0.48,0.149,0.504,0.0,0.0,0.0,0.0,0.0,0.265,32.761
892,14:52,PTR8,16,16,16,100.0,2140.2,41.428,2.223,1.767,0.931,0.0,0.0,0.549,0.0,0.0,0.0,0.0,0.0,0.288,35.67
892,14:52,PTR9,15,15,15,100.0,1998.78,38.841,2.085,1.808,0.854,0.0,0.0,0.511,0.0,0.0,0.0,0.0,0.0,0.27,33.313
892,14:52,PTR10,16,16,16,100.0,2139.3,41.42,2.224,1.766,0.939,0.0,0.0,0.548,0.0,0.0,0.0,0.0,0.0,0.288,35.655
893,14:53,PTR6,15,15,15,100.0,1991.64,38.754,2.084,1.779,0.917,0.0,0.0,0.51,0.0,0.0,0.0,0.0,0.0,0.27,33.194
893,14:53,PTR7,15,15,15,100.0,1956.36,38.754,2.084,1.752,0.921,0.476,0.148,0.502,0.0,0.0,0.0,0.0,0.0,0.265,32.606
893,14:53,PTR8,16,16,16,100.0,2139.36,41.316,2.22,1.764,0.84,0.0,0.0,0.548,0.0,0.0,0.0,0.0,0.0,0.288,35.656
893,14:53,PTR9,15,15,15,100.0,1995.6,38.736,2.081,1.804,0.809,0.0,0.0,0.512,0.0,0.0,0.0,0.0,0.0,0.27,33.26
893,14:53,PTR10,16,16,16,100.0,2130.54,41.308,2.218,1.769,0.977,0.0,0.0,0.547,0.0,0.0,0.0,0.0,0.0,0.288,35.509
894,14:54,PTR6,15,15,15,100.0,1983.72,38.455,1.965,1.766,0.887,0.0,0.0,0.505,0.0,0.0,0.0,0.0,0.0,0.27,33.062
894,14:54,PTR7,15,15,15,100.0,1950.6,38.455,1.965,1.739,0.852,0.473,0.148,0.503,0.0,0.0,0.0,0.0,0.0,0.265,32.51
894,14:54,PTR8,16,16,16,100.0,2126.7,41.0,2.096,1.751,0.875,0.0,0.0,0.545,0.0,0.0,0.0,0.0,0.0,0.288,35.445
894,14:54,PTR9,15,15,15,100.0,1988.76,38.44,1.965,1.794,0.755,0.0,0.0,0.51,0.0,0.0,0.0,0.0,0.0,0.27,33.146
894,14:54,PTR10,16,16,16,100.0,2119.74,40.994,2.096,1.754,0.983,0.0,0.0,0.544,0.0,0.0,0.0,0.0,0.0,0.288,35.329
895,14:55,PTR6,15,15,15,100.0,1965.54,38.169,1.979,1.753,0.904,0.0,0.0,0.507,0.0,0.0,0.0,0.0,0.0,0.267,32.759
895,14:55,PTR7,15,15,15,100.0,1931.28,38.169,1.979,1.729,0.898,0.472,0.146,0.494,0.0,0.0,0.0,0.0,0.0,0.263,32.188
895,14:55,PTR8,16,16,16,100.0,2108.88,40.692,2.108,1.744,0.865,0.0,0.0,0.539,0.0,0.0,0.0,0.0,0.0,0.288,35.148
895,14:55,PTR9,15,15,15,100.0,1968.42,38.151,1.976,1.783,0.815,0.0,0.0,0.502,0.0,0.0,0.0,0.0,0.0,0.268,32.807
895,14:55,PTR10,16,16,16,100.0,2101.5,40.684,2.106,1.745,0.985,0.0,0.0,0.537,0.0,0.0,0.0,0.0,0.0,0.286,35.025
896,14:56,PTR6,15,15,15,100.0,1957.44,37.959,1.934,1.747,0.89,0.0,0.0,0.5,0.0,0.0,0.0,0.0,0.0,0.264,32.624
896,14:56,PTR7,15,15,15,100.0,1923.36,37.959,1.934,1.718,0.886,0.469,0.146,0.49,0.0,0.0,0.0,0.0,0.0,0.26,32.056
896,14:56,PTR8,16,16,16,100.0,2095.8,40.468,2.06,1.733,0.924,0.0,0.0,0.537,0.0,0.0,0.0,0.0,0.0,0.284,34.93
896,14:56,PTR9,15,15,15,100.0,1960.68,37.941,1.931,1.771,0.792,0.0,0.0,0.504,0.0,0.0,0.0,0.0,0.0,0.265,32.678
896,14:56,PTR10,16,16,16,100.0,2092.56,40.46,2.058,1.734,0.973,0.0,0.0,0.535,0.0,0.0,0.0,0.0,0.0,0.284,34.876
897,14:57,PTR6,15,15,15,100.0,1943.76,37.63,1.876,1.736,0.865,0.0,0.0,0.498,0.0,0.0,0.0,0.0,0.0,0.259,32.396
897,14:57,PTR7,15,15,15,100.0,1907.58,37.63,1.876,1.712,0.899,0.465,0.145,0.486,0.0,0.0,0.0,0.0,0.0,0.254,31.793
897,14:57,PTR8,16,16,16,100.0,2077.8,40.12,2.003,1.723,0.955,0.0,0.0,0.531,0.0,0.0,0.0,0.0,0.0,0.278,34.63
897,14:57,PTR9,15,15,15,100.0,1944.72,37.615,1.879,1.76,0.809,0.0,0.0,0.498,0.0,0.0,0.0,0.0,0.0,0.257,32.412
897,14:57,PTR10,16,16,16,100.0,2076.0,40.114,2.006,1.724,0.971,0.0,0.0,0.532,0.0,0.0,0.0,0.0,0.0,0.281,34.6
898,14:58,PTR6,15,15,15,100.0,1936.8,37.449,1.829,1.723,0.866,0.0,0.0,0.494,0.0,0.0,0.0,0.0,0.0,0.257,32.28
898,14:58,PTR7,15,15,15,100.0,1901.04,37.449,1.829,1.698,0.893,0.461,0.144,0.487,0.0,0.0,0.0,0.0,0.0,0.253,31.684
898,14:58,PTR8,16,16,16,100.0,2075.04,39.924,1.948,1.711,0.873,0.0,0.0,0.531,0.0,0.0,0.0,0.0,0.0,0.277,34.584
898,14:58,PTR9,15,15,15,100.0,1937.94,37.431,1.826,1.749,0.802,0.0,0.0,0.497,0.0,0.0,0.0,0.0,0.0,0.258,32.299
898,14:58,PTR10,16,16,16,100.0,2068.74,39.916,1.946,1.714,0.971,0.0,0.0,0.531,0.0,0.0,0.0,0.0,0.0,0.275,34.479
899,14:59,PTR6,15,15,15,100.0,1918.8,37.089,1.785,1.721,0.857,0.0,0.0,0.491,0.0,0.0,0.0,0.0,0.0,0.255,31.98
899,14:59,PTR7,15,15,15,100.0,1883.76,37.089,1.785,1.695,0.879,0.456,0.143,0.484,0.0,0.0,0.0,0.0,0.0,0.251,31.396
899,14:59,PTR8,16,16,16,100.0,2055.42,39.541,1.904,1.705,0.876,0.0,0.0,0.525,0.0,0.0,0.0,0.0,0.0,0.274,34.257
899,14:59,PTR9,15,15,15,100.0,1916.7,37.071,1.785,1.741,0.855,0.0,0.0,0.49,0.0,0.0,0.0,0.0,0.0,0.255,31.945
899,14:59,PTR10,16,16,16,100.0,2051.28,39.532,1.904,1.704,0.939,0.0,0.0,0.525,0.0,0.0,0.0,0.0,0.0,0.272,34.188
900,15:00,PTR6,15,15,15,100.0,1898.94,36.73,1.785,1.693,0.863,0.0,0.0,0.485,0.0,0.0,0.0,0.0,0.0,0.255,31.649
900,15:00,PTR7,15,15,15,100.0,1865.1,36.73,1.785,1.671,0.863,0.457,0.142,0.476,0.0,0.0,0.0,0.0,0.0,0.251,31.085
900,15:00,PTR8,16,16,16,100.0,2033.46,39.16,1.904,1.685,0.885,0.0,0.0,0.523,0.0,0.0,0.0,0.0,0.0,0.272,33.891
900,15:00,PTR9,15,15,15,100.0,1901.58,36.715,1.785,1.72,0.775,0.0,0.0,0.487,0.0,0.0,0.0,0.0,0.0,0.255,31.693
900,15:00,PTR10,16,16,16,100.0,2030.22,39.154,1.904,1.684,0.936,0.0,0.0,0.521,0.0,0.0,0.0,0.0,0.0,0.272,33.837
901,15:01,PTR6,15,15,15,100.0,1888.02,36.565,1.785,1.692,0.885,0.0,0.0,0.481,0.0,0.0,0.0,0.0,0.0,0.255,31.467
901,15:01,PTR7,15,15,15,100.0,1852.68,36.565,1.785,1.664,0.924,0.451,0.14,0.472,0.0,0.0,0.0,0.0,0.0,0.251,30.878
901,15:01,PTR8,16,16,16,100.0,2022.96,38.984,1.904,1.677,0.9,0.0,0.0,0.515,0.0,0.0,0.0,0.0,0.0,0.272,33.716
901,15:01,PTR9,15,15,15,100.0,1892.34,36.55,1.785,1.714,0.773,0.0,0.0,0.484,0.0,0.0,0.0,0.0,0.0,0.255,31.539
901,15:01,PTR10,16,16,16,100.0,2018.58,38.978,1.904,1.678,0.966,0.0,0.0,0.515,0.0,0.0,0.0,0.0,0.0,0.272,33.643
902,15:02,PTR6,15,15,15,100.0,1881.72,36.414,1.785,1.689,0.841,0.0,0.0,0.482,0.0,0.0,0.0,0.0,0.0,0.255,31.362
902,15:02,PTR7,15,15,15,100.0,1849.56,36.414,1.785,1.661,0.825,0.452,0.14,0.474,0.0,0.0,0.0,0.0,0.0,0.251,30.826
902,15:02,PTR8,16,16,16,100.0,2013.72,38.82,1.903,1.673,0.893,0.0,0.0,0.517,0.0,0.0,0.0,0.0,0.0,0.272,33.562
902,15:02,PTR9,15,15,15,100.0,1882.44,36.396,1.785,1.708,0.791,0.0,0.0,0.483,0.0,0.0,0.0,0.0,0.0,0.255,31.374
902,15:02,PTR10,16,16,16,100.0,2008.62,38.812,1.904,1.67,0.974,0.0,0.0,0.515,0.0,0.0,0.0,0.0,0.0,0.272,33.477
903,15:03,PTR6,15,15,15,100.0,1870.38,36.219,1.799,1.673,0.839,0.0,0.0,0.48,0.0,0.0,0.0,0.0,0.0,0.255,31.173
903,15:03,PTR7,15,15,15,100.0,1837.32,36.219,1.799,1.647,0.843,0.447,0.14,0.471,0.0,0.0,0.0,0.0,0.0,0.25,30.622
903,15:03,PTR8,16,16,16,100.0,2002.5,38.613,1.917,1.66,0.876,0.0,0.0,0.513,0.0,0.0,0.0,0.0,0.0,0.272,33.375
903,15:03,PTR9,15,15,15,100.0,1871.1,36.201,1.796,1.698,0.788,0.0,0.0,0.479,0.0,0.0,0.0,0.0,0.0,0.255,31.185
903,15:03,PTR10,16,16,16,100.0,1996.2,38.604,1.914,1.66,0.977,0.0,0.0,0.512,0.0,0.0,0.0,0.0,0.0,0.271,33.27
904,15:04,PTR6,15,15,15,100.0,1862.4,36.085,1.771,1.673,0.871,0.0,0.0,0.475,0.0,0.0,0.0,0.0,0.0,0.255,31.04
904,15:04,PTR7,15,15,15,100.0,1828.8,36.085,1.771,1.646,0.885,0.446,0.139,0.47,0.0,0.0,0.0,0.0,0.0,0.248,30.48
904,15:04,PTR8,16,16,16,100.0,1996.38,38.472,1.891,1.658,0.869,0.0,0.0,0.51,0.0,0.0,0.0,0.0,0.0,0.271,33.273
904,15:04,PTR9,15,15,15,100.0,1867.98,36.07,1.774,1.694,0.733,0.0,0.0,0.481,0.0,0.0,0.0,0.0,0.0,0.255,31.133
904,15:04,PTR10,16,16,16,100.0,1993.08,38.466,1.894,1.654,0.919,0.0,0.0,0.511,0.0,0.0,0.0,0.0,0.0,0.27,33.218
905,15:05,PTR6,15,15,15,100.0,1846.32,35.77,1.74,1.65,0.886,0.0,0.0,0.472,0.0,0.0,0.0,0.0,0.0,0.25,30.772
905,15:05,PTR7,15,15,15,100.0,1812.84,35.77,1.74,1.628,0.9,0.442,0.138,0.464,0.0,0.0,0.0,0.0,0.0,0.244,30.214
905,15:05,PTR8,16,16,16,100.0,1979.22,38.136,1.856,1.64,0.874,0.0,0.0,0.509,0.0,0.0,0.0,0.0,0.0,0.27,32.987
905,15:05,PTR9,15,15,15,100.0,1850.16,35.755,1.74,1.677,0.772,0.0,0.0,0.479,0.0,0.0,0.0,0.0,0.0,0.251,30.836
905,15:05,PTR10,16,16,16,100.0,1973.46,38.13,1.856,1.64,0.969,0.0,0.0,0.506,0.0,0.0,0.0,0.0,0.0,0.268,32.891
906,15:06,PTR6,15,15,15,100.0,1836.48,35.575,1.785,1.635,0.833,0.0,0.0,0.469,0.0,0.0,0.0,0.0,0.0,0.245,30.608
906,15:06,PTR7,15,15,15,100.0,1803.54,35.575,1.785,1.611,0.841,0.441,0.137,0.461,0.0,0.0,0.0,0.0,0.0,0.24,30.059
906,15:06,PTR8,16,16,16,100.0,1963.74,37.928,1.903,1.624,0.908,0.0,0.0,0.501,0.0,0.0,0.0,0.0,0.0,0.263,32.729
906,15:06,PTR9,15,15,15,100.0,1835.46,35.56,1.785,1.657,0.813,0.0,0.0,0.472,0.0,0.0,0.0,0.0,0.0,0.242,30.591
906,15:06,PTR10,16,16,16,100.0,1961.88,37.922,1.904,1.623,0.932,0.0,0.0,0.501,0.0,0.0,0.0,0.0,0.0,0.264,32.698
907,15:07,PTR6,15,15,15,100.0,1821.42,35.304,1.754,1.632,0.853,0.0,0.0,0.466,0.0,0.0,0.0,0.0,0.0,0.242,30.357
907,15:07,PTR7,15,15,15,100.0,1789.2,35.304,1.754,1.607,0.857,0.436,0.135,0.458,0.0,0.0,0.0,0.0,0.0,0.237,29.82
907,15:07,PTR8,16,16,16,100.0,1948.92,37.637,1.869,1.617,0.911,0.0,0.0,0.499,0.0,0.0,0.0,0.0,0.0,0.259,32.482
907,15:07,PTR9,15,15,15,100.0,1823.4,35.286,1.751,1.655,0.784,0.0,0.0,0.466,0.0,0.0,0.0,0.0,0.0,0.24,30.39
907,15:07,PTR10,16,16,16,100.0,1947.66,37.628,1.866,1.619,0.927,0.0,0.0,0.499,0.0,0.0,0.0,0.0,0.0,0.256,32.461
908,15:08,PTR6,15,15,15,100.0,1808.76,35.065,1.71,1.621,0.884,0.0,0.0,0.464,0.0,0.0,0.0,0.0,0.0,0.24,30.146
908,15:08,PTR7,15,15,15,100.0,1779.42,35.065,1.71,1.601,0.83,0.436,0.136,0.459,0.0,0.0,0.0,0.0,0.0,0.236,29.657
908,15:08,PTR8,16,16,16,100.0,1938.84,37.384,1.824,1.611,0.88,0.0,0.0,0.498,0.0,0.0,0.0,0.0,0.0,0.257,32.314
908,15:08,PTR9,15,15,15,100.0,1810.62,35.05,1.71,1.646,0.814,0.0,0.0,0.463,0.0,0.0,0.0,0.0,0.0,0.24,30.177
908,15:08,PTR10,16,16,16,100.0,1933.56,37.378,1.824,1.612,0.967,0.0,0.0,0.493,0.0,0.0,0.0,0.0,0.0,0.256,32.226
909,15:09,PTR6,15,15,15,100.0,1797.78,34.794,1.694,1.609,0.829,0.0,0.0,0.459,0.0,0.0,0.0,0.0,0.0,0.24,29.963
909,15:09,PTR7,15,15,15,100.0,1767.6,34.794,1.694,1.587,0.804,0.43,0.134,0.449,0.0,0.0,0.0,0.0,0.0,0.236,29.46
909,15:09,PTR8,16,16,16,100.0,1923.72,37.093,1.805,1.597,0.881,0.0,0.0,0.492,0.0,0.0,0.0,0.0,0.0,0.256,32.062
909,15:09,PTR9,15,15,15,100.0,1798.44,34.776,1.691,1.633,0.778,0.0,0.0,0.46,0.0,0.0,0.0,0.0,0.0,0.24,29.974
909,15:09,PTR10,16,16,16,100.0,1922.16,37.084,1.802,1.598,0.9,0.0,0.0,0.492,0.0,0.0,0.0,0.0,0.0,0.256,32.036
910,15:10,PTR6,15,15,15,100.0,1789.56,34.645,1.65,1.601,0.872,0.0,0.0,0.456,0.0,0.0,0.0,0.0,0.0,0.24,29.826
910,15:10,PTR7,15,15,15,100.0,1759.32,34.645,1.65,1.575,0.848,0.43,0.133,0.451,0.0,0.0,0.0,0.0,0.0,0.236,29.322
910,15:10,PTR8,16,16,16,100.0,1917.72,36.936,1.759,1.587,0.882,0.0,0.0,0.49,0.0,0.0,0.0,0.0,0.0,0.256,31.962
910,15:10,PTR9,15,15,15,100.0,1792.2,34.63,1.65,1.621,0.788,0.0,0.0,0.461,0.0,0.0,0.0,0.0,0.0,0.24,29.87
910,15:10,PTR10,16,16,16,100.0,1913.28,36.93,1.76,1.588,0.95,0.0,0.0,0.488,0.0,0.0,0.0,0.0,0.0,0.256,31.888
911,15:11,PTR6,15,15,15,100.0,1786.2,34.465,1.605,1.589,0.804,0.0,0.0,0.457,0.0,0.0,0.0,0.0,0.0,0.24,29.77
911,15:11,PTR7,15,15,15,100.0,1751.76,34.465,1.605,1.568,0.851,0.427,0.132,0.45,0.0,0.0,0.0,0.0,0.0,0.236,29.196
911,15:11,PTR8,16,16,16,100.0,1912.68,36.745,1.712,1.579,0.829,0.0,0.0,0.491,0.0,0.0,0.0,0.0,0.0,0.256,31.878
911,15:11,PTR9,15,15,15,100.0,1784.76,34.45,1.605,1.613,0.792,0.0,0.0,0.454,0.0,0.0,0.0,0.0,0.0,0.24,29.746
911,15:11,PTR10,16,16,16,100.0,1907.64,36.738,1.712,1.578,0.908,0.0,0.0,0.49,0.0,0.0,0.0,0.0,0.0,0.256,31.794
912,15:12,PTR6,15,15,15,100.0,1769.64,34.165,1.575,1.578,0.824,0.0,0.0,0.454,0.0,0.0,0.0,0.0,0.0,0.24,29.494
912,15:12,PTR7,15,15,15,100.0,1738.2,34.165,1.575,1.555,0.826,0.425,0.131,0.447,0.0,0.0,0.0,0.0,0.0,0.236,28.97
912,15:12,PTR8,16,16,16,100.0,1893.0,36.425,1.68,1.567,0.888,0.0,0.0,0.484,0.0,0.0,0.0,0.0,0.0,0.256,31.55
912,15:12,PTR9,15,15,15,100.0,1770.06,34.15,1.575,1.6,0.783,0.0,0.0,0.451,0.0,0.0,0.0,0.0,0.0,0.24,29.501
912,15:12,PTR10,16,16,16,100.0,1890.0,36.418,1.68,1.565,0.934,0.0,0.0,0.483,0.0,0.0,0.0,0.0,0.0,0.256,31.5
913,15:13,PTR6,15,15,15,100.0,1753.98,33.925,1.56,1.567,0.877,0.0,0.0,0.448,0.0,0.0,0.0,0.0,0.0,0.24,29.233
913,15:13,PTR7,15,15,15,100.0,1723.02,33.925,1.56,1.543,0.878,0.422,0.13,0.439,0.0,0.0,0.0,0.0,0.0,0.236,28.717
913,15:13,PTR8,16,16,16,100.0,1883.1,36.168,1.663,1.553,0.828,0.0,0.0,0.483,0.0,0.0,0.0,0.0,0.0,0.256,31.385
913,15:13,PTR9,15,15,15,100.0,1757.82,33.91,1.56,1.588,0.775,0.0,0.0,0.45,0.0,0.0,0.0,0.0,0.0,0.24,29.297
913,15:13,PTR10,16,16,16,100.0,1876.5,36.162,1.664,1.554,0.932,0.0,0.0,0.481,0.0,0.0,0.0,0.0,0.0,0.256,31.275
914,15:14,PTR6,15,15,15,100.0,1749.36,33.79,1.56,1.561,0.828,0.0,0.0,0.446,0.0,0.0,0.0,0.0,0.0,0.239,29.156
914,15:14,PTR7,15,15,15,100.0,1718.64,33.79,1.56,1.537,0.822,0.42,0.13,0.441,0.0,0.0,0.0,0.0,0.0,0.236,28.644
914,15:14,PTR8,16,16,16,100.0,1874.58,36.025,1.664,1.549,0.835,0.0,0.0,0.478,0.0,0.0,0.0,0.0,0.0,0.256,31.243
914,15:14,PTR9,15,15,15,100.0,1751.7,33.775,1.56,1.582,0.749,0.0,0.0,0.449,0.0,0.0,0.0,0.0,0.0,0.24,29.195
914,15:14,PTR10,16,16,16,100.0,1868.94,36.018,1.664,1.549,0.925,0.0,0.0,0.478,0.0,0.0,0.0,0.0,0.0,0.253,31.149
915,15:15,PTR6,15,15,15,100.0,1740.96,33.625,1.529,1.551,0.843,0.0,0.0,0.447,0.0,0.0,0.0,0.0,0.0,0.239,29.016
915,15:15,PTR7,15,15,15,100.0,1709.28,33.625,1.529,1.53,0.867,0.415,0.129,0.435,0.0,0.0,0.0,0.0,0.0,0.232,28.488
915,15:15,PTR8,16,16,16,100.0,1868.34,35.849,1.629,1.542,0.807,0.0,0.0,0.477,0.0,0.0,0.0,0.0,0.0,0.255,31.139
915,15:15,PTR9,15,15,15,100.0,1741.5,33.61,1.526,1.577,0.802,0.0,0.0,0.442,0.0,0.0,0.0,0.0,0.0,0.238,29.025
915,15:15,PTR10,16,16,16,100.0,1863.0,35.842,1.626,1.545,0.891,0.0,0.0,0.477,0.0,0.0,0.0,0.0,0.0,0.253,31.05
916,15:16,PTR6,15,15,15,100.0,1733.22,33.475,1.515,1.551,0.844,0.0,0.0,0.444,0.0,0.0,0.0,0.0,0.0,0.234,28.887
916,15:16,PTR7,15,15,15,100.0,1704.66,33.475,1.515,1.531,0.807,0.416,0.129,0.436,0.0,0.0,0.0,0.0,0.0,0.23,28.411
916,15:16,PTR8,16,16,16,100.0,1858.98,35.688,1.615,1.54,0.824,0.0,0.0,0.473,0.0,0.0,0.0,0.0,0.0,0.253,30.983
916,15:16,PTR9,15,15,15,100.0,1737.06,33.46,1.515,1.573,0.738,0.0,0.0,0.447,0.0,0.0,0.0,0.0,0.0,0.236,28.951
916,15:16,PTR10,16,16,16,100.0,1853.1,35.682,1.616,1.54,0.915,0.0,0.0,0.473,0.0,0.0,0.0,0.0,0.0,0.253,30.885
917,15:17,PTR6,15,15,15,100.0,1718.82,33.205,1.515,1.541,0.833,0.0,0.0,0.442,0.0,0.0,0.0,0.0,0.0,0.227,28.647
917,15:17,PTR7,15,15,15,100.0,1689.96,33.205,1.515,1.519,0.81,0.412,0.128,0.431,0.0,0.0,0.0,0.0,0.0,0.224,28.166
917,15:17,PTR8,16,16,16,100.0,1840.38,35.401,1.616,1.529,0.862,0.0,0.0,0.476,0.0,0.0,0.0,0.0,0.0,0.245,30.673
917,15:17,PTR9,15,15,15,100.0,1722.6,33.19,1.515,1.56,0.734,0.0,0.0,0.442,0.0,0.0,0.0,0.0,0.0,0.229,28.71
917,15:17,PTR10,16,16,16,100.0,1839.06,35.394,1.616,1.529,0.876,0.0,0.0,0.473,0.0,0.0,0.0,0.0,0.0,0.249,30.651
918,15:18,PTR6,15,15,15,100.0,1704.0,32.905,1.514,1.518,0.812,0.0,0.0,0.436,0.0,0.0,0.0,0.0,0.0,0.225,28.4
918,15:18,PTR7,15,15,15,100.0,1673.64,32.905,1.514,1.497,0.813,0.41,0.126,0.43,0.0,0.0,0.0,0.0,0.0,0.221,27.894
918,15:18,PTR8,16,16,16,100.0,1825.5,35.081,1.613,1.508,0.825,0.0,0.0,0.468,0.0,0.0,0.0,0.0,0.0,0.242,30.425
918,15:18,PTR9,15,15,15,100.0,1704.66,32.89,1.511,1.545,0.762,0.0,0.0,0.436,0.0,0.0,0.0,0.0,0.0,0.225,28.411
918,15:18,PTR10,16,16,16,100.0,1822.8,35.074,1.61,1.51,0.87,0.0,0.0,0.464,0.0,0.0,0.0,0.0,0.0,0.24,30.38
919,15:19,PTR6,15,15,15,100.0,1694.64,32.65,1.47,1.511,0.766,0.0,0.0,0.434,0.0,0.0,0.0,0.0,0.0,0.225,28.244
919,15:19,PTR7,15,15,15,100.0,1663.74,32.65,1.47,1.489,0.783,0.407,0.126,0.425,0.0,0.0,0.0,0.0,0.0,0.221,27.729
919,15:19,PTR8,16,16,16,100.0,1810.38,34.808,1.567,1.498,0.867,0.0,0.0,0.463,0.0,0.0,0.0,0.0,0.0,0.24,30.173
919,15:19,PTR9,15,15,15,100.0,1692.72,32.635,1.47,1.531,0.763,0.0,0.0,0.434,0.0,0.0,0.0,0.0,0.0,0.225,28.212
919,15:19,PTR10,16,16,16,100.0,1811.04,34.802,1.568,1.499,0.848,0.0,0.0,0.463,0.0,0.0,0.0,0.0,0.0,0.24,30.184
920,15:20,PTR6,15,15,15,100.0,1668.84,32.2,1.44,1.492,0.804,0.0,0.0,0.425,0.0,0.0,0.0,0.0,0.0,0.225,27.814
920,15:20,PTR7,15,15,15,100.0,1640.88,32.2,1.44,1.471,0.777,0.398,0.126,0.419,0.0,0.0,0.0,0.0,0.0,0.221,27.348
920,15:20,PTR8,16,16,16,100.0,1785.54,34.329,1.536,1.479,0.858,0.0,0.0,0.457,0.0,0.0,0.0,0.0,0.0,0.24,29.759
920,15:20,PTR9,15,15,15,100.0,1669.02,32.185,1.44,1.513,0.76,0.0,0.0,0.43,0.0,0.0,0.0,0.0,0.0,0.225,27.817
920,15:20,PTR10,16,16,16,100.0,1784.1,34.322,1.536,1.481,0.872,0.0,0.0,0.458,0.0,0.0,0.0,0.0,0.0,0.24,29.735
921,15:21,PTR6,15,15,15,100.0,1657.98,31.93,1.365,1.481,0.8,0.0,0.0,0.426,0.0,0.0,0.0,0.0,0.0,0.225,27.633
921,15:21,PTR7,15,15,15,100.0,1628.22,31.93,1.365,1.461,0.808,0.397,0.124,0.417,0.0,0.0,0.0,0.0,0.0,0.221,27.137
921,15:21,PTR8,16,16,16,100.0,1775.46,34.041,1.456,1.472,0.828,0.0,0.0,0.454,0.0,0.0,0.0,0.0,0.0,0.24,29.591
921,15:21,PTR9,15,15,15,100.0,1658.64,31.915,1.365,1.502,0.755,0.0,0.0,0.424,0.0,0.0,0.0,0.0,0.0,0.225,27.644
921,15:21,PTR10,16,16,16,100.0,1771.92,34.034,1.456,1.468,0.886,0.0,0.0,0.452,0.0,0.0,0.0,0.0,0.0,0.24,29.532
922,15:22,PTR6,15,15,15,100.0,1643.46,31.66,1.32,1.474,0.829,0.0,0.0,0.421,0.0,0.0,0.0,0.0,0.0,0.225,27.391
922,15:22,PTR7,15,15,15,100.0,1618.32,31.66,1.32,1.453,0.763,0.395,0.122,0.414,0.0,0.0,0.0,0.0,0.0,0.221,26.972
922,15:22,PTR8,16,16,16,100.0,1760.64,33.753,1.408,1.46,0.85,0.0,0.0,0.451,0.0,0.0,0.0,0.0,0.0,0.24,29.344
922,15:22,PTR9,15,15,15,100.0,1646.94,31.645,1.32,1.494,0.735,0.0,0.0,0.422,0.0,0.0,0.0,0.0,0.0,0.225,27.449
922,15:22,PTR10,16,16,16,100.0,1759.92,33.746,1.408,1.461,0.855,0.0,0.0,0.45,0.0,0.0,0.0,0.0,0.0,0.24,29.332
923,15:23,PTR6,15,15,15,100.0,1631.94,31.346,1.26,1.457,0.79,0.0,0.0,0.418,0.0,0.0,0.0,0.0,0.0,0.222,27.199
923,15:23,PTR7,15,15,15,100.0,1600.44,31.346,1.26,1.436,0.833,0.392,0.121,0.412,0.0,0.0,0.0,0.0,0.0,0.218,26.674
923,15:23,PTR8,16,16,16,100.0,1750.68,33.42,1.343,1.447,0.765,0.0,0.0,0.447,0.0,0.0,0.0,0.0,0.0,0.24,29.178
923,15:23,PTR9,15,15,15,100.0,1634.88,31.334,1.26,1.478,0.706,0.0,0.0,0.417,0.0,0.0,0.0,0.0,0.0,0.225,27.248
923,15:23,PTR10,16,16,16,100.0,1745.22,33.416,1.344,1.448,0.85,0.0,0.0,0.449,0.0,0.0,0.0,0.0,0.0,0.238,29.087
924,15:24,PTR6,15,15,15,100.0,1629.96,31.225,1.185,1.46,0.773,0.0,0.0,0.418,0.0,0.0,0.0,0.0,0.0,0.223,27.166
924,15:24,PTR7,15,15,15,100.0,1599.9,31.225,1.185,1.441,0.795,0.391,0.121,0.408,0.0,0.0,0.0,0.0,0.0,0.219,26.665
924,15:24,PTR8,16,16,16,100.0,1744.68,33.289,1.264,1.449,0.815,0.0,0.0,0.444,0.0,0.0,0.0,0.0,0.0,0.239,29.078
924,15:24,PTR9,15,15,15,100.0,1630.26,31.21,1.185,1.482,0.733,0.0,0.0,0.416,0.0,0.0,0.0,0.0,0.0,0.223,27.171
924,15:24,PTR10,16,16,16,100.0,1741.08,33.282,1.264,1.45,0.868,0.0,0.0,0.445,0.0,0.0,0.0,0.0,0.0,0.237,29.018
925,15:25,PTR6,15,15,15,100.0,1621.62,31.09,1.185,1.452,0.794,0.0,0.0,0.413,0.0,0.0,0.0,0.0,0.0,0.219,27.027
925,15:25,PTR7,15,15,15,100.0,1592.1,31.09,1.185,1.429,0.81,0.389,0.121,0.406,0.0,0.0,0.0,0.0,0.0,0.215,26.535
925,15:25,PTR8,16,16,16,100.0,1736.52,33.145,1.264,1.439,0.82,0.0,0.0,0.443,0.0,0.0,0.0,0.0,0.0,0.237,28.942
925,15:25,PTR9,15,15,15,100.0,1624.62,31.075,1.185,1.472,0.703,0.0,0.0,0.417,0.0,0.0,0.0,0.0,0.0,0.221,27.077
925,15:25,PTR10,16,16,16,100.0,1732.92,33.138,1.264,1.438,0.878,0.0,0.0,0.441,0.0,0.0,0.0,0.0,0.0,0.235,28.882
926,15:26,PTR6,15,15,15,100.0,1609.08,30.805,1.169,1.433,0.761,0.0,0.0,0.411,0.0,0.0,0.0,0.0,0.0,0.213,26.818
926,15:26,PTR7,15,15,15,100.0,1579.92,30.805,1.169,1.414,0.769,0.385,0.12,0.406,0.0,0.0,0.0,0.0,0.0,0.21,26.332
926,15:26,PTR8,16,16,16,100.0,1720.56,32.841,1.244,1.424,0.826,0.0,0.0,0.441,0.0,0.0,0.0,0.0,0.0,0.23,28.676
926,15:26,PTR9,15,15,15,100.0,1609.2,30.79,1.166,1.457,0.722,0.0,0.0,0.412,0.0,0.0,0.0,0.0,0.0,0.213,26.82
926,15:26,PTR10,16,16,16,100.0,1715.82,32.834,1.242,1.425,0.906,0.0,0.0,0.437,0.0,0.0,0.0,0.0,0.0,0.227,28.597
927,15:27,PTR6,15,15,15,100.0,1598.34,30.61,1.14,1.436,0.774,0.0,0.0,0.41,0.0,0.0,0.0,0.0,0.0,0.211,26.639
927,15:27,PTR7,15,15,15,100.0,1569.54,30.61,1.14,1.416,0.785,0.382,0.119,0.403,0.0,0.0,0.0,0.0,0.0,0.206,26.159
927,15:27,PTR8,16,16,16,100.0,1709.46,32.633,1.216,1.424,0.839,0.0,0.0,0.437,0.0,0.0,0.0,0.0,0.0,0.226,28.491
927,15:27,PTR9,15,15,15,100.0,1599.6,30.595,1.14,1.456,0.718,0.0,0.0,0.41,0.0,0.0,0.0,0.0,0.0,0.211,26.66
927,15:27,PTR10,16,16,16,100.0,1706.52,32.626,1.216,1.424,0.883,0.0,0.0,0.437,0.0,0.0,0.0,0.0,0.0,0.224,28.442
928,15:28,PTR6,15,15,15,100.0,1579.08,30.22,1.11,1.414,0.764,0.0,0.0,0.404,0.0,0.0,0.0,0.0,0.0,0.21,26.318
928,15:28,PTR7,15,15,15,100.0,1551.3,30.22,1.11,1.391,0.763,0.38,0.118,0.397,0.0,0.0,0.0,0.0,0.0,0.206,25.855
928,15:28,PTR8,16,16,16,100.0,1688.52,32.217,1.184,1.401,0.832,0.0,0.0,0.434,0.0,0.0,0.0,0.0,0.0,0.224,28.142
928,15:28,PTR9,15,15,15,100.0,1578.48,30.205,1.11,1.431,0.743,0.0,0.0,0.403,0.0,0.0,0.0,0.0,0.0,0.21,26.308
928,15:28,PTR10,16,16,16,100.0,1685.52,32.21,1.184,1.399,0.878,0.0,0.0,0.433,0.0,0.0,0.0,0.0,0.0,0.224,28.092
929,15:29,PTR6,15,15,15,100.0,1560.9,29.876,1.066,1.401,0.78,0.0,0.0,0.404,0.0,0.0,0.0,0.0,0.0,0.21,26.015
929,15:29,PTR7,15,15,15,100.0,1533.06,29.876,1.066,1.382,0.786,0.375,0.116,0.394,0.0,0.0,0.0,0.0,0.0,0.206,25.551
929,15:29,PTR8,16,16,16,100.0,1673.52,31.853,1.14,1.391,0.776,0.0,0.0,0.43,0.0,0.0,0.0,0.0,0.0,0.224,27.892
929,15:29,PTR9,15,15,15,100.0,1565.04,29.864,1.069,1.421,0.679,0.0,0.0,0.401,0.0,0.0,0.0,0.0,0.0,0.21,26.084
929,15:29,PTR10,16,16,16,100.0,1668.12,31.848,1.142,1.389,0.864,0.0,0.0,0.427,0.0,0.0,0.0,0.0,0.0,0.224,27.802
930,15:30,PTR6,15,15,15,100.0,1550.88,29.665,1.05,1.391,0.769,0.0,0.0,0.397,0.0,0.0,0.0,0.0,0.0,0.21,25.848
930,15:30,PTR7,15,15,15,100.0,1522.74,29.665,1.05,1.371,0.785,0.371,0.115,0.388,0.0,0.0,0.0,0.0,0.0,0.206,25.379
930,15:30,PTR8,16,16,16,100.0,1662.96,31.625,1.12,1.378,0.76,0.0,0.0,0.427,0.0,0.0,0.0,0.0,0.0,0.224,27.716
930,15:30,PTR9,15,15,15,100.0,1552.02,29.65,1.05,1.41,0.711,0.0,0.0,0.402,0.0,0.0,0.0,0.0,0.0,0.21,25.867
930,15:30,PTR10,16,16,16,100.0,1655.22,31.618,1.12,1.378,0.879,0.0,0.0,0.43,0.0,0.0,0.0,0.0,0.0,0.224,27.587
931,15:31,PTR6,15,15,15,100.0,1538.7,29.44,1.049,1.375,0.764,0.0,0.0,0.397,0.0,0.0,0.0,0.0,0.0,0.21,25.645
931,15:31,PTR7,15,15,15,100.0,1512.72,29.44,1.049,1.355,0.748,0.37,0.114,0.386,0.0,0.0,0.0,0.0,0.0,0.206,25.212
931,15:31,PTR8,16,16,16,100.0,1647.12,31.385,1.116,1.365,0.806,0.0,0.0,0.422,0.0,0.0,0.0,0.0,0.0,0.224,27.452
931,15:31,PTR9,15,15,15,100.0,1541.7,29.425,1.046,1.397,0.685,0.0,0.0,0.392,0.0,0.0,0.0,0.0,0.0,0.21,25.695
931,15:31,PTR10,16,16,16,100.0,1641.9,31.378,1.114,1.367,0.888,0.0,0.0,0.42,0.0,0.0,0.0,0.0,0.0,0.224,27.365
932,15:32,PTR6,15,15,15,100.0,1516.26,29.006,1.035,1.351,0.752,0.0,0.0,0.388,0.0,0.0,0.0,0.0,0.0,0.209,25.271
932,15:32,PTR7,15,15,15,100.0,1490.94,29.006,1.035,1.332,0.729,0.362,0.113,0.383,0.0,0.0,0.0,0.0,0.0,0.203,24.849
932,15:32,PTR8,16,16,16,100.0,1623.24,30.925,1.104,1.343,0.786,0.0,0.0,0.415,0.0,0.0,0.0,0.0,0.0,0.223,27.054
932,15:32,PTR9,15,15,15,100.0,1518.54,28.994,1.035,1.374,0.681,0.0,0.0,0.387,0.0,0.0,0.0,0.0,0.0,0.208,25.309
932,15:32,PTR10,16,16,16,100.0,1620.66,30.92,1.104,1.344,0.824,0.0,0.0,0.416,0.0,0.0,0.0,0.0,0.0,0.221,27.011
933,15:33,PTR6,15,15,15,100.0,1506.84,28.825,1.034,1.348,0.743,0.0,0.0,0.385,0.0,0.0,0.0,0.0,0.0,0.201,25.114
933,15:33,PTR7,15,15,15,100.0,1479.48,28.825,1.034,1.327,0.757,0.36,0.112,0.377,0.0,0.0,0.0,0.0,0.0,0.2,24.658
933,15:33,PTR8,16,16,16,100.0,1613.7,30.729,1.1,1.335,0.767,0.0,0.0,0.414,0.0,0.0,0.0,0.0,0.0,0.218,26.895
933,15:33,PTR9,15,15,15,100.0,1507.08,28.81,1.031,1.365,0.707,0.0,0.0,0.385,0.0,0.0,0.0,0.0,0.0,0.204,25.118
933,15:33,PTR10,16,16,16,100.0,1609.14,30.722,1.098,1.337,0.838,0.0,0.0,0.411,0.0,0.0,0.0,0.0,0.0,0.219,26.819
934,15:34,PTR6,15,15,15,100.0,1491.72,28.556,0.99,1.336,0.792,0.0,0.0,0.38,0.0,0.0,0.0,0.0,0.0,0.196,24.862
934,15:34,PTR7,15,15,15,100.0,1465.74,28.556,0.99,1.316,0.782,0.358,0.111,0.376,0.0,0.0,0.0,0.0,0.0,0.194,24.429
934,15:34,PTR8,16,16,16,100.0,1597.8,30.445,1.056,1.326,0.81,0.0,0.0,0.41,0.0,0.0,0.0,0.0,0.0,0.213,26.63
934,15:34,PTR9,15,15,15,100.0,1495.26,28.544,0.99,1.358,0.698,0.0,0.0,0.381,0.0,0.0,0.0,0.0,0.0,0.196,24.921
934,15:34,PTR10,16,16,16,100.0,1597.2,30.44,1.056,1.328,0.817,0.0,0.0,0.408,0.0,0.0,0.0,0.0,0.0,0.211,26.62
935,15:35,PTR6,15,15,15,100.0,1488.3,28.435,0.974,1.335,0.746,0.0,0.0,0.38,0.0,0.0,0.0,0.0,0.0,0.195,24.805
935,15:35,PTR7,15,15,15,100.0,1463.58,28.435,0.974,1.316,0.717,0.356,0.111,0.374,0.0,0.0,0.0,0.0,0.0,0.194,24.393
935,15:35,PTR8,16,16,16,100.0,1591.38,30.314,1.037,1.324,0.812,0.0,0.0,0.408,0.0,0.0,0.0,0.0,0.0,0.21,26.523
935,15:35,PTR9,15,15,15,100.0,1489.44,28.42,0.971,1.358,0.69,0.0,0.0,0.382,0.0,0.0,0.0,0.0,0.0,0.195,24.824
935,15:35,PTR10,16,16,16,100.0,1591.5,30.306,1.034,1.327,0.804,0.0,0.0,0.408,0.0,0.0,0.0,0.0,0.0,0.208,26.525
936,15:36,PTR6,15,15,15,100.0,1471.74,28.121,0.93,1.319,0.772,0.0,0.0,0.376,0.0,0.0,0.0,0.0,0.0,0.195,24.529
936,15:36,PTR7,15,15,15,100.0,1447.68,28.121,0.93,1.299,0.742,0.351,0.109,0.37,0.0,0.0,0.0,0.0,0.0,0.192,24.128
936,15:36,PTR8,16,16,16,100.0,1577.7,29.981,0.992,1.307,0.775,0.0,0.0,0.404,0.0,0.0,0.0,0.0,0.0,0.208,26.295
936,15:36,PTR9,15,15,15,100.0,1474.08,28.109,0.93,1.338,0.702,0.0,0.0,0.376,0.0,0.0,0.0,0.0,0.0,0.195,24.568
936,15:36,PTR10,16,16,16,100.0,1573.74,29.976,0.992,1.308,0.838,0.0,0.0,0.401,0.0,0.0,0.0,0.0,0.0,0.208,26.229
937,15:37,PTR6,15,15,15,100.0,1458.6,27.866,0.93,1.302,0.759,0.0,0.0,0.37,0.0,0.0,0.0,0.0,0.0,0.195,24.31
937,15:37,PTR7,15,15,15,100.0,1431.36,27.866,0.93,1.283,0.782,0.35,0.108,0.366,0.0,0.0,0.0,0.0,0.0,0.191,23.856
937,15:37,PTR8,16,16,16,100.0,1562.7,29.709,0.992,1.291,0.772,0.0,0.0,0.401,0.0,0.0,0.0,0.0,0.0,0.208,26.045
937,15:37,PTR9,15,15,15,100.0,1460.88,27.854,0.93,1.321,0.686,0.0,0.0,0.374,0.0,0.0,0.0,0.0,0.0,0.195,24.348
937,15:37,PTR10,16,16,16,100.0,1560.18,29.704,0.992,1.293,0.809,0.0,0.0,0.399,0.0,0.0,0.0,0.0,0.0,0.208,26.003
938,15:38,PTR6,15,15,15,100.0,1436.58,27.52,0.96,1.296,0.756,0.0,0.0,0.37,0.0,0.0,0.0,0.0,0.0,0.195,23.943
938,15:38,PTR7,15,15,15,100.0,1411.92,27.52,0.96,1.277,0.751,0.345,0.107,0.357,0.0,0.0,0.0,0.0,0.0,0.191,23.532
938,15:38,PTR8,16,16,16,100.0,1537.5,29.338,1.024,1.283,0.805,0.0,0.0,0.393,0.0,0.0,0.0,0.0,0.0,0.208,25.625
938,15:38,PTR9,15,15,15,100.0,1440.3,27.505,0.96,1.311,0.664,0.0,0.0,0.37,0.0,0.0,0.0,0.0,0.0,0.195,24.005
938,15:38,PTR10,16,16,16,100.0,1537.44,29.33,1.024,1.282,0.8,0.0,0.0,0.392,0.0,0.0,0.0,0.0,0.0,0.208,25.624
939,15:39,PTR6,15,15,15,100.0,1423.26,27.221,0.945,1.274,0.722,0.0,0.0,0.364,0.0,0.0,0.0,0.0,0.0,0.195,23.721
939,15:39,PTR7,15,15,15,100.0,1398.18,27.221,0.945,1.258,0.717,0.343,0.105,0.359,0.0,0.0,0.0,0.0,0.0,0.191,23.303
939,15:39,PTR8,16,16,16,100.0,1521.42,29.021,1.008,1.266,0.79,0.0,0.0,0.392,0.0,0.0,0.0,0.0,0.0,0.208,25.357
939,15:39,PTR9,15,15,15,100.0,1425.12,27.209,0.945,1.295,0.66,0.0,0.0,0.362,0.0,0.0,0.0,0.0,0.0,0.195,23.752
939,15:39,PTR10,16,16,16,100.0,1519.62,29.016,1.008,1.265,0.821,0.0,0.0,0.387,0.0,0.0,0.0,0.0,0.0,0.208,25.327
940,15:40,PTR6,15,15,15,100.0,1408.02,26.936,0.915,1.271,0.73,0.0,0.0,0.359,0.0,0.0,0.0,0.0,0.0,0.194,23.467
940,15:40,PTR7,15,15,15,100.0,1383.66,26.936,0.915,1.251,0.722,0.338,0.105,0.354,0.0,0.0,0.0,0.0,0.0,0.19,23.061
940,15:40,PTR8,16,16,16,100.0,1508.94,28.717,0.976,1.26,0.736,0.0,0.0,0.388,0.0,0.0,0.0,0.0,0.0,0.208,25.149
940,15:40,PTR9,15,15,15,100.0,1409.22,26.924,0.915,1.286,0.68,0.0,0.0,0.361,0.0,0.0,0.0,0.0,0.0,0.195,23.487
940,15:40,PTR10,16,16,16,100.0,1504.62,28.712,0.976,1.26,0.809,0.0,0.0,0.384,0.0,0.0,0.0,0.0,0.0,0.206,25.077
941,15:41,PTR6,15,15,15,100.0,1390.32,26.591,0.915,1.248,0.713,0.0,0.0,0.357,0.0,0.0,0.0,0.0,0.0,0.186,23.172
941,15:41,PTR7,15,15,15,100.0,1362.42,26.591,0.915,1.231,0.777,0.331,0.103,0.348,0.0,0.0,0.0,0.0,0.0,0.179,22.707
941,15:41,PTR8,16,16,16,100.0,1487.88,28.349,0.976,1.239,0.759,0.0,0.0,0.378,0.0,0.0,0.0,0.0,0.0,0.199,24.798
941,15:41,PTR9,15,15,15,100.0,1389.96,26.579,0.915,1.267,0.693,0.0,0.0,0.353,0.0,0.0,0.0,0.0,0.0,0.185,23.166
941,15:41,PTR10,16,16,16,100.0,1483.8,28.344,0.976,1.24,0.819,0.0,0.0,0.379,0.0,0.0,0.0,0.0,0.0,0.2,24.73
942,15:42,PTR6,15,15,15,100.0,1379.52,26.366,0.9,1.232,0.705,0.0,0.0,0.357,0.0,0.0,0.0,0.0,0.0,0.18,22.992
942,15:42,PTR7,15,15,15,100.0,1353.66,26.366,0.9,1.214,0.735,0.33,0.103,0.345,0.0,0.0,0.0,0.0,0.0,0.178,22.561
942,15:42,PTR8,16,16,16,100.0,1475.76,28.109,0.959,1.222,0.762,0.0,0.0,0.376,0.0,0.0,0.0,0.0,0.0,0.194,24.596
942,15:42,PTR9,15,15,15,100.0,1381.62,26.354,0.9,1.248,0.647,0.0,0.0,0.352,0.0,0.0,0.0,0.0,0.0,0.18,23.027
942,15:42,PTR10,16,16,16,100.0,1472.82,28.104,0.96,1.222,0.805,0.0,0.0,0.378,0.0,0.0,0.0,0.0,0.0,0.192,24.547
943,15:43,PTR6,15,15,15,100.0,1361.28,26.006,0.84,1.217,0.732,0.0,0.0,0.349,0.0,0.0,0.0,0.0,0.0,0.18,22.688
943,15:43,PTR7,15,15,15,100.0,1338.06,26.006,0.84,1.2,0.717,0.326,0.101,0.344,0.0,0.0,0.0,0.0,0.0,0.177,22.301
943,15:43,PTR8,16,16,16,100.0,1459.38,27.726,0.896,1.207,0.735,0.0,0.0,0.373,0.0,0.0,0.0,0.0,0.0,0.192,24.323
943,15:43,PTR9,15,15,15,100.0,1362.84,25.994,0.84,1.233,0.679,0.0,0.0,0.348,0.0,0.0,0.0,0.0,0.0,0.18,22.714
943,15:43,PTR10,16,16,16,100.0,1456.08,27.72,0.896,1.204,0.787,0.0,0.0,0.373,0.0,0.0,0.0,0.0,0.0,0.192,24.268
944,15:44,PTR6,15,15,15,100.0,1346.76,25.751,0.854,1.204,0.721,0.0,0.0,0.346,0.0,0.0,0.0,0.0,0.0,0.18,22.446
944,15:44,PTR7,15,15,15,100.0,1324.14,25.751,0.854,1.187,0.703,0.322,0.1,0.339,0.0,0.0,0.0,0.0,0.0,0.177,22.069
944,15:44,PTR8,16,16,16,100.0,1442.7,27.453,0.908,1.196,0.743,0.0,0.0,0.369,0.0,0.0,0.0,0.0,0.0,0.192,24.045
944,15:44,PTR9,15,15,15,100.0,1346.7,25.739,0.851,1.224,0.695,0.0,0.0,0.344,0.0,0.0,0.0,0.0,0.0,0.18,22.445
944,15:44,PTR10,16,16,16,100.0,1439.58,27.448,0.906,1.198,0.79,0.0,0.0,0.369,0.0,0.0,0.0,0.0,0.0,0.192,23.993
945,15:45,PTR6,15,15,15,100.0,1339.5,25.541,0.795,1.209,0.688,0.0,0.0,0.344,0.0,0.0,0.0,0.0,0.0,0.18,22.325
945,15:45,PTR7,15,15,15,100.0,1314.36,25.541,0.795,1.19,0.714,0.321,0.1,0.338,0.0,0.0,0.0,0.0,0.0,0.177,21.906
945,15:45,PTR8,16,16,16,100.0,1431.9,27.229,0.848,1.199,0.756,0.0,0.0,0.369,0.0,0.0,0.0,0.0,0.0,0.192,23.865
945,15:45,PTR9,15,15,15,100.0,1340.4,25.529,0.795,1.223,0.648,0.0,0.0,0.343,0.0,0.0,0.0,0.0,0.0,0.18,22.34
945,15:45,PTR10,16,16,16,100.0,1427.94,27.224,0.848,1.198,0.821,0.0,0.0,0.366,0.0,0.0,0.0,0.0,0.0,0.192,23.799
946,15:46,PTR6,15,15,15,100.0,1323.9,25.241,0.78,1.193,0.686,0.0,0.0,0.337,0.0,0.0,0.0,0.0,0.0,0.18,22.065
946,15:46,PTR7,15,15,15,100.0,1301.28,25.241,0.78,1.175,0.673,0.318,0.098,0.332,0.0,0.0,0.0,0.0,0.0,0.177,21.688
946,15:46,PTR8,16,16,16,100.0,1417.26,26.91,0.833,1.181,0.72,0.0,0.0,0.363,0.0,0.0,0.0,0.0,0.0,0.192,23.621
946,15:46,PTR9,15,15,15,100.0,1324.38,25.229,0.78,1.208,0.648,0.0,0.0,0.34,0.0,0.0,0.0,0.0,0.0,0.18,22.073
946,15:46,PTR10,16,16,16,100.0,1412.58,26.904,0.832,1.182,0.793,0.0,0.0,0.362,0.0,0.0,0.0,0.0,0.0,0.192,23.543
947,15:47,PTR6,15,15,15,100.0,1310.64,24.956,0.75,1.174,0.671,0.0,0.0,0.337,0.0,0.0,0.0,0.0,0.0,0.18,21.844
947,15:47,PTR7,15,15,15,100.0,1285.26,24.956,0.75,1.157,0.713,0.315,0.097,0.327,0.0,0.0,0.0,0.0,0.0,0.176,21.421
947,15:47,PTR8,16,16,16,100.0,1401.12,26.605,0.799,1.165,0.739,0.0,0.0,0.358,0.0,0.0,0.0,0.0,0.0,0.192,23.352
947,15:47,PTR9,15,15,15,100.0,1311.24,24.944,0.75,1.189,0.632,0.0,0.0,0.339,0.0,0.0,0.0,0.0,0.0,0.18,21.854
947,15:47,PTR10,16,16,16,100.0,1398.96,26.6,0.8,1.163,0.77,0.0,0.0,0.359,0.0,0.0,0.0,0.0,0.0,0.192,23.316
948,15:48,PTR6,15,15,15,100.0,1298.58,24.762,0.721,1.167,0.719,0.0,0.0,0.332,0.0,0.0,0.0,0.0,0.0,0.18,21.643
948,15:48,PTR7,15,15,15,100.0,1277.28,24.762,0.721,1.15,0.69,0.311,0.097,0.329,0.0,0.0,0.0,0.0,0.0,0.176,21.288
948,15:48,PTR8,16,16,16,100.0,1391.64,26.401,0.771,1.159,0.731,0.0,0.0,0.354,0.0,0.0,0.0,0.0,0.0,0.192,23.194
948,15:48,PTR9,15,15,15,100.0,1300.32,24.753,0.724,1.185,0.66,0.0,0.0,0.332,0.0,0.0,0.0,0.0,0.0,0.18,21.672
948,15:48,PTR10,16,16,16,100.0,1387.56,26.398,0.774,1.159,0.796,0.0,0.0,0.353,0.0,0.0,0.0,0.0,0.0,0.19,23.126
949,15:49,PTR6,15,15,15,100.0,1276.98,24.342,0.706,1.145,0.714,0.0,0.0,0.327,0.0,0.0,0.0,0.0,0.0,0.167,21.283
949,15:49,PTR7,15,15,15,100.0,1254.0,24.342,0.706,1.13,0.717,0.307,0.095,0.32,0.0,0.0,0.0,0.0,0.0,0.167,20.9
949,15:49,PTR8,16,16,16,100.0,1369.44,25.953,0.755,1.135,0.708,0.0,0.0,0.35,0.0,0.0,0.0,0.0,0.0,0.181,22.824
949,15:49,PTR9,15,15,15,100.0,1278.6,24.333,0.709,1.159,0.658,0.0,0.0,0.327,0.0,0.0,0.0,0.0,0.0,0.17,21.31
949,15:49,PTR10,16,16,16,100.0,1365.0,25.95,0.758,1.134,0.775,0.0,0.0,0.35,0.0,0.0,0.0,0.0,0.0,0.183,22.75
950,15:50,PTR6,15,15,15,100.0,1263.66,24.026,0.675,1.135,0.666,0.0,0.0,0.324,0.0,0.0,0.0,0.0,0.0,0.165,21.061
950,15:50,PTR7,15,15,15,100.0,1238.82,24.026,0.675,1.118,0.71,0.303,0.093,0.317,0.0,0.0,0.0,0.0,0.0,0.163,20.647
950,15:50,PTR8,16,16,16,100.0,1352.88,25.613,0.719,1.127,0.698,0.0,0.0,0.345,0.0,0.0,0.0,0.0,0.0,0.176,22.548
950,15:50,PTR9,15,15,15,100.0,1263.54,24.014,0.675,1.153,0.636,0.0,0.0,0.326,0.0,0.0,0.0,0.0,0.0,0.165,21.059
950,15:50,PTR10,16,16,16,100.0,1348.92,25.608,0.72,1.125,0.763,0.0,0.0,0.342,0.0,0.0,0.0,0.0,0.0,0.176,22.482
951,15:51,PTR6,15,15,15,100.0,1246.02,23.726,0.659,1.116,0.7,0.0,0.0,0.319,0.0,0.0,0.0,0.0,0.0,0.165,20.767
951,15:51,PTR7,15,15,15,100.0,1224.6,23.726,0.659,1.1,0.687,0.298,0.093,0.316,0.0,0.0,0.0,0.0,0.0,0.163,20.41
951,15:51,PTR8,16,16,16,100.0,1336.08,25.294,0.701,1.107,0.698,0.0,0.0,0.344,0.0,0.0,0.0,0.0,0.0,0.176,22.268
951,15:51,PTR9,15,15,15,100.0,1249.02,23.714,0.656,1.132,0.625,0.0,0.0,0.319,0.0,0.0,0.0,0.0,0.0,0.165,20.817
951,15:51,PTR10,16,16,16,100.0,1333.8,25.288,0.698,1.109,0.735,0.0,0.0,0.34,0.0,0.0,0.0,0.0,0.0,0.176,22.23
952,15:52,PTR6,15,15,15,100.0,1235.28,23.531,0.674,1.107,0.682,0.0,0.0,0.315,0.0,0.0,0.0,0.0,0.0,0.165,20.588
952,15:52,PTR7,15,15,15,100.0,1213.5,23.531,0.674,1.09,0.681,0.296,0.092,0.311,0.0,0.0,0.0,0.0,0.0,0.162,20.225
952,15:52,PTR8,16,16,16,100.0,1322.34,25.086,0.717,1.099,0.715,0.0,0.0,0.34,0.0,0.0,0.0,0.0,0.0,0.176,22.039
952,15:52,PTR9,15,15,15,100.0,1237.44,23.519,0.671,1.126,0.613,0.0,0.0,0.32,0.0,0.0,0.0,0.0,0.0,0.165,20.624
952,15:52,PTR10,16,16,16,100.0,1320.0,25.08,0.714,1.102,0.748,0.0,0.0,0.34,0.0,0.0,0.0,0.0,0.0,0.176,22.0
953,15:53,PTR6,15,15,15,100.0,1218.66,23.201,0.645,1.097,0.67,0.0,0.0,0.313,0.0,0.0,0.0,0.0,0.0,0.165,20.311
953,15:53,PTR7,15,15,15,100.0,1198.68,23.201,0.645,1.08,0.649,0.29,0.09,0.307,0.0,0.0,0.0,0.0,0.0,0.162,19.978
953,15:53,PTR8,16,16,16,100.0,1303.92,24.734,0.688,1.088,0.714,0.0,0.0,0.336,0.0,0.0,0.0,0.0,0.0,0.176,21.732
953,15:53,PTR9,15,15,15,100.0,1219.14,23.189,0.645,1.111,0.639,0.0,0.0,0.31,0.0,0.0,0.0,0.0,0.0,0.165,20.319
953,15:53,PTR10,16,16,16,100.0,1302.9,24.728,0.688,1.086,0.73,0.0,0.0,0.333,0.0,0.0,0.0,0.0,0.0,0.176,21.715
954,15:54,PTR6,15,15,15,100.0,1202.7,22.917,0.616,1.088,0.694,0.0,0.0,0.309,0.0,0.0,0.0,0.0,0.0,0.165,20.045
954,15:54,PTR7,15,15,15,100.0,1182.48,22.917,0.616,1.07,0.681,0.288,0.089,0.303,0.0,0.0,0.0,0.0,0.0,0.162,19.708
954,15:54,PTR8,16,16,16,100.0,1290.48,24.433,0.659,1.077,0.684,0.0,0.0,0.329,0.0,0.0,0.0,0.0,0.0,0.176,21.508
954,15:54,PTR9,15,15,15,100.0,1207.8,22.908,0.619,1.101,0.583,0.0,0.0,0.31,0.0,0.0,0.0,0.0,0.0,0.165,20.13
954,15:54,PTR10,16,16,16,100.0,1287.48,24.43,0.662,1.074,0.729,0.0,0.0,0.331,0.0,0.0,0.0,0.0,0.0,0.176,21.458
955,15:55,PTR6,15,15,15,100.0,1187.52,22.601,0.585,1.072,0.68,0.0,0.0,0.307,0.0,0.0,0.0,0.0,0.0,0.165,19.792
955,15:55,PTR7,15,15,15,100.0,1167.72,22.601,0.585,1.056,0.663,0.284,0.089,0.3,0.0,0.0,0.0,0.0,0.0,0.162,19.462
955,15:55,PTR8,16,16,16,100.0,1273.8,24.094,0.624,1.063,0.675,0.0,0.0,0.326,0.0,0.0,0.0,0.0,0.0,0.176,21.23
955,15:55,PTR9,15,15,15,100.0,1190.28,22.589,0.585,1.086,0.613,0.0,0.0,0.302,0.0,0.0,0.0,0.0,0.0,0.165,19.838
955,15:55,PTR10,16,16,16,100.0,1270.56,24.088,0.624,1.06,0.729,0.0,0.0,0.324,0.0,0.0,0.0,0.0,0.0,0.175,21.176
956,15:56,PTR6,15,15,15,100.0,1181.28,22.466,0.57,1.065,0.676,0.0,0.0,0.303,0.0,0.0,0.0,0.0,0.0,0.164,19.688
956,15:56,PTR7,15,15,15,100.0,1161.36,22.466,0.57,1.049,0.661,0.283,0.088,0.299,0.0,0.0,0.0,0.0,0.0,0.16,19.356
956,15:56,PTR8,16,16,16,100.0,1265.52,23.95,0.608,1.055,0.692,0.0,0.0,0.328,0.0,0.0,0.0,0.0,0.0,0.175,21.092
956,15:56,PTR9,15,15,15,100.0,1182.96,22.454,0.57,1.077,0.624,0.0,0.0,0.302,0.0,0.0,0.0,0.0,0.0,0.165,19.716
956,15:56,PTR10,16,16,16,100.0,1262.16,23.944,0.608,1.055,0.743,0.0,0.0,0.328,0.0,0.0,0.0,0.0,0.0,0.174,21.036
957,15:57,PTR6,15,15,15,100.0,1159.5,22.032,0.54,1.039,0.678,0.0,0.0,0.299,0.0,0.0,0.0,0.0,0.0,0.151,19.325
957,15:57,PTR7,15,15,15,100.0,1140.48,22.032,0.54,1.021,0.657,0.278,0.086,0.293,0.0,0.0,0.0,0.0,0.0,0.149,19.008
957,15:57,PTR8,16,16,16,100.0,1243.08,23.49,0.576,1.031,0.682,0.0,0.0,0.319,0.0,0.0,0.0,0.0,0.0,0.164,20.718
957,15:57,PTR9,15,15,15,100.0,1161.54,22.023,0.54,1.052,0.621,0.0,0.0,0.298,0.0,0.0,0.0,0.0,0.0,0.153,19.359
957,15:57,PTR10,16,16,16,100.0,1239.72,23.486,0.576,1.032,0.738,0.0,0.0,0.318,0.0,0.0,0.0,0.0,0.0,0.16,20.662
958,15:58,PTR6,15,15,15,100.0,1150.62,21.822,0.51,1.034,0.654,0.0,0.0,0.297,0.0,0.0,0.0,0.0,0.0,0.15,19.177
958,15:58,PTR7,15,15,15,100.0,1130.58,21.822,0.51,1.018,0.651,0.277,0.085,0.29,0.0,0.0,0.0,0.0,0.0,0.148,18.843
958,15:58,PTR8,16,16,16,100.0,1231.62,23.266,0.544,1.026,0.693,0.0,0.0,0.316,0.0,0.0,0.0,0.0,0.0,0.16,20.527
958,15:58,PTR9,15,15,15,100.0,1151.22,21.813,0.51,1.05,0.618,0.0,0.0,0.298,0.0,0.0,0.0,0.0,0.0,0.15,19.187
958,15:58,PTR10,16,16,16,100.0,1228.98,23.262,0.544,1.027,0.737,0.0,0.0,0.311,0.0,0.0,0.0,0.0,0.0,0.16,20.483
959,15:59,PTR6,15,15,15,100.0,1135.68,21.566,0.524,1.019,0.655,0.0,0.0,0.29,0.0,0.0,0.0,0.0,0.0,0.15,18.928
959,15:59,PTR7,15,15,15,100.0,1116.06,21.566,0.524,1.004,0.645,0.272,0.084,0.288,0.0,0.0,0.0,0.0,0.0,0.148,18.601
959,15:59,PTR8,16,16,16,100.0,1217.04,22.99,0.556,1.011,0.671,0.0,0.0,0.308,0.0,0.0,0.0,0.0,0.0,0.16,20.284
959,15:59,PTR9,15,15,15,100.0,1136.52,21.554,0.521,1.034,0.612,0.0,0.0,0.295,0.0,0.0,0.0,0.0,0.0,0.15,18.942
959,15:59,PTR10,16,16,16,100.0,1213.56,22.984,0.554,1.013,0.718,0.0,0.0,0.313,0.0,0.0,0.0,0.0,0.0,0.16,20.226
960,16:00,PTR6,15,15,15,100.0,1118.46,21.222,0.496,1.013,0.633,0.0,0.0,0.289,0.0,0.0,0.0,0.0,0.0,0.15,18.641
960,16:00,PTR7,15,15,15,100.0,1099.5,21.222,0.496,0.996,0.625,0.268,0.084,0.281,0.0,0.0,0.0,0.0,0.0,0.147,18.325
960,16:00,PTR8,16,16,16,100.0,1197.48,22.626,0.532,1.004,0.665,0.0,0.0,0.307,0.0,0.0,0.0,0.0,0.0,0.16,19.958
960,16:00,PTR9,15,15,15,100.0,1119.18,21.213,0.499,1.023,0.599,0.0,0.0,0.289,0.0,0.0,0.0,0.0,0.0,0.15,18.653
960,16:00,PTR10,16,16,16,100.0,1194.42,22.622,0.534,1.0,0.713,0.0,0.0,0.308,0.0,0.0,0.0,0.0,0.0,0.16,19.907
961,16:01,PTR6,15,15,15,100.0,1105.08,20.967,0.51,0.989,0.618,0.0,0.0,0.282,0.0,0.0,0.0,0.0,0.0,0.15,18.418
961,16:01,PTR7,15,15,15,100.0,1082.64,20.967,0.51,0.976,0.665,0.264,0.082,0.279,0.0,0.0,0.0,0.0,0.0,0.147,18.044
961,16:01,PTR8,16,16,16,100.0,1182.72,22.354,0.544,0.983,0.65,0.0,0.0,0.305,0.0,0.0,0.0,0.0,0.0,0.16,19.712
961,16:01,PTR9,15,15,15,100.0,1104.96,20.958,0.51,1.004,0.595,0.0,0.0,0.283,0.0,0.0,0.0,0.0,0.0,0.15,18.416
961,16:01,PTR10,16,16,16,100.0,1180.62,22.35,0.544,0.983,0.683,0.0,0.0,0.303,0.0,0.0,0.0,0.0,0.0,0.16,19.677
962,16:02,PTR6,15,15,15,100.0,1088.22,20.682,0.496,0.986,0.632,0.0,0.0,0.281,0.0,0.0,0.0,0.0,0.0,0.15,18.137
962,16:02,PTR7,15,15,15,100.0,1068.42,20.682,0.496,0.973,0.643,0.261,0.081,0.274,0.0,0.0,0.0,0.0,0.0,0.147,17.807
962,16:02,PTR8,16,16,16,100.0,1164.12,22.05,0.532,0.977,0.677,0.0,0.0,0.302,0.0,0.0,0.0,0.0,0.0,0.16,19.402
962,16:02,PTR9,15,15,15,100.0,1088.94,20.673,0.499,0.997,0.6,0.0,0.0,0.278,0.0,0.0,0.0,0.0,0.0,0.15,18.149
962,16:02,PTR10,16,16,16,100.0,1163.76,22.046,0.534,0.975,0.684,0.0,0.0,0.297,0.0,0.0,0.0,0.0,0.0,0.16,19.396
963,16:03,PTR6,15,15,15,100.0,1077.54,20.516,0.524,0.968,0.637,0.0,0.0,0.278,0.0,0.0,0.0,0.0,0.0,0.15,17.959
963,16:03,PTR7,15,15,15,100.0,1061.22,20.516,0.524,0.956,0.591,0.258,0.081,0.272,0.0,0.0,0.0,0.0,0.0,0.147,17.687
963,16:03,PTR8,16,16,16,100.0,1154.82,21.87,0.556,0.961,0.647,0.0,0.0,0.299,0.0,0.0,0.0,0.0,0.0,0.16,19.247
963,16:03,PTR9,15,15,15,100.0,1080.36,20.504,0.521,0.983,0.566,0.0,0.0,0.278,0.0,0.0,0.0,0.0,0.0,0.15,18.006
963,16:03,PTR10,16,16,16,100.0,1152.18,21.864,0.554,0.961,0.69,0.0,0.0,0.297,0.0,0.0,0.0,0.0,0.0,0.159,19.203
964,16:04,PTR6,15,15,15,100.0,1064.52,20.232,0.495,0.951,0.623,0.0,0.0,0.274,0.0,0.0,0.0,0.0,0.0,0.147,17.742
964,16:04,PTR7,15,15,15,100.0,1045.68,20.232,0.495,0.939,0.626,0.256,0.079,0.267,0.0,0.0,0.0,0.0,0.0,0.142,17.428
964,16:04,PTR8,16,16,16,100.0,1140.96,21.57,0.528,0.944,0.63,0.0,0.0,0.295,0.0,0.0,0.0,0.0,0.0,0.157,19.016
964,16:04,PTR9,15,15,15,100.0,1066.14,20.223,0.495,0.966,0.569,0.0,0.0,0.277,0.0,0.0,0.0,0.0,0.0,0.147,17.769
964,16:04,PTR10,16,16,16,100.0,1136.34,21.566,0.528,0.945,0.703,0.0,0.0,0.294,0.0,0.0,0.0,0.0,0.0,0.157,18.939
965,16:05,PTR6,15,15,15,100.0,1050.9,19.932,0.465,0.942,0.604,0.0,0.0,0.27,0.0,0.0,0.0,0.0,0.0,0.136,17.515
965,16:05,PTR7,15,15,15,100.0,1031.04,19.932,0.465,0.926,0.626,0.252,0.078,0.266,0.0,0.0,0.0,0.0,0.0,0.135,17.184
965,16:05,PTR8,16,16,16,100.0,1122.36,21.25,0.496,0.934,0.679,0.0,0.0,0.288,0.0,0.0,0.0,0.0,0.0,0.147,18.706
965,16:05,PTR9,15,15,15,100.0,1050.48,19.923,0.465,0.952,0.592,0.0,0.0,0.27,0.0,0.0,0.0,0.0,0.0,0.136,17.508
965,16:05,PTR10,16,16,16,100.0,1121.34,21.246,0.496,0.933,0.696,0.0,0.0,0.287,0.0,0.0,0.0,0.0,0.0,0.145,18.689
966,16:06,PTR6,15,15,15,100.0,1032.78,19.632,0.479,0.925,0.612,0.0,0.0,0.268,0.0,0.0,0.0,0.0,0.0,0.135,17.213
966,16:06,PTR7,15,15,15,100.0,1013.58,19.632,0.479,0.91,0.632,0.246,0.077,0.262,0.0,0.0,0.0,0.0,0.0,0.133,16.893
966,16:06,PTR8,16,16,16,100.0,1105.44,20.93,0.508,0.918,0.651,0.0,0.0,0.285,0.0,0.0,0.0,0.0,0.0,0.144,18.424
966,16:06,PTR9,15,15,15,100.0,1032.48,19.623,0.476,0.939,0.599,0.0,0.0,0.266,0.0,0.0,0.0,0.0,0.0,0.135,17.208
966,16:06,PTR10,16,16,16,100.0,1104.96,20.926,0.506,0.918,0.66,0.0,0.0,0.282,0.0,0.0,0.0,0.0,0.0,0.144,18.416
967,16:07,PTR6,15,15,15,100.0,1019.34,19.347,0.435,0.924,0.602,0.0,0.0,0.262,0.0,0.0,0.0,0.0,0.0,0.135,16.989
967,16:07,PTR7,15,15,15,100.0,1001.04,19.347,0.435,0.909,0.608,0.245,0.075,0.258,0.0,0.0,0.0,0.0,0.0,0.133,16.684
967,16:07,PTR8,16,16,16,100.0,1091.7,20.627,0.465,0.916,0.628,0.0,0.0,0.279,0.0,0.0,0.0,0.0,0.0,0.144,18.195
967,16:07,PTR9,15,15,15,100.0,1019.52,19.338,0.435,0.936,0.577,0.0,0.0,0.263,0.0,0.0,0.0,0.0,0.0,0.135,16.992
967,16:07,PTR10,16,16,16,100.0,1089.66,20.622,0.464,0.916,0.655,0.0,0.0,0.282,0.0,0.0,0.0,0.0,0.0,0.144,18.161
968,16:08,PTR6,15,15,15,100.0,1007.88,19.122,0.42,0.912,0.597,0.0,0.0,0.26,0.0,0.0,0.0,0.0,0.0,0.135,16.798
968,16:08,PTR7,15,15,15,100.0,989.82,19.122,0.42,0.898,0.6,0.243,0.076,0.255,0.0,0.0,0.0,0.0,0.0,0.133,16.497
968,16:08,PTR8,16,16,16,100.0,1077.9,20.386,0.448,0.904,0.641,0.0,0.0,0.284,0.0,0.0,0.0,0.0,0.0,0.144,17.965
968,16:08,PTR9,15,15,15,100.0,1009.26,19.113,0.42,0.924,0.554,0.0,0.0,0.259,0.0,0.0,0.0,0.0,0.0,0.135,16.821
968,16:08,PTR10,16,16,16,100.0,1076.28,20.382,0.448,0.904,0.671,0.0,0.0,0.277,0.0,0.0,0.0,0.0,0.0,0.144,17.938
969,16:09,PTR6,15,15,15,100.0,994.32,18.867,0.405,0.896,0.604,0.0,0.0,0.255,0.0,0.0,0.0,0.0,0.0,0.135,16.572
969,16:09,PTR7,15,15,15,100.0,977.22,18.867,0.405,0.882,0.595,0.239,0.074,0.253,0.0,0.0,0.0,0.0,0.0,0.132,16.287
969,16:09,PTR8,16,16,16,100.0,1064.52,20.115,0.433,0.887,0.635,0.0,0.0,0.274,0.0,0.0,0.0,0.0,0.0,0.144,17.742
969,16:09,PTR9,15,15,15,100.0,993.72,18.858,0.405,0.908,0.591,0.0,0.0,0.257,0.0,0.0,0.0,0.0,0.0,0.135,16.562
969,16:09,PTR10,16,16,16,100.0,1063.86,20.11,0.432,0.886,0.643,0.0,0.0,0.274,0.0,0.0,0.0,0.0,0.0,0.144,17.731
970,16:10,PTR6,15,15,15,100.0,980.46,18.627,0.405,0.889,0.607,0.0,0.0,0.25,0.0,0.0,0.0,0.0,0.0,0.135,16.341
970,16:10,PTR7,15,15,15,100.0,963.06,18.627,0.405,0.878,0.603,0.235,0.073,0.25,0.0,0.0,0.0,0.0,0.0,0.132,16.051
970,16:10,PTR8,16,16,16,100.0,1050.12,19.858,0.432,0.883,0.626,0.0,0.0,0.271,0.0,0.0,0.0,0.0,0.0,0.144,17.502
970,16:10,PTR9,15,15,15,100.0,981.72,18.618,0.405,0.901,0.562,0.0,0.0,0.253,0.0,0.0,0.0,0.0,0.0,0.135,16.362
970,16:10,PTR10,16,16,16,100.0,1048.92,19.854,0.432,0.883,0.642,0.0,0.0,0.271,0.0,0.0,0.0,0.0,0.0,0.144,17.482
971,16:11,PTR6,15,15,15,100.0,966.24,18.372,0.42,0.872,0.592,0.0,0.0,0.249,0.0,0.0,0.0,0.0,0.0,0.135,16.104
971,16:11,PTR7,15,15,15,100.0,948.72,18.372,0.42,0.862,0.598,0.231,0.072,0.245,0.0,0.0,0.0,0.0,0.0,0.132,15.812
971,16:11,PTR8,16,16,16,100.0,1034.34,19.586,0.448,0.868,0.618,0.0,0.0,0.269,0.0,0.0,0.0,0.0,0.0,0.144,17.239
971,16:11,PTR9,15,15,15,100.0,966.48,18.363,0.42,0.885,0.565,0.0,0.0,0.25,0.0,0.0,0.0,0.0,0.0,0.135,16.108
971,16:11,PTR10,16,16,16,100.0,1032.18,19.582,0.448,0.867,0.658,0.0,0.0,0.262,0.0,0.0,0.0,0.0,0.0,0.144,17.203
972,16:12,PTR6,15,15,15,100.0,954.06,18.132,0.404,0.855,0.594,0.0,0.0,0.248,0.0,0.0,0.0,0.0,0.0,0.13,15.901
972,16:12,PTR7,15,15,15,100.0,938.22,18.132,0.404,0.846,0.573,0.229,0.071,0.243,0.0,0.0,0.0,0.0,0.0,0.129,15.637
972,16:12,PTR8,16,16,16,100.0,1020.78,19.33,0.428,0.851,0.634,0.0,0.0,0.263,0.0,0.0,0.0,0.0,0.0,0.141,17.013
972,16:12,PTR9,15,15,15,100.0,954.12,18.123,0.401,0.872,0.57,0.0,0.0,0.246,0.0,0.0,0.0,0.0,0.0,0.132,15.902
972,16:12,PTR10,16,16,16,100.0,1019.58,19.326,0.426,0.854,0.649,0.0,0.0,0.263,0.0,0.0,0.0,0.0,0.0,0.141,16.993
973,16:13,PTR6,15,15,15,100.0,938.64,17.802,0.375,0.845,0.575,0.0,0.0,0.242,0.0,0.0,0.0,0.0,0.0,0.121,15.644
973,16:13,PTR7,15,15,15,100.0,921.84,17.802,0.375,0.833,0.576,0.226,0.07,0.238,0.0,0.0,0.0,0.0,0.0,0.12,15.364
973,16:13,PTR8,16,16,16,100.0,1004.16,18.978,0.399,0.839,0.609,0.0,0.0,0.264,0.0,0.0,0.0,0.0,0.0,0.131,16.736
973,16:13,PTR9,15,15,15,100.0,938.88,17.793,0.375,0.857,0.548,0.0,0.0,0.244,0.0,0.0,0.0,0.0,0.0,0.121,15.648
973,16:13,PTR10,16,16,16,100.0,1002.84,18.974,0.4,0.838,0.633,0.0,0.0,0.26,0.0,0.0,0.0,0.0,0.0,0.129,16.714
974,16:14,PTR6,15,15,15,100.0,926.1,17.547,0.344,0.827,0.581,0.0,0.0,0.24,0.0,0.0,0.0,0.0,0.0,0.12,15.435
974,16:14,PTR7,15,15,15,100.0,910.62,17.547,0.344,0.817,0.564,0.221,0.07,0.235,0.0,0.0,0.0,0.0,0.0,0.119,15.177
974,16:14,PTR8,16,16,16,100.0,991.56,18.707,0.365,0.824,0.606,0.0,0.0,0.257,0.0,0.0,0.0,0.0,0.0,0.129,16.526
974,16:14,PTR9,15,15,15,100.0,926.58,17.538,0.341,0.845,0.549,0.0,0.0,0.24,0.0,0.0,0.0,0.0,0.0,0.12,15.443
974,16:14,PTR10,16,16,16,100.0,989.76,18.702,0.362,0.825,0.634,0.0,0.0,0.257,0.0,0.0,0.0,0.0,0.0,0.128,16.496
975,16:15,PTR6,15,15,15,100.0,913.38,17.277,0.299,0.819,0.58,0.0,0.0,0.236,0.0,0.0,0.0,0.0,0.0,0.12,15.223
975,16:15,PTR7,15,15,15,100.0,898.86,17.277,0.299,0.806,0.55,0.22,0.068,0.234,0.0,0.0,0.0,0.0,0.0,0.119,14.981
975,16:15,PTR8,16,16,16,100.0,978.24,18.418,0.316,0.812,0.606,0.0,0.0,0.252,0.0,0.0,0.0,0.0,0.0,0.128,16.304
975,16:15,PTR9,15,15,15,100.0,914.16,17.268,0.296,0.832,0.546,0.0,0.0,0.238,0.0,0.0,0.0,0.0,0.0,0.12,15.236
975,16:15,PTR10,16,16,16,100.0,977.52,18.414,0.314,0.816,0.611,0.0,0.0,0.253,0.0,0.0,0.0,0.0,0.0,0.128,16.292
976,16:16,PTR6,15,15,15,100.0,899.4,16.963,0.27,0.808,0.543,0.0,0.0,0.232,0.0,0.0,0.0,0.0,0.0,0.12,14.99
976,16:16,PTR7,15,15,15,100.0,880.98,16.963,0.27,0.795,0.587,0.214,0.067,0.229,0.0,0.0,0.0,0.0,0.0,0.118,14.683
976,16:16,PTR8,16,16,16,100.0,960.66,18.086,0.288,0.805,0.608,0.0,0.0,0.246,0.0,0.0,0.0,0.0,0.0,0.128,16.011
976,16:16,PTR9,15,15,15,100.0,900.42,16.957,0.27,0.82,0.505,0.0,0.0,0.235,0.0,0.0,0.0,0.0,0.0,0.12,15.007
976,16:16,PTR10,16,16,16,100.0,959.64,18.084,0.288,0.804,0.619,0.0,0.0,0.251,0.0,0.0,0.0,0.0,0.0,0.128,15.994
977,16:17,PTR6,15,15,15,100.0,883.02,16.678,0.27,0.794,0.547,0.0,0.0,0.23,0.0,0.0,0.0,0.0,0.0,0.12,14.717
977,16:17,PTR7,15,15,15,100.0,865.62,16.678,0.27,0.783,0.576,0.211,0.066,0.228,0.0,0.0,0.0,0.0,0.0,0.117,14.427
977,16:17,PTR8,16,16,16,100.0,943.74,17.782,0.288,0.791,0.602,0.0,0.0,0.244,0.0,0.0,0.0,0.0,0.0,0.128,15.729
977,16:17,PTR9,15,15,15,100.0,883.68,16.672,0.27,0.809,0.516,0.0,0.0,0.229,0.0,0.0,0.0,0.0,0.0,0.12,14.728
977,16:17,PTR10,16,16,16,100.0,941.82,17.78,0.288,0.793,0.63,0.0,0.0,0.244,0.0,0.0,0.0,0.0,0.0,0.128,15.697
978,16:18,PTR6,15,15,15,100.0,869.7,16.468,0.271,0.792,0.562,0.0,0.0,0.228,0.0,0.0,0.0,0.0,0.0,0.12,14.495
978,16:18,PTR7,15,15,15,100.0,854.4,16.468,0.271,0.781,0.562,0.209,0.064,0.224,0.0,0.0,0.0,0.0,0.0,0.117,14.24
978,16:18,PTR8,16,16,16,100.0,930.84,17.558,0.292,0.785,0.597,0.0,0.0,0.242,0.0,0.0,0.0,0.0,0.0,0.128,15.514
978,16:18,PTR9,15,15,15,100.0,869.64,16.462,0.274,0.801,0.546,0.0,0.0,0.227,0.0,0.0,0.0,0.0,0.0,0.12,14.494
978,16:18,PTR10,16,16,16,100.0,928.68,17.556,0.294,0.784,0.628,0.0,0.0,0.244,0.0,0.0,0.0,0.0,0.0,0.128,15.478
979,16:19,PTR6,15,15,15,100.0,857.94,16.228,0.27,0.77,0.547,0.0,0.0,0.222,0.0,0.0,0.0,0.0,0.0,0.12,14.299
979,16:19,PTR7,15,15,15,100.0,842.1,16.228,0.27,0.761,0.556,0.206,0.064,0.219,0.0,0.0,0.0,0.0,0.0,0.117,14.035
979,16:19,PTR8,16,16,16,100.0,918.48,17.302,0.288,0.766,0.572,0.0,0.0,0.24,0.0,0.0,0.0,0.0,0.0,0.128,15.308
979,16:19,PTR9,15,15,15,100.0,858.9,16.222,0.27,0.784,0.51,0.0,0.0,0.223,0.0,0.0,0.0,0.0,0.0,0.12,14.315
979,16:19,PTR10,16,16,16,100.0,916.08,17.3,0.288,0.767,0.609,0.0,0.0,0.24,0.0,0.0,0.0,0.0,0.0,0.128,15.268
980,16:20,PTR6,15,15,15,100.0,838.74,15.852,0.239,0.752,0.55,0.0,0.0,0.22,0.0,0.0,0.0,0.0,0.0,0.112,13.979
980,16:20,PTR7,15,15,15,100.0,824.04,15.852,0.239,0.739,0.553,0.201,0.062,0.213,0.0,0.0,0.0,0.0,0.0,0.111,13.734
980,16:20,PTR8,16,16,16,100.0,898.32,16.899,0.253,0.747,0.57,0.0,0.0,0.233,0.0,0.0,0.0,0.0,0.0,0.124,14.972
980,16:20,PTR9,15,15,15,100.0,840.48,15.843,0.236,0.765,0.495,0.0,0.0,0.221,0.0,0.0,0.0,0.0,0.0,0.118,14.008
980,16:20,PTR10,16,16,16,100.0,895.38,16.894,0.25,0.75,0.614,0.0,0.0,0.233,0.0,0.0,0.0,0.0,0.0,0.124,14.923
981,16:21,PTR6,15,15,15,100.0,825.42,15.598,0.225,0.747,0.546,0.0,0.0,0.218,0.0,0.0,0.0,0.0,0.0,0.105,13.757
981,16:21,PTR7,15,15,15,100.0,810.6,15.598,0.225,0.736,0.551,0.198,0.061,0.213,0.0,0.0,0.0,0.0,0.0,0.104,13.51
981,16:21,PTR8,16,16,16,100.0,884.82,16.63,0.24,0.742,0.555,0.0,0.0,0.232,0.0,0.0,0.0,0.0,0.0,0.114,14.747
981,16:21,PTR9,15,15,15,100.0,827.82,15.592,0.225,0.758,0.491,0.0,0.0,0.216,0.0,0.0,0.0,0.0,0.0,0.105,13.797
981,16:21,PTR10,16,16,16,100.0,882.9,16.628,0.24,0.741,0.587,0.0,0.0,0.232,0.0,0.0,0.0,0.0,0.0,0.113,14.715
982,16:22,PTR6,15,15,15,100.0,807.06,15.238,0.196,0.733,0.54,0.0,0.0,0.213,0.0,0.0,0.0,0.0,0.0,0.105,13.451
982,16:22,PTR7,15,15,15,100.0,792.78,15.238,0.196,0.725,0.537,0.193,0.06,0.21,0.0,0.0,0.0,0.0,0.0,0.104,13.213
982,16:22,PTR8,16,16,16,100.0,865.56,16.246,0.211,0.726,0.546,0.0,0.0,0.225,0.0,0.0,0.0,0.0,0.0,0.112,14.426
982,16:22,PTR9,15,15,15,100.0,808.32,15.232,0.199,0.742,0.502,0.0,0.0,0.212,0.0,0.0,0.0,0.0,0.0,0.105,13.472
982,16:22,PTR10,16,16,16,100.0,863.76,16.244,0.214,0.725,0.572,0.0,0.0,0.225,0.0,0.0,0.0,0.0,0.0,0.112,14.396
983,16:23,PTR6,15,15,15,100.0,794.88,14.983,0.18,0.715,0.529,0.0,0.0,0.206,0.0,0.0,0.0,0.0,0.0,0.105,13.248
983,16:23,PTR7,15,15,15,100.0,781.56,14.983,0.18,0.704,0.512,0.191,0.06,0.206,0.0,0.0,0.0,0.0,0.0,0.104,13.026
983,16:23,PTR8,16,16,16,100.0,851.76,15.974,0.192,0.71,0.54,0.0,0.0,0.224,0.0,0.0,0.0,0.0,0.0,0.112,14.196
983,16:23,PTR9,15,15,15,100.0,795.18,14.977,0.18,0.728,0.503,0.0,0.0,0.208,0.0,0.0,0.0,0.0,0.0,0.105,13.253
983,16:23,PTR10,16,16,16,100.0,849.36,15.972,0.192,0.711,0.58,0.0,0.0,0.221,0.0,0.0,0.0,0.0,0.0,0.112,14.156
984,16:24,PTR6,15,15,15,100.0,780.96,14.727,0.164,0.709,0.53,0.0,0.0,0.203,0.0,0.0,0.0,0.0,0.0,0.105,13.016
984,16:24,PTR7,15,15,15,100.0,768.3,14.727,0.164,0.698,0.508,0.189,0.059,0.2,0.0,0.0,0.0,0.0,0.0,0.104,12.805
984,16:24,PTR8,16,16,16,100.0,836.7,15.699,0.173,0.705,0.548,0.0,0.0,0.216,0.0,0.0,0.0,0.0,0.0,0.112,13.945
984,16:24,PTR9,15,15,15,100.0,781.74,14.718,0.161,0.718,0.497,0.0,0.0,0.208,0.0,0.0,0.0,0.0,0.0,0.105,13.029
984,16:24,PTR10,16,16,16,100.0,834.84,15.694,0.17,0.705,0.574,0.0,0.0,0.219,0.0,0.0,0.0,0.0,0.0,0.112,13.914
985,16:25,PTR6,15,15,15,100.0,768.06,14.488,0.165,0.69,0.522,0.0,0.0,0.205,0.0,0.0,0.0,0.0,0.0,0.105,12.801
985,16:25,PTR7,15,15,15,100.0,755.52,14.488,0.165,0.678,0.508,0.185,0.057,0.2,0.0,0.0,0.0,0.0,0.0,0.103,12.592
985,16:25,PTR8,16,16,16,100.0,823.32,15.446,0.175,0.685,0.539,0.0,0.0,0.213,0.0,0.0,0.0,0.0,0.0,0.112,13.722
985,16:25,PTR9,15,15,15,100.0,768.36,14.482,0.165,0.7,0.501,0.0,0.0,0.205,0.0,0.0,0.0,0.0,0.0,0.105,12.806
985,16:25,PTR10,16,16,16,100.0,820.92,15.444,0.176,0.685,0.576,0.0,0.0,0.213,0.0,0.0,0.0,0.0,0.0,0.112,13.682
986,16:26,PTR6,15,15,15,100.0,752.64,14.187,0.149,0.683,0.509,0.0,0.0,0.197,0.0,0.0,0.0,0.0,0.0,0.105,12.544
986,16:26,PTR7,15,15,15,100.0,739.26,14.187,0.149,0.671,0.513,0.181,0.056,0.194,0.0,0.0,0.0,0.0,0.0,0.102,12.321
986,16:26,PTR8,16,16,16,100.0,805.38,15.123,0.157,0.676,0.543,0.0,0.0,0.212,0.0,0.0,0.0,0.0,0.0,0.112,13.423
986,16:26,PTR9,15,15,15,100.0,753.24,14.178,0.146,0.69,0.482,0.0,0.0,0.201,0.0,0.0,0.0,0.0,0.0,0.105,12.554
986,16:26,PTR10,16,16,16,100.0,803.52,15.118,0.154,0.678,0.567,0.0,0.0,0.215,0.0,0.0,0.0,0.0,0.0,0.112,13.392
987,16:27,PTR6,15,15,15,100.0,738.54,13.933,0.135,0.671,0.517,0.0,0.0,0.196,0.0,0.0,0.0,0.0,0.0,0.105,12.309
987,16:27,PTR7,15,15,15,100.0,725.46,13.933,0.135,0.661,0.518,0.178,0.055,0.193,0.0,0.0,0.0,0.0,0.0,0.102,12.091
987,16:27,PTR8,16,16,16,100.0,792.06,14.854,0.144,0.667,0.521,0.0,0.0,0.209,0.0,0.0,0.0,0.0,0.0,0.112,13.201
987,16:27,PTR9,15,15,15,100.0,740.04,13.927,0.135,0.683,0.475,0.0,0.0,0.195,0.0,0.0,0.0,0.0,0.0,0.105,12.334
987,16:27,PTR10,16,16,16,100.0,789.18,14.852,0.144,0.666,0.57,0.0,0.0,0.209,0.0,0.0,0.0,0.0,0.0,0.11,13.153
988,16:28,PTR6,15,15,15,100.0,723.72,13.648,0.15,0.65,0.5,0.0,0.0,0.192,0.0,0.0,0.0,0.0,0.0,0.094,12.062
988,16:28,PTR7,15,15,15,100.0,710.82,13.648,0.15,0.639,0.501,0.173,0.054,0.191,0.0,0.0,0.0,0.0,0.0,0.093,11.847
988,16:28,PTR8,16,16,16,100.0,775.56,14.55,0.159,0.64,0.513,0.0,0.0,0.207,0.0,0.0,0.0,0.0,0.0,0.105,12.926
988,16:28,PTR9,15,15,15,100.0,724.14,13.642,0.15,0.657,0.475,0.0,0.0,0.194,0.0,0.0,0.0,0.0,0.0,0.097,12.069
988,16:28,PTR10,16,16,16,100.0,773.4,14.548,0.16,0.642,0.544,0.0,0.0,0.206,0.0,0.0,0.0,0.0,0.0,0.106,12.89
989,16:29,PTR6,15,15,15,100.0,704.88,13.303,0.15,0.634,0.491,0.0,0.0,0.19,0.0,0.0,0.0,0.0,0.0,0.09,11.748
989,16:29,PTR7,15,15,15,100.0,693.18,13.303,0.15,0.623,0.48,0.169,0.053,0.186,0.0,0.0,0.0,0.0,0.0,0.089,11.553
989,16:29,PTR8,16,16,16,100.0,754.62,14.182,0.159,0.629,0.52,0.0,0.0,0.201,0.0,0.0,0.0,0.0,0.0,0.096,12.577
989,16:29,PTR9,15,15,15,100.0,705.18,13.297,0.15,0.643,0.474,0.0,0.0,0.187,0.0,0.0,0.0,0.0,0.0,0.09,11.753
989,16:29,PTR10,16,16,16,100.0,753.36,14.18,0.16,0.627,0.537,0.0,0.0,0.204,0.0,0.0,0.0,0.0,0.0,0.096,12.556
990,16:30,PTR6,15,15,15,100.0,689.34,13.018,0.135,0.634,0.486,0.0,0.0,0.184,0.0,0.0,0.0,0.0,0.0,0.09,11.489
990,16:30,PTR7,15,15,15,100.0,676.98,13.018,0.135,0.622,0.492,0.165,0.052,0.18,0.0,0.0,0.0,0.0,0.0,0.089,11.283
990,16:30,PTR8,16,16,16,100.0,738.84,13.879,0.145,0.626,0.498,0.0,0.0,0.2,0.0,0.0,0.0,0.0,0.0,0.096,12.314
990,16:30,PTR9,15,15,15,100.0,690.54,13.012,0.135,0.641,0.453,0.0,0.0,0.184,0.0,0.0,0.0,0.0,0.0,0.09,11.509
990,16:30,PTR10,16,16,16,100.0,737.04,13.876,0.144,0.626,0.532,0.0,0.0,0.194,0.0,0.0,0.0,0.0,0.0,0.096,12.284
991,16:31,PTR6,15,15,15,100.0,675.42,12.763,0.135,0.613,0.487,0.0,0.0,0.181,0.0,0.0,0.0,0.0,0.0,0.09,11.257
991,16:31,PTR7,15,15,15,100.0,664.08,12.763,0.135,0.606,0.474,0.162,0.051,0.178,0.0,0.0,0.0,0.0,0.0,0.089,11.068
991,16:31,PTR8,16,16,16,100.0,723.72,13.606,0.143,0.61,0.499,0.0,0.0,0.196,0.0,0.0,0.0,0.0,0.0,0.096,12.062
991,16:31,PTR9,15,15,15,100.0,676.8,12.757,0.135,0.621,0.449,0.0,0.0,0.182,0.0,0.0,0.0,0.0,0.0,0.09,11.28
991,16:31,PTR10,16,16,16,100.0,722.22,13.604,0.144,0.607,0.527,0.0,0.0,0.193,0.0,0.0,0.0,0.0,0.0,0.096,12.037
992,16:32,PTR6,15,15,15,100.0,663.42,12.524,0.121,0.606,0.474,0.0,0.0,0.176,0.0,0.0,0.0,0.0,0.0,0.09,11.057
992,16:32,PTR7,15,15,15,100.0,652.14,12.524,0.121,0.595,0.467,0.158,0.05,0.175,0.0,0.0,0.0,0.0,0.0,0.089,10.869
992,16:32,PTR8,16,16,16,100.0,710.82,13.354,0.131,0.6,0.489,0.0,0.0,0.191,0.0,0.0,0.0,0.0,0.0,0.096,11.847
992,16:32,PTR9,15,15,15,100.0,663.0,12.521,0.124,0.615,0.463,0.0,0.0,0.179,0.0,0.0,0.0,0.0,0.0,0.09,11.05
992,16:32,PTR10,16,16,16,100.0,709.08,13.354,0.134,0.602,0.513,0.0,0.0,0.191,0.0,0.0,0.0,0.0,0.0,0.096,11.818
993,16:33,PTR6,15,15,15,100.0,649.86,12.268,0.105,0.594,0.471,0.0,0.0,0.177,0.0,0.0,0.0,0.0,0.0,0.09,10.831
993,16:33,PTR7,15,15,15,100.0,638.64,12.268,0.105,0.585,0.466,0.156,0.049,0.175,0.0,0.0,0.0,0.0,0.0,0.088,10.644
993,16:33,PTR8,16,16,16,100.0,695.7,13.079,0.112,0.591,0.497,0.0,0.0,0.188,0.0,0.0,0.0,0.0,0.0,0.096,11.595
993,16:33,PTR9,15,15,15,100.0,651.12,12.262,0.105,0.604,0.433,0.0,0.0,0.178,0.0,0.0,0.0,0.0,0.0,0.09,10.852
993,16:33,PTR10,16,16,16,100.0,694.56,13.076,0.112,0.587,0.515,0.0,0.0,0.19,0.0,0.0,0.0,0.0,0.0,0.096,11.576
994,16:34,PTR6,15,15,15,100.0,635.04,12.013,0.105,0.579,0.481,0.0,0.0,0.174,0.0,0.0,0.0,0.0,0.0,0.09,10.584
994,16:34,PTR7,15,15,15,100.0,624.96,12.013,0.105,0.571,0.462,0.152,0.047,0.172,0.0,0.0,0.0,0.0,0.0,0.088,10.416
994,16:34,PTR8,16,16,16,100.0,680.94,12.807,0.112,0.575,0.491,0.0,0.0,0.184,0.0,0.0,0.0,0.0,0.0,0.096,11.349
994,16:34,PTR9,15,15,15,100.0,636.24,12.007,0.105,0.589,0.448,0.0,0.0,0.171,0.0,0.0,0.0,0.0,0.0,0.09,10.604
994,16:34,PTR10,16,16,16,100.0,679.98,12.804,0.112,0.575,0.504,0.0,0.0,0.184,0.0,0.0,0.0,0.0,0.0,0.096,11.333
995,16:35,PTR6,15,15,15,100.0,620.82,11.728,0.104,0.56,0.459,0.0,0.0,0.168,0.0,0.0,0.0,0.0,0.0,0.09,10.347
995,16:35,PTR7,15,15,15,100.0,609.72,11.728,0.104,0.549,0.464,0.149,0.047,0.167,0.0,0.0,0.0,0.0,0.0,0.086,10.162
995,16:35,PTR8,16,16,16,100.0,665.46,12.503,0.109,0.556,0.472,0.0,0.0,0.179,0.0,0.0,0.0,0.0,0.0,0.096,11.091
995,16:35,PTR9,15,15,15,100.0,621.42,11.722,0.101,0.569,0.438,0.0,0.0,0.167,0.0,0.0,0.0,0.0,0.0,0.09,10.357
995,16:35,PTR10,16,16,16,100.0,663.3,12.5,0.106,0.557,0.509,0.0,0.0,0.178,0.0,0.0,0.0,0.0,0.0,0.095,11.055
996,16:36,PTR6,15,15,15,100.0,607.98,11.458,0.09,0.554,0.439,0.0,0.0,0.166,0.0,0.0,0.0,0.0,0.0,0.076,10.133
996,16:36,PTR7,15,15,15,100.0,595.8,11.458,0.09,0.544,0.465,0.146,0.045,0.163,0.0,0.0,0.0,0.0,0.0,0.075,9.93
996,16:36,PTR8,16,16,16,100.0,649.62,12.215,0.096,0.548,0.483,0.0,0.0,0.178,0.0,0.0,0.0,0.0,0.0,0.083,10.827
996,16:36,PTR9,15,15,15,100.0,608.16,11.452,0.09,0.561,0.422,0.0,0.0,0.167,0.0,0.0,0.0,0.0,0.0,0.076,10.136
996,16:36,PTR10,16,16,16,100.0,649.26,12.212,0.096,0.547,0.489,0.0,0.0,0.177,0.0,0.0,0.0,0.0,0.0,0.082,10.821
997,16:37,PTR6,15,15,15,100.0,594.06,11.174,0.061,0.538,0.434,0.0,0.0,0.165,0.0,0.0,0.0,0.0,0.0,0.075,9.901
997,16:37,PTR7,15,15,15,100.0,583.14,11.174,0.061,0.529,0.443,0.142,0.044,0.162,0.0,0.0,0.0,0.0,0.0,0.074,9.719
997,16:37,PTR8,16,16,16,100.0,637.14,11.914,0.067,0.532,0.44,0.0,0.0,0.176,0.0,0.0,0.0,0.0,0.0,0.08,10.619
997,16:37,PTR9,15,15,15,100.0,594.84,11.171,0.064,0.543,0.412,0.0,0.0,0.163,0.0,0.0,0.0,0.0,0.0,0.075,9.914
997,16:37,PTR10,16,16,16,100.0,633.84,11.914,0.07,0.531,0.495,0.0,0.0,0.174,0.0,0.0,0.0,0.0,0.0,0.08,10.564
998,16:38,PTR6,15,15,15,100.0,582.06,10.948,0.045,0.534,0.43,0.0,0.0,0.163,0.0,0.0,0.0,0.0,0.0,0.075,9.701
998,16:38,PTR7,15,15,15,100.0,571.68,10.948,0.045,0.529,0.432,0.139,0.043,0.158,0.0,0.0,0.0,0.0,0.0,0.074,9.528
998,16:38,PTR8,16,16,16,100.0,622.62,11.671,0.048,0.531,0.46,0.0,0.0,0.175,0.0,0.0,0.0,0.0,0.0,0.08,10.377
998,16:38,PTR9,15,15,15,100.0,582.24,10.942,0.045,0.541,0.414,0.0,0.0,0.163,0.0,0.0,0.0,0.0,0.0,0.075,9.704
998,16:38,PTR10,16,16,16,100.0,621.18,11.668,0.048,0.529,0.485,0.0,0.0,0.173,0.0,0.0,0.0,0.0,0.0,0.08,10.353
999,16:39,PTR6,15,15,15,100.0,567.78,10.693,0.045,0.522,0.429,0.0,0.0,0.159,0.0,0.0,0.0,0.0,0.0,0.075,9.463
999,16:39,PTR7,15,15,15,100.0,558.84,10.693,0.045,0.516,0.408,0.137,0.042,0.157,0.0,0.0,0.0,0.0,0.0,0.074,9.314
999,16:39,PTR8,16,16,16,100.0,608.46,11.399,0.048,0.518,0.444,0.0,0.0,0.168,0.0,0.0,0.0,0.0,0.0,0.08,10.141
999,16:39,PTR9,15,15,15,100.0,568.56,10.687,0.045,0.526,0.403,0.0,0.0,0.162,0.0,0.0,0.0,0.0,0.0,0.075,9.476
999,16:39,PTR10,16,16,16,100.0,606.12,11.396,0.048,0.515,0.479,0.0,0.0,0.172,0.0,0.0,0.0,0.0,0.0,0.08,10.102
1000,16:40,PTR6,15,15,15,100.0,556.08,10.468,0.045,0.511,0.413,0.0,0.0,0.156,0.0,0.0,0.0,0.0,0.0,0.075,9.268
1000,16:40,PTR7,15,15,15,100.0,545.7,10.468,0.045,0.502,0.426,0.133,0.041,0.152,0.0,0.0,0.0,0.0,0.0,0.074,9.095
1000,16:40,PTR8,16,16,16,100.0,595.32,11.159,0.048,0.507,0.437,0.0,0.0,0.165,0.0,0.0,0.0,0.0,0.0,0.08,9.922
1000,16:40,PTR9,15,15,15,100.0,556.32,10.462,0.045,0.515,0.4,0.0,0.0,0.155,0.0,0.0,0.0,0.0,0.0,0.075,9.272
1000,16:40,PTR10,16,16,16,100.0,593.46,11.156,0.048,0.504,0.464,0.0,0.0,0.169,0.0,0.0,0.0,0.0,0.0,0.08,9.891
1001,16:41,PTR6,15,15,15,100.0,541.74,10.198,0.03,0.497,0.413,0.0,0.0,0.154,0.0,0.0,0.0,0.0,0.0,0.075,9.029
1001,16:41,PTR7,15,15,15,100.0,531.54,10.198,0.03,0.491,0.422,0.13,0.04,0.152,0.0,0.0,0.0,0.0,0.0,0.074,8.859
1001,16:41,PTR8,16,16,16,100.0,579.42,10.871,0.032,0.492,0.446,0.0,0.0,0.164,0.0,0.0,0.0,0.0,0.0,0.08,9.657
1001,16:41,PTR9,15,15,15,100.0,542.04,10.192,0.03,0.502,0.399,0.0,0.0,0.152,0.0,0.0,0.0,0.0,0.0,0.075,9.034
1001,16:41,PTR10,16,16,16,100.0,579.6,10.868,0.032,0.491,0.44,0.0,0.0,0.165,0.0,0.0,0.0,0.0,0.0,0.08,9.66
1002,16:42,PTR6,15,15,15,100.0,530.58,9.974,0.016,0.485,0.404,0.0,0.0,0.151,0.0,0.0,0.0,0.0,0.0,0.075,8.843
1002,16:42,PTR7,15,15,15,100.0,520.44,9.974,0.016,0.479,0.414,0.127,0.039,0.152,0.0,0.0,0.0,0.0,0.0,0.073,8.674
1002,16:42,PTR8,16,16,16,100.0,567.78,10.635,0.02,0.479,0.43,0.0,0.0,0.163,0.0,0.0,0.0,0.0,0.0,0.08,9.463
1002,16:42,PTR9,15,15,15,100.0,531.54,9.971,0.019,0.492,0.374,0.0,0.0,0.152,0.0,0.0,0.0,0.0,0.0,0.075,8.859
1002,16:42,PTR10,16,16,16,100.0,567.12,10.634,0.022,0.481,0.439,0.0,0.0,0.16,0.0,0.0,0.0,0.0,0.0,0.08,9.452
1003,16:43,PTR6,15,15,15,100.0,517.2,9.748,0.03,0.472,0.401,0.0,0.0,0.15,0.0,0.0,0.0,0.0,0.0,0.075,8.62
1003,16:43,PTR7,15,15,15,100.0,507.78,9.748,0.03,0.464,0.409,0.124,0.038,0.147,0.0,0.0,0.0,0.0,0.0,0.073,8.463
1003,16:43,PTR8,16,16,16,100.0,553.74,10.391,0.032,0.465,0.428,0.0,0.0,0.157,0.0,0.0,0.0,0.0,0.0,0.08,9.229
1003,16:43,PTR9,15,15,15,100.0,517.44,9.742,0.03,0.476,0.389,0.0,0.0,0.148,0.0,0.0,0.0,0.0,0.0,0.075,8.624
1003,16:43,PTR10,16,16,16,100.0,552.36,10.388,0.032,0.465,0.446,0.0,0.0,0.159,0.0,0.0,0.0,0.0,0.0,0.08,9.206
1004,16:44,PTR6,15,15,15,100.0,503.82,9.493,0.015,0.465,0.402,0.0,0.0,0.145,0.0,0.0,0.0,0.0,0.0,0.069,8.397
1004,16:44,PTR7,15,15,15,100.0,494.94,9.493,0.015,0.459,0.398,0.122,0.038,0.144,0.0,0.0,0.0,0.0,0.0,0.068,8.249
1004,16:44,PTR8,16,16,16,100.0,540.06,10.119,0.016,0.46,0.407,0.0,0.0,0.157,0.0,0.0,0.0,0.0,0.0,0.078,9.001
1004,16:44,PTR9,15,15,15,100.0,504.9,9.487,0.015,0.47,0.37,0.0,0.0,0.146,0.0,0.0,0.0,0.0,0.0,0.071,8.415
1004,16:44,PTR10,16,16,16,100.0,538.98,10.116,0.016,0.459,0.425,0.0,0.0,0.156,0.0,0.0,0.0,0.0,0.0,0.077,8.983
1005,16:45,PTR6,15,15,15,100.0,492.12,9.239,0.001,0.453,0.385,0.0,0.0,0.138,0.0,0.0,0.0,0.0,0.0,0.06,8.202
1005,16:45,PTR7,15,15,15,100.0,483.0,9.239,0.001,0.447,0.387,0.117,0.037,0.14,0.0,0.0,0.0,0.0,0.0,0.06,8.05
1005,16:45,PTR8,16,16,16,100.0,526.8,9.851,0.004,0.449,0.402,0.0,0.0,0.152,0.0,0.0,0.0,0.0,0.0,0.064,8.78
1005,16:45,PTR9,15,15,15,100.0,492.24,9.236,0.004,0.457,0.367,0.0,0.0,0.144,0.0,0.0,0.0,0.0,0.0,0.06,8.204
1005,16:45,PTR10,16,16,16,100.0,525.84,9.85,0.006,0.448,0.416,0.0,0.0,0.152,0.0,0.0,0.0,0.0,0.0,0.064,8.764
1006,16:46,PTR6,15,15,15,100.0,479.04,8.999,0.0,0.437,0.375,0.0,0.0,0.143,0.0,0.0,0.0,0.0,0.0,0.06,7.984
1006,16:46,PTR7,15,15,15,100.0,469.92,8.999,0.0,0.431,0.387,0.115,0.036,0.139,0.0,0.0,0.0,0.0,0.0,0.059,7.832
1006,16:46,PTR8,16,16,16,100.0,513.0,9.595,0.0,0.436,0.395,0.0,0.0,0.15,0.0,0.0,0.0,0.0,0.0,0.064,8.55
1006,16:46,PTR9,15,15,15,100.0,480.06,8.996,0.0,0.444,0.346,0.0,0.0,0.145,0.0,0.0,0.0,0.0,0.0,0.06,8.001
1006,16:46,PTR10,16,16,16,100.0,511.26,9.594,0.0,0.437,0.423,0.0,0.0,0.149,0.0,0.0,0.0,0.0,0.0,0.064,8.521
1007,16:47,PTR6,15,15,15,100.0,465.96,8.774,0.001,0.43,0.377,0.0,0.0,0.14,0.0,0.0,0.0,0.0,0.0,0.06,7.766
1007,16:47,PTR7,15,15,15,100.0,458.52,8.774,0.001,0.42,0.369,0.112,0.034,0.137,0.0,0.0,0.0,0.0,0.0,0.059,7.642
1007,16:47,PTR8,16,16,16,100.0,499.92,9.355,0.003,0.423,0.382,0.0,0.0,0.151,0.0,0.0,0.0,0.0,0.0,0.064,8.332
1007,16:47,PTR9,15,15,15,100.0,467.1,8.771,0.004,0.433,0.349,0.0,0.0,0.14,0.0,0.0,0.0,0.0,0.0,0.06,7.785
1007,16:47,PTR10,16,16,16,100.0,498.6,9.354,0.006,0.422,0.401,0.0,0.0,0.151,0.0,0.0,0.0,0.0,0.0,0.064,8.31
1008,16:48,PTR6,15,15,15,100.0,454.02,8.534,-0.014,0.42,0.366,0.0,0.0,0.135,0.0,0.0,0.0,0.0,0.0,0.06,7.567
1008,16:48,PTR7,15,15,15,100.0,446.1,8.534,-0.014,0.416,0.361,0.108,0.034,0.135,0.0,0.0,0.0,0.0,0.0,0.059,7.435
1008,16:48,PTR8,16,16,16,100.0,486.42,9.099,-0.012,0.414,0.38,0.0,0.0,0.146,0.0,0.0,0.0,0.0,0.0,0.064,8.107
1008,16:48,PTR9,15,15,15,100.0,454.86,8.531,-0.011,0.423,0.342,0.0,0.0,0.136,0.0,0.0,0.0,0.0,0.0,0.06,7.581
1008,16:48,PTR10,16,16,16,100.0,485.4,9.098,-0.01,0.414,0.394,0.0,0.0,0.146,0.0,0.0,0.0,0.0,0.0,0.064,8.09
1009,16:49,PTR6,15,15,15,100.0,441.6,8.294,-0.029,0.408,0.361,0.0,0.0,0.134,0.0,0.0,0.0,0.0,0.0,0.06,7.36
1009,16:49,PTR7,15,15,15,100.0,434.28,8.294,-0.029,0.404,0.349,0.106,0.033,0.134,0.0,0.0,0.0,0.0,0.0,0.059,7.238
1009,16:49,PTR8,16,16,16,100.0,473.34,8.843,-0.028,0.405,0.369,0.0,0.0,0.144,0.0,0.0,0.0,0.0,0.0,0.064,7.889
1009,16:49,PTR9,15,15,15,100.0,441.24,8.291,-0.026,0.413,0.355,0.0,0.0,0.135,0.0,0.0,0.0,0.0,0.0,0.06,7.354
1009,16:49,PTR10,16,16,16,100.0,472.32,8.842,-0.026,0.405,0.386,0.0,0.0,0.141,0.0,0.0,0.0,0.0,0.0,0.064,7.872
1010,16:50,PTR6,15,15,15,100.0,431.04,8.099,-0.015,0.388,0.353,0.0,0.0,0.129,0.0,0.0,0.0,0.0,0.0,0.06,7.184
1010,16:50,PTR7,15,15,15,100.0,423.0,8.099,-0.015,0.381,0.357,0.103,0.032,0.132,0.0,0.0,0.0,0.0,0.0,0.059,7.05
1010,16:50,PTR8,16,16,16,100.0,462.36,8.635,-0.016,0.384,0.357,0.0,0.0,0.14,0.0,0.0,0.0,0.0,0.0,0.064,7.706
1010,16:50,PTR9,15,15,15,100.0,431.7,8.096,-0.015,0.396,0.328,0.0,0.0,0.132,0.0,0.0,0.0,0.0,0.0,0.06,7.195
1010,16:50,PTR10,16,16,16,100.0,460.08,8.634,-0.016,0.384,0.397,0.0,0.0,0.137,0.0,0.0,0.0,0.0,0.0,0.064,7.668
1011,16:51,PTR6,15,15,15,100.0,417.18,7.859,-0.015,0.383,0.349,0.0,0.0,0.129,0.0,0.0,0.0,0.0,0.0,0.06,6.953
1011,16:51,PTR7,15,15,15,100.0,409.8,7.859,-0.015,0.378,0.348,0.1,0.031,0.128,0.0,0.0,0.0,0.0,0.0,0.059,6.83
1011,16:51,PTR8,16,16,16,100.0,447.36,8.379,-0.016,0.38,0.358,0.0,0.0,0.137,0.0,0.0,0.0,0.0,0.0,0.064,7.456
1011,16:51,PTR9,15,15,15,100.0,417.84,7.856,-0.015,0.387,0.331,0.0,0.0,0.129,0.0,0.0,0.0,0.0,0.0,0.06,6.964
1011,16:51,PTR10,16,16,16,100.0,445.86,8.378,-0.016,0.38,0.381,0.0,0.0,0.138,0.0,0.0,0.0,0.0,0.0,0.064,7.431
1012,16:52,PTR6,15,15,15,100.0,405.0,7.634,-0.015,0.375,0.339,0.0,0.0,0.125,0.0,0.0,0.0,0.0,0.0,0.06,6.75
1012,16:52,PTR7,15,15,15,100.0,397.32,7.634,-0.015,0.367,0.35,0.097,0.031,0.124,0.0,0.0,0.0,0.0,0.0,0.058,6.622
1012,16:52,PTR8,16,16,16,100.0,433.98,8.139,-0.016,0.372,0.352,0.0,0.0,0.134,0.0,0.0,0.0,0.0,0.0,0.064,7.233
1012,16:52,PTR9,15,15,15,100.0,405.54,7.631,-0.015,0.382,0.321,0.0,0.0,0.124,0.0,0.0,0.0,0.0,0.0,0.06,6.759
1012,16:52,PTR10,16,16,16,100.0,432.54,8.138,-0.016,0.374,0.376,0.0,0.0,0.131,0.0,0.0,0.0,0.0,0.0,0.064,7.209
1013,16:53,PTR6,15,15,15,100.0,390.78,7.364,-0.015,0.361,0.33,0.0,0.0,0.124,0.0,0.0,0.0,0.0,0.0,0.051,6.513
1013,16:53,PTR7,15,15,15,100.0,383.94,7.364,-0.015,0.355,0.33,0.093,0.029,0.121,0.0,0.0,0.0,0.0,0.0,0.052,6.399
1013,16:53,PTR8,16,16,16,100.0,418.26,7.851,-0.016,0.358,0.348,0.0,0.0,0.131,0.0,0.0,0.0,0.0,0.0,0.059,6.971
1013,16:53,PTR9,15,15,15,100.0,391.08,7.361,-0.015,0.367,0.313,0.0,0.0,0.125,0.0,0.0,0.0,0.0,0.0,0.053,6.518
1013,16:53,PTR10,16,16,16,100.0,417.12,7.85,-0.016,0.36,0.36,0.0,0.0,0.135,0.0,0.0,0.0,0.0,0.0,0.059,6.952
1014,16:54,PTR6,15,15,15,100.0,376.86,7.109,-0.015,0.35,0.325,0.0,0.0,0.123,0.0,0.0,0.0,0.0,0.0,0.045,6.281
1014,16:54,PTR7,15,15,15,100.0,369.84,7.109,-0.015,0.347,0.33,0.091,0.028,0.119,0.0,0.0,0.0,0.0,0.0,0.045,6.164
1014,16:54,PTR8,16,16,16,100.0,403.86,7.579,-0.016,0.349,0.338,0.0,0.0,0.129,0.0,0.0,0.0,0.0,0.0,0.048,6.731
1014,16:54,PTR9,15,15,15,100.0,377.94,7.106,-0.015,0.355,0.299,0.0,0.0,0.123,0.0,0.0,0.0,0.0,0.0,0.045,6.299
1014,16:54,PTR10,16,16,16,100.0,403.02,7.578,-0.016,0.35,0.349,0.0,0.0,0.13,0.0,0.0,0.0,0.0,0.0,0.048,6.717
1015,16:55,PTR6,15,15,15,100.0,365.88,6.884,-0.015,0.332,0.304,0.0,0.0,0.12,0.0,0.0,0.0,0.0,0.0,0.045,6.098
1015,16:55,PTR7,15,15,15,100.0,359.04,6.884,-0.015,0.329,0.307,0.088,0.028,0.118,0.0,0.0,0.0,0.0,0.0,0.045,5.984
1015,16:55,PTR8,16,16,16,100.0,391.44,7.339,-0.016,0.33,0.326,0.0,0.0,0.127,0.0,0.0,0.0,0.0,0.0,0.048,6.524
1015,16:55,PTR9,15,15,15,100.0,365.64,6.881,-0.015,0.338,0.299,0.0,0.0,0.12,0.0,0.0,0.0,0.0,0.0,0.045,6.094
1015,16:55,PTR10,16,16,16,100.0,390.9,7.338,-0.016,0.33,0.333,0.0,0.0,0.128,0.0,0.0,0.0,0.0,0.0,0.048,6.515
1016,16:56,PTR6,15,15,15,100.0,351.9,6.644,-0.015,0.327,0.304,0.0,0.0,0.118,0.0,0.0,0.0,0.0,0.0,0.045,5.865
1016,16:56,PTR7,15,15,15,100.0,345.24,6.644,-0.015,0.323,0.312,0.084,0.026,0.115,0.0,0.0,0.0,0.0,0.0,0.045,5.754
1016,16:56,PTR8,16,16,16,100.0,377.28,7.083,-0.016,0.326,0.313,0.0,0.0,0.124,0.0,0.0,0.0,0.0,0.0,0.048,6.288
1016,16:56,PTR9,15,15,15,100.0,352.38,6.641,-0.015,0.332,0.287,0.0,0.0,0.119,0.0,0.0,0.0,0.0,0.0,0.045,5.873
1016,16:56,PTR10,16,16,16,100.0,376.02,7.082,-0.016,0.324,0.333,0.0,0.0,0.126,0.0,0.0,0.0,0.0,0.0,0.048,6.267
1017,16:57,PTR6,15,15,15,100.0,339.3,6.404,-0.015,0.314,0.291,0.0,0.0,0.114,0.0,0.0,0.0,0.0,0.0,0.045,5.655
1017,16:57,PTR7,15,15,15,100.0,332.64,6.404,-0.015,0.311,0.299,0.082,0.026,0.113,0.0,0.0,0.0,0.0,0.0,0.044,5.544
1017,16:57,PTR8,16,16,16,100.0,362.64,6.828,-0.015,0.313,0.316,0.0,0.0,0.122,0.0,0.0,0.0,0.0,0.0,0.048,6.044
1017,16:57,PTR9,15,15,15,100.0,339.84,6.401,-0.015,0.321,0.272,0.0,0.0,0.114,0.0,0.0,0.0,0.0,0.0,0.045,5.664
1017,16:57,PTR10,16,16,16,100.0,361.56,6.826,-0.016,0.314,0.331,0.0,0.0,0.123,0.0,0.0,0.0,0.0,0.0,0.048,6.026
1018,16:58,PTR6,15,15,15,100.0,325.98,6.179,0.0,0.294,0.292,0.0,0.0,0.115,0.0,0.0,0.0,0.0,0.0,0.045,5.433
1018,16:58,PTR7,15,15,15,100.0,320.34,6.179,0.0,0.29,0.293,0.079,0.024,0.11,0.0,0.0,0.0,0.0,0.0,0.044,5.339
1018,16:58,PTR8,16,16,16,100.0,349.68,6.587,-0.001,0.294,0.299,0.0,0.0,0.119,0.0,0.0,0.0,0.0,0.0,0.048,5.828
1018,16:58,PTR9,15,15,15,100.0,326.28,6.176,0.0,0.298,0.284,0.0,0.0,0.111,0.0,0.0,0.0,0.0,0.0,0.045,5.438
1018,16:58,PTR10,16,16,16,100.0,349.08,6.586,0.0,0.291,0.307,0.0,0.0,0.122,0.0,0.0,0.0,0.0,0.0,0.048,5.818
1019,16:59,PTR6,15,15,15,100.0,313.32,5.939,-0.015,0.293,0.284,0.0,0.0,0.11,0.0,0.0,0.0,0.0,0.0,0.045,5.222
1019,16:59,PTR7,15,15,15,100.0,307.86,5.939,-0.015,0.288,0.285,0.076,0.023,0.107,0.0,0.0,0.0,0.0,0.0,0.044,5.131
1019,16:59,PTR8,16,16,16,100.0,336.06,6.331,-0.016,0.289,0.295,0.0,0.0,0.114,0.0,0.0,0.0,0.0,0.0,0.048,5.601
1019,16:59,PTR9,15,15,15,100.0,314.28,5.936,-0.015,0.296,0.263,0.0,0.0,0.109,0.0,0.0,0.0,0.0,0.0,0.045,5.238
1019,16:59,PTR10,16,16,16,100.0,334.92,6.33,-0.016,0.288,0.311,0.0,0.0,0.117,0.0,0.0,0.0,0.0,0.0,0.048,5.582
1020,17:00,PTR6,15,15,15,100.0,301.5,5.7,-0.015,0.271,0.266,0.0,0.0,0.108,0.0,0.0,0.0,0.0,0.0,0.045,5.025
1020,17:00,PTR7,15,15,15,100.0,295.92,5.7,-0.015,0.269,0.267,0.073,0.022,0.108,0.0,0.0,0.0,0.0,0.0,0.044,4.932
1020,17:00,PTR8,16,16,16,100.0,323.04,6.079,-0.016,0.272,0.275,0.0,0.0,0.116,0.0,0.0,0.0,0.0,0.0,0.048,5.384
1020,17:00,PTR9,15,15,15,100.0,301.5,5.7,-0.015,0.279,0.258,0.0,0.0,0.108,0.0,0.0,0.0,0.0,0.0,0.045,5.025
1020,17:00,PTR10,16,16,16,100.0,322.08,6.08,-0.016,0.274,0.291,0.0,0.0,0.115,0.0,0.0,0.0,0.0,0.0,0.048,5.368
1021,17:01,PTR6,15,15,15,100.0,292.14,5.534,-0.015,0.269,0.261,0.0,0.0,0.105,0.0,0.0,0.0,0.0,0.0,0.045,4.869
1021,17:01,PTR7,15,15,15,100.0,287.1,5.534,-0.015,0.264,0.261,0.07,0.022,0.104,0.0,0.0,0.0,0.0,0.0,0.043,4.785
1021,17:01,PTR8,16,16,16,100.0,312.66,5.899,-0.017,0.268,0.277,0.0,0.0,0.112,0.0,0.0,0.0,0.0,0.0,0.048,5.211
1021,17:01,PTR9,15,15,15,100.0,292.62,5.531,-0.015,0.271,0.248,0.0,0.0,0.105,0.0,0.0,0.0,0.0,0.0,0.045,4.877
1021,17:01,PTR10,16,16,16,100.0,312.12,5.898,-0.016,0.266,0.287,0.0,0.0,0.111,0.0,0.0,0.0,0.0,0.0,0.048,5.202
1022,17:02,PTR6,15,15,15,100.0,280.98,5.325,-0.014,0.259,0.25,0.0,0.0,0.102,0.0,0.0,0.0,0.0,0.0,0.045,4.683
1022,17:02,PTR7,15,15,15,100.0,275.82,5.325,-0.014,0.256,0.257,0.068,0.021,0.1,0.0,0.0,0.0,0.0,0.0,0.04,4.597
1022,17:02,PTR8,16,16,16,100.0,300.78,5.679,-0.013,0.257,0.263,0.0,0.0,0.112,0.0,0.0,0.0,0.0,0.0,0.047,5.013
1022,17:02,PTR9,15,15,15,100.0,281.28,5.325,-0.011,0.258,0.243,0.0,0.0,0.102,0.0,0.0,0.0,0.0,0.0,0.045,4.688
1022,17:02,PTR10,16,16,16,100.0,300.24,5.68,-0.01,0.254,0.277,0.0,0.0,0.109,0.0,0.0,0.0,0.0,0.0,0.046,5.004
1023,17:03,PTR6,15,15,15,100.0,269.7,5.099,-0.016,0.246,0.242,0.0,0.0,0.102,0.0,0.0,0.0,0.0,0.0,0.03,4.495
1023,17:03,PTR7,15,15,15,100.0,264.48,5.099,-0.016,0.242,0.249,0.065,0.02,0.101,0.0,0.0,0.0,0.0,0.0,0.03,4.408
1023,17:03,PTR8,16,16,16,100.0,288.9,5.436,-0.019,0.245,0.259,0.0,0.0,0.104,0.0,0.0,0.0,0.0,0.0,0.032,4.815
1023,17:03,PTR9,15,15,15,100.0,269.88,5.096,-0.019,0.25,0.237,0.0,0.0,0.1,0.0,0.0,0.0,0.0,0.0,0.03,4.498
1023,17:03,PTR10,16,16,16,100.0,288.36,5.434,-0.022,0.247,0.263,0.0,0.0,0.108,0.0,0.0,0.0,0.0,0.0,0.032,4.806
1024,17:04,PTR6,15,15,15,100.0,259.02,4.889,-0.03,0.245,0.229,0.0,0.0,0.098,0.0,0.0,0.0,0.0,0.0,0.03,4.317
1024,17:04,PTR7,15,15,15,100.0,253.98,4.889,-0.03,0.24,0.24,0.062,0.02,0.094,0.0,0.0,0.0,0.0,0.0,0.03,4.233
1024,17:04,PTR8,16,16,16,100.0,276.84,5.212,-0.031,0.242,0.25,0.0,0.0,0.105,0.0,0.0,0.0,0.0,0.0,0.032,4.614
1024,17:04,PTR9,15,15,15,100.0,258.78,4.886,-0.03,0.247,0.226,0.0,0.0,0.1,0.0,0.0,0.0,0.0,0.0,0.03,4.313
1024,17:04,PTR10,16,16,16,100.0,276.42,5.21,-0.032,0.242,0.257,0.0,0.0,0.104,0.0,0.0,0.0,0.0,0.0,0.032,4.607
1025,17:05,PTR6,15,15,15,100.0,246.6,4.664,-0.03,0.233,0.228,0.0,0.0,0.093,0.0,0.0,0.0,0.0,0.0,0.03,4.11
1025,17:05,PTR7,15,15,15,100.0,241.92,4.664,-0.03,0.23,0.227,0.06,0.019,0.096,0.0,0.0,0.0,0.0,0.0,0.03,4.032
1025,17:05,PTR8,16,16,16,100.0,263.88,4.972,-0.031,0.231,0.238,0.0,0.0,0.104,0.0,0.0,0.0,0.0,0.0,0.032,4.398
1025,17:05,PTR9,15,15,15,100.0,246.9,4.661,-0.03,0.237,0.213,0.0,0.0,0.096,0.0,0.0,0.0,0.0,0.0,0.03,4.115
1025,17:05,PTR10,16,16,16,100.0,263.22,4.97,-0.032,0.23,0.253,0.0,0.0,0.1,0.0,0.0,0.0,0.0,0.0,0.032,4.387
1026,17:06,PTR6,15,15,15,100.0,233.76,4.439,-0.016,0.217,0.215,0.0,0.0,0.097,0.0,0.0,0.0,0.0,0.0,0.03,3.896
1026,17:06,PTR7,15,15,15,100.0,230.04,4.439,-0.016,0.212,0.215,0.056,0.017,0.091,0.0,0.0,0.0,0.0,0.0,0.03,3.834
1026,17:06,PTR8,16,16,16,100.0,250.56,4.731,-0.02,0.215,0.229,0.0,0.0,0.099,0.0,0.0,0.0,0.0,0.0,0.032,4.176
1026,17:06,PTR9,15,15,15,100.0,234.12,4.436,-0.019,0.219,0.21,0.0,0.0,0.094,0.0,0.0,0.0,0.0,0.0,0.03,3.902
1026,17:06,PTR10,16,16,16,100.0,250.02,4.73,-0.022,0.216,0.239,0.0,0.0,0.098,0.0,0.0,0.0,0.0,0.0,0.032,4.167
1027,17:07,PTR6,15,15,15,100.0,223.68,4.244,-0.03,0.216,0.209,0.0,0.0,0.091,0.0,0.0,0.0,0.0,0.0,0.03,3.728
1027,17:07,PTR7,15,15,15,100.0,219.66,4.244,-0.03,0.212,0.211,0.053,0.017,0.09,0.0,0.0,0.0,0.0,0.0,0.03,3.661
1027,17:07,PTR8,16,16,16,100.0,239.7,4.524,-0.031,0.211,0.22,0.0,0.0,0.097,0.0,0.0,0.0,0.0,0.0,0.032,3.995
1027,17:07,PTR9,15,15,15,100.0,224.16,4.241,-0.03,0.215,0.199,0.0,0.0,0.091,0.0,0.0,0.0,0.0,0.0,0.03,3.736
1027,17:07,PTR10,16,16,16,100.0,238.86,4.522,-0.032,0.21,0.233,0.0,0.0,0.098,0.0,0.0,0.0,0.0,0.0,0.032,3.981
1028,17:08,PTR6,15,15,15,100.0,212.7,4.049,-0.016,0.193,0.209,0.0,0.0,0.088,0.0,0.0,0.0,0.0,0.0,0.03,3.545
1028,17:08,PTR7,15,15,15,100.0,208.98,4.049,-0.016,0.19,0.209,0.051,0.016,0.086,0.0,0.0,0.0,0.0,0.0,0.03,3.483
1028,17:08,PTR8,16,16,16,100.0,227.94,4.315,-0.02,0.195,0.213,0.0,0.0,0.096,0.0,0.0,0.0,0.0,0.0,0.032,3.799
1028,17:08,PTR9,15,15,15,100.0,213.3,4.046,-0.019,0.2,0.192,0.0,0.0,0.088,0.0,0.0,0.0,0.0,0.0,0.03,3.555
1028,17:08,PTR10,16,16,16,100.0,227.34,4.314,-0.022,0.196,0.226,0.0,0.0,0.093,0.0,0.0,0.0,0.0,0.0,0.032,3.789
1029,17:09,PTR6,15,15,15,100.0,202.14,3.84,-0.029,0.191,0.193,0.0,0.0,0.086,0.0,0.0,0.0,0.0,0.0,0.03,3.369
1029,17:09,PTR7,15,15,15,100.0,198.24,3.84,-0.029,0.188,0.2,0.049,0.015,0.084,0.0,0.0,0.0,0.0,0.0,0.029,3.304
1029,17:09,PTR8,16,16,16,100.0,216.42,4.095,-0.029,0.191,0.201,0.0,0.0,0.093,0.0,0.0,0.0,0.0,0.0,0.032,3.607
1029,17:09,PTR9,15,15,15,100.0,202.08,3.84,-0.026,0.196,0.187,0.0,0.0,0.085,0.0,0.0,0.0,0.0,0.0,0.03,3.368
1029,17:09,PTR10,16,16,16,100.0,215.88,4.096,-0.026,0.19,0.212,0.0,0.0,0.09,0.0,0.0,0.0,0.0,0.0,0.032,3.598
1030,17:10,PTR6,15,15,15,100.0,190.74,3.629,-0.03,0.182,0.182,0.0,0.0,0.086,0.0,0.0,0.0,0.0,0.0,0.03,3.179
1030,17:10,PTR7,15,15,15,100.0,187.44,3.629,-0.03,0.178,0.185,0.046,0.014,0.083,0.0,0.0,0.0,0.0,0.0,0.029,3.124
1030,17:10,PTR8,16,16,16,100.0,204.36,3.868,-0.032,0.181,0.194,0.0,0.0,0.087,0.0,0.0,0.0,0.0,0.0,0.032,3.406
1030,17:10,PTR9,15,15,15,100.0,190.8,3.626,-0.03,0.183,0.181,0.0,0.0,0.082,0.0,0.0,0.0,0.0,0.0,0.03,3.18
1030,17:10,PTR10,16,16,16,100.0,203.82,3.866,-0.032,0.179,0.198,0.0,0.0,0.092,0.0,0.0,0.0,0.0,0.0,0.032,3.397
1031,17:11,PTR6,15,15,15,100.0,179.82,3.42,-0.03,0.162,0.18,0.0,0.0,0.081,0.0,0.0,0.0,0.0,0.0,0.03,2.997
1031,17:11,PTR7,15,15,15,100.0,176.76,3.42,-0.03,0.16,0.174,0.044,0.014,0.083,0.0,0.0,0.0,0.0,0.0,0.029,2.946
1031,17:11,PTR8,16,16,16,100.0,192.54,3.647,-0.032,0.162,0.188,0.0,0.0,0.088,0.0,0.0,0.0,0.0,0.0,0.032,3.209
1031,17:11,PTR9,15,15,15,100.0,180.24,3.42,-0.03,0.169,0.164,0.0,0.0,0.083,0.0,0.0,0.0,0.0,0.0,0.03,3.004
1031,17:11,PTR10,16,16,16,100.0,192.3,3.648,-0.032,0.165,0.193,0.0,0.0,0.085,0.0,0.0,0.0,0.0,0.0,0.032,3.205
1032,17:12,PTR6,15,15,15,100.0,168.9,3.224,-0.03,0.16,0.171,0.0,0.0,0.078,0.0,0.0,0.0,0.0,0.0,0.03,2.815
1032,17:12,PTR7,15,15,15,100.0,166.26,3.224,-0.03,0.159,0.165,0.041,0.013,0.078,0.0,0.0,0.0,0.0,0.0,0.027,2.771
1032,17:12,PTR8,16,16,16,100.0,180.84,3.436,-0.032,0.159,0.173,0.0,0.0,0.09,0.0,0.0,0.0,0.0,0.0,0.032,3.014
1032,17:12,PTR9,15,15,15,100.0,169.2,3.221,-0.03,0.162,0.158,0.0,0.0,0.081,0.0,0.0,0.0,0.0,0.0,0.03,2.82
1032,17:12,PTR10,16,16,16,100.0,180.72,3.434,-0.032,0.16,0.178,0.0,0.0,0.084,0.0,0.0,0.0,0.0,0.0,0.032,3.012
1033,17:13,PTR6,15,15,15,100.0,159.9,3.03,-0.03,0.147,0.158,0.0,0.0,0.075,0.0,0.0,0.0,0.0,0.0,0.015,2.665
1033,17:13,PTR7,15,15,15,100.0,156.9,3.03,-0.03,0.145,0.16,0.039,0.012,0.074,0.0,0.0,0.0,0.0,0.0,0.015,2.615
1033,17:13,PTR8,16,16,16,100.0,171.06,3.232,-0.031,0.147,0.169,0.0,0.0,0.08,0.0,0.0,0.0,0.0,0.0,0.016,2.851
1033,17:13,PTR9,15,15,15,100.0,160.2,3.03,-0.03,0.151,0.149,0.0,0.0,0.075,0.0,0.0,0.0,0.0,0.0,0.015,2.67
1033,17:13,PTR10,16,16,16,100.0,170.88,3.232,-0.032,0.15,0.169,0.0,0.0,0.081,0.0,0.0,0.0,0.0,0.0,0.016,2.848
1034,17:14,PTR6,15,15,15,100.0,149.7,2.849,-0.016,0.135,0.146,0.0,0.0,0.074,0.0,0.0,0.0,0.0,0.0,0.015,2.495
1034,17:14,PTR7,15,15,15,100.0,146.94,2.849,-0.016,0.132,0.151,0.036,0.011,0.071,0.0,0.0,0.0,0.0,0.0,0.015,2.449
1034,17:14,PTR8,16,16,16,100.0,160.02,3.036,-0.02,0.137,0.157,0.0,0.0,0.079,0.0,0.0,0.0,0.0,0.0,0.016,2.667
1034,17:14,PTR9,15,15,15,100.0,149.94,2.846,-0.019,0.14,0.142,0.0,0.0,0.069,0.0,0.0,0.0,0.0,0.0,0.015,2.499
1034,17:14,PTR10,16,16,16,100.0,159.78,3.034,-0.022,0.138,0.16,0.0,0.0,0.079,0.0,0.0,0.0,0.0,0.0,0.016,2.663
1035,17:15,PTR6,15,15,15,100.0,138.78,2.64,-0.029,0.13,0.145,0.0,0.0,0.066,0.0,0.0,0.0,0.0,0.0,0.015,2.313
1035,17:15,PTR7,15,15,15,100.0,136.32,2.64,-0.029,0.129,0.142,0.033,0.011,0.067,0.0,0.0,0.0,0.0,0.0,0.015,2.272
1035,17:15,PTR8,16,16,16,100.0,148.62,2.816,-0.028,0.129,0.148,0.0,0.0,0.074,0.0,0.0,0.0,0.0,0.0,0.016,2.477
1035,17:15,PTR9,15,15,15,100.0,138.9,2.64,-0.026,0.13,0.136,0.0,0.0,0.07,0.0,0.0,0.0,0.0,0.0,0.015,2.315
1035,17:15,PTR10,16,16,16,100.0,148.44,2.816,-0.026,0.128,0.148,0.0,0.0,0.076,0.0,0.0,0.0,0.0,0.0,0.016,2.474
1036,17:16,PTR6,15,15,15,100.0,128.76,2.459,-0.016,0.116,0.135,0.0,0.0,0.063,0.0,0.0,0.0,0.0,0.0,0.015,2.146
1036,17:16,PTR7,15,15,15,100.0,126.42,2.459,-0.016,0.114,0.132,0.032,0.009,0.066,0.0,0.0,0.0,0.0,0.0,0.015,2.107
1036,17:16,PTR8,16,16,16,100.0,137.7,2.62,-0.02,0.116,0.138,0.0,0.0,0.075,0.0,0.0,0.0,0.0,0.0,0.016,2.295
1036,17:16,PTR9,15,15,15,100.0,129.12,2.456,-0.019,0.118,0.123,0.0,0.0,0.067,0.0,0.0,0.0,0.0,0.0,0.015,2.152
1036,17:16,PTR10,16,16,16,100.0,137.76,2.618,-0.022,0.117,0.143,0.0,0.0,0.068,0.0,0.0,0.0,0.0,0.0,0.016,2.296
1037,17:17,PTR6,15,15,15,100.0,118.68,2.265,-0.029,0.117,0.12,0.0,0.0,0.064,0.0,0.0,0.0,0.0,0.0,0.015,1.978
1037,17:17,PTR7,15,15,15,100.0,116.58,2.265,-0.029,0.115,0.119,0.029,0.009,0.064,0.0,0.0,0.0,0.0,0.0,0.015,1.943
1037,17:17,PTR8,16,16,16,100.0,127.14,2.416,-0.028,0.114,0.127,0.0,0.0,0.068,0.0,0.0,0.0,0.0,0.0,0.016,2.119
1037,17:17,PTR9,15,15,15,100.0,118.8,2.265,-0.026,0.116,0.115,0.0,0.0,0.065,0.0,0.0,0.0,0.0,0.0,0.015,1.98
1037,17:17,PTR10,16,16,16,100.0,126.78,2.416,-0.026,0.113,0.133,0.0,0.0,0.067,0.0,0.0,0.0,0.0,0.0,0.016,2.113
1038,17:18,PTR6,15,15,15,100.0,108.54,2.084,-0.016,0.104,0.113,0.0,0.0,0.059,0.0,0.0,0.0,0.0,0.0,0.015,1.809
1038,17:18,PTR7,15,15,15,100.0,106.86,2.084,-0.016,0.1,0.111,0.026,0.009,0.058,0.0,0.0,0.0,0.0,0.0,0.015,1.781
1038,17:18,PTR8,16,16,16,100.0,116.34,2.22,-0.019,0.102,0.118,0.0,0.0,0.064,0.0,0.0,0.0,0.0,0.0,0.016,1.939
1038,17:18,PTR9,15,15,15,100.0,108.78,2.081,-0.019,0.106,0.106,0.0,0.0,0.06,0.0,0.0,0.0,0.0,0.0,0.015,1.813
1038,17:18,PTR10,16,16,16,100.0,116.1,2.218,-0.022,0.103,0.124,0.0,0.0,0.062,0.0,0.0,0.0,0.0,0.0,0.016,1.935
1039,17:19,PTR6,15,15,15,100.0,98.7,1.89,-0.015,0.088,0.102,0.0,0.0,0.055,0.0,0.0,0.0,0.0,0.0,0.015,1.645
1039,17:19,PTR7,15,15,15,100.0,96.96,1.89,-0.015,0.084,0.103,0.024,0.007,0.056,0.0,0.0,0.0,0.0,0.0,0.015,1.616
1039,17:19,PTR8,16,16,16,100.0,105.78,2.016,-0.016,0.086,0.112,0.0,0.0,0.055,0.0,0.0,0.0,0.0,0.0,0.016,1.763
1039,17:19,PTR9,15,15,15,100.0,98.88,1.89,-0.015,0.089,0.099,0.0,0.0,0.054,0.0,0.0,0.0,0.0,0.0,0.015,1.648
1039,17:19,PTR10,16,16,16,100.0,105.6,2.016,-0.016,0.087,0.11,0.0,0.0,0.059,0.0,0.0,0.0,0.0,0.0,0.016,1.76
1040,17:20,PTR6,15,15,15,100.0,88.32,1.695,-0.015,0.076,0.096,0.0,0.0,0.051,0.0,0.0,0.0,0.0,0.0,0.015,1.472
1040,17:20,PTR7,15,15,15,100.0,86.76,1.695,-0.015,0.076,0.097,0.022,0.006,0.048,0.0,0.0,0.0,0.0,0.0,0.015,1.446
1040,17:20,PTR8,16,16,16,100.0,94.44,1.808,-0.016,0.077,0.101,0.0,0.0,0.056,0.0,0.0,0.0,0.0,0.0,0.016,1.574
1040,17:20,PTR9,15,15,15,100.0,88.44,1.695,-0.015,0.081,0.09,0.0,0.0,0.05,0.0,0.0,0.0,0.0,0.0,0.015,1.474
1040,17:20,PTR10,16,16,16,100.0,94.56,1.808,-0.016,0.078,0.102,0.0,0.0,0.052,0.0,0.0,0.0,0.0,0.0,0.016,1.576
1041,17:21,PTR6,15,15,15,100.0,78.66,1.515,-0.015,0.074,0.082,0.0,0.0,0.048,0.0,0.0,0.0,0.0,0.0,0.015,1.311
1041,17:21,PTR7,15,15,15,100.0,77.22,1.515,-0.015,0.07,0.086,0.019,0.006,0.047,0.0,0.0,0.0,0.0,0.0,0.015,1.287
1041,17:21,PTR8,16,16,16,100.0,84.3,1.616,-0.016,0.073,0.086,0.0,0.0,0.052,0.0,0.0,0.0,0.0,0.0,0.016,1.405
1041,17:21,PTR9,15,15,15,100.0,78.96,1.515,-0.015,0.074,0.077,0.0,0.0,0.048,0.0,0.0,0.0,0.0,0.0,0.015,1.316
1041,17:21,PTR10,16,16,16,100.0,84.24,1.616,-0.016,0.073,0.088,0.0,0.0,0.051,0.0,0.0,0.0,0.0,0.0,0.016,1.404
1042,17:22,PTR6,15,15,15,100.0,69.66,1.349,-0.016,0.069,0.075,0.0,0.0,0.045,0.0,0.0,0.0,0.0,0.0,0.015,1.161
1042,17:22,PTR7,15,15,15,100.0,68.46,1.349,-0.016,0.069,0.074,0.017,0.005,0.044,0.0,0.0,0.0,0.0,0.0,0.015,1.141
1042,17:22,PTR8,16,16,16,100.0,74.64,1.436,-0.02,0.069,0.08,0.0,0.0,0.047,0.0,0.0,0.0,0.0,0.0,0.016,1.244
1042,17:22,PTR9,15,15,15,100.0,69.84,1.346,-0.019,0.07,0.071,0.0,0.0,0.045,0.0,0.0,0.0,0.0,0.0,0.015,1.164
1042,17:22,PTR10,16,16,16,100.0,74.58,1.434,-0.022,0.069,0.08,0.0,0.0,0.048,0.0,0.0,0.0,0.0,0.0,0.016,1.243
1043,17:23,PTR6,15,15,15,100.0,60.96,1.17,-0.029,0.061,0.069,0.0,0.0,0.038,0.0,0.0,0.0,0.0,0.0,0.015,1.016
1043,17:23,PTR7,15,15,15,100.0,59.94,1.17,-0.029,0.062,0.067,0.015,0.005,0.037,0.0,0.0,0.0,0.0,0.0,0.014,0.999
1043,17:23,PTR8,16,16,16,100.0,65.22,1.248,-0.028,0.06,0.07,0.0,0.0,0.043,0.0,0.0,0.0,0.0,0.0,0.016,1.087
1043,17:23,PTR9,15,15,15,100.0,61.14,1.17,-0.026,0.064,0.063,0.0,0.0,0.035,0.0,0.0,0.0,0.0,0.0,0.015,1.019
1043,17:23,PTR10,16,16,16,100.0,65.04,1.248,-0.026,0.06,0.071,0.0,0.0,0.043,0.0,0.0,0.0,0.0,0.0,0.016,1.084
1044,17:24,PTR6,15,15,15,100.0,53.28,1.019,-0.015,0.056,0.056,0.0,0.0,0.034,0.0,0.0,0.0,0.0,0.0,0.0,0.888
1044,17:24,PTR7,15,15,15,100.0,52.14,1.019,-0.015,0.054,0.057,0.013,0.004,0.037,0.0,0.0,0.0,0.0,0.0,0.0,0.869
1044,17:24,PTR8,16,16,16,100.0,56.94,1.084,-0.016,0.052,0.061,0.0,0.0,0.038,0.0,0.0,0.0,0.0,0.0,0.0,0.949
1044,17:24,PTR9,15,15,15,100.0,53.4,1.016,-0.015,0.053,0.056,0.0,0.0,0.032,0.0,0.0,0.0,0.0,0.0,0.0,0.89
1044,17:24,PTR10,16,16,16,100.0,56.88,1.082,-0.016,0.048,0.063,0.0,0.0,0.039,0.0,0.0,0.0,0.0,0.0,0.0,0.948
1045,17:25,PTR6,15,15,15,100.0,44.76,0.855,-0.015,0.047,0.047,0.0,0.0,0.03,0.0,0.0,0.0,0.0,0.0,0.0,0.746
1045,17:25,PTR7,15,15,15,100.0,43.92,0.855,-0.015,0.046,0.049,0.011,0.003,0.029,0.0,0.0,0.0,0.0,0.0,0.0,0.732
1045,17:25,PTR8,16,16,16,100.0,47.7,0.912,-0.015,0.048,0.052,0.0,0.0,0.032,0.0,0.0,0.0,0.0,0.0,0.0,0.795
1045,17:25,PTR9,15,15,15,100.0,44.82,0.855,-0.015,0.048,0.046,0.0,0.0,0.029,0.0,0.0,0.0,0.0,0.0,0.0,0.747
1045,17:25,PTR10,16,16,16,100.0,47.76,0.912,-0.016,0.051,0.049,0.0,0.0,0.032,0.0,0.0,0.0,0.0,0.0,0.0,0.796
1046,17:26,PTR6,15,15,15,100.0,36.42,0.69,-0.015,0.033,0.04,0.0,0.0,0.025,0.0,0.0,0.0,0.0,0.0,0.0,0.607
1046,17:26,PTR7,15,15,15,100.0,35.76,0.69,-0.015,0.032,0.042,0.009,0.002,0.024,0.0,0.0,0.0,0.0,0.0,0.0,0.596
1046,17:26,PTR8,16,16,16,100.0,39.12,0.736,-0.016,0.034,0.04,0.0,0.0,0.026,0.0,0.0,0.0,0.0,0.0,0.0,0.652
1046,17:26,PTR9,15,15,15,100.0,36.42,0.69,-0.015,0.032,0.041,0.0,0.0,0.025,0.0,0.0,0.0,0.0,0.0,0.0,0.607
1046,17:26,PTR10,16,16,16,100.0,39.06,0.736,-0.016,0.035,0.044,0.0,0.0,0.022,0.0,0.0,0.0,0.0,0.0,0.0,0.651
1047,17:27,PTR6,15,15,15,100.0,28.86,0.555,0.0,0.019,0.034,0.0,0.0,0.021,0.0,0.0,0.0,0.0,0.0,0.0,0.481
1047,17:27,PTR7,15,15,15,100.0,28.38,0.555,0.0,0.019,0.033,0.007,0.003,0.02,0.0,0.0,0.0,0.0,0.0,0.0,0.473
1047,17:27,PTR8,16,16,16,100.0,30.96,0.592,0.0,0.019,0.035,0.0,0.0,0.022,0.0,0.0,0.0,0.0,0.0,0.0,0.516
1047,17:27,PTR9,15,15,15,100.0,28.8,0.555,0.0,0.023,0.027,0.0,0.0,0.025,0.0,0.0,0.0,0.0,0.0,0.0,0.48
1047,17:27,PTR10,16,16,16,100.0,30.72,0.592,0.0,0.02,0.032,0.0,0.0,0.028,0.0,0.0,0.0,0.0,0.0,0.0,0.512
1048,17:28,PTR6,15,15,15,100.0,21.6,0.405,-0.015,0.027,0.018,0.0,0.0,0.015,0.0,0.0,0.0,0.0,0.0,0.0,0.36
1048,17:28,PTR7,15,15,15,100.0,21.06,0.405,-0.015,0.025,0.022,0.005,0.002,0.015,0.0,0.0,0.0,0.0,0.0,0.0,0.351
1048,17:28,PTR8,16,16,16,100.0,22.98,0.432,-0.016,0.024,0.025,0.0,0.0,0.016,0.0,0.0,0.0,0.0,0.0,0.0,0.383
1048,17:28,PTR9,15,15,15,100.0,21.6,0.405,-0.015,0.027,0.018,0.0,0.0,0.015,0.0,0.0,0.0,0.0,0.0,0.0,0.36
1048,17:28,PTR10,16,16,16,100.0,22.92,0.432,-0.016,0.022,0.028,0.0,0.0,0.016,0.0,0.0,0.0,0.0,0.0,0.0,0.382
1049,17:29,PTR6,15,0,0,100.0,0.0,0.0,0.0,0.0,0.0,0.0,0.0,0.0,0.0,0.0,0.0,0.0,0.0,0.0,0.0
1049,17:29,PTR7,15,0,0,100.0,0.0,0.0,0.0,0.0,0.0,0.0,0.0,0.0,0.0,0.0,0.0,0.0,0.0,0.0,0.0
1049,17:29,PTR8,16,0,0,100.0,0.0,0.0,0.0,0.0,0.0,0.0,0.0,0.0,0.0,0.0,0.0,0.0,0.0,0.0,0.0
1049,17:29,PTR9,15,0,0,100.0,0.0,0.0,0.0,0.0,0.0,0.0,0.0,0.0,0.0,0.0,0.0,0.0,0.0,0.0,0.0
1049,17:29,PTR10,16,0,0,100.0,0.0,0.0,0.0,0.0,0.0,0.0,0.0,0.0,0.0,0.0,0.0,0.0,0.0,0.0,0.0
1050,17:30,PTR6,15,0,0,100.0,0.0,0.0,0.0,0.0,0.0,0.0,0.0,0.0,0.0,0.0,0.0,0.0,0.0,0.0,0.0
1050,17:30,PTR7,15,0,0,100.0,0.0,0.0,0.0,0.0,0.0,0.0,0.0,0.0,0.0,0.0,0.0,0.0,0.0,0.0,0.0
1050,17:30,PTR8,16,0,0,100.0,0.0,0.0,0.0,0.0,0.0,0.0,0.0,0.0,0.0,0.0,0.0,0.0,0.0,0.0,0.0
1050,17:30,PTR9,15,0,0,100.0,0.0,0.0,0.0,0.0,0.0,0.0,0.0,0.0,0.0,0.0,0.0,0.0,0.0,0.0,0.0
1050,17:30,PTR10,16,0,0,100.0,0.0,0.0,0.0,0.0,0.0,0.0,0.0,0.0,0.0,0.0,0.0,0.0,0.0,0.0,0.0
1051,17:31,PTR6,15,0,0,100.0,0.0,0.0,0.0,0.0,0.0,0.0,0.0,0.0,0.0,0.0,0.0,0.0,0.0,0.0,0.0
1051,17:31,PTR7,15,0,0,100.0,0.0,0.0,0.0,0.0,0.0,0.0,0.0,0.0,0.0,0.0,0.0,0.0,0.0,0.0,0.0
1051,17:31,PTR8,16,0,0,100.0,0.0,0.0,0.0,0.0,0.0,0.0,0.0,0.0,0.0,0.0,0.0,0.0,0.0,0.0,0.0
1051,17:31,PTR9,15,0,0,100.0,0.0,0.0,0.0,0.0,0.0,0.0,0.0,0.0,0.0,0.0,0.0,0.0,0.0,0.0,0.0
1051,17:31,PTR10,16,0,0,100.0,0.0,0.0,0.0,0.0,0.0,0.0,0.0,0.0,0.0,0.0,0.0,0.0,0.0,0.0,0.0
1052,17:32,PTR6,15,0,0,100.0,0.0,0.0,0.0,0.0,0.0,0.0,0.0,0.0,0.0,0.0,0.0,0.0,0.0,0.0,0.0
1052,17:32,PTR7,15,0,0,100.0,0.0,0.0,0.0,0.0,0.0,0.0,0.0,0.0,0.0,0.0,0.0,0.0,0.0,0.0,0.0
1052,17:32,PTR8,16,0,0,100.0,0.0,0.0,0.0,0.0,0.0,0.0,0.0,0.0,0.0,0.0,0.0,0.0,0.0,0.0,0.0
1052,17:32,PTR9,15,0,0,100.0,0.0,0.0,0.0,0.0,0.0,0.0,0.0,0.0,0.0,0.0,0.0,0.0,0.0,0.0,0.0
1052,17:32,PTR10,16,0,0,100.0,0.0,0.0,0.0,0.0,0.0,0.0,0.0,0.0,0.0,0.0,0.0,0.0,0.0,0.0,0.0
1053,17:33,PTR6,15,0,0,100.0,0.0,0.0,0.0,0.0,0.0,0.0,0.0,0.0,0.0,0.0,0.0,0.0,0.0,0.0,0.0
1053,17:33,PTR7,15,0,0,100.0,0.0,0.0,0.0,0.0,0.0,0.0,0.0,0.0,0.0,0.0,0.0,0.0,0.0,0.0,0.0
1053,17:33,PTR8,16,0,0,100.0,0.0,0.0,0.0,0.0,0.0,0.0,0.0,0.0,0.0,0.0,0.0,0.0,0.0,0.0,0.0
1053,17:33,PTR9,15,0,0,100.0,0.0,0.0,0.0,0.0,0.0,0.0,0.0,0.0,0.0,0.0,0.0,0.0,0.0,0.0,0.0
1053,17:33,PTR10,16,0,0,100.0,0.0,0.0,0.0,0.0,0.0,0.0,0.0,0.0,0.0,0.0,0.0,0.0,0.0,0.0,0.0
1054,17:34,PTR6,15,0,0,100.0,0.0,0.0,0.0,0.0,0.0,0.0,0.0,0.0,0.0,0.0,0.0,0.0,0.0,0.0,0.0
1054,17:34,PTR7,15,0,0,100.0,0.0,0.0,0.0,0.0,0.0,0.0,0.0,0.0,0.0,0.0,0.0,0.0,0.0,0.0,0.0
1054,17:34,PTR8,16,0,0,100.0,0.0,0.0,0.0,0.0,0.0,0.0,0.0,0.0,0.0,0.0,0.0,0.0,0.0,0.0,0.0
1054,17:34,PTR9,15,0,0,100.0,0.0,0.0,0.0,0.0,0.0,0.0,0.0,0.0,0.0,0.0,0.0,0.0,0.0,0.0,0.0
1054,17:34,PTR10,16,0,0,100.0,0.0,0.0,0.0,0.0,0.0,0.0,0.0,0.0,0.0,0.0,0.0,0.0,0.0,0.0,0.0
1055,17:35,PTR6,15,0,0,100.0,0.0,0.0,0.0,0.0,0.0,0.0,0.0,0.0,0.0,0.0,0.0,0.0,0.0,0.0,0.0
1055,17:35,PTR7,15,0,0,100.0,0.0,0.0,0.0,0.0,0.0,0.0,0.0,0.0,0.0,0.0,0.0,0.0,0.0,0.0,0.0
1055,17:35,PTR8,16,0,0,100.0,0.0,0.0,0.0,0.0,0.0,0.0,0.0,0.0,0.0,0.0,0.0,0.0,0.0,0.0,0.0
1055,17:35,PTR9,15,0,0,100.0,0.0,0.0,0.0,0.0,0.0,0.0,0.0,0.0,0.0,0.0,0.0,0.0,0.0,0.0,0.0
1055,17:35,PTR10,16,0,0,100.0,0.0,0.0,0.0,0.0,0.0,0.0,0.0,0.0,0.0,0.0,0.0,0.0,0.0,0.0,0.0
1056,17:36,PTR6,15,0,0,100.0,0.0,0.0,0.0,0.0,0.0,0.0,0.0,0.0,0.0,0.0,0.0,0.0,0.0,0.0,0.0
1056,17:36,PTR7,15,0,0,100.0,0.0,0.0,0.0,0.0,0.0,0.0,0.0,0.0,0.0,0.0,0.0,0.0,0.0,0.0,0.0
1056,17:36,PTR8,16,0,0,100.0,0.0,0.0,0.0,0.0,0.0,0.0,0.0,0.0,0.0,0.0,0.0,0.0,0.0,0.0,0.0
1056,17:36,PTR9,15,0,0,100.0,0.0,0.0,0.0,0.0,0.0,0.0,0.0,0.0,0.0,0.0,0.0,0.0,0.0,0.0,0.0
1056,17:36,PTR10,16,0,0,100.0,0.0,0.0,0.0,0.0,0.0,0.0,0.0,0.0,0.0,0.0,0.0,0.0,0.0,0.0,0.0
1057,17:37,PTR6,15,0,0,100.0,0.0,0.0,0.0,0.0,0.0,0.0,0.0,0.0,0.0,0.0,0.0,0.0,0.0,0.0,0.0
1057,17:37,PTR7,15,0,0,100.0,0.0,0.0,0.0,0.0,0.0,0.0,0.0,0.0,0.0,0.0,0.0,0.0,0.0,0.0,0.0
1057,17:37,PTR8,16,0,0,100.0,0.0,0.0,0.0,0.0,0.0,0.0,0.0,0.0,0.0,0.0,0.0,0.0,0.0,0.0,0.0
1057,17:37,PTR9,15,0,0,100.0,0.0,0.0,0.0,0.0,0.0,0.0,0.0,0.0,0.0,0.0,0.0,0.0,0.0,0.0,0.0
1057,17:37,PTR10,16,0,0,100.0,0.0,0.0,0.0,0.0,0.0,0.0,0.0,0.0,0.0,0.0,0.0,0.0,0.0,0.0,0.0
1058,17:38,PTR6,15,0,0,100.0,0.0,0.0,0.0,0.0,0.0,0.0,0.0,0.0,0.0,0.0,0.0,0.0,0.0,0.0,0.0
1058,17:38,PTR7,15,0,0,100.0,0.0,0.0,0.0,0.0,0.0,0.0,0.0,0.0,0.0,0.0,0.0,0.0,0.0,0.0,0.0
1058,17:38,PTR8,16,0,0,100.0,0.0,0.0,0.0,0.0,0.0,0.0,0.0,0.0,0.0,0.0,0.0,0.0,0.0,0.0,0.0
1058,17:38,PTR9,15,0,0,100.0,0.0,0.0,0.0,0.0,0.0,0.0,0.0,0.0,0.0,0.0,0.0,0.0,0.0,0.0,0.0
1058,17:38,PTR10,16,0,0,100.0,0.0,0.0,0.0,0.0,0.0,0.0,0.0,0.0,0.0,0.0,0.0,0.0,0.0,0.0,0.0
1059,17:39,PTR6,15,0,0,100.0,0.0,0.0,0.0,0.0,0.0,0.0,0.0,0.0,0.0,0.0,0.0,0.0,0.0,0.0,0.0
1059,17:39,PTR7,15,0,0,100.0,0.0,0.0,0.0,0.0,0.0,0.0,0.0,0.0,0.0,0.0,0.0,0.0,0.0,0.0,0.0
1059,17:39,PTR8,16,0,0,100.0,0.0,0.0,0.0,0.0,0.0,0.0,0.0,0.0,0.0,0.0,0.0,0.0,0.0,0.0,0.0
1059,17:39,PTR9,15,0,0,100.0,0.0,0.0,0.0,0.0,0.0,0.0,0.0,0.0,0.0,0.0,0.0,0.0,0.0,0.0,0.0
1059,17:39,PTR10,16,0,0,100.0,0.0,0.0,0.0,0.0,0.0,0.0,0.0,0.0,0.0,0.0,0.0,0.0,0.0,0.0,0.0
1060,17:40,PTR6,15,0,0,100.0,0.0,0.0,0.0,0.0,0.0,0.0,0.0,0.0,0.0,0.0,0.0,0.0,0.0,0.0,0.0
1060,17:40,PTR7,15,0,0,100.0,0.0,0.0,0.0,0.0,0.0,0.0,0.0,0.0,0.0,0.0,0.0,0.0,0.0,0.0,0.0
1060,17:40,PTR8,16,0,0,100.0,0.0,0.0,0.0,0.0,0.0,0.0,0.0,0.0,0.0,0.0,0.0,0.0,0.0,0.0,0.0
1060,17:40,PTR9,15,0,0,100.0,0.0,0.0,0.0,0.0,0.0,0.0,0.0,0.0,0.0,0.0,0.0,0.0,0.0,0.0,0.0
1060,17:40,PTR10,16,0,0,100.0,0.0,0.0,0.0,0.0,0.0,0.0,0.0,0.0,0.0,0.0,0.0,0.0,0.0,0.0,0.0
1061,17:41,PTR6,15,0,0,100.0,0.0,0.0,0.0,0.0,0.0,0.0,0.0,0.0,0.0,0.0,0.0,0.0,0.0,0.0,0.0
1061,17:41,PTR7,15,0,0,100.0,0.0,0.0,0.0,0.0,0.0,0.0,0.0,0.0,0.0,0.0,0.0,0.0,0.0,0.0,0.0
1061,17:41,PTR8,16,0,0,100.0,0.0,0.0,0.0,0.0,0.0,0.0,0.0,0.0,0.0,0.0,0.0,0.0,0.0,0.0,0.0
1061,17:41,PTR9,15,0,0,100.0,0.0,0.0,0.0,0.0,0.0,0.0,0.0,0.0,0.0,0.0,0.0,0.0,0.0,0.0,0.0
1061,17:41,PTR10,16,0,0,100.0,0.0,0.0,0.0,0.0,0.0,0.0,0.0,0.0,0.0,0.0,0.0,0.0,0.0,0.0,0.0
1062,17:42,PTR6,15,0,0,100.0,0.0,0.0,0.0,0.0,0.0,0.0,0.0,0.0,0.0,0.0,0.0,0.0,0.0,0.0,0.0
1062,17:42,PTR7,15,0,0,100.0,0.0,0.0,0.0,0.0,0.0,0.0,0.0,0.0,0.0,0.0,0.0,0.0,0.0,0.0,0.0
1062,17:42,PTR8,16,0,0,100.0,0.0,0.0,0.0,0.0,0.0,0.0,0.0,0.0,0.0,0.0,0.0,0.0,0.0,0.0,0.0
1062,17:42,PTR9,15,0,0,100.0,0.0,0.0,0.0,0.0,0.0,0.0,0.0,0.0,0.0,0.0,0.0,0.0,0.0,0.0,0.0
1062,17:42,PTR10,16,0,0,100.0,0.0,0.0,0.0,0.0,0.0,0.0,0.0,0.0,0.0,0.0,0.0,0.0,0.0,0.0,0.0
1063,17:43,PTR6,15,0,0,100.0,0.0,0.0,0.0,0.0,0.0,0.0,0.0,0.0,0.0,0.0,0.0,0.0,0.0,0.0,0.0
1063,17:43,PTR7,15,0,0,100.0,0.0,0.0,0.0,0.0,0.0,0.0,0.0,0.0,0.0,0.0,0.0,0.0,0.0,0.0,0.0
1063,17:43,PTR8,16,0,0,100.0,0.0,0.0,0.0,0.0,0.0,0.0,0.0,0.0,0.0,0.0,0.0,0.0,0.0,0.0,0.0
1063,17:43,PTR9,15,0,0,100.0,0.0,0.0,0.0,0.0,0.0,0.0,0.0,0.0,0.0,0.0,0.0,0.0,0.0,0.0,0.0
1063,17:43,PTR10,16,0,0,100.0,0.0,0.0,0.0,0.0,0.0,0.0,0.0,0.0,0.0,0.0,0.0,0.0,0.0,0.0,0.0
1064,17:44,PTR6,15,0,0,100.0,0.0,0.0,0.0,0.0,0.0,0.0,0.0,0.0,0.0,0.0,0.0,0.0,0.0,0.0,0.0
1064,17:44,PTR7,15,0,0,100.0,0.0,0.0,0.0,0.0,0.0,0.0,0.0,0.0,0.0,0.0,0.0,0.0,0.0,0.0,0.0
1064,17:44,PTR8,16,0,0,100.0,0.0,0.0,0.0,0.0,0.0,0.0,0.0,0.0,0.0,0.0,0.0,0.0,0.0,0.0,0.0
1064,17:44,PTR9,15,0,0,100.0,0.0,0.0,0.0,0.0,0.0,0.0,0.0,0.0,0.0,0.0,0.0,0.0,0.0,0.0,0.0
1064,17:44,PTR10,16,0,0,100.0,0.0,0.0,0.0,0.0,0.0,0.0,0.0,0.0,0.0,0.0,0.0,0.0,0.0,0.0,0.0
1065,17:45,PTR6,15,0,0,100.0,0.0,0.0,0.0,0.0,0.0,0.0,0.0,0.0,0.0,0.0,0.0,0.0,0.0,0.0,0.0
1065,17:45,PTR7,15,0,0,100.0,0.0,0.0,0.0,0.0,0.0,0.0,0.0,0.0,0.0,0.0,0.0,0.0,0.0,0.0,0.0
1065,17:45,PTR8,16,0,0,100.0,0.0,0.0,0.0,0.0,0.0,0.0,0.0,0.0,0.0,0.0,0.0,0.0,0.0,0.0,0.0
1065,17:45,PTR9,15,0,0,100.0,0.0,0.0,0.0,0.0,0.0,0.0,0.0,0.0,0.0,0.0,0.0,0.0,0.0,0.0,0.0
1065,17:45,PTR10,16,0,0,100.0,0.0,0.0,0.0,0.0,0.0,0.0,0.0,0.0,0.0,0.0,0.0,0.0,0.0,0.0,0.0
1066,17:46,PTR6,15,0,0,100.0,0.0,0.0,0.0,0.0,0.0,0.0,0.0,0.0,0.0,0.0,0.0,0.0,0.0,0.0,0.0
1066,17:46,PTR7,15,0,0,100.0,0.0,0.0,0.0,0.0,0.0,0.0,0.0,0.0,0.0,0.0,0.0,0.0,0.0,0.0,0.0
1066,17:46,PTR8,16,0,0,100.0,0.0,0.0,0.0,0.0,0.0,0.0,0.0,0.0,0.0,0.0,0.0,0.0,0.0,0.0,0.0
1066,17:46,PTR9,15,0,0,100.0,0.0,0.0,0.0,0.0,0.0,0.0,0.0,0.0,0.0,0.0,0.0,0.0,0.0,0.0,0.0
1066,17:46,PTR10,16,0,0,100.0,0.0,0.0,0.0,0.0,0.0,0.0,0.0,0.0,0.0,0.0,0.0,0.0,0.0,0.0,0.0
1067,17:47,PTR6,15,0,0,100.0,0.0,0.0,0.0,0.0,0.0,0.0,0.0,0.0,0.0,0.0,0.0,0.0,0.0,0.0,0.0
1067,17:47,PTR7,15,0,0,100.0,0.0,0.0,0.0,0.0,0.0,0.0,0.0,0.0,0.0,0.0,0.0,0.0,0.0,0.0,0.0
1067,17:47,PTR8,16,0,0,100.0,0.0,0.0,0.0,0.0,0.0,0.0,0.0,0.0,0.0,0.0,0.0,0.0,0.0,0.0,0.0
1067,17:47,PTR9,15,0,0,100.0,0.0,0.0,0.0,0.0,0.0,0.0,0.0,0.0,0.0,0.0,0.0,0.0,0.0,0.0,0.0
1067,17:47,PTR10,16,0,0,100.0,0.0,0.0,0.0,0.0,0.0,0.0,0.0,0.0,0.0,0.0,0.0,0.0,0.0,0.0,0.0
1068,17:48,PTR6,15,0,0,100.0,0.0,0.0,0.0,0.0,0.0,0.0,0.0,0.0,0.0,0.0,0.0,0.0,0.0,0.0,0.0
1068,17:48,PTR7,15,0,0,100.0,0.0,0.0,0.0,0.0,0.0,0.0,0.0,0.0,0.0,0.0,0.0,0.0,0.0,0.0,0.0
1068,17:48,PTR8,16,0,0,100.0,0.0,0.0,0.0,0.0,0.0,0.0,0.0,0.0,0.0,0.0,0.0,0.0,0.0,0.0,0.0
1068,17:48,PTR9,15,0,0,100.0,0.0,0.0,0.0,0.0,0.0,0.0,0.0,0.0,0.0,0.0,0.0,0.0,0.0,0.0,0.0
1068,17:48,PTR10,16,0,0,100.0,0.0,0.0,0.0,0.0,0.0,0.0,0.0,0.0,0.0,0.0,0.0,0.0,0.0,0.0,0.0
1069,17:49,PTR6,15,0,0,100.0,0.0,0.0,0.0,0.0,0.0,0.0,0.0,0.0,0.0,0.0,0.0,0.0,0.0,0.0,0.0
1069,17:49,PTR7,15,0,0,100.0,0.0,0.0,0.0,0.0,0.0,0.0,0.0,0.0,0.0,0.0,0.0,0.0,0.0,0.0,0.0
1069,17:49,PTR8,16,0,0,100.0,0.0,0.0,0.0,0.0,0.0,0.0,0.0,0.0,0.0,0.0,0.0,0.0,0.0,0.0,0.0
1069,17:49,PTR9,15,0,0,100.0,0.0,0.0,0.0,0.0,0.0,0.0,0.0,0.0,0.0,0.0,0.0,0.0,0.0,0.0,0.0
1069,17:49,PTR10,16,0,0,100.0,0.0,0.0,0.0,0.0,0.0,0.0,0.0,0.0,0.0,0.0,0.0,0.0,0.0,0.0,0.0
1070,17:50,PTR6,15,0,0,100.0,0.0,0.0,0.0,0.0,0.0,0.0,0.0,0.0,0.0,0.0,0.0,0.0,0.0,0.0,0.0
1070,17:50,PTR7,15,0,0,100.0,0.0,0.0,0.0,0.0,0.0,0.0,0.0,0.0,0.0,0.0,0.0,0.0,0.0,0.0,0.0
1070,17:50,PTR8,16,0,0,100.0,0.0,0.0,0.0,0.0,0.0,0.0,0.0,0.0,0.0,0.0,0.0,0.0,0.0,0.0,0.0
1070,17:50,PTR9,15,0,0,100.0,0.0,0.0,0.0,0.0,0.0,0.0,0.0,0.0,0.0,0.0,0.0,0.0,0.0,0.0,0.0
1070,17:50,PTR10,16,0,0,100.0,0.0,0.0,0.0,0.0,0.0,0.0,0.0,0.0,0.0,0.0,0.0,0.0,0.0,0.0,0.0
1071,17:51,PTR6,15,0,0,100.0,0.0,0.0,0.0,0.0,0.0,0.0,0.0,0.0,0.0,0.0,0.0,0.0,0.0,0.0,0.0
1071,17:51,PTR7,15,0,0,100.0,0.0,0.0,0.0,0.0,0.0,0.0,0.0,0.0,0.0,0.0,0.0,0.0,0.0,0.0,0.0
1071,17:51,PTR8,16,0,0,100.0,0.0,0.0,0.0,0.0,0.0,0.0,0.0,0.0,0.0,0.0,0.0,0.0,0.0,0.0,0.0
1071,17:51,PTR9,15,0,0,100.0,0.0,0.0,0.0,0.0,0.0,0.0,0.0,0.0,0.0,0.0,0.0,0.0,0.0,0.0,0.0
1071,17:51,PTR10,16,0,0,100.0,0.0,0.0,0.0,0.0,0.0,0.0,0.0,0.0,0.0,0.0,0.0,0.0,0.0,0.0,0.0
1072,17:52,PTR6,15,0,0,100.0,0.0,0.0,0.0,0.0,0.0,0.0,0.0,0.0,0.0,0.0,0.0,0.0,0.0,0.0,0.0
1072,17:52,PTR7,15,0,0,100.0,0.0,0.0,0.0,0.0,0.0,0.0,0.0,0.0,0.0,0.0,0.0,0.0,0.0,0.0,0.0
1072,17:52,PTR8,16,0,0,100.0,0.0,0.0,0.0,0.0,0.0,0.0,0.0,0.0,0.0,0.0,0.0,0.0,0.0,0.0,0.0
1072,17:52,PTR9,15,0,0,100.0,0.0,0.0,0.0,0.0,0.0,0.0,0.0,0.0,0.0,0.0,0.0,0.0,0.0,0.0,0.0
1072,17:52,PTR10,16,0,0,100.0,0.0,0.0,0.0,0.0,0.0,0.0,0.0,0.0,0.0,0.0,0.0,0.0,0.0,0.0,0.0
1073,17:53,PTR6,15,0,0,100.0,0.0,0.0,0.0,0.0,0.0,0.0,0.0,0.0,0.0,0.0,0.0,0.0,0.0,0.0,0.0
1073,17:53,PTR7,15,0,0,100.0,0.0,0.0,0.0,0.0,0.0,0.0,0.0,0.0,0.0,0.0,0.0,0.0,0.0,0.0,0.0
1073,17:53,PTR8,16,0,0,100.0,0.0,0.0,0.0,0.0,0.0,0.0,0.0,0.0,0.0,0.0,0.0,0.0,0.0,0.0,0.0
1073,17:53,PTR9,15,0,0,100.0,0.0,0.0,0.0,0.0,0.0,0.0,0.0,0.0,0.0,0.0,0.0,0.0,0.0,0.0,0.0
1073,17:53,PTR10,16,0,0,100.0,0.0,0.0,0.0,0.0,0.0,0.0,0.0,0.0,0.0,0.0,0.0,0.0,0.0,0.0,0.0
1074,17:54,PTR6,15,0,0,100.0,0.0,0.0,0.0,0.0,0.0,0.0,0.0,0.0,0.0,0.0,0.0,0.0,0.0,0.0,0.0
1074,17:54,PTR7,15,0,0,100.0,0.0,0.0,0.0,0.0,0.0,0.0,0.0,0.0,0.0,0.0,0.0,0.0,0.0,0.0,0.0
1074,17:54,PTR8,16,0,0,100.0,0.0,0.0,0.0,0.0,0.0,0.0,0.0,0.0,0.0,0.0,0.0,0.0,0.0,0.0,0.0
1074,17:54,PTR9,15,0,0,100.0,0.0,0.0,0.0,0.0,0.0,0.0,0.0,0.0,0.0,0.0,0.0,0.0,0.0,0.0,0.0
1074,17:54,PTR10,16,0,0,100.0,0.0,0.0,0.0,0.0,0.0,0.0,0.0,0.0,0.0,0.0,0.0,0.0,0.0,0.0,0.0
1075,17:55,PTR6,15,0,0,100.0,0.0,0.0,0.0,0.0,0.0,0.0,0.0,0.0,0.0,0.0,0.0,0.0,0.0,0.0,0.0
1075,17:55,PTR7,15,0,0,100.0,0.0,0.0,0.0,0.0,0.0,0.0,0.0,0.0,0.0,0.0,0.0,0.0,0.0,0.0,0.0
1075,17:55,PTR8,16,0,0,100.0,0.0,0.0,0.0,0.0,0.0,0.0,0.0,0.0,0.0,0.0,0.0,0.0,0.0,0.0,0.0
1075,17:55,PTR9,15,0,0,100.0,0.0,0.0,0.0,0.0,0.0,0.0,0.0,0.0,0.0,0.0,0.0,0.0,0.0,0.0,0.0
1075,17:55,PTR10,16,0,0,100.0,0.0,0.0,0.0,0.0,0.0,0.0,0.0,0.0,0.0,0.0,0.0,0.0,0.0,0.0,0.0
1076,17:56,PTR6,15,0,0,100.0,0.0,0.0,0.0,0.0,0.0,0.0,0.0,0.0,0.0,0.0,0.0,0.0,0.0,0.0,0.0
1076,17:56,PTR7,15,0,0,100.0,0.0,0.0,0.0,0.0,0.0,0.0,0.0,0.0,0.0,0.0,0.0,0.0,0.0,0.0,0.0
1076,17:56,PTR8,16,0,0,100.0,0.0,0.0,0.0,0.0,0.0,0.0,0.0,0.0,0.0,0.0,0.0,0.0,0.0,0.0,0.0
1076,17:56,PTR9,15,0,0,100.0,0.0,0.0,0.0,0.0,0.0,0.0,0.0,0.0,0.0,0.0,0.0,0.0,0.0,0.0,0.0
1076,17:56,PTR10,16,0,0,100.0,0.0,0.0,0.0,0.0,0.0,0.0,0.0,0.0,0.0,0.0,0.0,0.0,0.0,0.0,0.0
1077,17:57,PTR6,15,0,0,100.0,0.0,0.0,0.0,0.0,0.0,0.0,0.0,0.0,0.0,0.0,0.0,0.0,0.0,0.0,0.0
1077,17:57,PTR7,15,0,0,100.0,0.0,0.0,0.0,0.0,0.0,0.0,0.0,0.0,0.0,0.0,0.0,0.0,0.0,0.0,0.0
1077,17:57,PTR8,16,0,0,100.0,0.0,0.0,0.0,0.0,0.0,0.0,0.0,0.0,0.0,0.0,0.0,0.0,0.0,0.0,0.0
1077,17:57,PTR9,15,0,0,100.0,0.0,0.0,0.0,0.0,0.0,0.0,0.0,0.0,0.0,0.0,0.0,0.0,0.0,0.0,0.0
1077,17:57,PTR10,16,0,0,100.0,0.0,0.0,0.0,0.0,0.0,0.0,0.0,0.0,0.0,0.0,0.0,0.0,0.0,0.0,0.0
1078,17:58,PTR6,15,0,0,100.0,0.0,0.0,0.0,0.0,0.0,0.0,0.0,0.0,0.0,0.0,0.0,0.0,0.0,0.0,0.0
1078,17:58,PTR7,15,0,0,100.0,0.0,0.0,0.0,0.0,0.0,0.0,0.0,0.0,0.0,0.0,0.0,0.0,0.0,0.0,0.0
1078,17:58,PTR8,16,0,0,100.0,0.0,0.0,0.0,0.0,0.0,0.0,0.0,0.0,0.0,0.0,0.0,0.0,0.0,0.0,0.0
1078,17:58,PTR9,15,0,0,100.0,0.0,0.0,0.0,0.0,0.0,0.0,0.0,0.0,0.0,0.0,0.0,0.0,0.0,0.0,0.0
1078,17:58,PTR10,16,0,0,100.0,0.0,0.0,0.0,0.0,0.0,0.0,0.0,0.0,0.0,0.0,0.0,0.0,0.0,0.0,0.0
1079,17:59,PTR6,15,0,0,100.0,0.0,0.0,0.0,0.0,0.0,0.0,0.0,0.0,0.0,0.0,0.0,0.0,0.0,0.0,0.0
1079,17:59,PTR7,15,0,0,100.0,0.0,0.0,0.0,0.0,0.0,0.0,0.0,0.0,0.0,0.0,0.0,0.0,0.0,0.0,0.0
1079,17:59,PTR8,16,0,0,100.0,0.0,0.0,0.0,0.0,0.0,0.0,0.0,0.0,0.0,0.0,0.0,0.0,0.0,0.0,0.0
1079,17:59,PTR9,15,0,0,100.0,0.0,0.0,0.0,0.0,0.0,0.0,0.0,0.0,0.0,0.0,0.0,0.0,0.0,0.0,0.0
1079,17:59,PTR10,16,0,0,100.0,0.0,0.0,0.0,0.0,0.0,0.0,0.0,0.0,0.0,0.0,0.0,0.0,0.0,0.0,0.0
1080,18:00,PTR6,15,0,0,100.0,0.0,0.0,0.0,0.0,0.0,0.0,0.0,0.0,0.0,0.0,0.0,0.0,0.0,0.0,0.0
1080,18:00,PTR7,15,0,0,100.0,0.0,0.0,0.0,0.0,0.0,0.0,0.0,0.0,0.0,0.0,0.0,0.0,0.0,0.0,0.0
1080,18:00,PTR8,16,0,0,100.0,0.0,0.0,0.0,0.0,0.0,0.0,0.0,0.0,0.0,0.0,0.0,0.0,0.0,0.0,0.0
1080,18:00,PTR9,15,0,0,100.0,0.0,0.0,0.0,0.0,0.0,0.0,0.0,0.0,0.0,0.0,0.0,0.0,0.0,0.0,0.0
1080,18:00,PTR10,16,0,0,100.0,0.0,0.0,0.0,0.0,0.0,0.0,0.0,0.0,0.0,0.0,0.0,0.0,0.0,0.0,0.0
1081,18:01,PTR6,15,0,0,100.0,0.0,0.0,0.0,0.0,0.0,0.0,0.0,0.0,0.0,0.0,0.0,0.0,0.0,0.0,0.0
1081,18:01,PTR7,15,0,0,100.0,0.0,0.0,0.0,0.0,0.0,0.0,0.0,0.0,0.0,0.0,0.0,0.0,0.0,0.0,0.0
1081,18:01,PTR8,16,0,0,100.0,0.0,0.0,0.0,0.0,0.0,0.0,0.0,0.0,0.0,0.0,0.0,0.0,0.0,0.0,0.0
1081,18:01,PTR9,15,0,0,100.0,0.0,0.0,0.0,0.0,0.0,0.0,0.0,0.0,0.0,0.0,0.0,0.0,0.0,0.0,0.0
1081,18:01,PTR10,16,0,0,100.0,0.0,0.0,0.0,0.0,0.0,0.0,0.0,0.0,0.0,0.0,0.0,0.0,0.0,0.0,0.0
1082,18:02,PTR6,15,0,0,100.0,0.0,0.0,0.0,0.0,0.0,0.0,0.0,0.0,0.0,0.0,0.0,0.0,0.0,0.0,0.0
1082,18:02,PTR7,15,0,0,100.0,0.0,0.0,0.0,0.0,0.0,0.0,0.0,0.0,0.0,0.0,0.0,0.0,0.0,0.0,0.0
1082,18:02,PTR8,16,0,0,100.0,0.0,0.0,0.0,0.0,0.0,0.0,0.0,0.0,0.0,0.0,0.0,0.0,0.0,0.0,0.0
1082,18:02,PTR9,15,0,0,100.0,0.0,0.0,0.0,0.0,0.0,0.0,0.0,0.0,0.0,0.0,0.0,0.0,0.0,0.0,0.0
1082,18:02,PTR10,16,0,0,100.0,0.0,0.0,0.0,0.0,0.0,0.0,0.0,0.0,0.0,0.0,0.0,0.0,0.0,0.0,0.0
1083,18:03,PTR6,15,0,0,100.0,0.0,0.0,0.0,0.0,0.0,0.0,0.0,0.0,0.0,0.0,0.0,0.0,0.0,0.0,0.0
1083,18:03,PTR7,15,0,0,100.0,0.0,0.0,0.0,0.0,0.0,0.0,0.0,0.0,0.0,0.0,0.0,0.0,0.0,0.0,0.0
1083,18:03,PTR8,16,0,0,100.0,0.0,0.0,0.0,0.0,0.0,0.0,0.0,0.0,0.0,0.0,0.0,0.0,0.0,0.0,0.0
1083,18:03,PTR9,15,0,0,100.0,0.0,0.0,0.0,0.0,0.0,0.0,0.0,0.0,0.0,0.0,0.0,0.0,0.0,0.0,0.0
1083,18:03,PTR10,16,0,0,100.0,0.0,0.0,0.0,0.0,0.0,0.0,0.0,0.0,0.0,0.0,0.0,0.0,0.0,0.0,0.0
1084,18:04,PTR6,15,0,0,100.0,0.0,0.0,0.0,0.0,0.0,0.0,0.0,0.0,0.0,0.0,0.0,0.0,0.0,0.0,0.0
1084,18:04,PTR7,15,0,0,100.0,0.0,0.0,0.0,0.0,0.0,0.0,0.0,0.0,0.0,0.0,0.0,0.0,0.0,0.0,0.0
1084,18:04,PTR8,16,0,0,100.0,0.0,0.0,0.0,0.0,0.0,0.0,0.0,0.0,0.0,0.0,0.0,0.0,0.0,0.0,0.0
1084,18:04,PTR9,15,0,0,100.0,0.0,0.0,0.0,0.0,0.0,0.0,0.0,0.0,0.0,0.0,0.0,0.0,0.0,0.0,0.0
1084,18:04,PTR10,16,0,0,100.0,0.0,0.0,0.0,0.0,0.0,0.0,0.0,0.0,0.0,0.0,0.0,0.0,0.0,0.0,0.0
1085,18:05,PTR6,15,0,0,100.0,0.0,0.0,0.0,0.0,0.0,0.0,0.0,0.0,0.0,0.0,0.0,0.0,0.0,0.0,0.0
1085,18:05,PTR7,15,0,0,100.0,0.0,0.0,0.0,0.0,0.0,0.0,0.0,0.0,0.0,0.0,0.0,0.0,0.0,0.0,0.0
1085,18:05,PTR8,16,0,0,100.0,0.0,0.0,0.0,0.0,0.0,0.0,0.0,0.0,0.0,0.0,0.0,0.0,0.0,0.0,0.0
1085,18:05,PTR9,15,0,0,100.0,0.0,0.0,0.0,0.0,0.0,0.0,0.0,0.0,0.0,0.0,0.0,0.0,0.0,0.0,0.0
1085,18:05,PTR10,16,0,0,100.0,0.0,0.0,0.0,0.0,0.0,0.0,0.0,0.0,0.0,0.0,0.0,0.0,0.0,0.0,0.0
1086,18:06,PTR6,15,0,0,100.0,0.0,0.0,0.0,0.0,0.0,0.0,0.0,0.0,0.0,0.0,0.0,0.0,0.0,0.0,0.0
1086,18:06,PTR7,15,0,0,100.0,0.0,0.0,0.0,0.0,0.0,0.0,0.0,0.0,0.0,0.0,0.0,0.0,0.0,0.0,0.0
1086,18:06,PTR8,16,0,0,100.0,0.0,0.0,0.0,0.0,0.0,0.0,0.0,0.0,0.0,0.0,0.0,0.0,0.0,0.0,0.0
1086,18:06,PTR9,15,0,0,100.0,0.0,0.0,0.0,0.0,0.0,0.0,0.0,0.0,0.0,0.0,0.0,0.0,0.0,0.0,0.0
1086,18:06,PTR10,16,0,0,100.0,0.0,0.0,0.0,0.0,0.0,0.0,0.0,0.0,0.0,0.0,0.0,0.0,0.0,0.0,0.0
1087,18:07,PTR6,15,0,0,100.0,0.0,0.0,0.0,0.0,0.0,0.0,0.0,0.0,0.0,0.0,0.0,0.0,0.0,0.0,0.0
1087,18:07,PTR7,15,0,0,100.0,0.0,0.0,0.0,0.0,0.0,0.0,0.0,0.0,0.0,0.0,0.0,0.0,0.0,0.0,0.0
1087,18:07,PTR8,16,0,0,100.0,0.0,0.0,0.0,0.0,0.0,0.0,0.0,0.0,0.0,0.0,0.0,0.0,0.0,0.0,0.0
1087,18:07,PTR9,15,0,0,100.0,0.0,0.0,0.0,0.0,0.0,0.0,0.0,0.0,0.0,0.0,0.0,0.0,0.0,0.0,0.0
1087,18:07,PTR10,16,0,0,100.0,0.0,0.0,0.0,0.0,0.0,0.0,0.0,0.0,0.0,0.0,0.0,0.0,0.0,0.0,0.0
1088,18:08,PTR6,15,0,0,100.0,0.0,0.0,0.0,0.0,0.0,0.0,0.0,0.0,0.0,0.0,0.0,0.0,0.0,0.0,0.0
1088,18:08,PTR7,15,0,0,100.0,0.0,0.0,0.0,0.0,0.0,0.0,0.0,0.0,0.0,0.0,0.0,0.0,0.0,0.0,0.0
1088,18:08,PTR8,16,0,0,100.0,0.0,0.0,0.0,0.0,0.0,0.0,0.0,0.0,0.0,0.0,0.0,0.0,0.0,0.0,0.0
1088,18:08,PTR9,15,0,0,100.0,0.0,0.0,0.0,0.0,0.0,0.0,0.0,0.0,0.0,0.0,0.0,0.0,0.0,0.0,0.0
1088,18:08,PTR10,16,0,0,100.0,0.0,0.0,0.0,0.0,0.0,0.0,0.0,0.0,0.0,0.0,0.0,0.0,0.0,0.0,0.0
1089,18:09,PTR6,15,0,0,100.0,0.0,0.0,0.0,0.0,0.0,0.0,0.0,0.0,0.0,0.0,0.0,0.0,0.0,0.0,0.0
1089,18:09,PTR7,15,0,0,100.0,0.0,0.0,0.0,0.0,0.0,0.0,0.0,0.0,0.0,0.0,0.0,0.0,0.0,0.0,0.0
1089,18:09,PTR8,16,0,0,100.0,0.0,0.0,0.0,0.0,0.0,0.0,0.0,0.0,0.0,0.0,0.0,0.0,0.0,0.0,0.0
1089,18:09,PTR9,15,0,0,100.0,0.0,0.0,0.0,0.0,0.0,0.0,0.0,0.0,0.0,0.0,0.0,0.0,0.0,0.0,0.0
1089,18:09,PTR10,16,0,0,100.0,0.0,0.0,0.0,0.0,0.0,0.0,0.0,0.0,0.0,0.0,0.0,0.0,0.0,0.0,0.0
1090,18:10,PTR6,15,0,0,100.0,0.0,0.0,0.0,0.0,0.0,0.0,0.0,0.0,0.0,0.0,0.0,0.0,0.0,0.0,0.0
1090,18:10,PTR7,15,0,0,100.0,0.0,0.0,0.0,0.0,0.0,0.0,0.0,0.0,0.0,0.0,0.0,0.0,0.0,0.0,0.0
1090,18:10,PTR8,16,0,0,100.0,0.0,0.0,0.0,0.0,0.0,0.0,0.0,0.0,0.0,0.0,0.0,0.0,0.0,0.0,0.0
1090,18:10,PTR9,15,0,0,100.0,0.0,0.0,0.0,0.0,0.0,0.0,0.0,0.0,0.0,0.0,0.0,0.0,0.0,0.0,0.0
1090,18:10,PTR10,16,0,0,100.0,0.0,0.0,0.0,0.0,0.0,0.0,0.0,0.0,0.0,0.0,0.0,0.0,0.0,0.0,0.0
1091,18:11,PTR6,15,0,0,100.0,0.0,0.0,0.0,0.0,0.0,0.0,0.0,0.0,0.0,0.0,0.0,0.0,0.0,0.0,0.0
1091,18:11,PTR7,15,0,0,100.0,0.0,0.0,0.0,0.0,0.0,0.0,0.0,0.0,0.0,0.0,0.0,0.0,0.0,0.0,0.0
1091,18:11,PTR8,16,0,0,100.0,0.0,0.0,0.0,0.0,0.0,0.0,0.0,0.0,0.0,0.0,0.0,0.0,0.0,0.0,0.0
1091,18:11,PTR9,15,0,0,100.0,0.0,0.0,0.0,0.0,0.0,0.0,0.0,0.0,0.0,0.0,0.0,0.0,0.0,0.0,0.0
1091,18:11,PTR10,16,0,0,100.0,0.0,0.0,0.0,0.0,0.0,0.0,0.0,0.0,0.0,0.0,0.0,0.0,0.0,0.0,0.0
1092,18:12,PTR6,15,0,0,100.0,0.0,0.0,0.0,0.0,0.0,0.0,0.0,0.0,0.0,0.0,0.0,0.0,0.0,0.0,0.0
1092,18:12,PTR7,15,0,0,100.0,0.0,0.0,0.0,0.0,0.0,0.0,0.0,0.0,0.0,0.0,0.0,0.0,0.0,0.0,0.0
1092,18:12,PTR8,16,0,0,100.0,0.0,0.0,0.0,0.0,0.0,0.0,0.0,0.0,0.0,0.0,0.0,0.0,0.0,0.0,0.0
1092,18:12,PTR9,15,0,0,100.0,0.0,0.0,0.0,0.0,0.0,0.0,0.0,0.0,0.0,0.0,0.0,0.0,0.0,0.0,0.0
1092,18:12,PTR10,16,0,0,100.0,0.0,0.0,0.0,0.0,0.0,0.0,0.0,0.0,0.0,0.0,0.0,0.0,0.0,0.0,0.0
1093,18:13,PTR6,15,0,0,100.0,0.0,0.0,0.0,0.0,0.0,0.0,0.0,0.0,0.0,0.0,0.0,0.0,0.0,0.0,0.0
1093,18:13,PTR7,15,0,0,100.0,0.0,0.0,0.0,0.0,0.0,0.0,0.0,0.0,0.0,0.0,0.0,0.0,0.0,0.0,0.0
1093,18:13,PTR8,16,0,0,100.0,0.0,0.0,0.0,0.0,0.0,0.0,0.0,0.0,0.0,0.0,0.0,0.0,0.0,0.0,0.0
1093,18:13,PTR9,15,0,0,100.0,0.0,0.0,0.0,0.0,0.0,0.0,0.0,0.0,0.0,0.0,0.0,0.0,0.0,0.0,0.0
1093,18:13,PTR10,16,0,0,100.0,0.0,0.0,0.0,0.0,0.0,0.0,0.0,0.0,0.0,0.0,0.0,0.0,0.0,0.0,0.0
1094,18:14,PTR6,15,0,0,100.0,0.0,0.0,0.0,0.0,0.0,0.0,0.0,0.0,0.0,0.0,0.0,0.0,0.0,0.0,0.0
1094,18:14,PTR7,15,0,0,100.0,0.0,0.0,0.0,0.0,0.0,0.0,0.0,0.0,0.0,0.0,0.0,0.0,0.0,0.0,0.0
1094,18:14,PTR8,16,0,0,100.0,0.0,0.0,0.0,0.0,0.0,0.0,0.0,0.0,0.0,0.0,0.0,0.0,0.0,0.0,0.0
1094,18:14,PTR9,15,0,0,100.0,0.0,0.0,0.0,0.0,0.0,0.0,0.0,0.0,0.0,0.0,0.0,0.0,0.0,0.0,0.0
1094,18:14,PTR10,16,0,0,100.0,0.0,0.0,0.0,0.0,0.0,0.0,0.0,0.0,0.0,0.0,0.0,0.0,0.0,0.0,0.0
1095,18:15,PTR6,15,0,0,100.0,0.0,0.0,0.0,0.0,0.0,0.0,0.0,0.0,0.0,0.0,0.0,0.0,0.0,0.0,0.0
1095,18:15,PTR7,15,0,0,100.0,0.0,0.0,0.0,0.0,0.0,0.0,0.0,0.0,0.0,0.0,0.0,0.0,0.0,0.0,0.0
1095,18:15,PTR8,16,0,0,100.0,0.0,0.0,0.0,0.0,0.0,0.0,0.0,0.0,0.0,0.0,0.0,0.0,0.0,0.0,0.0
1095,18:15,PTR9,15,0,0,100.0,0.0,0.0,0.0,0.0,0.0,0.0,0.0,0.0,0.0,0.0,0.0,0.0,0.0,0.0,0.0
1095,18:15,PTR10,16,0,0,100.0,0.0,0.0,0.0,0.0,0.0,0.0,0.0,0.0,0.0,0.0,0.0,0.0,0.0,0.0,0.0
1096,18:16,PTR6,15,0,0,100.0,0.0,0.0,0.0,0.0,0.0,0.0,0.0,0.0,0.0,0.0,0.0,0.0,0.0,0.0,0.0
1096,18:16,PTR7,15,0,0,100.0,0.0,0.0,0.0,0.0,0.0,0.0,0.0,0.0,0.0,0.0,0.0,0.0,0.0,0.0,0.0
1096,18:16,PTR8,16,0,0,100.0,0.0,0.0,0.0,0.0,0.0,0.0,0.0,0.0,0.0,0.0,0.0,0.0,0.0,0.0,0.0
1096,18:16,PTR9,15,0,0,100.0,0.0,0.0,0.0,0.0,0.0,0.0,0.0,0.0,0.0,0.0,0.0,0.0,0.0,0.0,0.0
1096,18:16,PTR10,16,0,0,100.0,0.0,0.0,0.0,0.0,0.0,0.0,0.0,0.0,0.0,0.0,0.0,0.0,0.0,0.0,0.0
1097,18:17,PTR6,15,0,0,100.0,0.0,0.0,0.0,0.0,0.0,0.0,0.0,0.0,0.0,0.0,0.0,0.0,0.0,0.0,0.0
1097,18:17,PTR7,15,0,0,100.0,0.0,0.0,0.0,0.0,0.0,0.0,0.0,0.0,0.0,0.0,0.0,0.0,0.0,0.0,0.0
1097,18:17,PTR8,16,0,0,100.0,0.0,0.0,0.0,0.0,0.0,0.0,0.0,0.0,0.0,0.0,0.0,0.0,0.0,0.0,0.0
1097,18:17,PTR9,15,0,0,100.0,0.0,0.0,0.0,0.0,0.0,0.0,0.0,0.0,0.0,0.0,0.0,0.0,0.0,0.0,0.0
1097,18:17,PTR10,16,0,0,100.0,0.0,0.0,0.0,0.0,0.0,0.0,0.0,0.0,0.0,0.0,0.0,0.0,0.0,0.0,0.0
1098,18:18,PTR6,15,0,0,100.0,0.0,0.0,0.0,0.0,0.0,0.0,0.0,0.0,0.0,0.0,0.0,0.0,0.0,0.0,0.0
1098,18:18,PTR7,15,0,0,100.0,0.0,0.0,0.0,0.0,0.0,0.0,0.0,0.0,0.0,0.0,0.0,0.0,0.0,0.0,0.0
1098,18:18,PTR8,16,0,0,100.0,0.0,0.0,0.0,0.0,0.0,0.0,0.0,0.0,0.0,0.0,0.0,0.0,0.0,0.0,0.0
1098,18:18,PTR9,15,0,0,100.0,0.0,0.0,0.0,0.0,0.0,0.0,0.0,0.0,0.0,0.0,0.0,0.0,0.0,0.0,0.0
1098,18:18,PTR10,16,0,0,100.0,0.0,0.0,0.0,0.0,0.0,0.0,0.0,0.0,0.0,0.0,0.0,0.0,0.0,0.0,0.0
1099,18:19,PTR6,15,0,0,100.0,0.0,0.0,0.0,0.0,0.0,0.0,0.0,0.0,0.0,0.0,0.0,0.0,0.0,0.0,0.0
1099,18:19,PTR7,15,0,0,100.0,0.0,0.0,0.0,0.0,0.0,0.0,0.0,0.0,0.0,0.0,0.0,0.0,0.0,0.0,0.0
1099,18:19,PTR8,16,0,0,100.0,0.0,0.0,0.0,0.0,0.0,0.0,0.0,0.0,0.0,0.0,0.0,0.0,0.0,0.0,0.0
1099,18:19,PTR9,15,0,0,100.0,0.0,0.0,0.0,0.0,0.0,0.0,0.0,0.0,0.0,0.0,0.0,0.0,0.0,0.0,0.0
1099,18:19,PTR10,16,0,0,100.0,0.0,0.0,0.0,0.0,0.0,0.0,0.0,0.0,0.0,0.0,0.0,0.0,0.0,0.0,0.0
1100,18:20,PTR6,15,0,0,100.0,0.0,0.0,0.0,0.0,0.0,0.0,0.0,0.0,0.0,0.0,0.0,0.0,0.0,0.0,0.0
1100,18:20,PTR7,15,0,0,100.0,0.0,0.0,0.0,0.0,0.0,0.0,0.0,0.0,0.0,0.0,0.0,0.0,0.0,0.0,0.0
1100,18:20,PTR8,16,0,0,100.0,0.0,0.0,0.0,0.0,0.0,0.0,0.0,0.0,0.0,0.0,0.0,0.0,0.0,0.0,0.0
1100,18:20,PTR9,15,0,0,100.0,0.0,0.0,0.0,0.0,0.0,0.0,0.0,0.0,0.0,0.0,0.0,0.0,0.0,0.0,0.0
1100,18:20,PTR10,16,0,0,100.0,0.0,0.0,0.0,0.0,0.0,0.0,0.0,0.0,0.0,0.0,0.0,0.0,0.0,0.0,0.0
1101,18:21,PTR6,15,0,0,100.0,0.0,0.0,0.0,0.0,0.0,0.0,0.0,0.0,0.0,0.0,0.0,0.0,0.0,0.0,0.0
1101,18:21,PTR7,15,0,0,100.0,0.0,0.0,0.0,0.0,0.0,0.0,0.0,0.0,0.0,0.0,0.0,0.0,0.0,0.0,0.0
1101,18:21,PTR8,16,0,0,100.0,0.0,0.0,0.0,0.0,0.0,0.0,0.0,0.0,0.0,0.0,0.0,0.0,0.0,0.0,0.0
1101,18:21,PTR9,15,0,0,100.0,0.0,0.0,0.0,0.0,0.0,0.0,0.0,0.0,0.0,0.0,0.0,0.0,0.0,0.0,0.0
1101,18:21,PTR10,16,0,0,100.0,0.0,0.0,0.0,0.0,0.0,0.0,0.0,0.0,0.0,0.0,0.0,0.0,0.0,0.0,0.0
1102,18:22,PTR6,15,0,0,100.0,0.0,0.0,0.0,0.0,0.0,0.0,0.0,0.0,0.0,0.0,0.0,0.0,0.0,0.0,0.0
1102,18:22,PTR7,15,0,0,100.0,0.0,0.0,0.0,0.0,0.0,0.0,0.0,0.0,0.0,0.0,0.0,0.0,0.0,0.0,0.0
1102,18:22,PTR8,16,0,0,100.0,0.0,0.0,0.0,0.0,0.0,0.0,0.0,0.0,0.0,0.0,0.0,0.0,0.0,0.0,0.0
1102,18:22,PTR9,15,0,0,100.0,0.0,0.0,0.0,0.0,0.0,0.0,0.0,0.0,0.0,0.0,0.0,0.0,0.0,0.0,0.0
1102,18:22,PTR10,16,0,0,100.0,0.0,0.0,0.0,0.0,0.0,0.0,0.0,0.0,0.0,0.0,0.0,0.0,0.0,0.0,0.0
1103,18:23,PTR6,15,0,0,100.0,0.0,0.0,0.0,0.0,0.0,0.0,0.0,0.0,0.0,0.0,0.0,0.0,0.0,0.0,0.0
1103,18:23,PTR7,15,0,0,100.0,0.0,0.0,0.0,0.0,0.0,0.0,0.0,0.0,0.0,0.0,0.0,0.0,0.0,0.0,0.0
1103,18:23,PTR8,16,0,0,100.0,0.0,0.0,0.0,0.0,0.0,0.0,0.0,0.0,0.0,0.0,0.0,0.0,0.0,0.0,0.0
1103,18:23,PTR9,15,0,0,100.0,0.0,0.0,0.0,0.0,0.0,0.0,0.0,0.0,0.0,0.0,0.0,0.0,0.0,0.0,0.0
1103,18:23,PTR10,16,0,0,100.0,0.0,0.0,0.0,0.0,0.0,0.0,0.0,0.0,0.0,0.0,0.0,0.0,0.0,0.0,0.0
1104,18:24,PTR6,15,0,0,100.0,0.0,0.0,0.0,0.0,0.0,0.0,0.0,0.0,0.0,0.0,0.0,0.0,0.0,0.0,0.0
1104,18:24,PTR7,15,0,0,100.0,0.0,0.0,0.0,0.0,0.0,0.0,0.0,0.0,0.0,0.0,0.0,0.0,0.0,0.0,0.0
1104,18:24,PTR8,16,0,0,100.0,0.0,0.0,0.0,0.0,0.0,0.0,0.0,0.0,0.0,0.0,0.0,0.0,0.0,0.0,0.0
1104,18:24,PTR9,15,0,0,100.0,0.0,0.0,0.0,0.0,0.0,0.0,0.0,0.0,0.0,0.0,0.0,0.0,0.0,0.0,0.0
1104,18:24,PTR10,16,0,0,100.0,0.0,0.0,0.0,0.0,0.0,0.0,0.0,0.0,0.0,0.0,0.0,0.0,0.0,0.0,0.0
1105,18:25,PTR6,15,0,0,100.0,0.0,0.0,0.0,0.0,0.0,0.0,0.0,0.0,0.0,0.0,0.0,0.0,0.0,0.0,0.0
1105,18:25,PTR7,15,0,0,100.0,0.0,0.0,0.0,0.0,0.0,0.0,0.0,0.0,0.0,0.0,0.0,0.0,0.0,0.0,0.0
1105,18:25,PTR8,16,0,0,100.0,0.0,0.0,0.0,0.0,0.0,0.0,0.0,0.0,0.0,0.0,0.0,0.0,0.0,0.0,0.0
1105,18:25,PTR9,15,0,0,100.0,0.0,0.0,0.0,0.0,0.0,0.0,0.0,0.0,0.0,0.0,0.0,0.0,0.0,0.0,0.0
1105,18:25,PTR10,16,0,0,100.0,0.0,0.0,0.0,0.0,0.0,0.0,0.0,0.0,0.0,0.0,0.0,0.0,0.0,0.0,0.0
1106,18:26,PTR6,15,0,0,100.0,0.0,0.0,0.0,0.0,0.0,0.0,0.0,0.0,0.0,0.0,0.0,0.0,0.0,0.0,0.0
1106,18:26,PTR7,15,0,0,100.0,0.0,0.0,0.0,0.0,0.0,0.0,0.0,0.0,0.0,0.0,0.0,0.0,0.0,0.0,0.0
1106,18:26,PTR8,16,0,0,100.0,0.0,0.0,0.0,0.0,0.0,0.0,0.0,0.0,0.0,0.0,0.0,0.0,0.0,0.0,0.0
1106,18:26,PTR9,15,0,0,100.0,0.0,0.0,0.0,0.0,0.0,0.0,0.0,0.0,0.0,0.0,0.0,0.0,0.0,0.0,0.0
1106,18:26,PTR10,16,0,0,100.0,0.0,0.0,0.0,0.0,0.0,0.0,0.0,0.0,0.0,0.0,0.0,0.0,0.0,0.0,0.0
1107,18:27,PTR6,15,0,0,100.0,0.0,0.0,0.0,0.0,0.0,0.0,0.0,0.0,0.0,0.0,0.0,0.0,0.0,0.0,0.0
1107,18:27,PTR7,15,0,0,100.0,0.0,0.0,0.0,0.0,0.0,0.0,0.0,0.0,0.0,0.0,0.0,0.0,0.0,0.0,0.0
1107,18:27,PTR8,16,0,0,100.0,0.0,0.0,0.0,0.0,0.0,0.0,0.0,0.0,0.0,0.0,0.0,0.0,0.0,0.0,0.0
1107,18:27,PTR9,15,0,0,100.0,0.0,0.0,0.0,0.0,0.0,0.0,0.0,0.0,0.0,0.0,0.0,0.0,0.0,0.0,0.0
1107,18:27,PTR10,16,0,0,100.0,0.0,0.0,0.0,0.0,0.0,0.0,0.0,0.0,0.0,0.0,0.0,0.0,0.0,0.0,0.0
1108,18:28,PTR6,15,0,0,100.0,0.0,0.0,0.0,0.0,0.0,0.0,0.0,0.0,0.0,0.0,0.0,0.0,0.0,0.0,0.0
1108,18:28,PTR7,15,0,0,100.0,0.0,0.0,0.0,0.0,0.0,0.0,0.0,0.0,0.0,0.0,0.0,0.0,0.0,0.0,0.0
1108,18:28,PTR8,16,0,0,100.0,0.0,0.0,0.0,0.0,0.0,0.0,0.0,0.0,0.0,0.0,0.0,0.0,0.0,0.0,0.0
1108,18:28,PTR9,15,0,0,100.0,0.0,0.0,0.0,0.0,0.0,0.0,0.0,0.0,0.0,0.0,0.0,0.0,0.0,0.0,0.0
1108,18:28,PTR10,16,0,0,100.0,0.0,0.0,0.0,0.0,0.0,0.0,0.0,0.0,0.0,0.0,0.0,0.0,0.0,0.0,0.0
1109,18:29,PTR6,15,0,0,100.0,0.0,0.0,0.0,0.0,0.0,0.0,0.0,0.0,0.0,0.0,0.0,0.0,0.0,0.0,0.0
1109,18:29,PTR7,15,0,0,100.0,0.0,0.0,0.0,0.0,0.0,0.0,0.0,0.0,0.0,0.0,0.0,0.0,0.0,0.0,0.0
1109,18:29,PTR8,16,0,0,100.0,0.0,0.0,0.0,0.0,0.0,0.0,0.0,0.0,0.0,0.0,0.0,0.0,0.0,0.0,0.0
1109,18:29,PTR9,15,0,0,100.0,0.0,0.0,0.0,0.0,0.0,0.0,0.0,0.0,0.0,0.0,0.0,0.0,0.0,0.0,0.0
1109,18:29,PTR10,16,0,0,100.0,0.0,0.0,0.0,0.0,0.0,0.0,0.0,0.0,0.0,0.0,0.0,0.0,0.0,0.0,0.0
1110,18:30,PTR6,15,0,0,100.0,0.0,0.0,0.0,0.0,0.0,0.0,0.0,0.0,0.0,0.0,0.0,0.0,0.0,0.0,0.0
1110,18:30,PTR7,15,0,0,100.0,0.0,0.0,0.0,0.0,0.0,0.0,0.0,0.0,0.0,0.0,0.0,0.0,0.0,0.0,0.0
1110,18:30,PTR8,16,0,0,100.0,0.0,0.0,0.0,0.0,0.0,0.0,0.0,0.0,0.0,0.0,0.0,0.0,0.0,0.0,0.0
1110,18:30,PTR9,15,0,0,100.0,0.0,0.0,0.0,0.0,0.0,0.0,0.0,0.0,0.0,0.0,0.0,0.0,0.0,0.0,0.0
1110,18:30,PTR10,16,0,0,100.0,0.0,0.0,0.0,0.0,0.0,0.0,0.0,0.0,0.0,0.0,0.0,0.0,0.0,0.0,0.0
1111,18:31,PTR6,15,0,0,100.0,0.0,0.0,0.0,0.0,0.0,0.0,0.0,0.0,0.0,0.0,0.0,0.0,0.0,0.0,0.0
1111,18:31,PTR7,15,0,0,100.0,0.0,0.0,0.0,0.0,0.0,0.0,0.0,0.0,0.0,0.0,0.0,0.0,0.0,0.0,0.0
1111,18:31,PTR8,16,0,0,100.0,0.0,0.0,0.0,0.0,0.0,0.0,0.0,0.0,0.0,0.0,0.0,0.0,0.0,0.0,0.0
1111,18:31,PTR9,15,0,0,100.0,0.0,0.0,0.0,0.0,0.0,0.0,0.0,0.0,0.0,0.0,0.0,0.0,0.0,0.0,0.0
1111,18:31,PTR10,16,0,0,100.0,0.0,0.0,0.0,0.0,0.0,0.0,0.0,0.0,0.0,0.0,0.0,0.0,0.0,0.0,0.0
1112,18:32,PTR6,15,0,0,100.0,0.0,0.0,0.0,0.0,0.0,0.0,0.0,0.0,0.0,0.0,0.0,0.0,0.0,0.0,0.0
1112,18:32,PTR7,15,0,0,100.0,0.0,0.0,0.0,0.0,0.0,0.0,0.0,0.0,0.0,0.0,0.0,0.0,0.0,0.0,0.0
1112,18:32,PTR8,16,0,0,100.0,0.0,0.0,0.0,0.0,0.0,0.0,0.0,0.0,0.0,0.0,0.0,0.0,0.0,0.0,0.0
1112,18:32,PTR9,15,0,0,100.0,0.0,0.0,0.0,0.0,0.0,0.0,0.0,0.0,0.0,0.0,0.0,0.0,0.0,0.0,0.0
1112,18:32,PTR10,16,0,0,100.0,0.0,0.0,0.0,0.0,0.0,0.0,0.0,0.0,0.0,0.0,0.0,0.0,0.0,0.0,0.0
1113,18:33,PTR6,15,0,0,100.0,0.0,0.0,0.0,0.0,0.0,0.0,0.0,0.0,0.0,0.0,0.0,0.0,0.0,0.0,0.0
1113,18:33,PTR7,15,0,0,100.0,0.0,0.0,0.0,0.0,0.0,0.0,0.0,0.0,0.0,0.0,0.0,0.0,0.0,0.0,0.0
1113,18:33,PTR8,16,0,0,100.0,0.0,0.0,0.0,0.0,0.0,0.0,0.0,0.0,0.0,0.0,0.0,0.0,0.0,0.0,0.0
1113,18:33,PTR9,15,0,0,100.0,0.0,0.0,0.0,0.0,0.0,0.0,0.0,0.0,0.0,0.0,0.0,0.0,0.0,0.0,0.0
1113,18:33,PTR10,16,0,0,100.0,0.0,0.0,0.0,0.0,0.0,0.0,0.0,0.0,0.0,0.0,0.0,0.0,0.0,0.0,0.0
1114,18:34,PTR6,15,0,0,100.0,0.0,0.0,0.0,0.0,0.0,0.0,0.0,0.0,0.0,0.0,0.0,0.0,0.0,0.0,0.0
1114,18:34,PTR7,15,0,0,100.0,0.0,0.0,0.0,0.0,0.0,0.0,0.0,0.0,0.0,0.0,0.0,0.0,0.0,0.0,0.0
1114,18:34,PTR8,16,0,0,100.0,0.0,0.0,0.0,0.0,0.0,0.0,0.0,0.0,0.0,0.0,0.0,0.0,0.0,0.0,0.0
1114,18:34,PTR9,15,0,0,100.0,0.0,0.0,0.0,0.0,0.0,0.0,0.0,0.0,0.0,0.0,0.0,0.0,0.0,0.0,0.0
1114,18:34,PTR10,16,0,0,100.0,0.0,0.0,0.0,0.0,0.0,0.0,0.0,0.0,0.0,0.0,0.0,0.0,0.0,0.0,0.0
1115,18:35,PTR6,15,0,0,100.0,0.0,0.0,0.0,0.0,0.0,0.0,0.0,0.0,0.0,0.0,0.0,0.0,0.0,0.0,0.0
1115,18:35,PTR7,15,0,0,100.0,0.0,0.0,0.0,0.0,0.0,0.0,0.0,0.0,0.0,0.0,0.0,0.0,0.0,0.0,0.0
1115,18:35,PTR8,16,0,0,100.0,0.0,0.0,0.0,0.0,0.0,0.0,0.0,0.0,0.0,0.0,0.0,0.0,0.0,0.0,0.0
1115,18:35,PTR9,15,0,0,100.0,0.0,0.0,0.0,0.0,0.0,0.0,0.0,0.0,0.0,0.0,0.0,0.0,0.0,0.0,0.0
1115,18:35,PTR10,16,0,0,100.0,0.0,0.0,0.0,0.0,0.0,0.0,0.0,0.0,0.0,0.0,0.0,0.0,0.0,0.0,0.0
1116,18:36,PTR6,15,0,0,100.0,0.0,0.0,0.0,0.0,0.0,0.0,0.0,0.0,0.0,0.0,0.0,0.0,0.0,0.0,0.0
1116,18:36,PTR7,15,0,0,100.0,0.0,0.0,0.0,0.0,0.0,0.0,0.0,0.0,0.0,0.0,0.0,0.0,0.0,0.0,0.0
1116,18:36,PTR8,16,0,0,100.0,0.0,0.0,0.0,0.0,0.0,0.0,0.0,0.0,0.0,0.0,0.0,0.0,0.0,0.0,0.0
1116,18:36,PTR9,15,0,0,100.0,0.0,0.0,0.0,0.0,0.0,0.0,0.0,0.0,0.0,0.0,0.0,0.0,0.0,0.0,0.0
1116,18:36,PTR10,16,0,0,100.0,0.0,0.0,0.0,0.0,0.0,0.0,0.0,0.0,0.0,0.0,0.0,0.0,0.0,0.0,0.0
1117,18:37,PTR6,15,0,0,100.0,0.0,0.0,0.0,0.0,0.0,0.0,0.0,0.0,0.0,0.0,0.0,0.0,0.0,0.0,0.0
1117,18:37,PTR7,15,0,0,100.0,0.0,0.0,0.0,0.0,0.0,0.0,0.0,0.0,0.0,0.0,0.0,0.0,0.0,0.0,0.0
1117,18:37,PTR8,16,0,0,100.0,0.0,0.0,0.0,0.0,0.0,0.0,0.0,0.0,0.0,0.0,0.0,0.0,0.0,0.0,0.0
1117,18:37,PTR9,15,0,0,100.0,0.0,0.0,0.0,0.0,0.0,0.0,0.0,0.0,0.0,0.0,0.0,0.0,0.0,0.0,0.0
1117,18:37,PTR10,16,0,0,100.0,0.0,0.0,0.0,0.0,0.0,0.0,0.0,0.0,0.0,0.0,0.0,0.0,0.0,0.0,0.0
1118,18:38,PTR6,15,0,0,100.0,0.0,0.0,0.0,0.0,0.0,0.0,0.0,0.0,0.0,0.0,0.0,0.0,0.0,0.0,0.0
1118,18:38,PTR7,15,0,0,100.0,0.0,0.0,0.0,0.0,0.0,0.0,0.0,0.0,0.0,0.0,0.0,0.0,0.0,0.0,0.0
1118,18:38,PTR8,16,0,0,100.0,0.0,0.0,0.0,0.0,0.0,0.0,0.0,0.0,0.0,0.0,0.0,0.0,0.0,0.0,0.0
1118,18:38,PTR9,15,0,0,100.0,0.0,0.0,0.0,0.0,0.0,0.0,0.0,0.0,0.0,0.0,0.0,0.0,0.0,0.0,0.0
1118,18:38,PTR10,16,0,0,100.0,0.0,0.0,0.0,0.0,0.0,0.0,0.0,0.0,0.0,0.0,0.0,0.0,0.0,0.0,0.0
1119,18:39,PTR6,15,0,0,100.0,0.0,0.0,0.0,0.0,0.0,0.0,0.0,0.0,0.0,0.0,0.0,0.0,0.0,0.0,0.0
1119,18:39,PTR7,15,0,0,100.0,0.0,0.0,0.0,0.0,0.0,0.0,0.0,0.0,0.0,0.0,0.0,0.0,0.0,0.0,0.0
1119,18:39,PTR8,16,0,0,100.0,0.0,0.0,0.0,0.0,0.0,0.0,0.0,0.0,0.0,0.0,0.0,0.0,0.0,0.0,0.0
1119,18:39,PTR9,15,0,0,100.0,0.0,0.0,0.0,0.0,0.0,0.0,0.0,0.0,0.0,0.0,0.0,0.0,0.0,0.0,0.0
1119,18:39,PTR10,16,0,0,100.0,0.0,0.0,0.0,0.0,0.0,0.0,0.0,0.0,0.0,0.0,0.0,0.0,0.0,0.0,0.0
1120,18:40,PTR6,15,0,0,100.0,0.0,0.0,0.0,0.0,0.0,0.0,0.0,0.0,0.0,0.0,0.0,0.0,0.0,0.0,0.0
1120,18:40,PTR7,15,0,0,100.0,0.0,0.0,0.0,0.0,0.0,0.0,0.0,0.0,0.0,0.0,0.0,0.0,0.0,0.0,0.0
1120,18:40,PTR8,16,0,0,100.0,0.0,0.0,0.0,0.0,0.0,0.0,0.0,0.0,0.0,0.0,0.0,0.0,0.0,0.0,0.0
1120,18:40,PTR9,15,0,0,100.0,0.0,0.0,0.0,0.0,0.0,0.0,0.0,0.0,0.0,0.0,0.0,0.0,0.0,0.0,0.0
1120,18:40,PTR10,16,0,0,100.0,0.0,0.0,0.0,0.0,0.0,0.0,0.0,0.0,0.0,0.0,0.0,0.0,0.0,0.0,0.0
1121,18:41,PTR6,15,0,0,100.0,0.0,0.0,0.0,0.0,0.0,0.0,0.0,0.0,0.0,0.0,0.0,0.0,0.0,0.0,0.0
1121,18:41,PTR7,15,0,0,100.0,0.0,0.0,0.0,0.0,0.0,0.0,0.0,0.0,0.0,0.0,0.0,0.0,0.0,0.0,0.0
1121,18:41,PTR8,16,0,0,100.0,0.0,0.0,0.0,0.0,0.0,0.0,0.0,0.0,0.0,0.0,0.0,0.0,0.0,0.0,0.0
1121,18:41,PTR9,15,0,0,100.0,0.0,0.0,0.0,0.0,0.0,0.0,0.0,0.0,0.0,0.0,0.0,0.0,0.0,0.0,0.0
1121,18:41,PTR10,16,0,0,100.0,0.0,0.0,0.0,0.0,0.0,0.0,0.0,0.0,0.0,0.0,0.0,0.0,0.0,0.0,0.0
1122,18:42,PTR6,15,0,0,100.0,0.0,0.0,0.0,0.0,0.0,0.0,0.0,0.0,0.0,0.0,0.0,0.0,0.0,0.0,0.0
1122,18:42,PTR7,15,0,0,100.0,0.0,0.0,0.0,0.0,0.0,0.0,0.0,0.0,0.0,0.0,0.0,0.0,0.0,0.0,0.0
1122,18:42,PTR8,16,0,0,100.0,0.0,0.0,0.0,0.0,0.0,0.0,0.0,0.0,0.0,0.0,0.0,0.0,0.0,0.0,0.0
1122,18:42,PTR9,15,0,0,100.0,0.0,0.0,0.0,0.0,0.0,0.0,0.0,0.0,0.0,0.0,0.0,0.0,0.0,0.0,0.0
1122,18:42,PTR10,16,0,0,100.0,0.0,0.0,0.0,0.0,0.0,0.0,0.0,0.0,0.0,0.0,0.0,0.0,0.0,0.0,0.0
1123,18:43,PTR6,15,0,0,100.0,0.0,0.0,0.0,0.0,0.0,0.0,0.0,0.0,0.0,0.0,0.0,0.0,0.0,0.0,0.0
1123,18:43,PTR7,15,0,0,100.0,0.0,0.0,0.0,0.0,0.0,0.0,0.0,0.0,0.0,0.0,0.0,0.0,0.0,0.0,0.0
1123,18:43,PTR8,16,0,0,100.0,0.0,0.0,0.0,0.0,0.0,0.0,0.0,0.0,0.0,0.0,0.0,0.0,0.0,0.0,0.0
1123,18:43,PTR9,15,0,0,100.0,0.0,0.0,0.0,0.0,0.0,0.0,0.0,0.0,0.0,0.0,0.0,0.0,0.0,0.0,0.0
1123,18:43,PTR10,16,0,0,100.0,0.0,0.0,0.0,0.0,0.0,0.0,0.0,0.0,0.0,0.0,0.0,0.0,0.0,0.0,0.0
1124,18:44,PTR6,15,0,0,100.0,0.0,0.0,0.0,0.0,0.0,0.0,0.0,0.0,0.0,0.0,0.0,0.0,0.0,0.0,0.0
1124,18:44,PTR7,15,0,0,100.0,0.0,0.0,0.0,0.0,0.0,0.0,0.0,0.0,0.0,0.0,0.0,0.0,0.0,0.0,0.0
1124,18:44,PTR8,16,0,0,100.0,0.0,0.0,0.0,0.0,0.0,0.0,0.0,0.0,0.0,0.0,0.0,0.0,0.0,0.0,0.0
1124,18:44,PTR9,15,0,0,100.0,0.0,0.0,0.0,0.0,0.0,0.0,0.0,0.0,0.0,0.0,0.0,0.0,0.0,0.0,0.0
1124,18:44,PTR10,16,0,0,100.0,0.0,0.0,0.0,0.0,0.0,0.0,0.0,0.0,0.0,0.0,0.0,0.0,0.0,0.0,0.0
1125,18:45,PTR6,15,0,0,100.0,0.0,0.0,0.0,0.0,0.0,0.0,0.0,0.0,0.0,0.0,0.0,0.0,0.0,0.0,0.0
1125,18:45,PTR7,15,0,0,100.0,0.0,0.0,0.0,0.0,0.0,0.0,0.0,0.0,0.0,0.0,0.0,0.0,0.0,0.0,0.0
1125,18:45,PTR8,16,0,0,100.0,0.0,0.0,0.0,0.0,0.0,0.0,0.0,0.0,0.0,0.0,0.0,0.0,0.0,0.0,0.0
1125,18:45,PTR9,15,0,0,100.0,0.0,0.0,0.0,0.0,0.0,0.0,0.0,0.0,0.0,0.0,0.0,0.0,0.0,0.0,0.0
1125,18:45,PTR10,16,0,0,100.0,0.0,0.0,0.0,0.0,0.0,0.0,0.0,0.0,0.0,0.0,0.0,0.0,0.0,0.0,0.0
1126,18:46,PTR6,15,0,0,100.0,0.0,0.0,0.0,0.0,0.0,0.0,0.0,0.0,0.0,0.0,0.0,0.0,0.0,0.0,0.0
1126,18:46,PTR7,15,0,0,100.0,0.0,0.0,0.0,0.0,0.0,0.0,0.0,0.0,0.0,0.0,0.0,0.0,0.0,0.0,0.0
1126,18:46,PTR8,16,0,0,100.0,0.0,0.0,0.0,0.0,0.0,0.0,0.0,0.0,0.0,0.0,0.0,0.0,0.0,0.0,0.0
1126,18:46,PTR9,15,0,0,100.0,0.0,0.0,0.0,0.0,0.0,0.0,0.0,0.0,0.0,0.0,0.0,0.0,0.0,0.0,0.0
1126,18:46,PTR10,16,0,0,100.0,0.0,0.0,0.0,0.0,0.0,0.0,0.0,0.0,0.0,0.0,0.0,0.0,0.0,0.0,0.0
1127,18:47,PTR6,15,0,0,100.0,0.0,0.0,0.0,0.0,0.0,0.0,0.0,0.0,0.0,0.0,0.0,0.0,0.0,0.0,0.0
1127,18:47,PTR7,15,0,0,100.0,0.0,0.0,0.0,0.0,0.0,0.0,0.0,0.0,0.0,0.0,0.0,0.0,0.0,0.0,0.0
1127,18:47,PTR8,16,0,0,100.0,0.0,0.0,0.0,0.0,0.0,0.0,0.0,0.0,0.0,0.0,0.0,0.0,0.0,0.0,0.0
1127,18:47,PTR9,15,0,0,100.0,0.0,0.0,0.0,0.0,0.0,0.0,0.0,0.0,0.0,0.0,0.0,0.0,0.0,0.0,0.0
1127,18:47,PTR10,16,0,0,100.0,0.0,0.0,0.0,0.0,0.0,0.0,0.0,0.0,0.0,0.0,0.0,0.0,0.0,0.0,0.0
1128,18:48,PTR6,15,0,0,100.0,0.0,0.0,0.0,0.0,0.0,0.0,0.0,0.0,0.0,0.0,0.0,0.0,0.0,0.0,0.0
1128,18:48,PTR7,15,0,0,100.0,0.0,0.0,0.0,0.0,0.0,0.0,0.0,0.0,0.0,0.0,0.0,0.0,0.0,0.0,0.0
1128,18:48,PTR8,16,0,0,100.0,0.0,0.0,0.0,0.0,0.0,0.0,0.0,0.0,0.0,0.0,0.0,0.0,0.0,0.0,0.0
1128,18:48,PTR9,15,0,0,100.0,0.0,0.0,0.0,0.0,0.0,0.0,0.0,0.0,0.0,0.0,0.0,0.0,0.0,0.0,0.0
1128,18:48,PTR10,16,0,0,100.0,0.0,0.0,0.0,0.0,0.0,0.0,0.0,0.0,0.0,0.0,0.0,0.0,0.0,0.0,0.0
1129,18:49,PTR6,15,0,0,100.0,0.0,0.0,0.0,0.0,0.0,0.0,0.0,0.0,0.0,0.0,0.0,0.0,0.0,0.0,0.0
1129,18:49,PTR7,15,0,0,100.0,0.0,0.0,0.0,0.0,0.0,0.0,0.0,0.0,0.0,0.0,0.0,0.0,0.0,0.0,0.0
1129,18:49,PTR8,16,0,0,100.0,0.0,0.0,0.0,0.0,0.0,0.0,0.0,0.0,0.0,0.0,0.0,0.0,0.0,0.0,0.0
1129,18:49,PTR9,15,0,0,100.0,0.0,0.0,0.0,0.0,0.0,0.0,0.0,0.0,0.0,0.0,0.0,0.0,0.0,0.0,0.0
1129,18:49,PTR10,16,0,0,100.0,0.0,0.0,0.0,0.0,0.0,0.0,0.0,0.0,0.0,0.0,0.0,0.0,0.0,0.0,0.0
1130,18:50,PTR6,15,0,0,100.0,0.0,0.0,0.0,0.0,0.0,0.0,0.0,0.0,0.0,0.0,0.0,0.0,0.0,0.0,0.0
1130,18:50,PTR7,15,0,0,100.0,0.0,0.0,0.0,0.0,0.0,0.0,0.0,0.0,0.0,0.0,0.0,0.0,0.0,0.0,0.0
1130,18:50,PTR8,16,0,0,100.0,0.0,0.0,0.0,0.0,0.0,0.0,0.0,0.0,0.0,0.0,0.0,0.0,0.0,0.0,0.0
1130,18:50,PTR9,15,0,0,100.0,0.0,0.0,0.0,0.0,0.0,0.0,0.0,0.0,0.0,0.0,0.0,0.0,0.0,0.0,0.0
1130,18:50,PTR10,16,0,0,100.0,0.0,0.0,0.0,0.0,0.0,0.0,0.0,0.0,0.0,0.0,0.0,0.0,0.0,0.0,0.0
1131,18:51,PTR6,15,0,0,100.0,0.0,0.0,0.0,0.0,0.0,0.0,0.0,0.0,0.0,0.0,0.0,0.0,0.0,0.0,0.0
1131,18:51,PTR7,15,0,0,100.0,0.0,0.0,0.0,0.0,0.0,0.0,0.0,0.0,0.0,0.0,0.0,0.0,0.0,0.0,0.0
1131,18:51,PTR8,16,0,0,100.0,0.0,0.0,0.0,0.0,0.0,0.0,0.0,0.0,0.0,0.0,0.0,0.0,0.0,0.0,0.0
1131,18:51,PTR9,15,0,0,100.0,0.0,0.0,0.0,0.0,0.0,0.0,0.0,0.0,0.0,0.0,0.0,0.0,0.0,0.0,0.0
1131,18:51,PTR10,16,0,0,100.0,0.0,0.0,0.0,0.0,0.0,0.0,0.0,0.0,0.0,0.0,0.0,0.0,0.0,0.0,0.0
1132,18:52,PTR6,15,0,0,100.0,0.0,0.0,0.0,0.0,0.0,0.0,0.0,0.0,0.0,0.0,0.0,0.0,0.0,0.0,0.0
1132,18:52,PTR7,15,0,0,100.0,0.0,0.0,0.0,0.0,0.0,0.0,0.0,0.0,0.0,0.0,0.0,0.0,0.0,0.0,0.0
1132,18:52,PTR8,16,0,0,100.0,0.0,0.0,0.0,0.0,0.0,0.0,0.0,0.0,0.0,0.0,0.0,0.0,0.0,0.0,0.0
1132,18:52,PTR9,15,0,0,100.0,0.0,0.0,0.0,0.0,0.0,0.0,0.0,0.0,0.0,0.0,0.0,0.0,0.0,0.0,0.0
1132,18:52,PTR10,16,0,0,100.0,0.0,0.0,0.0,0.0,0.0,0.0,0.0,0.0,0.0,0.0,0.0,0.0,0.0,0.0,0.0
1133,18:53,PTR6,15,0,0,100.0,0.0,0.0,0.0,0.0,0.0,0.0,0.0,0.0,0.0,0.0,0.0,0.0,0.0,0.0,0.0
1133,18:53,PTR7,15,0,0,100.0,0.0,0.0,0.0,0.0,0.0,0.0,0.0,0.0,0.0,0.0,0.0,0.0,0.0,0.0,0.0
1133,18:53,PTR8,16,0,0,100.0,0.0,0.0,0.0,0.0,0.0,0.0,0.0,0.0,0.0,0.0,0.0,0.0,0.0,0.0,0.0
1133,18:53,PTR9,15,0,0,100.0,0.0,0.0,0.0,0.0,0.0,0.0,0.0,0.0,0.0,0.0,0.0,0.0,0.0,0.0,0.0
1133,18:53,PTR10,16,0,0,100.0,0.0,0.0,0.0,0.0,0.0,0.0,0.0,0.0,0.0,0.0,0.0,0.0,0.0,0.0,0.0
1134,18:54,PTR6,15,0,0,100.0,0.0,0.0,0.0,0.0,0.0,0.0,0.0,0.0,0.0,0.0,0.0,0.0,0.0,0.0,0.0
1134,18:54,PTR7,15,0,0,100.0,0.0,0.0,0.0,0.0,0.0,0.0,0.0,0.0,0.0,0.0,0.0,0.0,0.0,0.0,0.0
1134,18:54,PTR8,16,0,0,100.0,0.0,0.0,0.0,0.0,0.0,0.0,0.0,0.0,0.0,0.0,0.0,0.0,0.0,0.0,0.0
1134,18:54,PTR9,15,0,0,100.0,0.0,0.0,0.0,0.0,0.0,0.0,0.0,0.0,0.0,0.0,0.0,0.0,0.0,0.0,0.0
1134,18:54,PTR10,16,0,0,100.0,0.0,0.0,0.0,0.0,0.0,0.0,0.0,0.0,0.0,0.0,0.0,0.0,0.0,0.0,0.0
1135,18:55,PTR6,15,0,0,100.0,0.0,0.0,0.0,0.0,0.0,0.0,0.0,0.0,0.0,0.0,0.0,0.0,0.0,0.0,0.0
1135,18:55,PTR7,15,0,0,100.0,0.0,0.0,0.0,0.0,0.0,0.0,0.0,0.0,0.0,0.0,0.0,0.0,0.0,0.0,0.0
1135,18:55,PTR8,16,0,0,100.0,0.0,0.0,0.0,0.0,0.0,0.0,0.0,0.0,0.0,0.0,0.0,0.0,0.0,0.0,0.0
1135,18:55,PTR9,15,0,0,100.0,0.0,0.0,0.0,0.0,0.0,0.0,0.0,0.0,0.0,0.0,0.0,0.0,0.0,0.0,0.0
1135,18:55,PTR10,16,0,0,100.0,0.0,0.0,0.0,0.0,0.0,0.0,0.0,0.0,0.0,0.0,0.0,0.0,0.0,0.0,0.0
1136,18:56,PTR6,15,0,0,100.0,0.0,0.0,0.0,0.0,0.0,0.0,0.0,0.0,0.0,0.0,0.0,0.0,0.0,0.0,0.0
1136,18:56,PTR7,15,0,0,100.0,0.0,0.0,0.0,0.0,0.0,0.0,0.0,0.0,0.0,0.0,0.0,0.0,0.0,0.0,0.0
1136,18:56,PTR8,16,0,0,100.0,0.0,0.0,0.0,0.0,0.0,0.0,0.0,0.0,0.0,0.0,0.0,0.0,0.0,0.0,0.0
1136,18:56,PTR9,15,0,0,100.0,0.0,0.0,0.0,0.0,0.0,0.0,0.0,0.0,0.0,0.0,0.0,0.0,0.0,0.0,0.0
1136,18:56,PTR10,16,0,0,100.0,0.0,0.0,0.0,0.0,0.0,0.0,0.0,0.0,0.0,0.0,0.0,0.0,0.0,0.0,0.0
1137,18:57,PTR6,15,0,0,100.0,0.0,0.0,0.0,0.0,0.0,0.0,0.0,0.0,0.0,0.0,0.0,0.0,0.0,0.0,0.0
1137,18:57,PTR7,15,0,0,100.0,0.0,0.0,0.0,0.0,0.0,0.0,0.0,0.0,0.0,0.0,0.0,0.0,0.0,0.0,0.0
1137,18:57,PTR8,16,0,0,100.0,0.0,0.0,0.0,0.0,0.0,0.0,0.0,0.0,0.0,0.0,0.0,0.0,0.0,0.0,0.0
1137,18:57,PTR9,15,0,0,100.0,0.0,0.0,0.0,0.0,0.0,0.0,0.0,0.0,0.0,0.0,0.0,0.0,0.0,0.0,0.0
1137,18:57,PTR10,16,0,0,100.0,0.0,0.0,0.0,0.0,0.0,0.0,0.0,0.0,0.0,0.0,0.0,0.0,0.0,0.0,0.0
1138,18:58,PTR6,15,0,0,100.0,0.0,0.0,0.0,0.0,0.0,0.0,0.0,0.0,0.0,0.0,0.0,0.0,0.0,0.0,0.0
1138,18:58,PTR7,15,0,0,100.0,0.0,0.0,0.0,0.0,0.0,0.0,0.0,0.0,0.0,0.0,0.0,0.0,0.0,0.0,0.0
1138,18:58,PTR8,16,0,0,100.0,0.0,0.0,0.0,0.0,0.0,0.0,0.0,0.0,0.0,0.0,0.0,0.0,0.0,0.0,0.0
1138,18:58,PTR9,15,0,0,100.0,0.0,0.0,0.0,0.0,0.0,0.0,0.0,0.0,0.0,0.0,0.0,0.0,0.0,0.0,0.0
1138,18:58,PTR10,16,0,0,100.0,0.0,0.0,0.0,0.0,0.0,0.0,0.0,0.0,0.0,0.0,0.0,0.0,0.0,0.0,0.0
1139,18:59,PTR6,15,0,0,100.0,0.0,0.0,0.0,0.0,0.0,0.0,0.0,0.0,0.0,0.0,0.0,0.0,0.0,0.0,0.0
1139,18:59,PTR7,15,0,0,100.0,0.0,0.0,0.0,0.0,0.0,0.0,0.0,0.0,0.0,0.0,0.0,0.0,0.0,0.0,0.0
1139,18:59,PTR8,16,0,0,100.0,0.0,0.0,0.0,0.0,0.0,0.0,0.0,0.0,0.0,0.0,0.0,0.0,0.0,0.0,0.0
1139,18:59,PTR9,15,0,0,100.0,0.0,0.0,0.0,0.0,0.0,0.0,0.0,0.0,0.0,0.0,0.0,0.0,0.0,0.0,0.0
1139,18:59,PTR10,16,0,0,100.0,0.0,0.0,0.0,0.0,0.0,0.0,0.0,0.0,0.0,0.0,0.0,0.0,0.0,0.0,0.0
1140,19:00,PTR6,15,0,0,100.0,0.0,0.0,0.0,0.0,0.0,0.0,0.0,0.0,0.0,0.0,0.0,0.0,0.0,0.0,0.0
1140,19:00,PTR7,15,0,0,100.0,0.0,0.0,0.0,0.0,0.0,0.0,0.0,0.0,0.0,0.0,0.0,0.0,0.0,0.0,0.0
1140,19:00,PTR8,16,0,0,100.0,0.0,0.0,0.0,0.0,0.0,0.0,0.0,0.0,0.0,0.0,0.0,0.0,0.0,0.0,0.0
1140,19:00,PTR9,15,0,0,100.0,0.0,0.0,0.0,0.0,0.0,0.0,0.0,0.0,0.0,0.0,0.0,0.0,0.0,0.0,0.0
1140,19:00,PTR10,16,0,0,100.0,0.0,0.0,0.0,0.0,0.0,0.0,0.0,0.0,0.0,0.0,0.0,0.0,0.0,0.0,0.0
1141,19:01,PTR6,15,0,0,100.0,0.0,0.0,0.0,0.0,0.0,0.0,0.0,0.0,0.0,0.0,0.0,0.0,0.0,0.0,0.0
1141,19:01,PTR7,15,0,0,100.0,0.0,0.0,0.0,0.0,0.0,0.0,0.0,0.0,0.0,0.0,0.0,0.0,0.0,0.0,0.0
1141,19:01,PTR8,16,0,0,100.0,0.0,0.0,0.0,0.0,0.0,0.0,0.0,0.0,0.0,0.0,0.0,0.0,0.0,0.0,0.0
1141,19:01,PTR9,15,0,0,100.0,0.0,0.0,0.0,0.0,0.0,0.0,0.0,0.0,0.0,0.0,0.0,0.0,0.0,0.0,0.0
1141,19:01,PTR10,16,0,0,100.0,0.0,0.0,0.0,0.0,0.0,0.0,0.0,0.0,0.0,0.0,0.0,0.0,0.0,0.0,0.0
1142,19:02,PTR6,15,0,0,100.0,0.0,0.0,0.0,0.0,0.0,0.0,0.0,0.0,0.0,0.0,0.0,0.0,0.0,0.0,0.0
1142,19:02,PTR7,15,0,0,100.0,0.0,0.0,0.0,0.0,0.0,0.0,0.0,0.0,0.0,0.0,0.0,0.0,0.0,0.0,0.0
1142,19:02,PTR8,16,0,0,100.0,0.0,0.0,0.0,0.0,0.0,0.0,0.0,0.0,0.0,0.0,0.0,0.0,0.0,0.0,0.0
1142,19:02,PTR9,15,0,0,100.0,0.0,0.0,0.0,0.0,0.0,0.0,0.0,0.0,0.0,0.0,0.0,0.0,0.0,0.0,0.0
1142,19:02,PTR10,16,0,0,100.0,0.0,0.0,0.0,0.0,0.0,0.0,0.0,0.0,0.0,0.0,0.0,0.0,0.0,0.0,0.0
1143,19:03,PTR6,15,0,0,100.0,0.0,0.0,0.0,0.0,0.0,0.0,0.0,0.0,0.0,0.0,0.0,0.0,0.0,0.0,0.0
1143,19:03,PTR7,15,0,0,100.0,0.0,0.0,0.0,0.0,0.0,0.0,0.0,0.0,0.0,0.0,0.0,0.0,0.0,0.0,0.0
1143,19:03,PTR8,16,0,0,100.0,0.0,0.0,0.0,0.0,0.0,0.0,0.0,0.0,0.0,0.0,0.0,0.0,0.0,0.0,0.0
1143,19:03,PTR9,15,0,0,100.0,0.0,0.0,0.0,0.0,0.0,0.0,0.0,0.0,0.0,0.0,0.0,0.0,0.0,0.0,0.0
1143,19:03,PTR10,16,0,0,100.0,0.0,0.0,0.0,0.0,0.0,0.0,0.0,0.0,0.0,0.0,0.0,0.0,0.0,0.0,0.0
1144,19:04,PTR6,15,0,0,100.0,0.0,0.0,0.0,0.0,0.0,0.0,0.0,0.0,0.0,0.0,0.0,0.0,0.0,0.0,0.0
1144,19:04,PTR7,15,0,0,100.0,0.0,0.0,0.0,0.0,0.0,0.0,0.0,0.0,0.0,0.0,0.0,0.0,0.0,0.0,0.0
1144,19:04,PTR8,16,0,0,100.0,0.0,0.0,0.0,0.0,0.0,0.0,0.0,0.0,0.0,0.0,0.0,0.0,0.0,0.0,0.0
1144,19:04,PTR9,15,0,0,100.0,0.0,0.0,0.0,0.0,0.0,0.0,0.0,0.0,0.0,0.0,0.0,0.0,0.0,0.0,0.0
1144,19:04,PTR10,16,0,0,100.0,0.0,0.0,0.0,0.0,0.0,0.0,0.0,0.0,0.0,0.0,0.0,0.0,0.0,0.0,0.0
1145,19:05,PTR6,15,0,0,100.0,0.0,0.0,0.0,0.0,0.0,0.0,0.0,0.0,0.0,0.0,0.0,0.0,0.0,0.0,0.0
1145,19:05,PTR7,15,0,0,100.0,0.0,0.0,0.0,0.0,0.0,0.0,0.0,0.0,0.0,0.0,0.0,0.0,0.0,0.0,0.0
1145,19:05,PTR8,16,0,0,100.0,0.0,0.0,0.0,0.0,0.0,0.0,0.0,0.0,0.0,0.0,0.0,0.0,0.0,0.0,0.0
1145,19:05,PTR9,15,0,0,100.0,0.0,0.0,0.0,0.0,0.0,0.0,0.0,0.0,0.0,0.0,0.0,0.0,0.0,0.0,0.0
1145,19:05,PTR10,16,0,0,100.0,0.0,0.0,0.0,0.0,0.0,0.0,0.0,0.0,0.0,0.0,0.0,0.0,0.0,0.0,0.0
1146,19:06,PTR6,15,0,0,100.0,0.0,0.0,0.0,0.0,0.0,0.0,0.0,0.0,0.0,0.0,0.0,0.0,0.0,0.0,0.0
1146,19:06,PTR7,15,0,0,100.0,0.0,0.0,0.0,0.0,0.0,0.0,0.0,0.0,0.0,0.0,0.0,0.0,0.0,0.0,0.0
1146,19:06,PTR8,16,0,0,100.0,0.0,0.0,0.0,0.0,0.0,0.0,0.0,0.0,0.0,0.0,0.0,0.0,0.0,0.0,0.0
1146,19:06,PTR9,15,0,0,100.0,0.0,0.0,0.0,0.0,0.0,0.0,0.0,0.0,0.0,0.0,0.0,0.0,0.0,0.0,0.0
1146,19:06,PTR10,16,0,0,100.0,0.0,0.0,0.0,0.0,0.0,0.0,0.0,0.0,0.0,0.0,0.0,0.0,0.0,0.0,0.0
1147,19:07,PTR6,15,0,0,100.0,0.0,0.0,0.0,0.0,0.0,0.0,0.0,0.0,0.0,0.0,0.0,0.0,0.0,0.0,0.0
1147,19:07,PTR7,15,0,0,100.0,0.0,0.0,0.0,0.0,0.0,0.0,0.0,0.0,0.0,0.0,0.0,0.0,0.0,0.0,0.0
1147,19:07,PTR8,16,0,0,100.0,0.0,0.0,0.0,0.0,0.0,0.0,0.0,0.0,0.0,0.0,0.0,0.0,0.0,0.0,0.0
1147,19:07,PTR9,15,0,0,100.0,0.0,0.0,0.0,0.0,0.0,0.0,0.0,0.0,0.0,0.0,0.0,0.0,0.0,0.0,0.0
1147,19:07,PTR10,16,0,0,100.0,0.0,0.0,0.0,0.0,0.0,0.0,0.0,0.0,0.0,0.0,0.0,0.0,0.0,0.0,0.0
1148,19:08,PTR6,15,0,0,100.0,0.0,0.0,0.0,0.0,0.0,0.0,0.0,0.0,0.0,0.0,0.0,0.0,0.0,0.0,0.0
1148,19:08,PTR7,15,0,0,100.0,0.0,0.0,0.0,0.0,0.0,0.0,0.0,0.0,0.0,0.0,0.0,0.0,0.0,0.0,0.0
1148,19:08,PTR8,16,0,0,100.0,0.0,0.0,0.0,0.0,0.0,0.0,0.0,0.0,0.0,0.0,0.0,0.0,0.0,0.0,0.0
1148,19:08,PTR9,15,0,0,100.0,0.0,0.0,0.0,0.0,0.0,0.0,0.0,0.0,0.0,0.0,0.0,0.0,0.0,0.0,0.0
1148,19:08,PTR10,16,0,0,100.0,0.0,0.0,0.0,0.0,0.0,0.0,0.0,0.0,0.0,0.0,0.0,0.0,0.0,0.0,0.0
1149,19:09,PTR6,15,0,0,100.0,0.0,0.0,0.0,0.0,0.0,0.0,0.0,0.0,0.0,0.0,0.0,0.0,0.0,0.0,0.0
1149,19:09,PTR7,15,0,0,100.0,0.0,0.0,0.0,0.0,0.0,0.0,0.0,0.0,0.0,0.0,0.0,0.0,0.0,0.0,0.0
1149,19:09,PTR8,16,0,0,100.0,0.0,0.0,0.0,0.0,0.0,0.0,0.0,0.0,0.0,0.0,0.0,0.0,0.0,0.0,0.0
1149,19:09,PTR9,15,0,0,100.0,0.0,0.0,0.0,0.0,0.0,0.0,0.0,0.0,0.0,0.0,0.0,0.0,0.0,0.0,0.0
1149,19:09,PTR10,16,0,0,100.0,0.0,0.0,0.0,0.0,0.0,0.0,0.0,0.0,0.0,0.0,0.0,0.0,0.0,0.0,0.0
1150,19:10,PTR6,15,0,0,100.0,0.0,0.0,0.0,0.0,0.0,0.0,0.0,0.0,0.0,0.0,0.0,0.0,0.0,0.0,0.0
1150,19:10,PTR7,15,0,0,100.0,0.0,0.0,0.0,0.0,0.0,0.0,0.0,0.0,0.0,0.0,0.0,0.0,0.0,0.0,0.0
1150,19:10,PTR8,16,0,0,100.0,0.0,0.0,0.0,0.0,0.0,0.0,0.0,0.0,0.0,0.0,0.0,0.0,0.0,0.0,0.0
1150,19:10,PTR9,15,0,0,100.0,0.0,0.0,0.0,0.0,0.0,0.0,0.0,0.0,0.0,0.0,0.0,0.0,0.0,0.0,0.0
1150,19:10,PTR10,16,0,0,100.0,0.0,0.0,0.0,0.0,0.0,0.0,0.0,0.0,0.0,0.0,0.0,0.0,0.0,0.0,0.0
1151,19:11,PTR6,15,0,0,100.0,0.0,0.0,0.0,0.0,0.0,0.0,0.0,0.0,0.0,0.0,0.0,0.0,0.0,0.0,0.0
1151,19:11,PTR7,15,0,0,100.0,0.0,0.0,0.0,0.0,0.0,0.0,0.0,0.0,0.0,0.0,0.0,0.0,0.0,0.0,0.0
1151,19:11,PTR8,16,0,0,100.0,0.0,0.0,0.0,0.0,0.0,0.0,0.0,0.0,0.0,0.0,0.0,0.0,0.0,0.0,0.0
1151,19:11,PTR9,15,0,0,100.0,0.0,0.0,0.0,0.0,0.0,0.0,0.0,0.0,0.0,0.0,0.0,0.0,0.0,0.0,0.0
1151,19:11,PTR10,16,0,0,100.0,0.0,0.0,0.0,0.0,0.0,0.0,0.0,0.0,0.0,0.0,0.0,0.0,0.0,0.0,0.0
1152,19:12,PTR6,15,0,0,100.0,0.0,0.0,0.0,0.0,0.0,0.0,0.0,0.0,0.0,0.0,0.0,0.0,0.0,0.0,0.0
1152,19:12,PTR7,15,0,0,100.0,0.0,0.0,0.0,0.0,0.0,0.0,0.0,0.0,0.0,0.0,0.0,0.0,0.0,0.0,0.0
1152,19:12,PTR8,16,0,0,100.0,0.0,0.0,0.0,0.0,0.0,0.0,0.0,0.0,0.0,0.0,0.0,0.0,0.0,0.0,0.0
1152,19:12,PTR9,15,0,0,100.0,0.0,0.0,0.0,0.0,0.0,0.0,0.0,0.0,0.0,0.0,0.0,0.0,0.0,0.0,0.0
1152,19:12,PTR10,16,0,0,100.0,0.0,0.0,0.0,0.0,0.0,0.0,0.0,0.0,0.0,0.0,0.0,0.0,0.0,0.0,0.0
1153,19:13,PTR6,15,0,0,100.0,0.0,0.0,0.0,0.0,0.0,0.0,0.0,0.0,0.0,0.0,0.0,0.0,0.0,0.0,0.0
1153,19:13,PTR7,15,0,0,100.0,0.0,0.0,0.0,0.0,0.0,0.0,0.0,0.0,0.0,0.0,0.0,0.0,0.0,0.0,0.0
1153,19:13,PTR8,16,0,0,100.0,0.0,0.0,0.0,0.0,0.0,0.0,0.0,0.0,0.0,0.0,0.0,0.0,0.0,0.0,0.0
1153,19:13,PTR9,15,0,0,100.0,0.0,0.0,0.0,0.0,0.0,0.0,0.0,0.0,0.0,0.0,0.0,0.0,0.0,0.0,0.0
1153,19:13,PTR10,16,0,0,100.0,0.0,0.0,0.0,0.0,0.0,0.0,0.0,0.0,0.0,0.0,0.0,0.0,0.0,0.0,0.0
1154,19:14,PTR6,15,0,0,100.0,0.0,0.0,0.0,0.0,0.0,0.0,0.0,0.0,0.0,0.0,0.0,0.0,0.0,0.0,0.0
1154,19:14,PTR7,15,0,0,100.0,0.0,0.0,0.0,0.0,0.0,0.0,0.0,0.0,0.0,0.0,0.0,0.0,0.0,0.0,0.0
1154,19:14,PTR8,16,0,0,100.0,0.0,0.0,0.0,0.0,0.0,0.0,0.0,0.0,0.0,0.0,0.0,0.0,0.0,0.0,0.0
1154,19:14,PTR9,15,0,0,100.0,0.0,0.0,0.0,0.0,0.0,0.0,0.0,0.0,0.0,0.0,0.0,0.0,0.0,0.0,0.0
1154,19:14,PTR10,16,0,0,100.0,0.0,0.0,0.0,0.0,0.0,0.0,0.0,0.0,0.0,0.0,0.0,0.0,0.0,0.0,0.0
1155,19:15,PTR6,15,0,0,100.0,0.0,0.0,0.0,0.0,0.0,0.0,0.0,0.0,0.0,0.0,0.0,0.0,0.0,0.0,0.0
1155,19:15,PTR7,15,0,0,100.0,0.0,0.0,0.0,0.0,0.0,0.0,0.0,0.0,0.0,0.0,0.0,0.0,0.0,0.0,0.0
1155,19:15,PTR8,16,0,0,100.0,0.0,0.0,0.0,0.0,0.0,0.0,0.0,0.0,0.0,0.0,0.0,0.0,0.0,0.0,0.0
1155,19:15,PTR9,15,0,0,100.0,0.0,0.0,0.0,0.0,0.0,0.0,0.0,0.0,0.0,0.0,0.0,0.0,0.0,0.0,0.0
1155,19:15,PTR10,16,0,0,100.0,0.0,0.0,0.0,0.0,0.0,0.0,0.0,0.0,0.0,0.0,0.0,0.0,0.0,0.0,0.0
1156,19:16,PTR6,15,0,0,100.0,0.0,0.0,0.0,0.0,0.0,0.0,0.0,0.0,0.0,0.0,0.0,0.0,0.0,0.0,0.0
1156,19:16,PTR7,15,0,0,100.0,0.0,0.0,0.0,0.0,0.0,0.0,0.0,0.0,0.0,0.0,0.0,0.0,0.0,0.0,0.0
1156,19:16,PTR8,16,0,0,100.0,0.0,0.0,0.0,0.0,0.0,0.0,0.0,0.0,0.0,0.0,0.0,0.0,0.0,0.0,0.0
1156,19:16,PTR9,15,0,0,100.0,0.0,0.0,0.0,0.0,0.0,0.0,0.0,0.0,0.0,0.0,0.0,0.0,0.0,0.0,0.0
1156,19:16,PTR10,16,0,0,100.0,0.0,0.0,0.0,0.0,0.0,0.0,0.0,0.0,0.0,0.0,0.0,0.0,0.0,0.0,0.0
1157,19:17,PTR6,15,0,0,100.0,0.0,0.0,0.0,0.0,0.0,0.0,0.0,0.0,0.0,0.0,0.0,0.0,0.0,0.0,0.0
1157,19:17,PTR7,15,0,0,100.0,0.0,0.0,0.0,0.0,0.0,0.0,0.0,0.0,0.0,0.0,0.0,0.0,0.0,0.0,0.0
1157,19:17,PTR8,16,0,0,100.0,0.0,0.0,0.0,0.0,0.0,0.0,0.0,0.0,0.0,0.0,0.0,0.0,0.0,0.0,0.0
1157,19:17,PTR9,15,0,0,100.0,0.0,0.0,0.0,0.0,0.0,0.0,0.0,0.0,0.0,0.0,0.0,0.0,0.0,0.0,0.0
1157,19:17,PTR10,16,0,0,100.0,0.0,0.0,0.0,0.0,0.0,0.0,0.0,0.0,0.0,0.0,0.0,0.0,0.0,0.0,0.0
1158,19:18,PTR6,15,0,0,100.0,0.0,0.0,0.0,0.0,0.0,0.0,0.0,0.0,0.0,0.0,0.0,0.0,0.0,0.0,0.0
1158,19:18,PTR7,15,0,0,100.0,0.0,0.0,0.0,0.0,0.0,0.0,0.0,0.0,0.0,0.0,0.0,0.0,0.0,0.0,0.0
1158,19:18,PTR8,16,0,0,100.0,0.0,0.0,0.0,0.0,0.0,0.0,0.0,0.0,0.0,0.0,0.0,0.0,0.0,0.0,0.0
1158,19:18,PTR9,15,0,0,100.0,0.0,0.0,0.0,0.0,0.0,0.0,0.0,0.0,0.0,0.0,0.0,0.0,0.0,0.0,0.0
1158,19:18,PTR10,16,0,0,100.0,0.0,0.0,0.0,0.0,0.0,0.0,0.0,0.0,0.0,0.0,0.0,0.0,0.0,0.0,0.0
1159,19:19,PTR6,15,0,0,100.0,0.0,0.0,0.0,0.0,0.0,0.0,0.0,0.0,0.0,0.0,0.0,0.0,0.0,0.0,0.0
1159,19:19,PTR7,15,0,0,100.0,0.0,0.0,0.0,0.0,0.0,0.0,0.0,0.0,0.0,0.0,0.0,0.0,0.0,0.0,0.0
1159,19:19,PTR8,16,0,0,100.0,0.0,0.0,0.0,0.0,0.0,0.0,0.0,0.0,0.0,0.0,0.0,0.0,0.0,0.0,0.0
1159,19:19,PTR9,15,0,0,100.0,0.0,0.0,0.0,0.0,0.0,0.0,0.0,0.0,0.0,0.0,0.0,0.0,0.0,0.0,0.0
1159,19:19,PTR10,16,0,0,100.0,0.0,0.0,0.0,0.0,0.0,0.0,0.0,0.0,0.0,0.0,0.0,0.0,0.0,0.0,0.0
1160,19:20,PTR6,15,0,0,100.0,0.0,0.0,0.0,0.0,0.0,0.0,0.0,0.0,0.0,0.0,0.0,0.0,0.0,0.0,0.0
1160,19:20,PTR7,15,0,0,100.0,0.0,0.0,0.0,0.0,0.0,0.0,0.0,0.0,0.0,0.0,0.0,0.0,0.0,0.0,0.0
1160,19:20,PTR8,16,0,0,100.0,0.0,0.0,0.0,0.0,0.0,0.0,0.0,0.0,0.0,0.0,0.0,0.0,0.0,0.0,0.0
1160,19:20,PTR9,15,0,0,100.0,0.0,0.0,0.0,0.0,0.0,0.0,0.0,0.0,0.0,0.0,0.0,0.0,0.0,0.0,0.0
1160,19:20,PTR10,16,0,0,100.0,0.0,0.0,0.0,0.0,0.0,0.0,0.0,0.0,0.0,0.0,0.0,0.0,0.0,0.0,0.0
1161,19:21,PTR6,15,0,0,100.0,0.0,0.0,0.0,0.0,0.0,0.0,0.0,0.0,0.0,0.0,0.0,0.0,0.0,0.0,0.0
1161,19:21,PTR7,15,0,0,100.0,0.0,0.0,0.0,0.0,0.0,0.0,0.0,0.0,0.0,0.0,0.0,0.0,0.0,0.0,0.0
1161,19:21,PTR8,16,0,0,100.0,0.0,0.0,0.0,0.0,0.0,0.0,0.0,0.0,0.0,0.0,0.0,0.0,0.0,0.0,0.0
1161,19:21,PTR9,15,0,0,100.0,0.0,0.0,0.0,0.0,0.0,0.0,0.0,0.0,0.0,0.0,0.0,0.0,0.0,0.0,0.0
1161,19:21,PTR10,16,0,0,100.0,0.0,0.0,0.0,0.0,0.0,0.0,0.0,0.0,0.0,0.0,0.0,0.0,0.0,0.0,0.0
1162,19:22,PTR6,15,0,0,100.0,0.0,0.0,0.0,0.0,0.0,0.0,0.0,0.0,0.0,0.0,0.0,0.0,0.0,0.0,0.0
1162,19:22,PTR7,15,0,0,100.0,0.0,0.0,0.0,0.0,0.0,0.0,0.0,0.0,0.0,0.0,0.0,0.0,0.0,0.0,0.0
1162,19:22,PTR8,16,0,0,100.0,0.0,0.0,0.0,0.0,0.0,0.0,0.0,0.0,0.0,0.0,0.0,0.0,0.0,0.0,0.0
1162,19:22,PTR9,15,0,0,100.0,0.0,0.0,0.0,0.0,0.0,0.0,0.0,0.0,0.0,0.0,0.0,0.0,0.0,0.0,0.0
1162,19:22,PTR10,16,0,0,100.0,0.0,0.0,0.0,0.0,0.0,0.0,0.0,0.0,0.0,0.0,0.0,0.0,0.0,0.0,0.0
1163,19:23,PTR6,15,0,0,100.0,0.0,0.0,0.0,0.0,0.0,0.0,0.0,0.0,0.0,0.0,0.0,0.0,0.0,0.0,0.0
1163,19:23,PTR7,15,0,0,100.0,0.0,0.0,0.0,0.0,0.0,0.0,0.0,0.0,0.0,0.0,0.0,0.0,0.0,0.0,0.0
1163,19:23,PTR8,16,0,0,100.0,0.0,0.0,0.0,0.0,0.0,0.0,0.0,0.0,0.0,0.0,0.0,0.0,0.0,0.0,0.0
1163,19:23,PTR9,15,0,0,100.0,0.0,0.0,0.0,0.0,0.0,0.0,0.0,0.0,0.0,0.0,0.0,0.0,0.0,0.0,0.0
1163,19:23,PTR10,16,0,0,100.0,0.0,0.0,0.0,0.0,0.0,0.0,0.0,0.0,0.0,0.0,0.0,0.0,0.0,0.0,0.0
1164,19:24,PTR6,15,0,0,100.0,0.0,0.0,0.0,0.0,0.0,0.0,0.0,0.0,0.0,0.0,0.0,0.0,0.0,0.0,0.0
1164,19:24,PTR7,15,0,0,100.0,0.0,0.0,0.0,0.0,0.0,0.0,0.0,0.0,0.0,0.0,0.0,0.0,0.0,0.0,0.0
1164,19:24,PTR8,16,0,0,100.0,0.0,0.0,0.0,0.0,0.0,0.0,0.0,0.0,0.0,0.0,0.0,0.0,0.0,0.0,0.0
1164,19:24,PTR9,15,0,0,100.0,0.0,0.0,0.0,0.0,0.0,0.0,0.0,0.0,0.0,0.0,0.0,0.0,0.0,0.0,0.0
1164,19:24,PTR10,16,0,0,100.0,0.0,0.0,0.0,0.0,0.0,0.0,0.0,0.0,0.0,0.0,0.0,0.0,0.0,0.0,0.0
1165,19:25,PTR6,15,0,0,100.0,0.0,0.0,0.0,0.0,0.0,0.0,0.0,0.0,0.0,0.0,0.0,0.0,0.0,0.0,0.0
1165,19:25,PTR7,15,0,0,100.0,0.0,0.0,0.0,0.0,0.0,0.0,0.0,0.0,0.0,0.0,0.0,0.0,0.0,0.0,0.0
1165,19:25,PTR8,16,0,0,100.0,0.0,0.0,0.0,0.0,0.0,0.0,0.0,0.0,0.0,0.0,0.0,0.0,0.0,0.0,0.0
1165,19:25,PTR9,15,0,0,100.0,0.0,0.0,0.0,0.0,0.0,0.0,0.0,0.0,0.0,0.0,0.0,0.0,0.0,0.0,0.0
1165,19:25,PTR10,16,0,0,100.0,0.0,0.0,0.0,0.0,0.0,0.0,0.0,0.0,0.0,0.0,0.0,0.0,0.0,0.0,0.0
1166,19:26,PTR6,15,0,0,100.0,0.0,0.0,0.0,0.0,0.0,0.0,0.0,0.0,0.0,0.0,0.0,0.0,0.0,0.0,0.0
1166,19:26,PTR7,15,0,0,100.0,0.0,0.0,0.0,0.0,0.0,0.0,0.0,0.0,0.0,0.0,0.0,0.0,0.0,0.0,0.0
1166,19:26,PTR8,16,0,0,100.0,0.0,0.0,0.0,0.0,0.0,0.0,0.0,0.0,0.0,0.0,0.0,0.0,0.0,0.0,0.0
1166,19:26,PTR9,15,0,0,100.0,0.0,0.0,0.0,0.0,0.0,0.0,0.0,0.0,0.0,0.0,0.0,0.0,0.0,0.0,0.0
1166,19:26,PTR10,16,0,0,100.0,0.0,0.0,0.0,0.0,0.0,0.0,0.0,0.0,0.0,0.0,0.0,0.0,0.0,0.0,0.0
1167,19:27,PTR6,15,0,0,100.0,0.0,0.0,0.0,0.0,0.0,0.0,0.0,0.0,0.0,0.0,0.0,0.0,0.0,0.0,0.0
1167,19:27,PTR7,15,0,0,100.0,0.0,0.0,0.0,0.0,0.0,0.0,0.0,0.0,0.0,0.0,0.0,0.0,0.0,0.0,0.0
1167,19:27,PTR8,16,0,0,100.0,0.0,0.0,0.0,0.0,0.0,0.0,0.0,0.0,0.0,0.0,0.0,0.0,0.0,0.0,0.0
1167,19:27,PTR9,15,0,0,100.0,0.0,0.0,0.0,0.0,0.0,0.0,0.0,0.0,0.0,0.0,0.0,0.0,0.0,0.0,0.0
1167,19:27,PTR10,16,0,0,100.0,0.0,0.0,0.0,0.0,0.0,0.0,0.0,0.0,0.0,0.0,0.0,0.0,0.0,0.0,0.0
1168,19:28,PTR6,15,0,0,100.0,0.0,0.0,0.0,0.0,0.0,0.0,0.0,0.0,0.0,0.0,0.0,0.0,0.0,0.0,0.0
1168,19:28,PTR7,15,0,0,100.0,0.0,0.0,0.0,0.0,0.0,0.0,0.0,0.0,0.0,0.0,0.0,0.0,0.0,0.0,0.0
1168,19:28,PTR8,16,0,0,100.0,0.0,0.0,0.0,0.0,0.0,0.0,0.0,0.0,0.0,0.0,0.0,0.0,0.0,0.0,0.0
1168,19:28,PTR9,15,0,0,100.0,0.0,0.0,0.0,0.0,0.0,0.0,0.0,0.0,0.0,0.0,0.0,0.0,0.0,0.0,0.0
1168,19:28,PTR10,16,0,0,100.0,0.0,0.0,0.0,0.0,0.0,0.0,0.0,0.0,0.0,0.0,0.0,0.0,0.0,0.0,0.0
1169,19:29,PTR6,15,0,0,100.0,0.0,0.0,0.0,0.0,0.0,0.0,0.0,0.0,0.0,0.0,0.0,0.0,0.0,0.0,0.0
1169,19:29,PTR7,15,0,0,100.0,0.0,0.0,0.0,0.0,0.0,0.0,0.0,0.0,0.0,0.0,0.0,0.0,0.0,0.0,0.0
1169,19:29,PTR8,16,0,0,100.0,0.0,0.0,0.0,0.0,0.0,0.0,0.0,0.0,0.0,0.0,0.0,0.0,0.0,0.0,0.0
1169,19:29,PTR9,15,0,0,100.0,0.0,0.0,0.0,0.0,0.0,0.0,0.0,0.0,0.0,0.0,0.0,0.0,0.0,0.0,0.0
1169,19:29,PTR10,16,0,0,100.0,0.0,0.0,0.0,0.0,0.0,0.0,0.0,0.0,0.0,0.0,0.0,0.0,0.0,0.0,0.0
1170,19:30,PTR6,15,0,0,100.0,0.0,0.0,0.0,0.0,0.0,0.0,0.0,0.0,0.0,0.0,0.0,0.0,0.0,0.0,0.0
1170,19:30,PTR7,15,0,0,100.0,0.0,0.0,0.0,0.0,0.0,0.0,0.0,0.0,0.0,0.0,0.0,0.0,0.0,0.0,0.0
1170,19:30,PTR8,16,0,0,100.0,0.0,0.0,0.0,0.0,0.0,0.0,0.0,0.0,0.0,0.0,0.0,0.0,0.0,0.0,0.0
1170,19:30,PTR9,15,0,0,100.0,0.0,0.0,0.0,0.0,0.0,0.0,0.0,0.0,0.0,0.0,0.0,0.0,0.0,0.0,0.0
1170,19:30,PTR10,16,0,0,100.0,0.0,0.0,0.0,0.0,0.0,0.0,0.0,0.0,0.0,0.0,0.0,0.0,0.0,0.0,0.0
1171,19:31,PTR6,15,0,0,100.0,0.0,0.0,0.0,0.0,0.0,0.0,0.0,0.0,0.0,0.0,0.0,0.0,0.0,0.0,0.0
1171,19:31,PTR7,15,0,0,100.0,0.0,0.0,0.0,0.0,0.0,0.0,0.0,0.0,0.0,0.0,0.0,0.0,0.0,0.0,0.0
1171,19:31,PTR8,16,0,0,100.0,0.0,0.0,0.0,0.0,0.0,0.0,0.0,0.0,0.0,0.0,0.0,0.0,0.0,0.0,0.0
1171,19:31,PTR9,15,0,0,100.0,0.0,0.0,0.0,0.0,0.0,0.0,0.0,0.0,0.0,0.0,0.0,0.0,0.0,0.0,0.0
1171,19:31,PTR10,16,0,0,100.0,0.0,0.0,0.0,0.0,0.0,0.0,0.0,0.0,0.0,0.0,0.0,0.0,0.0,0.0,0.0
1172,19:32,PTR6,15,0,0,100.0,0.0,0.0,0.0,0.0,0.0,0.0,0.0,0.0,0.0,0.0,0.0,0.0,0.0,0.0,0.0
1172,19:32,PTR7,15,0,0,100.0,0.0,0.0,0.0,0.0,0.0,0.0,0.0,0.0,0.0,0.0,0.0,0.0,0.0,0.0,0.0
1172,19:32,PTR8,16,0,0,100.0,0.0,0.0,0.0,0.0,0.0,0.0,0.0,0.0,0.0,0.0,0.0,0.0,0.0,0.0,0.0
1172,19:32,PTR9,15,0,0,100.0,0.0,0.0,0.0,0.0,0.0,0.0,0.0,0.0,0.0,0.0,0.0,0.0,0.0,0.0,0.0
1172,19:32,PTR10,16,0,0,100.0,0.0,0.0,0.0,0.0,0.0,0.0,0.0,0.0,0.0,0.0,0.0,0.0,0.0,0.0,0.0
1173,19:33,PTR6,15,0,0,100.0,0.0,0.0,0.0,0.0,0.0,0.0,0.0,0.0,0.0,0.0,0.0,0.0,0.0,0.0,0.0
1173,19:33,PTR7,15,0,0,100.0,0.0,0.0,0.0,0.0,0.0,0.0,0.0,0.0,0.0,0.0,0.0,0.0,0.0,0.0,0.0
1173,19:33,PTR8,16,0,0,100.0,0.0,0.0,0.0,0.0,0.0,0.0,0.0,0.0,0.0,0.0,0.0,0.0,0.0,0.0,0.0
1173,19:33,PTR9,15,0,0,100.0,0.0,0.0,0.0,0.0,0.0,0.0,0.0,0.0,0.0,0.0,0.0,0.0,0.0,0.0,0.0
1173,19:33,PTR10,16,0,0,100.0,0.0,0.0,0.0,0.0,0.0,0.0,0.0,0.0,0.0,0.0,0.0,0.0,0.0,0.0,0.0
1174,19:34,PTR6,15,0,0,100.0,0.0,0.0,0.0,0.0,0.0,0.0,0.0,0.0,0.0,0.0,0.0,0.0,0.0,0.0,0.0
1174,19:34,PTR7,15,0,0,100.0,0.0,0.0,0.0,0.0,0.0,0.0,0.0,0.0,0.0,0.0,0.0,0.0,0.0,0.0,0.0
1174,19:34,PTR8,16,0,0,100.0,0.0,0.0,0.0,0.0,0.0,0.0,0.0,0.0,0.0,0.0,0.0,0.0,0.0,0.0,0.0
1174,19:34,PTR9,15,0,0,100.0,0.0,0.0,0.0,0.0,0.0,0.0,0.0,0.0,0.0,0.0,0.0,0.0,0.0,0.0,0.0
1174,19:34,PTR10,16,0,0,100.0,0.0,0.0,0.0,0.0,0.0,0.0,0.0,0.0,0.0,0.0,0.0,0.0,0.0,0.0,0.0
1175,19:35,PTR6,15,0,0,100.0,0.0,0.0,0.0,0.0,0.0,0.0,0.0,0.0,0.0,0.0,0.0,0.0,0.0,0.0,0.0
1175,19:35,PTR7,15,0,0,100.0,0.0,0.0,0.0,0.0,0.0,0.0,0.0,0.0,0.0,0.0,0.0,0.0,0.0,0.0,0.0
1175,19:35,PTR8,16,0,0,100.0,0.0,0.0,0.0,0.0,0.0,0.0,0.0,0.0,0.0,0.0,0.0,0.0,0.0,0.0,0.0
1175,19:35,PTR9,15,0,0,100.0,0.0,0.0,0.0,0.0,0.0,0.0,0.0,0.0,0.0,0.0,0.0,0.0,0.0,0.0,0.0
1175,19:35,PTR10,16,0,0,100.0,0.0,0.0,0.0,0.0,0.0,0.0,0.0,0.0,0.0,0.0,0.0,0.0,0.0,0.0,0.0
1176,19:36,PTR6,15,0,0,100.0,0.0,0.0,0.0,0.0,0.0,0.0,0.0,0.0,0.0,0.0,0.0,0.0,0.0,0.0,0.0
1176,19:36,PTR7,15,0,0,100.0,0.0,0.0,0.0,0.0,0.0,0.0,0.0,0.0,0.0,0.0,0.0,0.0,0.0,0.0,0.0
1176,19:36,PTR8,16,0,0,100.0,0.0,0.0,0.0,0.0,0.0,0.0,0.0,0.0,0.0,0.0,0.0,0.0,0.0,0.0,0.0
1176,19:36,PTR9,15,0,0,100.0,0.0,0.0,0.0,0.0,0.0,0.0,0.0,0.0,0.0,0.0,0.0,0.0,0.0,0.0,0.0
1176,19:36,PTR10,16,0,0,100.0,0.0,0.0,0.0,0.0,0.0,0.0,0.0,0.0,0.0,0.0,0.0,0.0,0.0,0.0,0.0
1177,19:37,PTR6,15,0,0,100.0,0.0,0.0,0.0,0.0,0.0,0.0,0.0,0.0,0.0,0.0,0.0,0.0,0.0,0.0,0.0
1177,19:37,PTR7,15,0,0,100.0,0.0,0.0,0.0,0.0,0.0,0.0,0.0,0.0,0.0,0.0,0.0,0.0,0.0,0.0,0.0
1177,19:37,PTR8,16,0,0,100.0,0.0,0.0,0.0,0.0,0.0,0.0,0.0,0.0,0.0,0.0,0.0,0.0,0.0,0.0,0.0
1177,19:37,PTR9,15,0,0,100.0,0.0,0.0,0.0,0.0,0.0,0.0,0.0,0.0,0.0,0.0,0.0,0.0,0.0,0.0,0.0
1177,19:37,PTR10,16,0,0,100.0,0.0,0.0,0.0,0.0,0.0,0.0,0.0,0.0,0.0,0.0,0.0,0.0,0.0,0.0,0.0
1178,19:38,PTR6,15,0,0,100.0,0.0,0.0,0.0,0.0,0.0,0.0,0.0,0.0,0.0,0.0,0.0,0.0,0.0,0.0,0.0
1178,19:38,PTR7,15,0,0,100.0,0.0,0.0,0.0,0.0,0.0,0.0,0.0,0.0,0.0,0.0,0.0,0.0,0.0,0.0,0.0
1178,19:38,PTR8,16,0,0,100.0,0.0,0.0,0.0,0.0,0.0,0.0,0.0,0.0,0.0,0.0,0.0,0.0,0.0,0.0,0.0
1178,19:38,PTR9,15,0,0,100.0,0.0,0.0,0.0,0.0,0.0,0.0,0.0,0.0,0.0,0.0,0.0,0.0,0.0,0.0,0.0
1178,19:38,PTR10,16,0,0,100.0,0.0,0.0,0.0,0.0,0.0,0.0,0.0,0.0,0.0,0.0,0.0,0.0,0.0,0.0,0.0
1179,19:39,PTR6,15,0,0,100.0,0.0,0.0,0.0,0.0,0.0,0.0,0.0,0.0,0.0,0.0,0.0,0.0,0.0,0.0,0.0
1179,19:39,PTR7,15,0,0,100.0,0.0,0.0,0.0,0.0,0.0,0.0,0.0,0.0,0.0,0.0,0.0,0.0,0.0,0.0,0.0
1179,19:39,PTR8,16,0,0,100.0,0.0,0.0,0.0,0.0,0.0,0.0,0.0,0.0,0.0,0.0,0.0,0.0,0.0,0.0,0.0
1179,19:39,PTR9,15,0,0,100.0,0.0,0.0,0.0,0.0,0.0,0.0,0.0,0.0,0.0,0.0,0.0,0.0,0.0,0.0,0.0
1179,19:39,PTR10,16,0,0,100.0,0.0,0.0,0.0,0.0,0.0,0.0,0.0,0.0,0.0,0.0,0.0,0.0,0.0,0.0,0.0
1180,19:40,PTR6,15,0,0,100.0,0.0,0.0,0.0,0.0,0.0,0.0,0.0,0.0,0.0,0.0,0.0,0.0,0.0,0.0,0.0
1180,19:40,PTR7,15,0,0,100.0,0.0,0.0,0.0,0.0,0.0,0.0,0.0,0.0,0.0,0.0,0.0,0.0,0.0,0.0,0.0
1180,19:40,PTR8,16,0,0,100.0,0.0,0.0,0.0,0.0,0.0,0.0,0.0,0.0,0.0,0.0,0.0,0.0,0.0,0.0,0.0
1180,19:40,PTR9,15,0,0,100.0,0.0,0.0,0.0,0.0,0.0,0.0,0.0,0.0,0.0,0.0,0.0,0.0,0.0,0.0,0.0
1180,19:40,PTR10,16,0,0,100.0,0.0,0.0,0.0,0.0,0.0,0.0,0.0,0.0,0.0,0.0,0.0,0.0,0.0,0.0,0.0
1181,19:41,PTR6,15,0,0,100.0,0.0,0.0,0.0,0.0,0.0,0.0,0.0,0.0,0.0,0.0,0.0,0.0,0.0,0.0,0.0
1181,19:41,PTR7,15,0,0,100.0,0.0,0.0,0.0,0.0,0.0,0.0,0.0,0.0,0.0,0.0,0.0,0.0,0.0,0.0,0.0
1181,19:41,PTR8,16,0,0,100.0,0.0,0.0,0.0,0.0,0.0,0.0,0.0,0.0,0.0,0.0,0.0,0.0,0.0,0.0,0.0
1181,19:41,PTR9,15,0,0,100.0,0.0,0.0,0.0,0.0,0.0,0.0,0.0,0.0,0.0,0.0,0.0,0.0,0.0,0.0,0.0
1181,19:41,PTR10,16,0,0,100.0,0.0,0.0,0.0,0.0,0.0,0.0,0.0,0.0,0.0,0.0,0.0,0.0,0.0,0.0,0.0
1182,19:42,PTR6,15,0,0,100.0,0.0,0.0,0.0,0.0,0.0,0.0,0.0,0.0,0.0,0.0,0.0,0.0,0.0,0.0,0.0
1182,19:42,PTR7,15,0,0,100.0,0.0,0.0,0.0,0.0,0.0,0.0,0.0,0.0,0.0,0.0,0.0,0.0,0.0,0.0,0.0
1182,19:42,PTR8,16,0,0,100.0,0.0,0.0,0.0,0.0,0.0,0.0,0.0,0.0,0.0,0.0,0.0,0.0,0.0,0.0,0.0
1182,19:42,PTR9,15,0,0,100.0,0.0,0.0,0.0,0.0,0.0,0.0,0.0,0.0,0.0,0.0,0.0,0.0,0.0,0.0,0.0
1182,19:42,PTR10,16,0,0,100.0,0.0,0.0,0.0,0.0,0.0,0.0,0.0,0.0,0.0,0.0,0.0,0.0,0.0,0.0,0.0
1183,19:43,PTR6,15,0,0,100.0,0.0,0.0,0.0,0.0,0.0,0.0,0.0,0.0,0.0,0.0,0.0,0.0,0.0,0.0,0.0
1183,19:43,PTR7,15,0,0,100.0,0.0,0.0,0.0,0.0,0.0,0.0,0.0,0.0,0.0,0.0,0.0,0.0,0.0,0.0,0.0
1183,19:43,PTR8,16,0,0,100.0,0.0,0.0,0.0,0.0,0.0,0.0,0.0,0.0,0.0,0.0,0.0,0.0,0.0,0.0,0.0
1183,19:43,PTR9,15,0,0,100.0,0.0,0.0,0.0,0.0,0.0,0.0,0.0,0.0,0.0,0.0,0.0,0.0,0.0,0.0,0.0
1183,19:43,PTR10,16,0,0,100.0,0.0,0.0,0.0,0.0,0.0,0.0,0.0,0.0,0.0,0.0,0.0,0.0,0.0,0.0,0.0
1184,19:44,PTR6,15,0,0,100.0,0.0,0.0,0.0,0.0,0.0,0.0,0.0,0.0,0.0,0.0,0.0,0.0,0.0,0.0,0.0
1184,19:44,PTR7,15,0,0,100.0,0.0,0.0,0.0,0.0,0.0,0.0,0.0,0.0,0.0,0.0,0.0,0.0,0.0,0.0,0.0
1184,19:44,PTR8,16,0,0,100.0,0.0,0.0,0.0,0.0,0.0,0.0,0.0,0.0,0.0,0.0,0.0,0.0,0.0,0.0,0.0
1184,19:44,PTR9,15,0,0,100.0,0.0,0.0,0.0,0.0,0.0,0.0,0.0,0.0,0.0,0.0,0.0,0.0,0.0,0.0,0.0
1184,19:44,PTR10,16,0,0,100.0,0.0,0.0,0.0,0.0,0.0,0.0,0.0,0.0,0.0,0.0,0.0,0.0,0.0,0.0,0.0
1185,19:45,PTR6,15,0,0,100.0,0.0,0.0,0.0,0.0,0.0,0.0,0.0,0.0,0.0,0.0,0.0,0.0,0.0,0.0,0.0
1185,19:45,PTR7,15,0,0,100.0,0.0,0.0,0.0,0.0,0.0,0.0,0.0,0.0,0.0,0.0,0.0,0.0,0.0,0.0,0.0
1185,19:45,PTR8,16,0,0,100.0,0.0,0.0,0.0,0.0,0.0,0.0,0.0,0.0,0.0,0.0,0.0,0.0,0.0,0.0,0.0
1185,19:45,PTR9,15,0,0,100.0,0.0,0.0,0.0,0.0,0.0,0.0,0.0,0.0,0.0,0.0,0.0,0.0,0.0,0.0,0.0
1185,19:45,PTR10,16,0,0,100.0,0.0,0.0,0.0,0.0,0.0,0.0,0.0,0.0,0.0,0.0,0.0,0.0,0.0,0.0,0.0
1186,19:46,PTR6,15,0,0,100.0,0.0,0.0,0.0,0.0,0.0,0.0,0.0,0.0,0.0,0.0,0.0,0.0,0.0,0.0,0.0
1186,19:46,PTR7,15,0,0,100.0,0.0,0.0,0.0,0.0,0.0,0.0,0.0,0.0,0.0,0.0,0.0,0.0,0.0,0.0,0.0
1186,19:46,PTR8,16,0,0,100.0,0.0,0.0,0.0,0.0,0.0,0.0,0.0,0.0,0.0,0.0,0.0,0.0,0.0,0.0,0.0
1186,19:46,PTR9,15,0,0,100.0,0.0,0.0,0.0,0.0,0.0,0.0,0.0,0.0,0.0,0.0,0.0,0.0,0.0,0.0,0.0
1186,19:46,PTR10,16,0,0,100.0,0.0,0.0,0.0,0.0,0.0,0.0,0.0,0.0,0.0,0.0,0.0,0.0,0.0,0.0,0.0
1187,19:47,PTR6,15,0,0,100.0,0.0,0.0,0.0,0.0,0.0,0.0,0.0,0.0,0.0,0.0,0.0,0.0,0.0,0.0,0.0
1187,19:47,PTR7,15,0,0,100.0,0.0,0.0,0.0,0.0,0.0,0.0,0.0,0.0,0.0,0.0,0.0,0.0,0.0,0.0,0.0
1187,19:47,PTR8,16,0,0,100.0,0.0,0.0,0.0,0.0,0.0,0.0,0.0,0.0,0.0,0.0,0.0,0.0,0.0,0.0,0.0
1187,19:47,PTR9,15,0,0,100.0,0.0,0.0,0.0,0.0,0.0,0.0,0.0,0.0,0.0,0.0,0.0,0.0,0.0,0.0,0.0
1187,19:47,PTR10,16,0,0,100.0,0.0,0.0,0.0,0.0,0.0,0.0,0.0,0.0,0.0,0.0,0.0,0.0,0.0,0.0,0.0
1188,19:48,PTR6,15,0,0,100.0,0.0,0.0,0.0,0.0,0.0,0.0,0.0,0.0,0.0,0.0,0.0,0.0,0.0,0.0,0.0
1188,19:48,PTR7,15,0,0,100.0,0.0,0.0,0.0,0.0,0.0,0.0,0.0,0.0,0.0,0.0,0.0,0.0,0.0,0.0,0.0
1188,19:48,PTR8,16,0,0,100.0,0.0,0.0,0.0,0.0,0.0,0.0,0.0,0.0,0.0,0.0,0.0,0.0,0.0,0.0,0.0
1188,19:48,PTR9,15,0,0,100.0,0.0,0.0,0.0,0.0,0.0,0.0,0.0,0.0,0.0,0.0,0.0,0.0,0.0,0.0,0.0
1188,19:48,PTR10,16,0,0,100.0,0.0,0.0,0.0,0.0,0.0,0.0,0.0,0.0,0.0,0.0,0.0,0.0,0.0,0.0,0.0
1189,19:49,PTR6,15,0,0,100.0,0.0,0.0,0.0,0.0,0.0,0.0,0.0,0.0,0.0,0.0,0.0,0.0,0.0,0.0,0.0
1189,19:49,PTR7,15,0,0,100.0,0.0,0.0,0.0,0.0,0.0,0.0,0.0,0.0,0.0,0.0,0.0,0.0,0.0,0.0,0.0
1189,19:49,PTR8,16,0,0,100.0,0.0,0.0,0.0,0.0,0.0,0.0,0.0,0.0,0.0,0.0,0.0,0.0,0.0,0.0,0.0
1189,19:49,PTR9,15,0,0,100.0,0.0,0.0,0.0,0.0,0.0,0.0,0.0,0.0,0.0,0.0,0.0,0.0,0.0,0.0,0.0
1189,19:49,PTR10,16,0,0,100.0,0.0,0.0,0.0,0.0,0.0,0.0,0.0,0.0,0.0,0.0,0.0,0.0,0.0,0.0,0.0
1190,19:50,PTR6,15,0,0,100.0,0.0,0.0,0.0,0.0,0.0,0.0,0.0,0.0,0.0,0.0,0.0,0.0,0.0,0.0,0.0
1190,19:50,PTR7,15,0,0,100.0,0.0,0.0,0.0,0.0,0.0,0.0,0.0,0.0,0.0,0.0,0.0,0.0,0.0,0.0,0.0
1190,19:50,PTR8,16,0,0,100.0,0.0,0.0,0.0,0.0,0.0,0.0,0.0,0.0,0.0,0.0,0.0,0.0,0.0,0.0,0.0
1190,19:50,PTR9,15,0,0,100.0,0.0,0.0,0.0,0.0,0.0,0.0,0.0,0.0,0.0,0.0,0.0,0.0,0.0,0.0,0.0
1190,19:50,PTR10,16,0,0,100.0,0.0,0.0,0.0,0.0,0.0,0.0,0.0,0.0,0.0,0.0,0.0,0.0,0.0,0.0,0.0
1191,19:51,PTR6,15,0,0,100.0,0.0,0.0,0.0,0.0,0.0,0.0,0.0,0.0,0.0,0.0,0.0,0.0,0.0,0.0,0.0
1191,19:51,PTR7,15,0,0,100.0,0.0,0.0,0.0,0.0,0.0,0.0,0.0,0.0,0.0,0.0,0.0,0.0,0.0,0.0,0.0
1191,19:51,PTR8,16,0,0,100.0,0.0,0.0,0.0,0.0,0.0,0.0,0.0,0.0,0.0,0.0,0.0,0.0,0.0,0.0,0.0
1191,19:51,PTR9,15,0,0,100.0,0.0,0.0,0.0,0.0,0.0,0.0,0.0,0.0,0.0,0.0,0.0,0.0,0.0,0.0,0.0
1191,19:51,PTR10,16,0,0,100.0,0.0,0.0,0.0,0.0,0.0,0.0,0.0,0.0,0.0,0.0,0.0,0.0,0.0,0.0,0.0
1192,19:52,PTR6,15,0,0,100.0,0.0,0.0,0.0,0.0,0.0,0.0,0.0,0.0,0.0,0.0,0.0,0.0,0.0,0.0,0.0
1192,19:52,PTR7,15,0,0,100.0,0.0,0.0,0.0,0.0,0.0,0.0,0.0,0.0,0.0,0.0,0.0,0.0,0.0,0.0,0.0
1192,19:52,PTR8,16,0,0,100.0,0.0,0.0,0.0,0.0,0.0,0.0,0.0,0.0,0.0,0.0,0.0,0.0,0.0,0.0,0.0
1192,19:52,PTR9,15,0,0,100.0,0.0,0.0,0.0,0.0,0.0,0.0,0.0,0.0,0.0,0.0,0.0,0.0,0.0,0.0,0.0
1192,19:52,PTR10,16,0,0,100.0,0.0,0.0,0.0,0.0,0.0,0.0,0.0,0.0,0.0,0.0,0.0,0.0,0.0,0.0,0.0
1193,19:53,PTR6,15,0,0,100.0,0.0,0.0,0.0,0.0,0.0,0.0,0.0,0.0,0.0,0.0,0.0,0.0,0.0,0.0,0.0
1193,19:53,PTR7,15,0,0,100.0,0.0,0.0,0.0,0.0,0.0,0.0,0.0,0.0,0.0,0.0,0.0,0.0,0.0,0.0,0.0
1193,19:53,PTR8,16,0,0,100.0,0.0,0.0,0.0,0.0,0.0,0.0,0.0,0.0,0.0,0.0,0.0,0.0,0.0,0.0,0.0
1193,19:53,PTR9,15,0,0,100.0,0.0,0.0,0.0,0.0,0.0,0.0,0.0,0.0,0.0,0.0,0.0,0.0,0.0,0.0,0.0
1193,19:53,PTR10,16,0,0,100.0,0.0,0.0,0.0,0.0,0.0,0.0,0.0,0.0,0.0,0.0,0.0,0.0,0.0,0.0,0.0
1194,19:54,PTR6,15,0,0,100.0,0.0,0.0,0.0,0.0,0.0,0.0,0.0,0.0,0.0,0.0,0.0,0.0,0.0,0.0,0.0
1194,19:54,PTR7,15,0,0,100.0,0.0,0.0,0.0,0.0,0.0,0.0,0.0,0.0,0.0,0.0,0.0,0.0,0.0,0.0,0.0
1194,19:54,PTR8,16,0,0,100.0,0.0,0.0,0.0,0.0,0.0,0.0,0.0,0.0,0.0,0.0,0.0,0.0,0.0,0.0,0.0
1194,19:54,PTR9,15,0,0,100.0,0.0,0.0,0.0,0.0,0.0,0.0,0.0,0.0,0.0,0.0,0.0,0.0,0.0,0.0,0.0
1194,19:54,PTR10,16,0,0,100.0,0.0,0.0,0.0,0.0,0.0,0.0,0.0,0.0,0.0,0.0,0.0,0.0,0.0,0.0,0.0
1195,19:55,PTR6,15,0,0,100.0,0.0,0.0,0.0,0.0,0.0,0.0,0.0,0.0,0.0,0.0,0.0,0.0,0.0,0.0,0.0
1195,19:55,PTR7,15,0,0,100.0,0.0,0.0,0.0,0.0,0.0,0.0,0.0,0.0,0.0,0.0,0.0,0.0,0.0,0.0,0.0
1195,19:55,PTR8,16,0,0,100.0,0.0,0.0,0.0,0.0,0.0,0.0,0.0,0.0,0.0,0.0,0.0,0.0,0.0,0.0,0.0
1195,19:55,PTR9,15,0,0,100.0,0.0,0.0,0.0,0.0,0.0,0.0,0.0,0.0,0.0,0.0,0.0,0.0,0.0,0.0,0.0
1195,19:55,PTR10,16,0,0,100.0,0.0,0.0,0.0,0.0,0.0,0.0,0.0,0.0,0.0,0.0,0.0,0.0,0.0,0.0,0.0
1196,19:56,PTR6,15,0,0,100.0,0.0,0.0,0.0,0.0,0.0,0.0,0.0,0.0,0.0,0.0,0.0,0.0,0.0,0.0,0.0
1196,19:56,PTR7,15,0,0,100.0,0.0,0.0,0.0,0.0,0.0,0.0,0.0,0.0,0.0,0.0,0.0,0.0,0.0,0.0,0.0
1196,19:56,PTR8,16,0,0,100.0,0.0,0.0,0.0,0.0,0.0,0.0,0.0,0.0,0.0,0.0,0.0,0.0,0.0,0.0,0.0
1196,19:56,PTR9,15,0,0,100.0,0.0,0.0,0.0,0.0,0.0,0.0,0.0,0.0,0.0,0.0,0.0,0.0,0.0,0.0,0.0
1196,19:56,PTR10,16,0,0,100.0,0.0,0.0,0.0,0.0,0.0,0.0,0.0,0.0,0.0,0.0,0.0,0.0,0.0,0.0,0.0
1197,19:57,PTR6,15,0,0,100.0,0.0,0.0,0.0,0.0,0.0,0.0,0.0,0.0,0.0,0.0,0.0,0.0,0.0,0.0,0.0
1197,19:57,PTR7,15,0,0,100.0,0.0,0.0,0.0,0.0,0.0,0.0,0.0,0.0,0.0,0.0,0.0,0.0,0.0,0.0,0.0
1197,19:57,PTR8,16,0,0,100.0,0.0,0.0,0.0,0.0,0.0,0.0,0.0,0.0,0.0,0.0,0.0,0.0,0.0,0.0,0.0
1197,19:57,PTR9,15,0,0,100.0,0.0,0.0,0.0,0.0,0.0,0.0,0.0,0.0,0.0,0.0,0.0,0.0,0.0,0.0,0.0
1197,19:57,PTR10,16,0,0,100.0,0.0,0.0,0.0,0.0,0.0,0.0,0.0,0.0,0.0,0.0,0.0,0.0,0.0,0.0,0.0
1198,19:58,PTR6,15,0,0,100.0,0.0,0.0,0.0,0.0,0.0,0.0,0.0,0.0,0.0,0.0,0.0,0.0,0.0,0.0,0.0
1198,19:58,PTR7,15,0,0,100.0,0.0,0.0,0.0,0.0,0.0,0.0,0.0,0.0,0.0,0.0,0.0,0.0,0.0,0.0,0.0
1198,19:58,PTR8,16,0,0,100.0,0.0,0.0,0.0,0.0,0.0,0.0,0.0,0.0,0.0,0.0,0.0,0.0,0.0,0.0,0.0
1198,19:58,PTR9,15,0,0,100.0,0.0,0.0,0.0,0.0,0.0,0.0,0.0,0.0,0.0,0.0,0.0,0.0,0.0,0.0,0.0
1198,19:58,PTR10,16,0,0,100.0,0.0,0.0,0.0,0.0,0.0,0.0,0.0,0.0,0.0,0.0,0.0,0.0,0.0,0.0,0.0
1199,19:59,PTR6,15,0,0,100.0,0.0,0.0,0.0,0.0,0.0,0.0,0.0,0.0,0.0,0.0,0.0,0.0,0.0,0.0,0.0
1199,19:59,PTR7,15,0,0,100.0,0.0,0.0,0.0,0.0,0.0,0.0,0.0,0.0,0.0,0.0,0.0,0.0,0.0,0.0,0.0
1199,19:59,PTR8,16,0,0,100.0,0.0,0.0,0.0,0.0,0.0,0.0,0.0,0.0,0.0,0.0,0.0,0.0,0.0,0.0,0.0
1199,19:59,PTR9,15,0,0,100.0,0.0,0.0,0.0,0.0,0.0,0.0,0.0,0.0,0.0,0.0,0.0,0.0,0.0,0.0,0.0
1199,19:59,PTR10,16,0,0,100.0,0.0,0.0,0.0,0.0,0.0,0.0,0.0,0.0,0.0,0.0,0.0,0.0,0.0,0.0,0.0
1200,20:00,PTR6,15,0,0,100.0,0.0,0.0,0.0,0.0,0.0,0.0,0.0,0.0,0.0,0.0,0.0,0.0,0.0,0.0,0.0
1200,20:00,PTR7,15,0,0,100.0,0.0,0.0,0.0,0.0,0.0,0.0,0.0,0.0,0.0,0.0,0.0,0.0,0.0,0.0,0.0
1200,20:00,PTR8,16,0,0,100.0,0.0,0.0,0.0,0.0,0.0,0.0,0.0,0.0,0.0,0.0,0.0,0.0,0.0,0.0,0.0
1200,20:00,PTR9,15,0,0,100.0,0.0,0.0,0.0,0.0,0.0,0.0,0.0,0.0,0.0,0.0,0.0,0.0,0.0,0.0,0.0
1200,20:00,PTR10,16,0,0,100.0,0.0,0.0,0.0,0.0,0.0,0.0,0.0,0.0,0.0,0.0,0.0,0.0,0.0,0.0,0.0
1201,20:01,PTR6,15,0,0,100.0,0.0,0.0,0.0,0.0,0.0,0.0,0.0,0.0,0.0,0.0,0.0,0.0,0.0,0.0,0.0
1201,20:01,PTR7,15,0,0,100.0,0.0,0.0,0.0,0.0,0.0,0.0,0.0,0.0,0.0,0.0,0.0,0.0,0.0,0.0,0.0
1201,20:01,PTR8,16,0,0,100.0,0.0,0.0,0.0,0.0,0.0,0.0,0.0,0.0,0.0,0.0,0.0,0.0,0.0,0.0,0.0
1201,20:01,PTR9,15,0,0,100.0,0.0,0.0,0.0,0.0,0.0,0.0,0.0,0.0,0.0,0.0,0.0,0.0,0.0,0.0,0.0
1201,20:01,PTR10,16,0,0,100.0,0.0,0.0,0.0,0.0,0.0,0.0,0.0,0.0,0.0,0.0,0.0,0.0,0.0,0.0,0.0
1202,20:02,PTR6,15,0,0,100.0,0.0,0.0,0.0,0.0,0.0,0.0,0.0,0.0,0.0,0.0,0.0,0.0,0.0,0.0,0.0
1202,20:02,PTR7,15,0,0,100.0,0.0,0.0,0.0,0.0,0.0,0.0,0.0,0.0,0.0,0.0,0.0,0.0,0.0,0.0,0.0
1202,20:02,PTR8,16,0,0,100.0,0.0,0.0,0.0,0.0,0.0,0.0,0.0,0.0,0.0,0.0,0.0,0.0,0.0,0.0,0.0
1202,20:02,PTR9,15,0,0,100.0,0.0,0.0,0.0,0.0,0.0,0.0,0.0,0.0,0.0,0.0,0.0,0.0,0.0,0.0,0.0
1202,20:02,PTR10,16,0,0,100.0,0.0,0.0,0.0,0.0,0.0,0.0,0.0,0.0,0.0,0.0,0.0,0.0,0.0,0.0,0.0
1203,20:03,PTR6,15,0,0,100.0,0.0,0.0,0.0,0.0,0.0,0.0,0.0,0.0,0.0,0.0,0.0,0.0,0.0,0.0,0.0
1203,20:03,PTR7,15,0,0,100.0,0.0,0.0,0.0,0.0,0.0,0.0,0.0,0.0,0.0,0.0,0.0,0.0,0.0,0.0,0.0
1203,20:03,PTR8,16,0,0,100.0,0.0,0.0,0.0,0.0,0.0,0.0,0.0,0.0,0.0,0.0,0.0,0.0,0.0,0.0,0.0
1203,20:03,PTR9,15,0,0,100.0,0.0,0.0,0.0,0.0,0.0,0.0,0.0,0.0,0.0,0.0,0.0,0.0,0.0,0.0,0.0
1203,20:03,PTR10,16,0,0,100.0,0.0,0.0,0.0,0.0,0.0,0.0,0.0,0.0,0.0,0.0,0.0,0.0,0.0,0.0,0.0
1204,20:04,PTR6,15,0,0,100.0,0.0,0.0,0.0,0.0,0.0,0.0,0.0,0.0,0.0,0.0,0.0,0.0,0.0,0.0,0.0
1204,20:04,PTR7,15,0,0,100.0,0.0,0.0,0.0,0.0,0.0,0.0,0.0,0.0,0.0,0.0,0.0,0.0,0.0,0.0,0.0
1204,20:04,PTR8,16,0,0,100.0,0.0,0.0,0.0,0.0,0.0,0.0,0.0,0.0,0.0,0.0,0.0,0.0,0.0,0.0,0.0
1204,20:04,PTR9,15,0,0,100.0,0.0,0.0,0.0,0.0,0.0,0.0,0.0,0.0,0.0,0.0,0.0,0.0,0.0,0.0,0.0
1204,20:04,PTR10,16,0,0,100.0,0.0,0.0,0.0,0.0,0.0,0.0,0.0,0.0,0.0,0.0,0.0,0.0,0.0,0.0,0.0
1205,20:05,PTR6,15,0,0,100.0,0.0,0.0,0.0,0.0,0.0,0.0,0.0,0.0,0.0,0.0,0.0,0.0,0.0,0.0,0.0
1205,20:05,PTR7,15,0,0,100.0,0.0,0.0,0.0,0.0,0.0,0.0,0.0,0.0,0.0,0.0,0.0,0.0,0.0,0.0,0.0
1205,20:05,PTR8,16,0,0,100.0,0.0,0.0,0.0,0.0,0.0,0.0,0.0,0.0,0.0,0.0,0.0,0.0,0.0,0.0,0.0
1205,20:05,PTR9,15,0,0,100.0,0.0,0.0,0.0,0.0,0.0,0.0,0.0,0.0,0.0,0.0,0.0,0.0,0.0,0.0,0.0
1205,20:05,PTR10,16,0,0,100.0,0.0,0.0,0.0,0.0,0.0,0.0,0.0,0.0,0.0,0.0,0.0,0.0,0.0,0.0,0.0
1206,20:06,PTR6,15,0,0,100.0,0.0,0.0,0.0,0.0,0.0,0.0,0.0,0.0,0.0,0.0,0.0,0.0,0.0,0.0,0.0
1206,20:06,PTR7,15,0,0,100.0,0.0,0.0,0.0,0.0,0.0,0.0,0.0,0.0,0.0,0.0,0.0,0.0,0.0,0.0,0.0
1206,20:06,PTR8,16,0,0,100.0,0.0,0.0,0.0,0.0,0.0,0.0,0.0,0.0,0.0,0.0,0.0,0.0,0.0,0.0,0.0
1206,20:06,PTR9,15,0,0,100.0,0.0,0.0,0.0,0.0,0.0,0.0,0.0,0.0,0.0,0.0,0.0,0.0,0.0,0.0,0.0
1206,20:06,PTR10,16,0,0,100.0,0.0,0.0,0.0,0.0,0.0,0.0,0.0,0.0,0.0,0.0,0.0,0.0,0.0,0.0,0.0
1207,20:07,PTR6,15,0,0,100.0,0.0,0.0,0.0,0.0,0.0,0.0,0.0,0.0,0.0,0.0,0.0,0.0,0.0,0.0,0.0
1207,20:07,PTR7,15,0,0,100.0,0.0,0.0,0.0,0.0,0.0,0.0,0.0,0.0,0.0,0.0,0.0,0.0,0.0,0.0,0.0
1207,20:07,PTR8,16,0,0,100.0,0.0,0.0,0.0,0.0,0.0,0.0,0.0,0.0,0.0,0.0,0.0,0.0,0.0,0.0,0.0
1207,20:07,PTR9,15,0,0,100.0,0.0,0.0,0.0,0.0,0.0,0.0,0.0,0.0,0.0,0.0,0.0,0.0,0.0,0.0,0.0
1207,20:07,PTR10,16,0,0,100.0,0.0,0.0,0.0,0.0,0.0,0.0,0.0,0.0,0.0,0.0,0.0,0.0,0.0,0.0,0.0
1208,20:08,PTR6,15,0,0,100.0,0.0,0.0,0.0,0.0,0.0,0.0,0.0,0.0,0.0,0.0,0.0,0.0,0.0,0.0,0.0
1208,20:08,PTR7,15,0,0,100.0,0.0,0.0,0.0,0.0,0.0,0.0,0.0,0.0,0.0,0.0,0.0,0.0,0.0,0.0,0.0
1208,20:08,PTR8,16,0,0,100.0,0.0,0.0,0.0,0.0,0.0,0.0,0.0,0.0,0.0,0.0,0.0,0.0,0.0,0.0,0.0
1208,20:08,PTR9,15,0,0,100.0,0.0,0.0,0.0,0.0,0.0,0.0,0.0,0.0,0.0,0.0,0.0,0.0,0.0,0.0,0.0
1208,20:08,PTR10,16,0,0,100.0,0.0,0.0,0.0,0.0,0.0,0.0,0.0,0.0,0.0,0.0,0.0,0.0,0.0,0.0,0.0
1209,20:09,PTR6,15,0,0,100.0,0.0,0.0,0.0,0.0,0.0,0.0,0.0,0.0,0.0,0.0,0.0,0.0,0.0,0.0,0.0
1209,20:09,PTR7,15,0,0,100.0,0.0,0.0,0.0,0.0,0.0,0.0,0.0,0.0,0.0,0.0,0.0,0.0,0.0,0.0,0.0
1209,20:09,PTR8,16,0,0,100.0,0.0,0.0,0.0,0.0,0.0,0.0,0.0,0.0,0.0,0.0,0.0,0.0,0.0,0.0,0.0
1209,20:09,PTR9,15,0,0,100.0,0.0,0.0,0.0,0.0,0.0,0.0,0.0,0.0,0.0,0.0,0.0,0.0,0.0,0.0,0.0
1209,20:09,PTR10,16,0,0,100.0,0.0,0.0,0.0,0.0,0.0,0.0,0.0,0.0,0.0,0.0,0.0,0.0,0.0,0.0,0.0
1210,20:10,PTR6,15,0,0,100.0,0.0,0.0,0.0,0.0,0.0,0.0,0.0,0.0,0.0,0.0,0.0,0.0,0.0,0.0,0.0
1210,20:10,PTR7,15,0,0,100.0,0.0,0.0,0.0,0.0,0.0,0.0,0.0,0.0,0.0,0.0,0.0,0.0,0.0,0.0,0.0
1210,20:10,PTR8,16,0,0,100.0,0.0,0.0,0.0,0.0,0.0,0.0,0.0,0.0,0.0,0.0,0.0,0.0,0.0,0.0,0.0
1210,20:10,PTR9,15,0,0,100.0,0.0,0.0,0.0,0.0,0.0,0.0,0.0,0.0,0.0,0.0,0.0,0.0,0.0,0.0,0.0
1210,20:10,PTR10,16,0,0,100.0,0.0,0.0,0.0,0.0,0.0,0.0,0.0,0.0,0.0,0.0,0.0,0.0,0.0,0.0,0.0
1211,20:11,PTR6,15,0,0,100.0,0.0,0.0,0.0,0.0,0.0,0.0,0.0,0.0,0.0,0.0,0.0,0.0,0.0,0.0,0.0
1211,20:11,PTR7,15,0,0,100.0,0.0,0.0,0.0,0.0,0.0,0.0,0.0,0.0,0.0,0.0,0.0,0.0,0.0,0.0,0.0
1211,20:11,PTR8,16,0,0,100.0,0.0,0.0,0.0,0.0,0.0,0.0,0.0,0.0,0.0,0.0,0.0,0.0,0.0,0.0,0.0
1211,20:11,PTR9,15,0,0,100.0,0.0,0.0,0.0,0.0,0.0,0.0,0.0,0.0,0.0,0.0,0.0,0.0,0.0,0.0,0.0
1211,20:11,PTR10,16,0,0,100.0,0.0,0.0,0.0,0.0,0.0,0.0,0.0,0.0,0.0,0.0,0.0,0.0,0.0,0.0,0.0
1212,20:12,PTR6,15,0,0,100.0,0.0,0.0,0.0,0.0,0.0,0.0,0.0,0.0,0.0,0.0,0.0,0.0,0.0,0.0,0.0
1212,20:12,PTR7,15,0,0,100.0,0.0,0.0,0.0,0.0,0.0,0.0,0.0,0.0,0.0,0.0,0.0,0.0,0.0,0.0,0.0
1212,20:12,PTR8,16,0,0,100.0,0.0,0.0,0.0,0.0,0.0,0.0,0.0,0.0,0.0,0.0,0.0,0.0,0.0,0.0,0.0
1212,20:12,PTR9,15,0,0,100.0,0.0,0.0,0.0,0.0,0.0,0.0,0.0,0.0,0.0,0.0,0.0,0.0,0.0,0.0,0.0
1212,20:12,PTR10,16,0,0,100.0,0.0,0.0,0.0,0.0,0.0,0.0,0.0,0.0,0.0,0.0,0.0,0.0,0.0,0.0,0.0
1213,20:13,PTR6,15,0,0,100.0,0.0,0.0,0.0,0.0,0.0,0.0,0.0,0.0,0.0,0.0,0.0,0.0,0.0,0.0,0.0
1213,20:13,PTR7,15,0,0,100.0,0.0,0.0,0.0,0.0,0.0,0.0,0.0,0.0,0.0,0.0,0.0,0.0,0.0,0.0,0.0
1213,20:13,PTR8,16,0,0,100.0,0.0,0.0,0.0,0.0,0.0,0.0,0.0,0.0,0.0,0.0,0.0,0.0,0.0,0.0,0.0
1213,20:13,PTR9,15,0,0,100.0,0.0,0.0,0.0,0.0,0.0,0.0,0.0,0.0,0.0,0.0,0.0,0.0,0.0,0.0,0.0
1213,20:13,PTR10,16,0,0,100.0,0.0,0.0,0.0,0.0,0.0,0.0,0.0,0.0,0.0,0.0,0.0,0.0,0.0,0.0,0.0
1214,20:14,PTR6,15,0,0,100.0,0.0,0.0,0.0,0.0,0.0,0.0,0.0,0.0,0.0,0.0,0.0,0.0,0.0,0.0,0.0
1214,20:14,PTR7,15,0,0,100.0,0.0,0.0,0.0,0.0,0.0,0.0,0.0,0.0,0.0,0.0,0.0,0.0,0.0,0.0,0.0
1214,20:14,PTR8,16,0,0,100.0,0.0,0.0,0.0,0.0,0.0,0.0,0.0,0.0,0.0,0.0,0.0,0.0,0.0,0.0,0.0
1214,20:14,PTR9,15,0,0,100.0,0.0,0.0,0.0,0.0,0.0,0.0,0.0,0.0,0.0,0.0,0.0,0.0,0.0,0.0,0.0
1214,20:14,PTR10,16,0,0,100.0,0.0,0.0,0.0,0.0,0.0,0.0,0.0,0.0,0.0,0.0,0.0,0.0,0.0,0.0,0.0
1215,20:15,PTR6,15,0,0,100.0,0.0,0.0,0.0,0.0,0.0,0.0,0.0,0.0,0.0,0.0,0.0,0.0,0.0,0.0,0.0
1215,20:15,PTR7,15,0,0,100.0,0.0,0.0,0.0,0.0,0.0,0.0,0.0,0.0,0.0,0.0,0.0,0.0,0.0,0.0,0.0
1215,20:15,PTR8,16,0,0,100.0,0.0,0.0,0.0,0.0,0.0,0.0,0.0,0.0,0.0,0.0,0.0,0.0,0.0,0.0,0.0
1215,20:15,PTR9,15,0,0,100.0,0.0,0.0,0.0,0.0,0.0,0.0,0.0,0.0,0.0,0.0,0.0,0.0,0.0,0.0,0.0
1215,20:15,PTR10,16,0,0,100.0,0.0,0.0,0.0,0.0,0.0,0.0,0.0,0.0,0.0,0.0,0.0,0.0,0.0,0.0,0.0
1216,20:16,PTR6,15,0,0,100.0,0.0,0.0,0.0,0.0,0.0,0.0,0.0,0.0,0.0,0.0,0.0,0.0,0.0,0.0,0.0
1216,20:16,PTR7,15,0,0,100.0,0.0,0.0,0.0,0.0,0.0,0.0,0.0,0.0,0.0,0.0,0.0,0.0,0.0,0.0,0.0
1216,20:16,PTR8,16,0,0,100.0,0.0,0.0,0.0,0.0,0.0,0.0,0.0,0.0,0.0,0.0,0.0,0.0,0.0,0.0,0.0
1216,20:16,PTR9,15,0,0,100.0,0.0,0.0,0.0,0.0,0.0,0.0,0.0,0.0,0.0,0.0,0.0,0.0,0.0,0.0,0.0
1216,20:16,PTR10,16,0,0,100.0,0.0,0.0,0.0,0.0,0.0,0.0,0.0,0.0,0.0,0.0,0.0,0.0,0.0,0.0,0.0
1217,20:17,PTR6,15,0,0,100.0,0.0,0.0,0.0,0.0,0.0,0.0,0.0,0.0,0.0,0.0,0.0,0.0,0.0,0.0,0.0
1217,20:17,PTR7,15,0,0,100.0,0.0,0.0,0.0,0.0,0.0,0.0,0.0,0.0,0.0,0.0,0.0,0.0,0.0,0.0,0.0
1217,20:17,PTR8,16,0,0,100.0,0.0,0.0,0.0,0.0,0.0,0.0,0.0,0.0,0.0,0.0,0.0,0.0,0.0,0.0,0.0
1217,20:17,PTR9,15,0,0,100.0,0.0,0.0,0.0,0.0,0.0,0.0,0.0,0.0,0.0,0.0,0.0,0.0,0.0,0.0,0.0
1217,20:17,PTR10,16,0,0,100.0,0.0,0.0,0.0,0.0,0.0,0.0,0.0,0.0,0.0,0.0,0.0,0.0,0.0,0.0,0.0
1218,20:18,PTR6,15,0,0,100.0,0.0,0.0,0.0,0.0,0.0,0.0,0.0,0.0,0.0,0.0,0.0,0.0,0.0,0.0,0.0
1218,20:18,PTR7,15,0,0,100.0,0.0,0.0,0.0,0.0,0.0,0.0,0.0,0.0,0.0,0.0,0.0,0.0,0.0,0.0,0.0
1218,20:18,PTR8,16,0,0,100.0,0.0,0.0,0.0,0.0,0.0,0.0,0.0,0.0,0.0,0.0,0.0,0.0,0.0,0.0,0.0
1218,20:18,PTR9,15,0,0,100.0,0.0,0.0,0.0,0.0,0.0,0.0,0.0,0.0,0.0,0.0,0.0,0.0,0.0,0.0,0.0
1218,20:18,PTR10,16,0,0,100.0,0.0,0.0,0.0,0.0,0.0,0.0,0.0,0.0,0.0,0.0,0.0,0.0,0.0,0.0,0.0
1219,20:19,PTR6,15,0,0,100.0,0.0,0.0,0.0,0.0,0.0,0.0,0.0,0.0,0.0,0.0,0.0,0.0,0.0,0.0,0.0
1219,20:19,PTR7,15,0,0,100.0,0.0,0.0,0.0,0.0,0.0,0.0,0.0,0.0,0.0,0.0,0.0,0.0,0.0,0.0,0.0
1219,20:19,PTR8,16,0,0,100.0,0.0,0.0,0.0,0.0,0.0,0.0,0.0,0.0,0.0,0.0,0.0,0.0,0.0,0.0,0.0
1219,20:19,PTR9,15,0,0,100.0,0.0,0.0,0.0,0.0,0.0,0.0,0.0,0.0,0.0,0.0,0.0,0.0,0.0,0.0,0.0
1219,20:19,PTR10,16,0,0,100.0,0.0,0.0,0.0,0.0,0.0,0.0,0.0,0.0,0.0,0.0,0.0,0.0,0.0,0.0,0.0
1220,20:20,PTR6,15,0,0,100.0,0.0,0.0,0.0,0.0,0.0,0.0,0.0,0.0,0.0,0.0,0.0,0.0,0.0,0.0,0.0
1220,20:20,PTR7,15,0,0,100.0,0.0,0.0,0.0,0.0,0.0,0.0,0.0,0.0,0.0,0.0,0.0,0.0,0.0,0.0,0.0
1220,20:20,PTR8,16,0,0,100.0,0.0,0.0,0.0,0.0,0.0,0.0,0.0,0.0,0.0,0.0,0.0,0.0,0.0,0.0,0.0
1220,20:20,PTR9,15,0,0,100.0,0.0,0.0,0.0,0.0,0.0,0.0,0.0,0.0,0.0,0.0,0.0,0.0,0.0,0.0,0.0
1220,20:20,PTR10,16,0,0,100.0,0.0,0.0,0.0,0.0,0.0,0.0,0.0,0.0,0.0,0.0,0.0,0.0,0.0,0.0,0.0
1221,20:21,PTR6,15,0,0,100.0,0.0,0.0,0.0,0.0,0.0,0.0,0.0,0.0,0.0,0.0,0.0,0.0,0.0,0.0,0.0
1221,20:21,PTR7,15,0,0,100.0,0.0,0.0,0.0,0.0,0.0,0.0,0.0,0.0,0.0,0.0,0.0,0.0,0.0,0.0,0.0
1221,20:21,PTR8,16,0,0,100.0,0.0,0.0,0.0,0.0,0.0,0.0,0.0,0.0,0.0,0.0,0.0,0.0,0.0,0.0,0.0
1221,20:21,PTR9,15,0,0,100.0,0.0,0.0,0.0,0.0,0.0,0.0,0.0,0.0,0.0,0.0,0.0,0.0,0.0,0.0,0.0
1221,20:21,PTR10,16,0,0,100.0,0.0,0.0,0.0,0.0,0.0,0.0,0.0,0.0,0.0,0.0,0.0,0.0,0.0,0.0,0.0
1222,20:22,PTR6,15,0,0,100.0,0.0,0.0,0.0,0.0,0.0,0.0,0.0,0.0,0.0,0.0,0.0,0.0,0.0,0.0,0.0
1222,20:22,PTR7,15,0,0,100.0,0.0,0.0,0.0,0.0,0.0,0.0,0.0,0.0,0.0,0.0,0.0,0.0,0.0,0.0,0.0
1222,20:22,PTR8,16,0,0,100.0,0.0,0.0,0.0,0.0,0.0,0.0,0.0,0.0,0.0,0.0,0.0,0.0,0.0,0.0,0.0
1222,20:22,PTR9,15,0,0,100.0,0.0,0.0,0.0,0.0,0.0,0.0,0.0,0.0,0.0,0.0,0.0,0.0,0.0,0.0,0.0
1222,20:22,PTR10,16,0,0,100.0,0.0,0.0,0.0,0.0,0.0,0.0,0.0,0.0,0.0,0.0,0.0,0.0,0.0,0.0,0.0
1223,20:23,PTR6,15,0,0,100.0,0.0,0.0,0.0,0.0,0.0,0.0,0.0,0.0,0.0,0.0,0.0,0.0,0.0,0.0,0.0
1223,20:23,PTR7,15,0,0,100.0,0.0,0.0,0.0,0.0,0.0,0.0,0.0,0.0,0.0,0.0,0.0,0.0,0.0,0.0,0.0
1223,20:23,PTR8,16,0,0,100.0,0.0,0.0,0.0,0.0,0.0,0.0,0.0,0.0,0.0,0.0,0.0,0.0,0.0,0.0,0.0
1223,20:23,PTR9,15,0,0,100.0,0.0,0.0,0.0,0.0,0.0,0.0,0.0,0.0,0.0,0.0,0.0,0.0,0.0,0.0,0.0
1223,20:23,PTR10,16,0,0,100.0,0.0,0.0,0.0,0.0,0.0,0.0,0.0,0.0,0.0,0.0,0.0,0.0,0.0,0.0,0.0
1224,20:24,PTR6,15,0,0,100.0,0.0,0.0,0.0,0.0,0.0,0.0,0.0,0.0,0.0,0.0,0.0,0.0,0.0,0.0,0.0
1224,20:24,PTR7,15,0,0,100.0,0.0,0.0,0.0,0.0,0.0,0.0,0.0,0.0,0.0,0.0,0.0,0.0,0.0,0.0,0.0
1224,20:24,PTR8,16,0,0,100.0,0.0,0.0,0.0,0.0,0.0,0.0,0.0,0.0,0.0,0.0,0.0,0.0,0.0,0.0,0.0
1224,20:24,PTR9,15,0,0,100.0,0.0,0.0,0.0,0.0,0.0,0.0,0.0,0.0,0.0,0.0,0.0,0.0,0.0,0.0,0.0
1224,20:24,PTR10,16,0,0,100.0,0.0,0.0,0.0,0.0,0.0,0.0,0.0,0.0,0.0,0.0,0.0,0.0,0.0,0.0,0.0
1225,20:25,PTR6,15,0,0,100.0,0.0,0.0,0.0,0.0,0.0,0.0,0.0,0.0,0.0,0.0,0.0,0.0,0.0,0.0,0.0
1225,20:25,PTR7,15,0,0,100.0,0.0,0.0,0.0,0.0,0.0,0.0,0.0,0.0,0.0,0.0,0.0,0.0,0.0,0.0,0.0
1225,20:25,PTR8,16,0,0,100.0,0.0,0.0,0.0,0.0,0.0,0.0,0.0,0.0,0.0,0.0,0.0,0.0,0.0,0.0,0.0
1225,20:25,PTR9,15,0,0,100.0,0.0,0.0,0.0,0.0,0.0,0.0,0.0,0.0,0.0,0.0,0.0,0.0,0.0,0.0,0.0
1225,20:25,PTR10,16,0,0,100.0,0.0,0.0,0.0,0.0,0.0,0.0,0.0,0.0,0.0,0.0,0.0,0.0,0.0,0.0,0.0
1226,20:26,PTR6,15,0,0,100.0,0.0,0.0,0.0,0.0,0.0,0.0,0.0,0.0,0.0,0.0,0.0,0.0,0.0,0.0,0.0
1226,20:26,PTR7,15,0,0,100.0,0.0,0.0,0.0,0.0,0.0,0.0,0.0,0.0,0.0,0.0,0.0,0.0,0.0,0.0,0.0
1226,20:26,PTR8,16,0,0,100.0,0.0,0.0,0.0,0.0,0.0,0.0,0.0,0.0,0.0,0.0,0.0,0.0,0.0,0.0,0.0
1226,20:26,PTR9,15,0,0,100.0,0.0,0.0,0.0,0.0,0.0,0.0,0.0,0.0,0.0,0.0,0.0,0.0,0.0,0.0,0.0
1226,20:26,PTR10,16,0,0,100.0,0.0,0.0,0.0,0.0,0.0,0.0,0.0,0.0,0.0,0.0,0.0,0.0,0.0,0.0,0.0
1227,20:27,PTR6,15,0,0,100.0,0.0,0.0,0.0,0.0,0.0,0.0,0.0,0.0,0.0,0.0,0.0,0.0,0.0,0.0,0.0
1227,20:27,PTR7,15,0,0,100.0,0.0,0.0,0.0,0.0,0.0,0.0,0.0,0.0,0.0,0.0,0.0,0.0,0.0,0.0,0.0
1227,20:27,PTR8,16,0,0,100.0,0.0,0.0,0.0,0.0,0.0,0.0,0.0,0.0,0.0,0.0,0.0,0.0,0.0,0.0,0.0
1227,20:27,PTR9,15,0,0,100.0,0.0,0.0,0.0,0.0,0.0,0.0,0.0,0.0,0.0,0.0,0.0,0.0,0.0,0.0,0.0
1227,20:27,PTR10,16,0,0,100.0,0.0,0.0,0.0,0.0,0.0,0.0,0.0,0.0,0.0,0.0,0.0,0.0,0.0,0.0,0.0
1228,20:28,PTR6,15,0,0,100.0,0.0,0.0,0.0,0.0,0.0,0.0,0.0,0.0,0.0,0.0,0.0,0.0,0.0,0.0,0.0
1228,20:28,PTR7,15,0,0,100.0,0.0,0.0,0.0,0.0,0.0,0.0,0.0,0.0,0.0,0.0,0.0,0.0,0.0,0.0,0.0
1228,20:28,PTR8,16,0,0,100.0,0.0,0.0,0.0,0.0,0.0,0.0,0.0,0.0,0.0,0.0,0.0,0.0,0.0,0.0,0.0
1228,20:28,PTR9,15,0,0,100.0,0.0,0.0,0.0,0.0,0.0,0.0,0.0,0.0,0.0,0.0,0.0,0.0,0.0,0.0,0.0
1228,20:28,PTR10,16,0,0,100.0,0.0,0.0,0.0,0.0,0.0,0.0,0.0,0.0,0.0,0.0,0.0,0.0,0.0,0.0,0.0
1229,20:29,PTR6,15,0,0,100.0,0.0,0.0,0.0,0.0,0.0,0.0,0.0,0.0,0.0,0.0,0.0,0.0,0.0,0.0,0.0
1229,20:29,PTR7,15,0,0,100.0,0.0,0.0,0.0,0.0,0.0,0.0,0.0,0.0,0.0,0.0,0.0,0.0,0.0,0.0,0.0
1229,20:29,PTR8,16,0,0,100.0,0.0,0.0,0.0,0.0,0.0,0.0,0.0,0.0,0.0,0.0,0.0,0.0,0.0,0.0,0.0
1229,20:29,PTR9,15,0,0,100.0,0.0,0.0,0.0,0.0,0.0,0.0,0.0,0.0,0.0,0.0,0.0,0.0,0.0,0.0,0.0
1229,20:29,PTR10,16,0,0,100.0,0.0,0.0,0.0,0.0,0.0,0.0,0.0,0.0,0.0,0.0,0.0,0.0,0.0,0.0,0.0
1230,20:30,PTR6,15,0,0,100.0,0.0,0.0,0.0,0.0,0.0,0.0,0.0,0.0,0.0,0.0,0.0,0.0,0.0,0.0,0.0
1230,20:30,PTR7,15,0,0,100.0,0.0,0.0,0.0,0.0,0.0,0.0,0.0,0.0,0.0,0.0,0.0,0.0,0.0,0.0,0.0
1230,20:30,PTR8,16,0,0,100.0,0.0,0.0,0.0,0.0,0.0,0.0,0.0,0.0,0.0,0.0,0.0,0.0,0.0,0.0,0.0
1230,20:30,PTR9,15,0,0,100.0,0.0,0.0,0.0,0.0,0.0,0.0,0.0,0.0,0.0,0.0,0.0,0.0,0.0,0.0,0.0
1230,20:30,PTR10,16,0,0,100.0,0.0,0.0,0.0,0.0,0.0,0.0,0.0,0.0,0.0,0.0,0.0,0.0,0.0,0.0,0.0
1231,20:31,PTR6,15,0,0,100.0,0.0,0.0,0.0,0.0,0.0,0.0,0.0,0.0,0.0,0.0,0.0,0.0,0.0,0.0,0.0
1231,20:31,PTR7,15,0,0,100.0,0.0,0.0,0.0,0.0,0.0,0.0,0.0,0.0,0.0,0.0,0.0,0.0,0.0,0.0,0.0
1231,20:31,PTR8,16,0,0,100.0,0.0,0.0,0.0,0.0,0.0,0.0,0.0,0.0,0.0,0.0,0.0,0.0,0.0,0.0,0.0
1231,20:31,PTR9,15,0,0,100.0,0.0,0.0,0.0,0.0,0.0,0.0,0.0,0.0,0.0,0.0,0.0,0.0,0.0,0.0,0.0
1231,20:31,PTR10,16,0,0,100.0,0.0,0.0,0.0,0.0,0.0,0.0,0.0,0.0,0.0,0.0,0.0,0.0,0.0,0.0,0.0
1232,20:32,PTR6,15,0,0,100.0,0.0,0.0,0.0,0.0,0.0,0.0,0.0,0.0,0.0,0.0,0.0,0.0,0.0,0.0,0.0
1232,20:32,PTR7,15,0,0,100.0,0.0,0.0,0.0,0.0,0.0,0.0,0.0,0.0,0.0,0.0,0.0,0.0,0.0,0.0,0.0
1232,20:32,PTR8,16,0,0,100.0,0.0,0.0,0.0,0.0,0.0,0.0,0.0,0.0,0.0,0.0,0.0,0.0,0.0,0.0,0.0
1232,20:32,PTR9,15,0,0,100.0,0.0,0.0,0.0,0.0,0.0,0.0,0.0,0.0,0.0,0.0,0.0,0.0,0.0,0.0,0.0
1232,20:32,PTR10,16,0,0,100.0,0.0,0.0,0.0,0.0,0.0,0.0,0.0,0.0,0.0,0.0,0.0,0.0,0.0,0.0,0.0
1233,20:33,PTR6,15,0,0,100.0,0.0,0.0,0.0,0.0,0.0,0.0,0.0,0.0,0.0,0.0,0.0,0.0,0.0,0.0,0.0
1233,20:33,PTR7,15,0,0,100.0,0.0,0.0,0.0,0.0,0.0,0.0,0.0,0.0,0.0,0.0,0.0,0.0,0.0,0.0,0.0
1233,20:33,PTR8,16,0,0,100.0,0.0,0.0,0.0,0.0,0.0,0.0,0.0,0.0,0.0,0.0,0.0,0.0,0.0,0.0,0.0
1233,20:33,PTR9,15,0,0,100.0,0.0,0.0,0.0,0.0,0.0,0.0,0.0,0.0,0.0,0.0,0.0,0.0,0.0,0.0,0.0
1233,20:33,PTR10,16,0,0,100.0,0.0,0.0,0.0,0.0,0.0,0.0,0.0,0.0,0.0,0.0,0.0,0.0,0.0,0.0,0.0
1234,20:34,PTR6,15,0,0,100.0,0.0,0.0,0.0,0.0,0.0,0.0,0.0,0.0,0.0,0.0,0.0,0.0,0.0,0.0,0.0
1234,20:34,PTR7,15,0,0,100.0,0.0,0.0,0.0,0.0,0.0,0.0,0.0,0.0,0.0,0.0,0.0,0.0,0.0,0.0,0.0
1234,20:34,PTR8,16,0,0,100.0,0.0,0.0,0.0,0.0,0.0,0.0,0.0,0.0,0.0,0.0,0.0,0.0,0.0,0.0,0.0
1234,20:34,PTR9,15,0,0,100.0,0.0,0.0,0.0,0.0,0.0,0.0,0.0,0.0,0.0,0.0,0.0,0.0,0.0,0.0,0.0
1234,20:34,PTR10,16,0,0,100.0,0.0,0.0,0.0,0.0,0.0,0.0,0.0,0.0,0.0,0.0,0.0,0.0,0.0,0.0,0.0
1235,20:35,PTR6,15,0,0,100.0,0.0,0.0,0.0,0.0,0.0,0.0,0.0,0.0,0.0,0.0,0.0,0.0,0.0,0.0,0.0
1235,20:35,PTR7,15,0,0,100.0,0.0,0.0,0.0,0.0,0.0,0.0,0.0,0.0,0.0,0.0,0.0,0.0,0.0,0.0,0.0
1235,20:35,PTR8,16,0,0,100.0,0.0,0.0,0.0,0.0,0.0,0.0,0.0,0.0,0.0,0.0,0.0,0.0,0.0,0.0,0.0
1235,20:35,PTR9,15,0,0,100.0,0.0,0.0,0.0,0.0,0.0,0.0,0.0,0.0,0.0,0.0,0.0,0.0,0.0,0.0,0.0
1235,20:35,PTR10,16,0,0,100.0,0.0,0.0,0.0,0.0,0.0,0.0,0.0,0.0,0.0,0.0,0.0,0.0,0.0,0.0,0.0
1236,20:36,PTR6,15,0,0,100.0,0.0,0.0,0.0,0.0,0.0,0.0,0.0,0.0,0.0,0.0,0.0,0.0,0.0,0.0,0.0
1236,20:36,PTR7,15,0,0,100.0,0.0,0.0,0.0,0.0,0.0,0.0,0.0,0.0,0.0,0.0,0.0,0.0,0.0,0.0,0.0
1236,20:36,PTR8,16,0,0,100.0,0.0,0.0,0.0,0.0,0.0,0.0,0.0,0.0,0.0,0.0,0.0,0.0,0.0,0.0,0.0
1236,20:36,PTR9,15,0,0,100.0,0.0,0.0,0.0,0.0,0.0,0.0,0.0,0.0,0.0,0.0,0.0,0.0,0.0,0.0,0.0
1236,20:36,PTR10,16,0,0,100.0,0.0,0.0,0.0,0.0,0.0,0.0,0.0,0.0,0.0,0.0,0.0,0.0,0.0,0.0,0.0
1237,20:37,PTR6,15,0,0,100.0,0.0,0.0,0.0,0.0,0.0,0.0,0.0,0.0,0.0,0.0,0.0,0.0,0.0,0.0,0.0
1237,20:37,PTR7,15,0,0,100.0,0.0,0.0,0.0,0.0,0.0,0.0,0.0,0.0,0.0,0.0,0.0,0.0,0.0,0.0,0.0
1237,20:37,PTR8,16,0,0,100.0,0.0,0.0,0.0,0.0,0.0,0.0,0.0,0.0,0.0,0.0,0.0,0.0,0.0,0.0,0.0
1237,20:37,PTR9,15,0,0,100.0,0.0,0.0,0.0,0.0,0.0,0.0,0.0,0.0,0.0,0.0,0.0,0.0,0.0,0.0,0.0
1237,20:37,PTR10,16,0,0,100.0,0.0,0.0,0.0,0.0,0.0,0.0,0.0,0.0,0.0,0.0,0.0,0.0,0.0,0.0,0.0
1238,20:38,PTR6,15,0,0,100.0,0.0,0.0,0.0,0.0,0.0,0.0,0.0,0.0,0.0,0.0,0.0,0.0,0.0,0.0,0.0
1238,20:38,PTR7,15,0,0,100.0,0.0,0.0,0.0,0.0,0.0,0.0,0.0,0.0,0.0,0.0,0.0,0.0,0.0,0.0,0.0
1238,20:38,PTR8,16,0,0,100.0,0.0,0.0,0.0,0.0,0.0,0.0,0.0,0.0,0.0,0.0,0.0,0.0,0.0,0.0,0.0
1238,20:38,PTR9,15,0,0,100.0,0.0,0.0,0.0,0.0,0.0,0.0,0.0,0.0,0.0,0.0,0.0,0.0,0.0,0.0,0.0
1238,20:38,PTR10,16,0,0,100.0,0.0,0.0,0.0,0.0,0.0,0.0,0.0,0.0,0.0,0.0,0.0,0.0,0.0,0.0,0.0
1239,20:39,PTR6,15,0,0,100.0,0.0,0.0,0.0,0.0,0.0,0.0,0.0,0.0,0.0,0.0,0.0,0.0,0.0,0.0,0.0
1239,20:39,PTR7,15,0,0,100.0,0.0,0.0,0.0,0.0,0.0,0.0,0.0,0.0,0.0,0.0,0.0,0.0,0.0,0.0,0.0
1239,20:39,PTR8,16,0,0,100.0,0.0,0.0,0.0,0.0,0.0,0.0,0.0,0.0,0.0,0.0,0.0,0.0,0.0,0.0,0.0
1239,20:39,PTR9,15,0,0,100.0,0.0,0.0,0.0,0.0,0.0,0.0,0.0,0.0,0.0,0.0,0.0,0.0,0.0,0.0,0.0
1239,20:39,PTR10,16,0,0,100.0,0.0,0.0,0.0,0.0,0.0,0.0,0.0,0.0,0.0,0.0,0.0,0.0,0.0,0.0,0.0
1240,20:40,PTR6,15,0,0,100.0,0.0,0.0,0.0,0.0,0.0,0.0,0.0,0.0,0.0,0.0,0.0,0.0,0.0,0.0,0.0
1240,20:40,PTR7,15,0,0,100.0,0.0,0.0,0.0,0.0,0.0,0.0,0.0,0.0,0.0,0.0,0.0,0.0,0.0,0.0,0.0
1240,20:40,PTR8,16,0,0,100.0,0.0,0.0,0.0,0.0,0.0,0.0,0.0,0.0,0.0,0.0,0.0,0.0,0.0,0.0,0.0
1240,20:40,PTR9,15,0,0,100.0,0.0,0.0,0.0,0.0,0.0,0.0,0.0,0.0,0.0,0.0,0.0,0.0,0.0,0.0,0.0
1240,20:40,PTR10,16,0,0,100.0,0.0,0.0,0.0,0.0,0.0,0.0,0.0,0.0,0.0,0.0,0.0,0.0,0.0,0.0,0.0
1241,20:41,PTR6,15,0,0,100.0,0.0,0.0,0.0,0.0,0.0,0.0,0.0,0.0,0.0,0.0,0.0,0.0,0.0,0.0,0.0
1241,20:41,PTR7,15,0,0,100.0,0.0,0.0,0.0,0.0,0.0,0.0,0.0,0.0,0.0,0.0,0.0,0.0,0.0,0.0,0.0
1241,20:41,PTR8,16,0,0,100.0,0.0,0.0,0.0,0.0,0.0,0.0,0.0,0.0,0.0,0.0,0.0,0.0,0.0,0.0,0.0
1241,20:41,PTR9,15,0,0,100.0,0.0,0.0,0.0,0.0,0.0,0.0,0.0,0.0,0.0,0.0,0.0,0.0,0.0,0.0,0.0
1241,20:41,PTR10,16,0,0,100.0,0.0,0.0,0.0,0.0,0.0,0.0,0.0,0.0,0.0,0.0,0.0,0.0,0.0,0.0,0.0
1242,20:42,PTR6,15,0,0,100.0,0.0,0.0,0.0,0.0,0.0,0.0,0.0,0.0,0.0,0.0,0.0,0.0,0.0,0.0,0.0
1242,20:42,PTR7,15,0,0,100.0,0.0,0.0,0.0,0.0,0.0,0.0,0.0,0.0,0.0,0.0,0.0,0.0,0.0,0.0,0.0
1242,20:42,PTR8,16,0,0,100.0,0.0,0.0,0.0,0.0,0.0,0.0,0.0,0.0,0.0,0.0,0.0,0.0,0.0,0.0,0.0
1242,20:42,PTR9,15,0,0,100.0,0.0,0.0,0.0,0.0,0.0,0.0,0.0,0.0,0.0,0.0,0.0,0.0,0.0,0.0,0.0
1242,20:42,PTR10,16,0,0,100.0,0.0,0.0,0.0,0.0,0.0,0.0,0.0,0.0,0.0,0.0,0.0,0.0,0.0,0.0,0.0
1243,20:43,PTR6,15,0,0,100.0,0.0,0.0,0.0,0.0,0.0,0.0,0.0,0.0,0.0,0.0,0.0,0.0,0.0,0.0,0.0
1243,20:43,PTR7,15,0,0,100.0,0.0,0.0,0.0,0.0,0.0,0.0,0.0,0.0,0.0,0.0,0.0,0.0,0.0,0.0,0.0
1243,20:43,PTR8,16,0,0,100.0,0.0,0.0,0.0,0.0,0.0,0.0,0.0,0.0,0.0,0.0,0.0,0.0,0.0,0.0,0.0
1243,20:43,PTR9,15,0,0,100.0,0.0,0.0,0.0,0.0,0.0,0.0,0.0,0.0,0.0,0.0,0.0,0.0,0.0,0.0,0.0
1243,20:43,PTR10,16,0,0,100.0,0.0,0.0,0.0,0.0,0.0,0.0,0.0,0.0,0.0,0.0,0.0,0.0,0.0,0.0,0.0
1244,20:44,PTR6,15,0,0,100.0,0.0,0.0,0.0,0.0,0.0,0.0,0.0,0.0,0.0,0.0,0.0,0.0,0.0,0.0,0.0
1244,20:44,PTR7,15,0,0,100.0,0.0,0.0,0.0,0.0,0.0,0.0,0.0,0.0,0.0,0.0,0.0,0.0,0.0,0.0,0.0
1244,20:44,PTR8,16,0,0,100.0,0.0,0.0,0.0,0.0,0.0,0.0,0.0,0.0,0.0,0.0,0.0,0.0,0.0,0.0,0.0
1244,20:44,PTR9,15,0,0,100.0,0.0,0.0,0.0,0.0,0.0,0.0,0.0,0.0,0.0,0.0,0.0,0.0,0.0,0.0,0.0
1244,20:44,PTR10,16,0,0,100.0,0.0,0.0,0.0,0.0,0.0,0.0,0.0,0.0,0.0,0.0,0.0,0.0,0.0,0.0,0.0
1245,20:45,PTR6,15,0,0,100.0,0.0,0.0,0.0,0.0,0.0,0.0,0.0,0.0,0.0,0.0,0.0,0.0,0.0,0.0,0.0
1245,20:45,PTR7,15,0,0,100.0,0.0,0.0,0.0,0.0,0.0,0.0,0.0,0.0,0.0,0.0,0.0,0.0,0.0,0.0,0.0
1245,20:45,PTR8,16,0,0,100.0,0.0,0.0,0.0,0.0,0.0,0.0,0.0,0.0,0.0,0.0,0.0,0.0,0.0,0.0,0.0
1245,20:45,PTR9,15,0,0,100.0,0.0,0.0,0.0,0.0,0.0,0.0,0.0,0.0,0.0,0.0,0.0,0.0,0.0,0.0,0.0
1245,20:45,PTR10,16,0,0,100.0,0.0,0.0,0.0,0.0,0.0,0.0,0.0,0.0,0.0,0.0,0.0,0.0,0.0,0.0,0.0
1246,20:46,PTR6,15,0,0,100.0,0.0,0.0,0.0,0.0,0.0,0.0,0.0,0.0,0.0,0.0,0.0,0.0,0.0,0.0,0.0
1246,20:46,PTR7,15,0,0,100.0,0.0,0.0,0.0,0.0,0.0,0.0,0.0,0.0,0.0,0.0,0.0,0.0,0.0,0.0,0.0
1246,20:46,PTR8,16,0,0,100.0,0.0,0.0,0.0,0.0,0.0,0.0,0.0,0.0,0.0,0.0,0.0,0.0,0.0,0.0,0.0
1246,20:46,PTR9,15,0,0,100.0,0.0,0.0,0.0,0.0,0.0,0.0,0.0,0.0,0.0,0.0,0.0,0.0,0.0,0.0,0.0
1246,20:46,PTR10,16,0,0,100.0,0.0,0.0,0.0,0.0,0.0,0.0,0.0,0.0,0.0,0.0,0.0,0.0,0.0,0.0,0.0
1247,20:47,PTR6,15,0,0,100.0,0.0,0.0,0.0,0.0,0.0,0.0,0.0,0.0,0.0,0.0,0.0,0.0,0.0,0.0,0.0
1247,20:47,PTR7,15,0,0,100.0,0.0,0.0,0.0,0.0,0.0,0.0,0.0,0.0,0.0,0.0,0.0,0.0,0.0,0.0,0.0
1247,20:47,PTR8,16,0,0,100.0,0.0,0.0,0.0,0.0,0.0,0.0,0.0,0.0,0.0,0.0,0.0,0.0,0.0,0.0,0.0
1247,20:47,PTR9,15,0,0,100.0,0.0,0.0,0.0,0.0,0.0,0.0,0.0,0.0,0.0,0.0,0.0,0.0,0.0,0.0,0.0
1247,20:47,PTR10,16,0,0,100.0,0.0,0.0,0.0,0.0,0.0,0.0,0.0,0.0,0.0,0.0,0.0,0.0,0.0,0.0,0.0
1248,20:48,PTR6,15,0,0,100.0,0.0,0.0,0.0,0.0,0.0,0.0,0.0,0.0,0.0,0.0,0.0,0.0,0.0,0.0,0.0
1248,20:48,PTR7,15,0,0,100.0,0.0,0.0,0.0,0.0,0.0,0.0,0.0,0.0,0.0,0.0,0.0,0.0,0.0,0.0,0.0
1248,20:48,PTR8,16,0,0,100.0,0.0,0.0,0.0,0.0,0.0,0.0,0.0,0.0,0.0,0.0,0.0,0.0,0.0,0.0,0.0
1248,20:48,PTR9,15,0,0,100.0,0.0,0.0,0.0,0.0,0.0,0.0,0.0,0.0,0.0,0.0,0.0,0.0,0.0,0.0,0.0
1248,20:48,PTR10,16,0,0,100.0,0.0,0.0,0.0,0.0,0.0,0.0,0.0,0.0,0.0,0.0,0.0,0.0,0.0,0.0,0.0
1249,20:49,PTR6,15,0,0,100.0,0.0,0.0,0.0,0.0,0.0,0.0,0.0,0.0,0.0,0.0,0.0,0.0,0.0,0.0,0.0
1249,20:49,PTR7,15,0,0,100.0,0.0,0.0,0.0,0.0,0.0,0.0,0.0,0.0,0.0,0.0,0.0,0.0,0.0,0.0,0.0
1249,20:49,PTR8,16,0,0,100.0,0.0,0.0,0.0,0.0,0.0,0.0,0.0,0.0,0.0,0.0,0.0,0.0,0.0,0.0,0.0
1249,20:49,PTR9,15,0,0,100.0,0.0,0.0,0.0,0.0,0.0,0.0,0.0,0.0,0.0,0.0,0.0,0.0,0.0,0.0,0.0
1249,20:49,PTR10,16,0,0,100.0,0.0,0.0,0.0,0.0,0.0,0.0,0.0,0.0,0.0,0.0,0.0,0.0,0.0,0.0,0.0
1250,20:50,PTR6,15,0,0,100.0,0.0,0.0,0.0,0.0,0.0,0.0,0.0,0.0,0.0,0.0,0.0,0.0,0.0,0.0,0.0
1250,20:50,PTR7,15,0,0,100.0,0.0,0.0,0.0,0.0,0.0,0.0,0.0,0.0,0.0,0.0,0.0,0.0,0.0,0.0,0.0
1250,20:50,PTR8,16,0,0,100.0,0.0,0.0,0.0,0.0,0.0,0.0,0.0,0.0,0.0,0.0,0.0,0.0,0.0,0.0,0.0
1250,20:50,PTR9,15,0,0,100.0,0.0,0.0,0.0,0.0,0.0,0.0,0.0,0.0,0.0,0.0,0.0,0.0,0.0,0.0,0.0
1250,20:50,PTR10,16,0,0,100.0,0.0,0.0,0.0,0.0,0.0,0.0,0.0,0.0,0.0,0.0,0.0,0.0,0.0,0.0,0.0
1251,20:51,PTR6,15,0,0,100.0,0.0,0.0,0.0,0.0,0.0,0.0,0.0,0.0,0.0,0.0,0.0,0.0,0.0,0.0,0.0
1251,20:51,PTR7,15,0,0,100.0,0.0,0.0,0.0,0.0,0.0,0.0,0.0,0.0,0.0,0.0,0.0,0.0,0.0,0.0,0.0
1251,20:51,PTR8,16,0,0,100.0,0.0,0.0,0.0,0.0,0.0,0.0,0.0,0.0,0.0,0.0,0.0,0.0,0.0,0.0,0.0
1251,20:51,PTR9,15,0,0,100.0,0.0,0.0,0.0,0.0,0.0,0.0,0.0,0.0,0.0,0.0,0.0,0.0,0.0,0.0,0.0
1251,20:51,PTR10,16,0,0,100.0,0.0,0.0,0.0,0.0,0.0,0.0,0.0,0.0,0.0,0.0,0.0,0.0,0.0,0.0,0.0
1252,20:52,PTR6,15,0,0,100.0,0.0,0.0,0.0,0.0,0.0,0.0,0.0,0.0,0.0,0.0,0.0,0.0,0.0,0.0,0.0
1252,20:52,PTR7,15,0,0,100.0,0.0,0.0,0.0,0.0,0.0,0.0,0.0,0.0,0.0,0.0,0.0,0.0,0.0,0.0,0.0
1252,20:52,PTR8,16,0,0,100.0,0.0,0.0,0.0,0.0,0.0,0.0,0.0,0.0,0.0,0.0,0.0,0.0,0.0,0.0,0.0
1252,20:52,PTR9,15,0,0,100.0,0.0,0.0,0.0,0.0,0.0,0.0,0.0,0.0,0.0,0.0,0.0,0.0,0.0,0.0,0.0
1252,20:52,PTR10,16,0,0,100.0,0.0,0.0,0.0,0.0,0.0,0.0,0.0,0.0,0.0,0.0,0.0,0.0,0.0,0.0,0.0
1253,20:53,PTR6,15,0,0,100.0,0.0,0.0,0.0,0.0,0.0,0.0,0.0,0.0,0.0,0.0,0.0,0.0,0.0,0.0,0.0
1253,20:53,PTR7,15,0,0,100.0,0.0,0.0,0.0,0.0,0.0,0.0,0.0,0.0,0.0,0.0,0.0,0.0,0.0,0.0,0.0
1253,20:53,PTR8,16,0,0,100.0,0.0,0.0,0.0,0.0,0.0,0.0,0.0,0.0,0.0,0.0,0.0,0.0,0.0,0.0,0.0
1253,20:53,PTR9,15,0,0,100.0,0.0,0.0,0.0,0.0,0.0,0.0,0.0,0.0,0.0,0.0,0.0,0.0,0.0,0.0,0.0
1253,20:53,PTR10,16,0,0,100.0,0.0,0.0,0.0,0.0,0.0,0.0,0.0,0.0,0.0,0.0,0.0,0.0,0.0,0.0,0.0
1254,20:54,PTR6,15,0,0,100.0,0.0,0.0,0.0,0.0,0.0,0.0,0.0,0.0,0.0,0.0,0.0,0.0,0.0,0.0,0.0
1254,20:54,PTR7,15,0,0,100.0,0.0,0.0,0.0,0.0,0.0,0.0,0.0,0.0,0.0,0.0,0.0,0.0,0.0,0.0,0.0
1254,20:54,PTR8,16,0,0,100.0,0.0,0.0,0.0,0.0,0.0,0.0,0.0,0.0,0.0,0.0,0.0,0.0,0.0,0.0,0.0
1254,20:54,PTR9,15,0,0,100.0,0.0,0.0,0.0,0.0,0.0,0.0,0.0,0.0,0.0,0.0,0.0,0.0,0.0,0.0,0.0
1254,20:54,PTR10,16,0,0,100.0,0.0,0.0,0.0,0.0,0.0,0.0,0.0,0.0,0.0,0.0,0.0,0.0,0.0,0.0,0.0
1255,20:55,PTR6,15,0,0,100.0,0.0,0.0,0.0,0.0,0.0,0.0,0.0,0.0,0.0,0.0,0.0,0.0,0.0,0.0,0.0
1255,20:55,PTR7,15,0,0,100.0,0.0,0.0,0.0,0.0,0.0,0.0,0.0,0.0,0.0,0.0,0.0,0.0,0.0,0.0,0.0
1255,20:55,PTR8,16,0,0,100.0,0.0,0.0,0.0,0.0,0.0,0.0,0.0,0.0,0.0,0.0,0.0,0.0,0.0,0.0,0.0
1255,20:55,PTR9,15,0,0,100.0,0.0,0.0,0.0,0.0,0.0,0.0,0.0,0.0,0.0,0.0,0.0,0.0,0.0,0.0,0.0
1255,20:55,PTR10,16,0,0,100.0,0.0,0.0,0.0,0.0,0.0,0.0,0.0,0.0,0.0,0.0,0.0,0.0,0.0,0.0,0.0
1256,20:56,PTR6,15,0,0,100.0,0.0,0.0,0.0,0.0,0.0,0.0,0.0,0.0,0.0,0.0,0.0,0.0,0.0,0.0,0.0
1256,20:56,PTR7,15,0,0,100.0,0.0,0.0,0.0,0.0,0.0,0.0,0.0,0.0,0.0,0.0,0.0,0.0,0.0,0.0,0.0
1256,20:56,PTR8,16,0,0,100.0,0.0,0.0,0.0,0.0,0.0,0.0,0.0,0.0,0.0,0.0,0.0,0.0,0.0,0.0,0.0
1256,20:56,PTR9,15,0,0,100.0,0.0,0.0,0.0,0.0,0.0,0.0,0.0,0.0,0.0,0.0,0.0,0.0,0.0,0.0,0.0
1256,20:56,PTR10,16,0,0,100.0,0.0,0.0,0.0,0.0,0.0,0.0,0.0,0.0,0.0,0.0,0.0,0.0,0.0,0.0,0.0
1257,20:57,PTR6,15,0,0,100.0,0.0,0.0,0.0,0.0,0.0,0.0,0.0,0.0,0.0,0.0,0.0,0.0,0.0,0.0,0.0
1257,20:57,PTR7,15,0,0,100.0,0.0,0.0,0.0,0.0,0.0,0.0,0.0,0.0,0.0,0.0,0.0,0.0,0.0,0.0,0.0
1257,20:57,PTR8,16,0,0,100.0,0.0,0.0,0.0,0.0,0.0,0.0,0.0,0.0,0.0,0.0,0.0,0.0,0.0,0.0,0.0
1257,20:57,PTR9,15,0,0,100.0,0.0,0.0,0.0,0.0,0.0,0.0,0.0,0.0,0.0,0.0,0.0,0.0,0.0,0.0,0.0
1257,20:57,PTR10,16,0,0,100.0,0.0,0.0,0.0,0.0,0.0,0.0,0.0,0.0,0.0,0.0,0.0,0.0,0.0,0.0,0.0
1258,20:58,PTR6,15,0,0,100.0,0.0,0.0,0.0,0.0,0.0,0.0,0.0,0.0,0.0,0.0,0.0,0.0,0.0,0.0,0.0
1258,20:58,PTR7,15,0,0,100.0,0.0,0.0,0.0,0.0,0.0,0.0,0.0,0.0,0.0,0.0,0.0,0.0,0.0,0.0,0.0
1258,20:58,PTR8,16,0,0,100.0,0.0,0.0,0.0,0.0,0.0,0.0,0.0,0.0,0.0,0.0,0.0,0.0,0.0,0.0,0.0
1258,20:58,PTR9,15,0,0,100.0,0.0,0.0,0.0,0.0,0.0,0.0,0.0,0.0,0.0,0.0,0.0,0.0,0.0,0.0,0.0
1258,20:58,PTR10,16,0,0,100.0,0.0,0.0,0.0,0.0,0.0,0.0,0.0,0.0,0.0,0.0,0.0,0.0,0.0,0.0,0.0
1259,20:59,PTR6,15,0,0,100.0,0.0,0.0,0.0,0.0,0.0,0.0,0.0,0.0,0.0,0.0,0.0,0.0,0.0,0.0,0.0
1259,20:59,PTR7,15,0,0,100.0,0.0,0.0,0.0,0.0,0.0,0.0,0.0,0.0,0.0,0.0,0.0,0.0,0.0,0.0,0.0
1259,20:59,PTR8,16,0,0,100.0,0.0,0.0,0.0,0.0,0.0,0.0,0.0,0.0,0.0,0.0,0.0,0.0,0.0,0.0,0.0
1259,20:59,PTR9,15,0,0,100.0,0.0,0.0,0.0,0.0,0.0,0.0,0.0,0.0,0.0,0.0,0.0,0.0,0.0,0.0,0.0
1259,20:59,PTR10,16,0,0,100.0,0.0,0.0,0.0,0.0,0.0,0.0,0.0,0.0,0.0,0.0,0.0,0.0,0.0,0.0,0.0
1260,21:00,PTR6,15,0,0,100.0,0.0,0.0,0.0,0.0,0.0,0.0,0.0,0.0,0.0,0.0,0.0,0.0,0.0,0.0,0.0
1260,21:00,PTR7,15,0,0,100.0,0.0,0.0,0.0,0.0,0.0,0.0,0.0,0.0,0.0,0.0,0.0,0.0,0.0,0.0,0.0
1260,21:00,PTR8,16,0,0,100.0,0.0,0.0,0.0,0.0,0.0,0.0,0.0,0.0,0.0,0.0,0.0,0.0,0.0,0.0,0.0
1260,21:00,PTR9,15,0,0,100.0,0.0,0.0,0.0,0.0,0.0,0.0,0.0,0.0,0.0,0.0,0.0,0.0,0.0,0.0,0.0
1260,21:00,PTR10,16,0,0,100.0,0.0,0.0,0.0,0.0,0.0,0.0,0.0,0.0,0.0,0.0,0.0,0.0,0.0,0.0,0.0
1261,21:01,PTR6,15,0,0,100.0,0.0,0.0,0.0,0.0,0.0,0.0,0.0,0.0,0.0,0.0,0.0,0.0,0.0,0.0,0.0
1261,21:01,PTR7,15,0,0,100.0,0.0,0.0,0.0,0.0,0.0,0.0,0.0,0.0,0.0,0.0,0.0,0.0,0.0,0.0,0.0
1261,21:01,PTR8,16,0,0,100.0,0.0,0.0,0.0,0.0,0.0,0.0,0.0,0.0,0.0,0.0,0.0,0.0,0.0,0.0,0.0
1261,21:01,PTR9,15,0,0,100.0,0.0,0.0,0.0,0.0,0.0,0.0,0.0,0.0,0.0,0.0,0.0,0.0,0.0,0.0,0.0
1261,21:01,PTR10,16,0,0,100.0,0.0,0.0,0.0,0.0,0.0,0.0,0.0,0.0,0.0,0.0,0.0,0.0,0.0,0.0,0.0
1262,21:02,PTR6,15,0,0,100.0,0.0,0.0,0.0,0.0,0.0,0.0,0.0,0.0,0.0,0.0,0.0,0.0,0.0,0.0,0.0
1262,21:02,PTR7,15,0,0,100.0,0.0,0.0,0.0,0.0,0.0,0.0,0.0,0.0,0.0,0.0,0.0,0.0,0.0,0.0,0.0
1262,21:02,PTR8,16,0,0,100.0,0.0,0.0,0.0,0.0,0.0,0.0,0.0,0.0,0.0,0.0,0.0,0.0,0.0,0.0,0.0
1262,21:02,PTR9,15,0,0,100.0,0.0,0.0,0.0,0.0,0.0,0.0,0.0,0.0,0.0,0.0,0.0,0.0,0.0,0.0,0.0
1262,21:02,PTR10,16,0,0,100.0,0.0,0.0,0.0,0.0,0.0,0.0,0.0,0.0,0.0,0.0,0.0,0.0,0.0,0.0,0.0
1263,21:03,PTR6,15,0,0,100.0,0.0,0.0,0.0,0.0,0.0,0.0,0.0,0.0,0.0,0.0,0.0,0.0,0.0,0.0,0.0
1263,21:03,PTR7,15,0,0,100.0,0.0,0.0,0.0,0.0,0.0,0.0,0.0,0.0,0.0,0.0,0.0,0.0,0.0,0.0,0.0
1263,21:03,PTR8,16,0,0,100.0,0.0,0.0,0.0,0.0,0.0,0.0,0.0,0.0,0.0,0.0,0.0,0.0,0.0,0.0,0.0
1263,21:03,PTR9,15,0,0,100.0,0.0,0.0,0.0,0.0,0.0,0.0,0.0,0.0,0.0,0.0,0.0,0.0,0.0,0.0,0.0
1263,21:03,PTR10,16,0,0,100.0,0.0,0.0,0.0,0.0,0.0,0.0,0.0,0.0,0.0,0.0,0.0,0.0,0.0,0.0,0.0
1264,21:04,PTR6,15,0,0,100.0,0.0,0.0,0.0,0.0,0.0,0.0,0.0,0.0,0.0,0.0,0.0,0.0,0.0,0.0,0.0
1264,21:04,PTR7,15,0,0,100.0,0.0,0.0,0.0,0.0,0.0,0.0,0.0,0.0,0.0,0.0,0.0,0.0,0.0,0.0,0.0
1264,21:04,PTR8,16,0,0,100.0,0.0,0.0,0.0,0.0,0.0,0.0,0.0,0.0,0.0,0.0,0.0,0.0,0.0,0.0,0.0
1264,21:04,PTR9,15,0,0,100.0,0.0,0.0,0.0,0.0,0.0,0.0,0.0,0.0,0.0,0.0,0.0,0.0,0.0,0.0,0.0
1264,21:04,PTR10,16,0,0,100.0,0.0,0.0,0.0,0.0,0.0,0.0,0.0,0.0,0.0,0.0,0.0,0.0,0.0,0.0,0.0
1265,21:05,PTR6,15,0,0,100.0,0.0,0.0,0.0,0.0,0.0,0.0,0.0,0.0,0.0,0.0,0.0,0.0,0.0,0.0,0.0
1265,21:05,PTR7,15,0,0,100.0,0.0,0.0,0.0,0.0,0.0,0.0,0.0,0.0,0.0,0.0,0.0,0.0,0.0,0.0,0.0
1265,21:05,PTR8,16,0,0,100.0,0.0,0.0,0.0,0.0,0.0,0.0,0.0,0.0,0.0,0.0,0.0,0.0,0.0,0.0,0.0
1265,21:05,PTR9,15,0,0,100.0,0.0,0.0,0.0,0.0,0.0,0.0,0.0,0.0,0.0,0.0,0.0,0.0,0.0,0.0,0.0
1265,21:05,PTR10,16,0,0,100.0,0.0,0.0,0.0,0.0,0.0,0.0,0.0,0.0,0.0,0.0,0.0,0.0,0.0,0.0,0.0
1266,21:06,PTR6,15,0,0,100.0,0.0,0.0,0.0,0.0,0.0,0.0,0.0,0.0,0.0,0.0,0.0,0.0,0.0,0.0,0.0
1266,21:06,PTR7,15,0,0,100.0,0.0,0.0,0.0,0.0,0.0,0.0,0.0,0.0,0.0,0.0,0.0,0.0,0.0,0.0,0.0
1266,21:06,PTR8,16,0,0,100.0,0.0,0.0,0.0,0.0,0.0,0.0,0.0,0.0,0.0,0.0,0.0,0.0,0.0,0.0,0.0
1266,21:06,PTR9,15,0,0,100.0,0.0,0.0,0.0,0.0,0.0,0.0,0.0,0.0,0.0,0.0,0.0,0.0,0.0,0.0,0.0
1266,21:06,PTR10,16,0,0,100.0,0.0,0.0,0.0,0.0,0.0,0.0,0.0,0.0,0.0,0.0,0.0,0.0,0.0,0.0,0.0
1267,21:07,PTR6,15,0,0,100.0,0.0,0.0,0.0,0.0,0.0,0.0,0.0,0.0,0.0,0.0,0.0,0.0,0.0,0.0,0.0
1267,21:07,PTR7,15,0,0,100.0,0.0,0.0,0.0,0.0,0.0,0.0,0.0,0.0,0.0,0.0,0.0,0.0,0.0,0.0,0.0
1267,21:07,PTR8,16,0,0,100.0,0.0,0.0,0.0,0.0,0.0,0.0,0.0,0.0,0.0,0.0,0.0,0.0,0.0,0.0,0.0
1267,21:07,PTR9,15,0,0,100.0,0.0,0.0,0.0,0.0,0.0,0.0,0.0,0.0,0.0,0.0,0.0,0.0,0.0,0.0,0.0
1267,21:07,PTR10,16,0,0,100.0,0.0,0.0,0.0,0.0,0.0,0.0,0.0,0.0,0.0,0.0,0.0,0.0,0.0,0.0,0.0
1268,21:08,PTR6,15,0,0,100.0,0.0,0.0,0.0,0.0,0.0,0.0,0.0,0.0,0.0,0.0,0.0,0.0,0.0,0.0,0.0
1268,21:08,PTR7,15,0,0,100.0,0.0,0.0,0.0,0.0,0.0,0.0,0.0,0.0,0.0,0.0,0.0,0.0,0.0,0.0,0.0
1268,21:08,PTR8,16,0,0,100.0,0.0,0.0,0.0,0.0,0.0,0.0,0.0,0.0,0.0,0.0,0.0,0.0,0.0,0.0,0.0
1268,21:08,PTR9,15,0,0,100.0,0.0,0.0,0.0,0.0,0.0,0.0,0.0,0.0,0.0,0.0,0.0,0.0,0.0,0.0,0.0
1268,21:08,PTR10,16,0,0,100.0,0.0,0.0,0.0,0.0,0.0,0.0,0.0,0.0,0.0,0.0,0.0,0.0,0.0,0.0,0.0
1269,21:09,PTR6,15,0,0,100.0,0.0,0.0,0.0,0.0,0.0,0.0,0.0,0.0,0.0,0.0,0.0,0.0,0.0,0.0,0.0
1269,21:09,PTR7,15,0,0,100.0,0.0,0.0,0.0,0.0,0.0,0.0,0.0,0.0,0.0,0.0,0.0,0.0,0.0,0.0,0.0
1269,21:09,PTR8,16,0,0,100.0,0.0,0.0,0.0,0.0,0.0,0.0,0.0,0.0,0.0,0.0,0.0,0.0,0.0,0.0,0.0
1269,21:09,PTR9,15,0,0,100.0,0.0,0.0,0.0,0.0,0.0,0.0,0.0,0.0,0.0,0.0,0.0,0.0,0.0,0.0,0.0
1269,21:09,PTR10,16,0,0,100.0,0.0,0.0,0.0,0.0,0.0,0.0,0.0,0.0,0.0,0.0,0.0,0.0,0.0,0.0,0.0
1270,21:10,PTR6,15,0,0,100.0,0.0,0.0,0.0,0.0,0.0,0.0,0.0,0.0,0.0,0.0,0.0,0.0,0.0,0.0,0.0
1270,21:10,PTR7,15,0,0,100.0,0.0,0.0,0.0,0.0,0.0,0.0,0.0,0.0,0.0,0.0,0.0,0.0,0.0,0.0,0.0
1270,21:10,PTR8,16,0,0,100.0,0.0,0.0,0.0,0.0,0.0,0.0,0.0,0.0,0.0,0.0,0.0,0.0,0.0,0.0,0.0
1270,21:10,PTR9,15,0,0,100.0,0.0,0.0,0.0,0.0,0.0,0.0,0.0,0.0,0.0,0.0,0.0,0.0,0.0,0.0,0.0
1270,21:10,PTR10,16,0,0,100.0,0.0,0.0,0.0,0.0,0.0,0.0,0.0,0.0,0.0,0.0,0.0,0.0,0.0,0.0,0.0
1271,21:11,PTR6,15,0,0,100.0,0.0,0.0,0.0,0.0,0.0,0.0,0.0,0.0,0.0,0.0,0.0,0.0,0.0,0.0,0.0
1271,21:11,PTR7,15,0,0,100.0,0.0,0.0,0.0,0.0,0.0,0.0,0.0,0.0,0.0,0.0,0.0,0.0,0.0,0.0,0.0
1271,21:11,PTR8,16,0,0,100.0,0.0,0.0,0.0,0.0,0.0,0.0,0.0,0.0,0.0,0.0,0.0,0.0,0.0,0.0,0.0
1271,21:11,PTR9,15,0,0,100.0,0.0,0.0,0.0,0.0,0.0,0.0,0.0,0.0,0.0,0.0,0.0,0.0,0.0,0.0,0.0
1271,21:11,PTR10,16,0,0,100.0,0.0,0.0,0.0,0.0,0.0,0.0,0.0,0.0,0.0,0.0,0.0,0.0,0.0,0.0,0.0
1272,21:12,PTR6,15,0,0,100.0,0.0,0.0,0.0,0.0,0.0,0.0,0.0,0.0,0.0,0.0,0.0,0.0,0.0,0.0,0.0
1272,21:12,PTR7,15,0,0,100.0,0.0,0.0,0.0,0.0,0.0,0.0,0.0,0.0,0.0,0.0,0.0,0.0,0.0,0.0,0.0
1272,21:12,PTR8,16,0,0,100.0,0.0,0.0,0.0,0.0,0.0,0.0,0.0,0.0,0.0,0.0,0.0,0.0,0.0,0.0,0.0
1272,21:12,PTR9,15,0,0,100.0,0.0,0.0,0.0,0.0,0.0,0.0,0.0,0.0,0.0,0.0,0.0,0.0,0.0,0.0,0.0
1272,21:12,PTR10,16,0,0,100.0,0.0,0.0,0.0,0.0,0.0,0.0,0.0,0.0,0.0,0.0,0.0,0.0,0.0,0.0,0.0
1273,21:13,PTR6,15,0,0,100.0,0.0,0.0,0.0,0.0,0.0,0.0,0.0,0.0,0.0,0.0,0.0,0.0,0.0,0.0,0.0
1273,21:13,PTR7,15,0,0,100.0,0.0,0.0,0.0,0.0,0.0,0.0,0.0,0.0,0.0,0.0,0.0,0.0,0.0,0.0,0.0
1273,21:13,PTR8,16,0,0,100.0,0.0,0.0,0.0,0.0,0.0,0.0,0.0,0.0,0.0,0.0,0.0,0.0,0.0,0.0,0.0
1273,21:13,PTR9,15,0,0,100.0,0.0,0.0,0.0,0.0,0.0,0.0,0.0,0.0,0.0,0.0,0.0,0.0,0.0,0.0,0.0
1273,21:13,PTR10,16,0,0,100.0,0.0,0.0,0.0,0.0,0.0,0.0,0.0,0.0,0.0,0.0,0.0,0.0,0.0,0.0,0.0
1274,21:14,PTR6,15,0,0,100.0,0.0,0.0,0.0,0.0,0.0,0.0,0.0,0.0,0.0,0.0,0.0,0.0,0.0,0.0,0.0
1274,21:14,PTR7,15,0,0,100.0,0.0,0.0,0.0,0.0,0.0,0.0,0.0,0.0,0.0,0.0,0.0,0.0,0.0,0.0,0.0
1274,21:14,PTR8,16,0,0,100.0,0.0,0.0,0.0,0.0,0.0,0.0,0.0,0.0,0.0,0.0,0.0,0.0,0.0,0.0,0.0
1274,21:14,PTR9,15,0,0,100.0,0.0,0.0,0.0,0.0,0.0,0.0,0.0,0.0,0.0,0.0,0.0,0.0,0.0,0.0,0.0
1274,21:14,PTR10,16,0,0,100.0,0.0,0.0,0.0,0.0,0.0,0.0,0.0,0.0,0.0,0.0,0.0,0.0,0.0,0.0,0.0
1275,21:15,PTR6,15,0,0,100.0,0.0,0.0,0.0,0.0,0.0,0.0,0.0,0.0,0.0,0.0,0.0,0.0,0.0,0.0,0.0
1275,21:15,PTR7,15,0,0,100.0,0.0,0.0,0.0,0.0,0.0,0.0,0.0,0.0,0.0,0.0,0.0,0.0,0.0,0.0,0.0
1275,21:15,PTR8,16,0,0,100.0,0.0,0.0,0.0,0.0,0.0,0.0,0.0,0.0,0.0,0.0,0.0,0.0,0.0,0.0,0.0
1275,21:15,PTR9,15,0,0,100.0,0.0,0.0,0.0,0.0,0.0,0.0,0.0,0.0,0.0,0.0,0.0,0.0,0.0,0.0,0.0
1275,21:15,PTR10,16,0,0,100.0,0.0,0.0,0.0,0.0,0.0,0.0,0.0,0.0,0.0,0.0,0.0,0.0,0.0,0.0,0.0
1276,21:16,PTR6,15,0,0,100.0,0.0,0.0,0.0,0.0,0.0,0.0,0.0,0.0,0.0,0.0,0.0,0.0,0.0,0.0,0.0
1276,21:16,PTR7,15,0,0,100.0,0.0,0.0,0.0,0.0,0.0,0.0,0.0,0.0,0.0,0.0,0.0,0.0,0.0,0.0,0.0
1276,21:16,PTR8,16,0,0,100.0,0.0,0.0,0.0,0.0,0.0,0.0,0.0,0.0,0.0,0.0,0.0,0.0,0.0,0.0,0.0
1276,21:16,PTR9,15,0,0,100.0,0.0,0.0,0.0,0.0,0.0,0.0,0.0,0.0,0.0,0.0,0.0,0.0,0.0,0.0,0.0
1276,21:16,PTR10,16,0,0,100.0,0.0,0.0,0.0,0.0,0.0,0.0,0.0,0.0,0.0,0.0,0.0,0.0,0.0,0.0,0.0
1277,21:17,PTR6,15,0,0,100.0,0.0,0.0,0.0,0.0,0.0,0.0,0.0,0.0,0.0,0.0,0.0,0.0,0.0,0.0,0.0
1277,21:17,PTR7,15,0,0,100.0,0.0,0.0,0.0,0.0,0.0,0.0,0.0,0.0,0.0,0.0,0.0,0.0,0.0,0.0,0.0
1277,21:17,PTR8,16,0,0,100.0,0.0,0.0,0.0,0.0,0.0,0.0,0.0,0.0,0.0,0.0,0.0,0.0,0.0,0.0,0.0
1277,21:17,PTR9,15,0,0,100.0,0.0,0.0,0.0,0.0,0.0,0.0,0.0,0.0,0.0,0.0,0.0,0.0,0.0,0.0,0.0
1277,21:17,PTR10,16,0,0,100.0,0.0,0.0,0.0,0.0,0.0,0.0,0.0,0.0,0.0,0.0,0.0,0.0,0.0,0.0,0.0
1278,21:18,PTR6,15,0,0,100.0,0.0,0.0,0.0,0.0,0.0,0.0,0.0,0.0,0.0,0.0,0.0,0.0,0.0,0.0,0.0
1278,21:18,PTR7,15,0,0,100.0,0.0,0.0,0.0,0.0,0.0,0.0,0.0,0.0,0.0,0.0,0.0,0.0,0.0,0.0,0.0
1278,21:18,PTR8,16,0,0,100.0,0.0,0.0,0.0,0.0,0.0,0.0,0.0,0.0,0.0,0.0,0.0,0.0,0.0,0.0,0.0
1278,21:18,PTR9,15,0,0,100.0,0.0,0.0,0.0,0.0,0.0,0.0,0.0,0.0,0.0,0.0,0.0,0.0,0.0,0.0,0.0
1278,21:18,PTR10,16,0,0,100.0,0.0,0.0,0.0,0.0,0.0,0.0,0.0,0.0,0.0,0.0,0.0,0.0,0.0,0.0,0.0
1279,21:19,PTR6,15,0,0,100.0,0.0,0.0,0.0,0.0,0.0,0.0,0.0,0.0,0.0,0.0,0.0,0.0,0.0,0.0,0.0
1279,21:19,PTR7,15,0,0,100.0,0.0,0.0,0.0,0.0,0.0,0.0,0.0,0.0,0.0,0.0,0.0,0.0,0.0,0.0,0.0
1279,21:19,PTR8,16,0,0,100.0,0.0,0.0,0.0,0.0,0.0,0.0,0.0,0.0,0.0,0.0,0.0,0.0,0.0,0.0,0.0
1279,21:19,PTR9,15,0,0,100.0,0.0,0.0,0.0,0.0,0.0,0.0,0.0,0.0,0.0,0.0,0.0,0.0,0.0,0.0,0.0
1279,21:19,PTR10,16,0,0,100.0,0.0,0.0,0.0,0.0,0.0,0.0,0.0,0.0,0.0,0.0,0.0,0.0,0.0,0.0,0.0
1280,21:20,PTR6,15,0,0,100.0,0.0,0.0,0.0,0.0,0.0,0.0,0.0,0.0,0.0,0.0,0.0,0.0,0.0,0.0,0.0
1280,21:20,PTR7,15,0,0,100.0,0.0,0.0,0.0,0.0,0.0,0.0,0.0,0.0,0.0,0.0,0.0,0.0,0.0,0.0,0.0
1280,21:20,PTR8,16,0,0,100.0,0.0,0.0,0.0,0.0,0.0,0.0,0.0,0.0,0.0,0.0,0.0,0.0,0.0,0.0,0.0
1280,21:20,PTR9,15,0,0,100.0,0.0,0.0,0.0,0.0,0.0,0.0,0.0,0.0,0.0,0.0,0.0,0.0,0.0,0.0,0.0
1280,21:20,PTR10,16,0,0,100.0,0.0,0.0,0.0,0.0,0.0,0.0,0.0,0.0,0.0,0.0,0.0,0.0,0.0,0.0,0.0
1281,21:21,PTR6,15,0,0,100.0,0.0,0.0,0.0,0.0,0.0,0.0,0.0,0.0,0.0,0.0,0.0,0.0,0.0,0.0,0.0
1281,21:21,PTR7,15,0,0,100.0,0.0,0.0,0.0,0.0,0.0,0.0,0.0,0.0,0.0,0.0,0.0,0.0,0.0,0.0,0.0
1281,21:21,PTR8,16,0,0,100.0,0.0,0.0,0.0,0.0,0.0,0.0,0.0,0.0,0.0,0.0,0.0,0.0,0.0,0.0,0.0
1281,21:21,PTR9,15,0,0,100.0,0.0,0.0,0.0,0.0,0.0,0.0,0.0,0.0,0.0,0.0,0.0,0.0,0.0,0.0,0.0
1281,21:21,PTR10,16,0,0,100.0,0.0,0.0,0.0,0.0,0.0,0.0,0.0,0.0,0.0,0.0,0.0,0.0,0.0,0.0,0.0
1282,21:22,PTR6,15,0,0,100.0,0.0,0.0,0.0,0.0,0.0,0.0,0.0,0.0,0.0,0.0,0.0,0.0,0.0,0.0,0.0
1282,21:22,PTR7,15,0,0,100.0,0.0,0.0,0.0,0.0,0.0,0.0,0.0,0.0,0.0,0.0,0.0,0.0,0.0,0.0,0.0
1282,21:22,PTR8,16,0,0,100.0,0.0,0.0,0.0,0.0,0.0,0.0,0.0,0.0,0.0,0.0,0.0,0.0,0.0,0.0,0.0
1282,21:22,PTR9,15,0,0,100.0,0.0,0.0,0.0,0.0,0.0,0.0,0.0,0.0,0.0,0.0,0.0,0.0,0.0,0.0,0.0
1282,21:22,PTR10,16,0,0,100.0,0.0,0.0,0.0,0.0,0.0,0.0,0.0,0.0,0.0,0.0,0.0,0.0,0.0,0.0,0.0
1283,21:23,PTR6,15,0,0,100.0,0.0,0.0,0.0,0.0,0.0,0.0,0.0,0.0,0.0,0.0,0.0,0.0,0.0,0.0,0.0
1283,21:23,PTR7,15,0,0,100.0,0.0,0.0,0.0,0.0,0.0,0.0,0.0,0.0,0.0,0.0,0.0,0.0,0.0,0.0,0.0
1283,21:23,PTR8,16,0,0,100.0,0.0,0.0,0.0,0.0,0.0,0.0,0.0,0.0,0.0,0.0,0.0,0.0,0.0,0.0,0.0
1283,21:23,PTR9,15,0,0,100.0,0.0,0.0,0.0,0.0,0.0,0.0,0.0,0.0,0.0,0.0,0.0,0.0,0.0,0.0,0.0
1283,21:23,PTR10,16,0,0,100.0,0.0,0.0,0.0,0.0,0.0,0.0,0.0,0.0,0.0,0.0,0.0,0.0,0.0,0.0,0.0
1284,21:24,PTR6,15,0,0,100.0,0.0,0.0,0.0,0.0,0.0,0.0,0.0,0.0,0.0,0.0,0.0,0.0,0.0,0.0,0.0
1284,21:24,PTR7,15,0,0,100.0,0.0,0.0,0.0,0.0,0.0,0.0,0.0,0.0,0.0,0.0,0.0,0.0,0.0,0.0,0.0
1284,21:24,PTR8,16,0,0,100.0,0.0,0.0,0.0,0.0,0.0,0.0,0.0,0.0,0.0,0.0,0.0,0.0,0.0,0.0,0.0
1284,21:24,PTR9,15,0,0,100.0,0.0,0.0,0.0,0.0,0.0,0.0,0.0,0.0,0.0,0.0,0.0,0.0,0.0,0.0,0.0
1284,21:24,PTR10,16,0,0,100.0,0.0,0.0,0.0,0.0,0.0,0.0,0.0,0.0,0.0,0.0,0.0,0.0,0.0,0.0,0.0
1285,21:25,PTR6,15,0,0,100.0,0.0,0.0,0.0,0.0,0.0,0.0,0.0,0.0,0.0,0.0,0.0,0.0,0.0,0.0,0.0
1285,21:25,PTR7,15,0,0,100.0,0.0,0.0,0.0,0.0,0.0,0.0,0.0,0.0,0.0,0.0,0.0,0.0,0.0,0.0,0.0
1285,21:25,PTR8,16,0,0,100.0,0.0,0.0,0.0,0.0,0.0,0.0,0.0,0.0,0.0,0.0,0.0,0.0,0.0,0.0,0.0
1285,21:25,PTR9,15,0,0,100.0,0.0,0.0,0.0,0.0,0.0,0.0,0.0,0.0,0.0,0.0,0.0,0.0,0.0,0.0,0.0
1285,21:25,PTR10,16,0,0,100.0,0.0,0.0,0.0,0.0,0.0,0.0,0.0,0.0,0.0,0.0,0.0,0.0,0.0,0.0,0.0
1286,21:26,PTR6,15,0,0,100.0,0.0,0.0,0.0,0.0,0.0,0.0,0.0,0.0,0.0,0.0,0.0,0.0,0.0,0.0,0.0
1286,21:26,PTR7,15,0,0,100.0,0.0,0.0,0.0,0.0,0.0,0.0,0.0,0.0,0.0,0.0,0.0,0.0,0.0,0.0,0.0
1286,21:26,PTR8,16,0,0,100.0,0.0,0.0,0.0,0.0,0.0,0.0,0.0,0.0,0.0,0.0,0.0,0.0,0.0,0.0,0.0
1286,21:26,PTR9,15,0,0,100.0,0.0,0.0,0.0,0.0,0.0,0.0,0.0,0.0,0.0,0.0,0.0,0.0,0.0,0.0,0.0
1286,21:26,PTR10,16,0,0,100.0,0.0,0.0,0.0,0.0,0.0,0.0,0.0,0.0,0.0,0.0,0.0,0.0,0.0,0.0,0.0
1287,21:27,PTR6,15,0,0,100.0,0.0,0.0,0.0,0.0,0.0,0.0,0.0,0.0,0.0,0.0,0.0,0.0,0.0,0.0,0.0
1287,21:27,PTR7,15,0,0,100.0,0.0,0.0,0.0,0.0,0.0,0.0,0.0,0.0,0.0,0.0,0.0,0.0,0.0,0.0,0.0
1287,21:27,PTR8,16,0,0,100.0,0.0,0.0,0.0,0.0,0.0,0.0,0.0,0.0,0.0,0.0,0.0,0.0,0.0,0.0,0.0
1287,21:27,PTR9,15,0,0,100.0,0.0,0.0,0.0,0.0,0.0,0.0,0.0,0.0,0.0,0.0,0.0,0.0,0.0,0.0,0.0
1287,21:27,PTR10,16,0,0,100.0,0.0,0.0,0.0,0.0,0.0,0.0,0.0,0.0,0.0,0.0,0.0,0.0,0.0,0.0,0.0
1288,21:28,PTR6,15,0,0,100.0,0.0,0.0,0.0,0.0,0.0,0.0,0.0,0.0,0.0,0.0,0.0,0.0,0.0,0.0,0.0
1288,21:28,PTR7,15,0,0,100.0,0.0,0.0,0.0,0.0,0.0,0.0,0.0,0.0,0.0,0.0,0.0,0.0,0.0,0.0,0.0
1288,21:28,PTR8,16,0,0,100.0,0.0,0.0,0.0,0.0,0.0,0.0,0.0,0.0,0.0,0.0,0.0,0.0,0.0,0.0,0.0
1288,21:28,PTR9,15,0,0,100.0,0.0,0.0,0.0,0.0,0.0,0.0,0.0,0.0,0.0,0.0,0.0,0.0,0.0,0.0,0.0
1288,21:28,PTR10,16,0,0,100.0,0.0,0.0,0.0,0.0,0.0,0.0,0.0,0.0,0.0,0.0,0.0,0.0,0.0,0.0,0.0
1289,21:29,PTR6,15,0,0,100.0,0.0,0.0,0.0,0.0,0.0,0.0,0.0,0.0,0.0,0.0,0.0,0.0,0.0,0.0,0.0
1289,21:29,PTR7,15,0,0,100.0,0.0,0.0,0.0,0.0,0.0,0.0,0.0,0.0,0.0,0.0,0.0,0.0,0.0,0.0,0.0
1289,21:29,PTR8,16,0,0,100.0,0.0,0.0,0.0,0.0,0.0,0.0,0.0,0.0,0.0,0.0,0.0,0.0,0.0,0.0,0.0
1289,21:29,PTR9,15,0,0,100.0,0.0,0.0,0.0,0.0,0.0,0.0,0.0,0.0,0.0,0.0,0.0,0.0,0.0,0.0,0.0
1289,21:29,PTR10,16,0,0,100.0,0.0,0.0,0.0,0.0,0.0,0.0,0.0,0.0,0.0,0.0,0.0,0.0,0.0,0.0,0.0
1290,21:30,PTR6,15,0,0,100.0,0.0,0.0,0.0,0.0,0.0,0.0,0.0,0.0,0.0,0.0,0.0,0.0,0.0,0.0,0.0
1290,21:30,PTR7,15,0,0,100.0,0.0,0.0,0.0,0.0,0.0,0.0,0.0,0.0,0.0,0.0,0.0,0.0,0.0,0.0,0.0
1290,21:30,PTR8,16,0,0,100.0,0.0,0.0,0.0,0.0,0.0,0.0,0.0,0.0,0.0,0.0,0.0,0.0,0.0,0.0,0.0
1290,21:30,PTR9,15,0,0,100.0,0.0,0.0,0.0,0.0,0.0,0.0,0.0,0.0,0.0,0.0,0.0,0.0,0.0,0.0,0.0
1290,21:30,PTR10,16,0,0,100.0,0.0,0.0,0.0,0.0,0.0,0.0,0.0,0.0,0.0,0.0,0.0,0.0,0.0,0.0,0.0
1291,21:31,PTR6,15,0,0,100.0,0.0,0.0,0.0,0.0,0.0,0.0,0.0,0.0,0.0,0.0,0.0,0.0,0.0,0.0,0.0
1291,21:31,PTR7,15,0,0,100.0,0.0,0.0,0.0,0.0,0.0,0.0,0.0,0.0,0.0,0.0,0.0,0.0,0.0,0.0,0.0
1291,21:31,PTR8,16,0,0,100.0,0.0,0.0,0.0,0.0,0.0,0.0,0.0,0.0,0.0,0.0,0.0,0.0,0.0,0.0,0.0
1291,21:31,PTR9,15,0,0,100.0,0.0,0.0,0.0,0.0,0.0,0.0,0.0,0.0,0.0,0.0,0.0,0.0,0.0,0.0,0.0
1291,21:31,PTR10,16,0,0,100.0,0.0,0.0,0.0,0.0,0.0,0.0,0.0,0.0,0.0,0.0,0.0,0.0,0.0,0.0,0.0
1292,21:32,PTR6,15,0,0,100.0,0.0,0.0,0.0,0.0,0.0,0.0,0.0,0.0,0.0,0.0,0.0,0.0,0.0,0.0,0.0
1292,21:32,PTR7,15,0,0,100.0,0.0,0.0,0.0,0.0,0.0,0.0,0.0,0.0,0.0,0.0,0.0,0.0,0.0,0.0,0.0
1292,21:32,PTR8,16,0,0,100.0,0.0,0.0,0.0,0.0,0.0,0.0,0.0,0.0,0.0,0.0,0.0,0.0,0.0,0.0,0.0
1292,21:32,PTR9,15,0,0,100.0,0.0,0.0,0.0,0.0,0.0,0.0,0.0,0.0,0.0,0.0,0.0,0.0,0.0,0.0,0.0
1292,21:32,PTR10,16,0,0,100.0,0.0,0.0,0.0,0.0,0.0,0.0,0.0,0.0,0.0,0.0,0.0,0.0,0.0,0.0,0.0
1293,21:33,PTR6,15,0,0,100.0,0.0,0.0,0.0,0.0,0.0,0.0,0.0,0.0,0.0,0.0,0.0,0.0,0.0,0.0,0.0
1293,21:33,PTR7,15,0,0,100.0,0.0,0.0,0.0,0.0,0.0,0.0,0.0,0.0,0.0,0.0,0.0,0.0,0.0,0.0,0.0
1293,21:33,PTR8,16,0,0,100.0,0.0,0.0,0.0,0.0,0.0,0.0,0.0,0.0,0.0,0.0,0.0,0.0,0.0,0.0,0.0
1293,21:33,PTR9,15,0,0,100.0,0.0,0.0,0.0,0.0,0.0,0.0,0.0,0.0,0.0,0.0,0.0,0.0,0.0,0.0,0.0
1293,21:33,PTR10,16,0,0,100.0,0.0,0.0,0.0,0.0,0.0,0.0,0.0,0.0,0.0,0.0,0.0,0.0,0.0,0.0,0.0
1294,21:34,PTR6,15,0,0,100.0,0.0,0.0,0.0,0.0,0.0,0.0,0.0,0.0,0.0,0.0,0.0,0.0,0.0,0.0,0.0
1294,21:34,PTR7,15,0,0,100.0,0.0,0.0,0.0,0.0,0.0,0.0,0.0,0.0,0.0,0.0,0.0,0.0,0.0,0.0,0.0
1294,21:34,PTR8,16,0,0,100.0,0.0,0.0,0.0,0.0,0.0,0.0,0.0,0.0,0.0,0.0,0.0,0.0,0.0,0.0,0.0
1294,21:34,PTR9,15,0,0,100.0,0.0,0.0,0.0,0.0,0.0,0.0,0.0,0.0,0.0,0.0,0.0,0.0,0.0,0.0,0.0
1294,21:34,PTR10,16,0,0,100.0,0.0,0.0,0.0,0.0,0.0,0.0,0.0,0.0,0.0,0.0,0.0,0.0,0.0,0.0,0.0
1295,21:35,PTR6,15,0,0,100.0,0.0,0.0,0.0,0.0,0.0,0.0,0.0,0.0,0.0,0.0,0.0,0.0,0.0,0.0,0.0
1295,21:35,PTR7,15,0,0,100.0,0.0,0.0,0.0,0.0,0.0,0.0,0.0,0.0,0.0,0.0,0.0,0.0,0.0,0.0,0.0
1295,21:35,PTR8,16,0,0,100.0,0.0,0.0,0.0,0.0,0.0,0.0,0.0,0.0,0.0,0.0,0.0,0.0,0.0,0.0,0.0
1295,21:35,PTR9,15,0,0,100.0,0.0,0.0,0.0,0.0,0.0,0.0,0.0,0.0,0.0,0.0,0.0,0.0,0.0,0.0,0.0
1295,21:35,PTR10,16,0,0,100.0,0.0,0.0,0.0,0.0,0.0,0.0,0.0,0.0,0.0,0.0,0.0,0.0,0.0,0.0,0.0
1296,21:36,PTR6,15,0,0,100.0,0.0,0.0,0.0,0.0,0.0,0.0,0.0,0.0,0.0,0.0,0.0,0.0,0.0,0.0,0.0
1296,21:36,PTR7,15,0,0,100.0,0.0,0.0,0.0,0.0,0.0,0.0,0.0,0.0,0.0,0.0,0.0,0.0,0.0,0.0,0.0
1296,21:36,PTR8,16,0,0,100.0,0.0,0.0,0.0,0.0,0.0,0.0,0.0,0.0,0.0,0.0,0.0,0.0,0.0,0.0,0.0
1296,21:36,PTR9,15,0,0,100.0,0.0,0.0,0.0,0.0,0.0,0.0,0.0,0.0,0.0,0.0,0.0,0.0,0.0,0.0,0.0
1296,21:36,PTR10,16,0,0,100.0,0.0,0.0,0.0,0.0,0.0,0.0,0.0,0.0,0.0,0.0,0.0,0.0,0.0,0.0,0.0
1297,21:37,PTR6,15,0,0,100.0,0.0,0.0,0.0,0.0,0.0,0.0,0.0,0.0,0.0,0.0,0.0,0.0,0.0,0.0,0.0
1297,21:37,PTR7,15,0,0,100.0,0.0,0.0,0.0,0.0,0.0,0.0,0.0,0.0,0.0,0.0,0.0,0.0,0.0,0.0,0.0
1297,21:37,PTR8,16,0,0,100.0,0.0,0.0,0.0,0.0,0.0,0.0,0.0,0.0,0.0,0.0,0.0,0.0,0.0,0.0,0.0
1297,21:37,PTR9,15,0,0,100.0,0.0,0.0,0.0,0.0,0.0,0.0,0.0,0.0,0.0,0.0,0.0,0.0,0.0,0.0,0.0
1297,21:37,PTR10,16,0,0,100.0,0.0,0.0,0.0,0.0,0.0,0.0,0.0,0.0,0.0,0.0,0.0,0.0,0.0,0.0,0.0
1298,21:38,PTR6,15,0,0,100.0,0.0,0.0,0.0,0.0,0.0,0.0,0.0,0.0,0.0,0.0,0.0,0.0,0.0,0.0,0.0
1298,21:38,PTR7,15,0,0,100.0,0.0,0.0,0.0,0.0,0.0,0.0,0.0,0.0,0.0,0.0,0.0,0.0,0.0,0.0,0.0
1298,21:38,PTR8,16,0,0,100.0,0.0,0.0,0.0,0.0,0.0,0.0,0.0,0.0,0.0,0.0,0.0,0.0,0.0,0.0,0.0
1298,21:38,PTR9,15,0,0,100.0,0.0,0.0,0.0,0.0,0.0,0.0,0.0,0.0,0.0,0.0,0.0,0.0,0.0,0.0,0.0
1298,21:38,PTR10,16,0,0,100.0,0.0,0.0,0.0,0.0,0.0,0.0,0.0,0.0,0.0,0.0,0.0,0.0,0.0,0.0,0.0
1299,21:39,PTR6,15,0,0,100.0,0.0,0.0,0.0,0.0,0.0,0.0,0.0,0.0,0.0,0.0,0.0,0.0,0.0,0.0,0.0
1299,21:39,PTR7,15,0,0,100.0,0.0,0.0,0.0,0.0,0.0,0.0,0.0,0.0,0.0,0.0,0.0,0.0,0.0,0.0,0.0
1299,21:39,PTR8,16,0,0,100.0,0.0,0.0,0.0,0.0,0.0,0.0,0.0,0.0,0.0,0.0,0.0,0.0,0.0,0.0,0.0
1299,21:39,PTR9,15,0,0,100.0,0.0,0.0,0.0,0.0,0.0,0.0,0.0,0.0,0.0,0.0,0.0,0.0,0.0,0.0,0.0
1299,21:39,PTR10,16,0,0,100.0,0.0,0.0,0.0,0.0,0.0,0.0,0.0,0.0,0.0,0.0,0.0,0.0,0.0,0.0,0.0
1300,21:40,PTR6,15,0,0,100.0,0.0,0.0,0.0,0.0,0.0,0.0,0.0,0.0,0.0,0.0,0.0,0.0,0.0,0.0,0.0
1300,21:40,PTR7,15,0,0,100.0,0.0,0.0,0.0,0.0,0.0,0.0,0.0,0.0,0.0,0.0,0.0,0.0,0.0,0.0,0.0
1300,21:40,PTR8,16,0,0,100.0,0.0,0.0,0.0,0.0,0.0,0.0,0.0,0.0,0.0,0.0,0.0,0.0,0.0,0.0,0.0
1300,21:40,PTR9,15,0,0,100.0,0.0,0.0,0.0,0.0,0.0,0.0,0.0,0.0,0.0,0.0,0.0,0.0,0.0,0.0,0.0
1300,21:40,PTR10,16,0,0,100.0,0.0,0.0,0.0,0.0,0.0,0.0,0.0,0.0,0.0,0.0,0.0,0.0,0.0,0.0,0.0
1301,21:41,PTR6,15,0,0,100.0,0.0,0.0,0.0,0.0,0.0,0.0,0.0,0.0,0.0,0.0,0.0,0.0,0.0,0.0,0.0
1301,21:41,PTR7,15,0,0,100.0,0.0,0.0,0.0,0.0,0.0,0.0,0.0,0.0,0.0,0.0,0.0,0.0,0.0,0.0,0.0
1301,21:41,PTR8,16,0,0,100.0,0.0,0.0,0.0,0.0,0.0,0.0,0.0,0.0,0.0,0.0,0.0,0.0,0.0,0.0,0.0
1301,21:41,PTR9,15,0,0,100.0,0.0,0.0,0.0,0.0,0.0,0.0,0.0,0.0,0.0,0.0,0.0,0.0,0.0,0.0,0.0
1301,21:41,PTR10,16,0,0,100.0,0.0,0.0,0.0,0.0,0.0,0.0,0.0,0.0,0.0,0.0,0.0,0.0,0.0,0.0,0.0
1302,21:42,PTR6,15,0,0,100.0,0.0,0.0,0.0,0.0,0.0,0.0,0.0,0.0,0.0,0.0,0.0,0.0,0.0,0.0,0.0
1302,21:42,PTR7,15,0,0,100.0,0.0,0.0,0.0,0.0,0.0,0.0,0.0,0.0,0.0,0.0,0.0,0.0,0.0,0.0,0.0
1302,21:42,PTR8,16,0,0,100.0,0.0,0.0,0.0,0.0,0.0,0.0,0.0,0.0,0.0,0.0,0.0,0.0,0.0,0.0,0.0
1302,21:42,PTR9,15,0,0,100.0,0.0,0.0,0.0,0.0,0.0,0.0,0.0,0.0,0.0,0.0,0.0,0.0,0.0,0.0,0.0
1302,21:42,PTR10,16,0,0,100.0,0.0,0.0,0.0,0.0,0.0,0.0,0.0,0.0,0.0,0.0,0.0,0.0,0.0,0.0,0.0
1303,21:43,PTR6,15,0,0,100.0,0.0,0.0,0.0,0.0,0.0,0.0,0.0,0.0,0.0,0.0,0.0,0.0,0.0,0.0,0.0
1303,21:43,PTR7,15,0,0,100.0,0.0,0.0,0.0,0.0,0.0,0.0,0.0,0.0,0.0,0.0,0.0,0.0,0.0,0.0,0.0
1303,21:43,PTR8,16,0,0,100.0,0.0,0.0,0.0,0.0,0.0,0.0,0.0,0.0,0.0,0.0,0.0,0.0,0.0,0.0,0.0
1303,21:43,PTR9,15,0,0,100.0,0.0,0.0,0.0,0.0,0.0,0.0,0.0,0.0,0.0,0.0,0.0,0.0,0.0,0.0,0.0
1303,21:43,PTR10,16,0,0,100.0,0.0,0.0,0.0,0.0,0.0,0.0,0.0,0.0,0.0,0.0,0.0,0.0,0.0,0.0,0.0
1304,21:44,PTR6,15,0,0,100.0,0.0,0.0,0.0,0.0,0.0,0.0,0.0,0.0,0.0,0.0,0.0,0.0,0.0,0.0,0.0
1304,21:44,PTR7,15,0,0,100.0,0.0,0.0,0.0,0.0,0.0,0.0,0.0,0.0,0.0,0.0,0.0,0.0,0.0,0.0,0.0
1304,21:44,PTR8,16,0,0,100.0,0.0,0.0,0.0,0.0,0.0,0.0,0.0,0.0,0.0,0.0,0.0,0.0,0.0,0.0,0.0
1304,21:44,PTR9,15,0,0,100.0,0.0,0.0,0.0,0.0,0.0,0.0,0.0,0.0,0.0,0.0,0.0,0.0,0.0,0.0,0.0
1304,21:44,PTR10,16,0,0,100.0,0.0,0.0,0.0,0.0,0.0,0.0,0.0,0.0,0.0,0.0,0.0,0.0,0.0,0.0,0.0
1305,21:45,PTR6,15,0,0,100.0,0.0,0.0,0.0,0.0,0.0,0.0,0.0,0.0,0.0,0.0,0.0,0.0,0.0,0.0,0.0
1305,21:45,PTR7,15,0,0,100.0,0.0,0.0,0.0,0.0,0.0,0.0,0.0,0.0,0.0,0.0,0.0,0.0,0.0,0.0,0.0
1305,21:45,PTR8,16,0,0,100.0,0.0,0.0,0.0,0.0,0.0,0.0,0.0,0.0,0.0,0.0,0.0,0.0,0.0,0.0,0.0
1305,21:45,PTR9,15,0,0,100.0,0.0,0.0,0.0,0.0,0.0,0.0,0.0,0.0,0.0,0.0,0.0,0.0,0.0,0.0,0.0
1305,21:45,PTR10,16,0,0,100.0,0.0,0.0,0.0,0.0,0.0,0.0,0.0,0.0,0.0,0.0,0.0,0.0,0.0,0.0,0.0
1306,21:46,PTR6,15,0,0,100.0,0.0,0.0,0.0,0.0,0.0,0.0,0.0,0.0,0.0,0.0,0.0,0.0,0.0,0.0,0.0
1306,21:46,PTR7,15,0,0,100.0,0.0,0.0,0.0,0.0,0.0,0.0,0.0,0.0,0.0,0.0,0.0,0.0,0.0,0.0,0.0
1306,21:46,PTR8,16,0,0,100.0,0.0,0.0,0.0,0.0,0.0,0.0,0.0,0.0,0.0,0.0,0.0,0.0,0.0,0.0,0.0
1306,21:46,PTR9,15,0,0,100.0,0.0,0.0,0.0,0.0,0.0,0.0,0.0,0.0,0.0,0.0,0.0,0.0,0.0,0.0,0.0
1306,21:46,PTR10,16,0,0,100.0,0.0,0.0,0.0,0.0,0.0,0.0,0.0,0.0,0.0,0.0,0.0,0.0,0.0,0.0,0.0
1307,21:47,PTR6,15,0,0,100.0,0.0,0.0,0.0,0.0,0.0,0.0,0.0,0.0,0.0,0.0,0.0,0.0,0.0,0.0,0.0
1307,21:47,PTR7,15,0,0,100.0,0.0,0.0,0.0,0.0,0.0,0.0,0.0,0.0,0.0,0.0,0.0,0.0,0.0,0.0,0.0
1307,21:47,PTR8,16,0,0,100.0,0.0,0.0,0.0,0.0,0.0,0.0,0.0,0.0,0.0,0.0,0.0,0.0,0.0,0.0,0.0
1307,21:47,PTR9,15,0,0,100.0,0.0,0.0,0.0,0.0,0.0,0.0,0.0,0.0,0.0,0.0,0.0,0.0,0.0,0.0,0.0
1307,21:47,PTR10,16,0,0,100.0,0.0,0.0,0.0,0.0,0.0,0.0,0.0,0.0,0.0,0.0,0.0,0.0,0.0,0.0,0.0
1308,21:48,PTR6,15,0,0,100.0,0.0,0.0,0.0,0.0,0.0,0.0,0.0,0.0,0.0,0.0,0.0,0.0,0.0,0.0,0.0
1308,21:48,PTR7,15,0,0,100.0,0.0,0.0,0.0,0.0,0.0,0.0,0.0,0.0,0.0,0.0,0.0,0.0,0.0,0.0,0.0
1308,21:48,PTR8,16,0,0,100.0,0.0,0.0,0.0,0.0,0.0,0.0,0.0,0.0,0.0,0.0,0.0,0.0,0.0,0.0,0.0
1308,21:48,PTR9,15,0,0,100.0,0.0,0.0,0.0,0.0,0.0,0.0,0.0,0.0,0.0,0.0,0.0,0.0,0.0,0.0,0.0
1308,21:48,PTR10,16,0,0,100.0,0.0,0.0,0.0,0.0,0.0,0.0,0.0,0.0,0.0,0.0,0.0,0.0,0.0,0.0,0.0
1309,21:49,PTR6,15,0,0,100.0,0.0,0.0,0.0,0.0,0.0,0.0,0.0,0.0,0.0,0.0,0.0,0.0,0.0,0.0,0.0
1309,21:49,PTR7,15,0,0,100.0,0.0,0.0,0.0,0.0,0.0,0.0,0.0,0.0,0.0,0.0,0.0,0.0,0.0,0.0,0.0
1309,21:49,PTR8,16,0,0,100.0,0.0,0.0,0.0,0.0,0.0,0.0,0.0,0.0,0.0,0.0,0.0,0.0,0.0,0.0,0.0
1309,21:49,PTR9,15,0,0,100.0,0.0,0.0,0.0,0.0,0.0,0.0,0.0,0.0,0.0,0.0,0.0,0.0,0.0,0.0,0.0
1309,21:49,PTR10,16,0,0,100.0,0.0,0.0,0.0,0.0,0.0,0.0,0.0,0.0,0.0,0.0,0.0,0.0,0.0,0.0,0.0
1310,21:50,PTR6,15,0,0,100.0,0.0,0.0,0.0,0.0,0.0,0.0,0.0,0.0,0.0,0.0,0.0,0.0,0.0,0.0,0.0
1310,21:50,PTR7,15,0,0,100.0,0.0,0.0,0.0,0.0,0.0,0.0,0.0,0.0,0.0,0.0,0.0,0.0,0.0,0.0,0.0
1310,21:50,PTR8,16,0,0,100.0,0.0,0.0,0.0,0.0,0.0,0.0,0.0,0.0,0.0,0.0,0.0,0.0,0.0,0.0,0.0
1310,21:50,PTR9,15,0,0,100.0,0.0,0.0,0.0,0.0,0.0,0.0,0.0,0.0,0.0,0.0,0.0,0.0,0.0,0.0,0.0
1310,21:50,PTR10,16,0,0,100.0,0.0,0.0,0.0,0.0,0.0,0.0,0.0,0.0,0.0,0.0,0.0,0.0,0.0,0.0,0.0
1311,21:51,PTR6,15,0,0,100.0,0.0,0.0,0.0,0.0,0.0,0.0,0.0,0.0,0.0,0.0,0.0,0.0,0.0,0.0,0.0
1311,21:51,PTR7,15,0,0,100.0,0.0,0.0,0.0,0.0,0.0,0.0,0.0,0.0,0.0,0.0,0.0,0.0,0.0,0.0,0.0
1311,21:51,PTR8,16,0,0,100.0,0.0,0.0,0.0,0.0,0.0,0.0,0.0,0.0,0.0,0.0,0.0,0.0,0.0,0.0,0.0
1311,21:51,PTR9,15,0,0,100.0,0.0,0.0,0.0,0.0,0.0,0.0,0.0,0.0,0.0,0.0,0.0,0.0,0.0,0.0,0.0
1311,21:51,PTR10,16,0,0,100.0,0.0,0.0,0.0,0.0,0.0,0.0,0.0,0.0,0.0,0.0,0.0,0.0,0.0,0.0,0.0
1312,21:52,PTR6,15,0,0,100.0,0.0,0.0,0.0,0.0,0.0,0.0,0.0,0.0,0.0,0.0,0.0,0.0,0.0,0.0,0.0
1312,21:52,PTR7,15,0,0,100.0,0.0,0.0,0.0,0.0,0.0,0.0,0.0,0.0,0.0,0.0,0.0,0.0,0.0,0.0,0.0
1312,21:52,PTR8,16,0,0,100.0,0.0,0.0,0.0,0.0,0.0,0.0,0.0,0.0,0.0,0.0,0.0,0.0,0.0,0.0,0.0
1312,21:52,PTR9,15,0,0,100.0,0.0,0.0,0.0,0.0,0.0,0.0,0.0,0.0,0.0,0.0,0.0,0.0,0.0,0.0,0.0
1312,21:52,PTR10,16,0,0,100.0,0.0,0.0,0.0,0.0,0.0,0.0,0.0,0.0,0.0,0.0,0.0,0.0,0.0,0.0,0.0
1313,21:53,PTR6,15,0,0,100.0,0.0,0.0,0.0,0.0,0.0,0.0,0.0,0.0,0.0,0.0,0.0,0.0,0.0,0.0,0.0
1313,21:53,PTR7,15,0,0,100.0,0.0,0.0,0.0,0.0,0.0,0.0,0.0,0.0,0.0,0.0,0.0,0.0,0.0,0.0,0.0
1313,21:53,PTR8,16,0,0,100.0,0.0,0.0,0.0,0.0,0.0,0.0,0.0,0.0,0.0,0.0,0.0,0.0,0.0,0.0,0.0
1313,21:53,PTR9,15,0,0,100.0,0.0,0.0,0.0,0.0,0.0,0.0,0.0,0.0,0.0,0.0,0.0,0.0,0.0,0.0,0.0
1313,21:53,PTR10,16,0,0,100.0,0.0,0.0,0.0,0.0,0.0,0.0,0.0,0.0,0.0,0.0,0.0,0.0,0.0,0.0,0.0
1314,21:54,PTR6,15,0,0,100.0,0.0,0.0,0.0,0.0,0.0,0.0,0.0,0.0,0.0,0.0,0.0,0.0,0.0,0.0,0.0
1314,21:54,PTR7,15,0,0,100.0,0.0,0.0,0.0,0.0,0.0,0.0,0.0,0.0,0.0,0.0,0.0,0.0,0.0,0.0,0.0
1314,21:54,PTR8,16,0,0,100.0,0.0,0.0,0.0,0.0,0.0,0.0,0.0,0.0,0.0,0.0,0.0,0.0,0.0,0.0,0.0
1314,21:54,PTR9,15,0,0,100.0,0.0,0.0,0.0,0.0,0.0,0.0,0.0,0.0,0.0,0.0,0.0,0.0,0.0,0.0,0.0
1314,21:54,PTR10,16,0,0,100.0,0.0,0.0,0.0,0.0,0.0,0.0,0.0,0.0,0.0,0.0,0.0,0.0,0.0,0.0,0.0
1315,21:55,PTR6,15,0,0,100.0,0.0,0.0,0.0,0.0,0.0,0.0,0.0,0.0,0.0,0.0,0.0,0.0,0.0,0.0,0.0
1315,21:55,PTR7,15,0,0,100.0,0.0,0.0,0.0,0.0,0.0,0.0,0.0,0.0,0.0,0.0,0.0,0.0,0.0,0.0,0.0
1315,21:55,PTR8,16,0,0,100.0,0.0,0.0,0.0,0.0,0.0,0.0,0.0,0.0,0.0,0.0,0.0,0.0,0.0,0.0,0.0
1315,21:55,PTR9,15,0,0,100.0,0.0,0.0,0.0,0.0,0.0,0.0,0.0,0.0,0.0,0.0,0.0,0.0,0.0,0.0,0.0
1315,21:55,PTR10,16,0,0,100.0,0.0,0.0,0.0,0.0,0.0,0.0,0.0,0.0,0.0,0.0,0.0,0.0,0.0,0.0,0.0
1316,21:56,PTR6,15,0,0,100.0,0.0,0.0,0.0,0.0,0.0,0.0,0.0,0.0,0.0,0.0,0.0,0.0,0.0,0.0,0.0
1316,21:56,PTR7,15,0,0,100.0,0.0,0.0,0.0,0.0,0.0,0.0,0.0,0.0,0.0,0.0,0.0,0.0,0.0,0.0,0.0
1316,21:56,PTR8,16,0,0,100.0,0.0,0.0,0.0,0.0,0.0,0.0,0.0,0.0,0.0,0.0,0.0,0.0,0.0,0.0,0.0
1316,21:56,PTR9,15,0,0,100.0,0.0,0.0,0.0,0.0,0.0,0.0,0.0,0.0,0.0,0.0,0.0,0.0,0.0,0.0,0.0
1316,21:56,PTR10,16,0,0,100.0,0.0,0.0,0.0,0.0,0.0,0.0,0.0,0.0,0.0,0.0,0.0,0.0,0.0,0.0,0.0
1317,21:57,PTR6,15,0,0,100.0,0.0,0.0,0.0,0.0,0.0,0.0,0.0,0.0,0.0,0.0,0.0,0.0,0.0,0.0,0.0
1317,21:57,PTR7,15,0,0,100.0,0.0,0.0,0.0,0.0,0.0,0.0,0.0,0.0,0.0,0.0,0.0,0.0,0.0,0.0,0.0
1317,21:57,PTR8,16,0,0,100.0,0.0,0.0,0.0,0.0,0.0,0.0,0.0,0.0,0.0,0.0,0.0,0.0,0.0,0.0,0.0
1317,21:57,PTR9,15,0,0,100.0,0.0,0.0,0.0,0.0,0.0,0.0,0.0,0.0,0.0,0.0,0.0,0.0,0.0,0.0,0.0
1317,21:57,PTR10,16,0,0,100.0,0.0,0.0,0.0,0.0,0.0,0.0,0.0,0.0,0.0,0.0,0.0,0.0,0.0,0.0,0.0
1318,21:58,PTR6,15,0,0,100.0,0.0,0.0,0.0,0.0,0.0,0.0,0.0,0.0,0.0,0.0,0.0,0.0,0.0,0.0,0.0
1318,21:58,PTR7,15,0,0,100.0,0.0,0.0,0.0,0.0,0.0,0.0,0.0,0.0,0.0,0.0,0.0,0.0,0.0,0.0,0.0
1318,21:58,PTR8,16,0,0,100.0,0.0,0.0,0.0,0.0,0.0,0.0,0.0,0.0,0.0,0.0,0.0,0.0,0.0,0.0,0.0
1318,21:58,PTR9,15,0,0,100.0,0.0,0.0,0.0,0.0,0.0,0.0,0.0,0.0,0.0,0.0,0.0,0.0,0.0,0.0,0.0
1318,21:58,PTR10,16,0,0,100.0,0.0,0.0,0.0,0.0,0.0,0.0,0.0,0.0,0.0,0.0,0.0,0.0,0.0,0.0,0.0
1319,21:59,PTR6,15,0,0,100.0,0.0,0.0,0.0,0.0,0.0,0.0,0.0,0.0,0.0,0.0,0.0,0.0,0.0,0.0,0.0
1319,21:59,PTR7,15,0,0,100.0,0.0,0.0,0.0,0.0,0.0,0.0,0.0,0.0,0.0,0.0,0.0,0.0,0.0,0.0,0.0
1319,21:59,PTR8,16,0,0,100.0,0.0,0.0,0.0,0.0,0.0,0.0,0.0,0.0,0.0,0.0,0.0,0.0,0.0,0.0,0.0
1319,21:59,PTR9,15,0,0,100.0,0.0,0.0,0.0,0.0,0.0,0.0,0.0,0.0,0.0,0.0,0.0,0.0,0.0,0.0,0.0
1319,21:59,PTR10,16,0,0,100.0,0.0,0.0,0.0,0.0,0.0,0.0,0.0,0.0,0.0,0.0,0.0,0.0,0.0,0.0,0.0
1320,22:00,PTR6,15,0,0,100.0,0.0,0.0,0.0,0.0,0.0,0.0,0.0,0.0,0.0,0.0,0.0,0.0,0.0,0.0,0.0
1320,22:00,PTR7,15,0,0,100.0,0.0,0.0,0.0,0.0,0.0,0.0,0.0,0.0,0.0,0.0,0.0,0.0,0.0,0.0,0.0
1320,22:00,PTR8,16,0,0,100.0,0.0,0.0,0.0,0.0,0.0,0.0,0.0,0.0,0.0,0.0,0.0,0.0,0.0,0.0,0.0
1320,22:00,PTR9,15,0,0,100.0,0.0,0.0,0.0,0.0,0.0,0.0,0.0,0.0,0.0,0.0,0.0,0.0,0.0,0.0,0.0
1320,22:00,PTR10,16,0,0,100.0,0.0,0.0,0.0,0.0,0.0,0.0,0.0,0.0,0.0,0.0,0.0,0.0,0.0,0.0,0.0
1321,22:01,PTR6,15,0,0,100.0,0.0,0.0,0.0,0.0,0.0,0.0,0.0,0.0,0.0,0.0,0.0,0.0,0.0,0.0,0.0
1321,22:01,PTR7,15,0,0,100.0,0.0,0.0,0.0,0.0,0.0,0.0,0.0,0.0,0.0,0.0,0.0,0.0,0.0,0.0,0.0
1321,22:01,PTR8,16,0,0,100.0,0.0,0.0,0.0,0.0,0.0,0.0,0.0,0.0,0.0,0.0,0.0,0.0,0.0,0.0,0.0
1321,22:01,PTR9,15,0,0,100.0,0.0,0.0,0.0,0.0,0.0,0.0,0.0,0.0,0.0,0.0,0.0,0.0,0.0,0.0,0.0
1321,22:01,PTR10,16,0,0,100.0,0.0,0.0,0.0,0.0,0.0,0.0,0.0,0.0,0.0,0.0,0.0,0.0,0.0,0.0,0.0
1322,22:02,PTR6,15,0,0,100.0,0.0,0.0,0.0,0.0,0.0,0.0,0.0,0.0,0.0,0.0,0.0,0.0,0.0,0.0,0.0
1322,22:02,PTR7,15,0,0,100.0,0.0,0.0,0.0,0.0,0.0,0.0,0.0,0.0,0.0,0.0,0.0,0.0,0.0,0.0,0.0
1322,22:02,PTR8,16,0,0,100.0,0.0,0.0,0.0,0.0,0.0,0.0,0.0,0.0,0.0,0.0,0.0,0.0,0.0,0.0,0.0
1322,22:02,PTR9,15,0,0,100.0,0.0,0.0,0.0,0.0,0.0,0.0,0.0,0.0,0.0,0.0,0.0,0.0,0.0,0.0,0.0
1322,22:02,PTR10,16,0,0,100.0,0.0,0.0,0.0,0.0,0.0,0.0,0.0,0.0,0.0,0.0,0.0,0.0,0.0,0.0,0.0
1323,22:03,PTR6,15,0,0,100.0,0.0,0.0,0.0,0.0,0.0,0.0,0.0,0.0,0.0,0.0,0.0,0.0,0.0,0.0,0.0
1323,22:03,PTR7,15,0,0,100.0,0.0,0.0,0.0,0.0,0.0,0.0,0.0,0.0,0.0,0.0,0.0,0.0,0.0,0.0,0.0
1323,22:03,PTR8,16,0,0,100.0,0.0,0.0,0.0,0.0,0.0,0.0,0.0,0.0,0.0,0.0,0.0,0.0,0.0,0.0,0.0
1323,22:03,PTR9,15,0,0,100.0,0.0,0.0,0.0,0.0,0.0,0.0,0.0,0.0,0.0,0.0,0.0,0.0,0.0,0.0,0.0
1323,22:03,PTR10,16,0,0,100.0,0.0,0.0,0.0,0.0,0.0,0.0,0.0,0.0,0.0,0.0,0.0,0.0,0.0,0.0,0.0
1324,22:04,PTR6,15,0,0,100.0,0.0,0.0,0.0,0.0,0.0,0.0,0.0,0.0,0.0,0.0,0.0,0.0,0.0,0.0,0.0
1324,22:04,PTR7,15,0,0,100.0,0.0,0.0,0.0,0.0,0.0,0.0,0.0,0.0,0.0,0.0,0.0,0.0,0.0,0.0,0.0
1324,22:04,PTR8,16,0,0,100.0,0.0,0.0,0.0,0.0,0.0,0.0,0.0,0.0,0.0,0.0,0.0,0.0,0.0,0.0,0.0
1324,22:04,PTR9,15,0,0,100.0,0.0,0.0,0.0,0.0,0.0,0.0,0.0,0.0,0.0,0.0,0.0,0.0,0.0,0.0,0.0
1324,22:04,PTR10,16,0,0,100.0,0.0,0.0,0.0,0.0,0.0,0.0,0.0,0.0,0.0,0.0,0.0,0.0,0.0,0.0,0.0
1325,22:05,PTR6,15,0,0,100.0,0.0,0.0,0.0,0.0,0.0,0.0,0.0,0.0,0.0,0.0,0.0,0.0,0.0,0.0,0.0
1325,22:05,PTR7,15,0,0,100.0,0.0,0.0,0.0,0.0,0.0,0.0,0.0,0.0,0.0,0.0,0.0,0.0,0.0,0.0,0.0
1325,22:05,PTR8,16,0,0,100.0,0.0,0.0,0.0,0.0,0.0,0.0,0.0,0.0,0.0,0.0,0.0,0.0,0.0,0.0,0.0
1325,22:05,PTR9,15,0,0,100.0,0.0,0.0,0.0,0.0,0.0,0.0,0.0,0.0,0.0,0.0,0.0,0.0,0.0,0.0,0.0
1325,22:05,PTR10,16,0,0,100.0,0.0,0.0,0.0,0.0,0.0,0.0,0.0,0.0,0.0,0.0,0.0,0.0,0.0,0.0,0.0
1326,22:06,PTR6,15,0,0,100.0,0.0,0.0,0.0,0.0,0.0,0.0,0.0,0.0,0.0,0.0,0.0,0.0,0.0,0.0,0.0
1326,22:06,PTR7,15,0,0,100.0,0.0,0.0,0.0,0.0,0.0,0.0,0.0,0.0,0.0,0.0,0.0,0.0,0.0,0.0,0.0
1326,22:06,PTR8,16,0,0,100.0,0.0,0.0,0.0,0.0,0.0,0.0,0.0,0.0,0.0,0.0,0.0,0.0,0.0,0.0,0.0
1326,22:06,PTR9,15,0,0,100.0,0.0,0.0,0.0,0.0,0.0,0.0,0.0,0.0,0.0,0.0,0.0,0.0,0.0,0.0,0.0
1326,22:06,PTR10,16,0,0,100.0,0.0,0.0,0.0,0.0,0.0,0.0,0.0,0.0,0.0,0.0,0.0,0.0,0.0,0.0,0.0
1327,22:07,PTR6,15,0,0,100.0,0.0,0.0,0.0,0.0,0.0,0.0,0.0,0.0,0.0,0.0,0.0,0.0,0.0,0.0,0.0
1327,22:07,PTR7,15,0,0,100.0,0.0,0.0,0.0,0.0,0.0,0.0,0.0,0.0,0.0,0.0,0.0,0.0,0.0,0.0,0.0
1327,22:07,PTR8,16,0,0,100.0,0.0,0.0,0.0,0.0,0.0,0.0,0.0,0.0,0.0,0.0,0.0,0.0,0.0,0.0,0.0
1327,22:07,PTR9,15,0,0,100.0,0.0,0.0,0.0,0.0,0.0,0.0,0.0,0.0,0.0,0.0,0.0,0.0,0.0,0.0,0.0
1327,22:07,PTR10,16,0,0,100.0,0.0,0.0,0.0,0.0,0.0,0.0,0.0,0.0,0.0,0.0,0.0,0.0,0.0,0.0,0.0
1328,22:08,PTR6,15,0,0,100.0,0.0,0.0,0.0,0.0,0.0,0.0,0.0,0.0,0.0,0.0,0.0,0.0,0.0,0.0,0.0
1328,22:08,PTR7,15,0,0,100.0,0.0,0.0,0.0,0.0,0.0,0.0,0.0,0.0,0.0,0.0,0.0,0.0,0.0,0.0,0.0
1328,22:08,PTR8,16,0,0,100.0,0.0,0.0,0.0,0.0,0.0,0.0,0.0,0.0,0.0,0.0,0.0,0.0,0.0,0.0,0.0
1328,22:08,PTR9,15,0,0,100.0,0.0,0.0,0.0,0.0,0.0,0.0,0.0,0.0,0.0,0.0,0.0,0.0,0.0,0.0,0.0
1328,22:08,PTR10,16,0,0,100.0,0.0,0.0,0.0,0.0,0.0,0.0,0.0,0.0,0.0,0.0,0.0,0.0,0.0,0.0,0.0
1329,22:09,PTR6,15,0,0,100.0,0.0,0.0,0.0,0.0,0.0,0.0,0.0,0.0,0.0,0.0,0.0,0.0,0.0,0.0,0.0
1329,22:09,PTR7,15,0,0,100.0,0.0,0.0,0.0,0.0,0.0,0.0,0.0,0.0,0.0,0.0,0.0,0.0,0.0,0.0,0.0
1329,22:09,PTR8,16,0,0,100.0,0.0,0.0,0.0,0.0,0.0,0.0,0.0,0.0,0.0,0.0,0.0,0.0,0.0,0.0,0.0
1329,22:09,PTR9,15,0,0,100.0,0.0,0.0,0.0,0.0,0.0,0.0,0.0,0.0,0.0,0.0,0.0,0.0,0.0,0.0,0.0
1329,22:09,PTR10,16,0,0,100.0,0.0,0.0,0.0,0.0,0.0,0.0,0.0,0.0,0.0,0.0,0.0,0.0,0.0,0.0,0.0
1330,22:10,PTR6,15,0,0,100.0,0.0,0.0,0.0,0.0,0.0,0.0,0.0,0.0,0.0,0.0,0.0,0.0,0.0,0.0,0.0
1330,22:10,PTR7,15,0,0,100.0,0.0,0.0,0.0,0.0,0.0,0.0,0.0,0.0,0.0,0.0,0.0,0.0,0.0,0.0,0.0
1330,22:10,PTR8,16,0,0,100.0,0.0,0.0,0.0,0.0,0.0,0.0,0.0,0.0,0.0,0.0,0.0,0.0,0.0,0.0,0.0
1330,22:10,PTR9,15,0,0,100.0,0.0,0.0,0.0,0.0,0.0,0.0,0.0,0.0,0.0,0.0,0.0,0.0,0.0,0.0,0.0
1330,22:10,PTR10,16,0,0,100.0,0.0,0.0,0.0,0.0,0.0,0.0,0.0,0.0,0.0,0.0,0.0,0.0,0.0,0.0,0.0
1331,22:11,PTR6,15,0,0,100.0,0.0,0.0,0.0,0.0,0.0,0.0,0.0,0.0,0.0,0.0,0.0,0.0,0.0,0.0,0.0
1331,22:11,PTR7,15,0,0,100.0,0.0,0.0,0.0,0.0,0.0,0.0,0.0,0.0,0.0,0.0,0.0,0.0,0.0,0.0,0.0
1331,22:11,PTR8,16,0,0,100.0,0.0,0.0,0.0,0.0,0.0,0.0,0.0,0.0,0.0,0.0,0.0,0.0,0.0,0.0,0.0
1331,22:11,PTR9,15,0,0,100.0,0.0,0.0,0.0,0.0,0.0,0.0,0.0,0.0,0.0,0.0,0.0,0.0,0.0,0.0,0.0
1331,22:11,PTR10,16,0,0,100.0,0.0,0.0,0.0,0.0,0.0,0.0,0.0,0.0,0.0,0.0,0.0,0.0,0.0,0.0,0.0
1332,22:12,PTR6,15,0,0,100.0,0.0,0.0,0.0,0.0,0.0,0.0,0.0,0.0,0.0,0.0,0.0,0.0,0.0,0.0,0.0
1332,22:12,PTR7,15,0,0,100.0,0.0,0.0,0.0,0.0,0.0,0.0,0.0,0.0,0.0,0.0,0.0,0.0,0.0,0.0,0.0
1332,22:12,PTR8,16,0,0,100.0,0.0,0.0,0.0,0.0,0.0,0.0,0.0,0.0,0.0,0.0,0.0,0.0,0.0,0.0,0.0
1332,22:12,PTR9,15,0,0,100.0,0.0,0.0,0.0,0.0,0.0,0.0,0.0,0.0,0.0,0.0,0.0,0.0,0.0,0.0,0.0
1332,22:12,PTR10,16,0,0,100.0,0.0,0.0,0.0,0.0,0.0,0.0,0.0,0.0,0.0,0.0,0.0,0.0,0.0,0.0,0.0
1333,22:13,PTR6,15,0,0,100.0,0.0,0.0,0.0,0.0,0.0,0.0,0.0,0.0,0.0,0.0,0.0,0.0,0.0,0.0,0.0
1333,22:13,PTR7,15,0,0,100.0,0.0,0.0,0.0,0.0,0.0,0.0,0.0,0.0,0.0,0.0,0.0,0.0,0.0,0.0,0.0
1333,22:13,PTR8,16,0,0,100.0,0.0,0.0,0.0,0.0,0.0,0.0,0.0,0.0,0.0,0.0,0.0,0.0,0.0,0.0,0.0
1333,22:13,PTR9,15,0,0,100.0,0.0,0.0,0.0,0.0,0.0,0.0,0.0,0.0,0.0,0.0,0.0,0.0,0.0,0.0,0.0
1333,22:13,PTR10,16,0,0,100.0,0.0,0.0,0.0,0.0,0.0,0.0,0.0,0.0,0.0,0.0,0.0,0.0,0.0,0.0,0.0
1334,22:14,PTR6,15,0,0,100.0,0.0,0.0,0.0,0.0,0.0,0.0,0.0,0.0,0.0,0.0,0.0,0.0,0.0,0.0,0.0
1334,22:14,PTR7,15,0,0,100.0,0.0,0.0,0.0,0.0,0.0,0.0,0.0,0.0,0.0,0.0,0.0,0.0,0.0,0.0,0.0
1334,22:14,PTR8,16,0,0,100.0,0.0,0.0,0.0,0.0,0.0,0.0,0.0,0.0,0.0,0.0,0.0,0.0,0.0,0.0,0.0
1334,22:14,PTR9,15,0,0,100.0,0.0,0.0,0.0,0.0,0.0,0.0,0.0,0.0,0.0,0.0,0.0,0.0,0.0,0.0,0.0
1334,22:14,PTR10,16,0,0,100.0,0.0,0.0,0.0,0.0,0.0,0.0,0.0,0.0,0.0,0.0,0.0,0.0,0.0,0.0,0.0
1335,22:15,PTR6,15,0,0,100.0,0.0,0.0,0.0,0.0,0.0,0.0,0.0,0.0,0.0,0.0,0.0,0.0,0.0,0.0,0.0
1335,22:15,PTR7,15,0,0,100.0,0.0,0.0,0.0,0.0,0.0,0.0,0.0,0.0,0.0,0.0,0.0,0.0,0.0,0.0,0.0
1335,22:15,PTR8,16,0,0,100.0,0.0,0.0,0.0,0.0,0.0,0.0,0.0,0.0,0.0,0.0,0.0,0.0,0.0,0.0,0.0
1335,22:15,PTR9,15,0,0,100.0,0.0,0.0,0.0,0.0,0.0,0.0,0.0,0.0,0.0,0.0,0.0,0.0,0.0,0.0,0.0
1335,22:15,PTR10,16,0,0,100.0,0.0,0.0,0.0,0.0,0.0,0.0,0.0,0.0,0.0,0.0,0.0,0.0,0.0,0.0,0.0
1336,22:16,PTR6,15,0,0,100.0,0.0,0.0,0.0,0.0,0.0,0.0,0.0,0.0,0.0,0.0,0.0,0.0,0.0,0.0,0.0
1336,22:16,PTR7,15,0,0,100.0,0.0,0.0,0.0,0.0,0.0,0.0,0.0,0.0,0.0,0.0,0.0,0.0,0.0,0.0,0.0
1336,22:16,PTR8,16,0,0,100.0,0.0,0.0,0.0,0.0,0.0,0.0,0.0,0.0,0.0,0.0,0.0,0.0,0.0,0.0,0.0
1336,22:16,PTR9,15,0,0,100.0,0.0,0.0,0.0,0.0,0.0,0.0,0.0,0.0,0.0,0.0,0.0,0.0,0.0,0.0,0.0
1336,22:16,PTR10,16,0,0,100.0,0.0,0.0,0.0,0.0,0.0,0.0,0.0,0.0,0.0,0.0,0.0,0.0,0.0,0.0,0.0
1337,22:17,PTR6,15,0,0,100.0,0.0,0.0,0.0,0.0,0.0,0.0,0.0,0.0,0.0,0.0,0.0,0.0,0.0,0.0,0.0
1337,22:17,PTR7,15,0,0,100.0,0.0,0.0,0.0,0.0,0.0,0.0,0.0,0.0,0.0,0.0,0.0,0.0,0.0,0.0,0.0
1337,22:17,PTR8,16,0,0,100.0,0.0,0.0,0.0,0.0,0.0,0.0,0.0,0.0,0.0,0.0,0.0,0.0,0.0,0.0,0.0
1337,22:17,PTR9,15,0,0,100.0,0.0,0.0,0.0,0.0,0.0,0.0,0.0,0.0,0.0,0.0,0.0,0.0,0.0,0.0,0.0
1337,22:17,PTR10,16,0,0,100.0,0.0,0.0,0.0,0.0,0.0,0.0,0.0,0.0,0.0,0.0,0.0,0.0,0.0,0.0,0.0
1338,22:18,PTR6,15,0,0,100.0,0.0,0.0,0.0,0.0,0.0,0.0,0.0,0.0,0.0,0.0,0.0,0.0,0.0,0.0,0.0
1338,22:18,PTR7,15,0,0,100.0,0.0,0.0,0.0,0.0,0.0,0.0,0.0,0.0,0.0,0.0,0.0,0.0,0.0,0.0,0.0
1338,22:18,PTR8,16,0,0,100.0,0.0,0.0,0.0,0.0,0.0,0.0,0.0,0.0,0.0,0.0,0.0,0.0,0.0,0.0,0.0
1338,22:18,PTR9,15,0,0,100.0,0.0,0.0,0.0,0.0,0.0,0.0,0.0,0.0,0.0,0.0,0.0,0.0,0.0,0.0,0.0
1338,22:18,PTR10,16,0,0,100.0,0.0,0.0,0.0,0.0,0.0,0.0,0.0,0.0,0.0,0.0,0.0,0.0,0.0,0.0,0.0
1339,22:19,PTR6,15,0,0,100.0,0.0,0.0,0.0,0.0,0.0,0.0,0.0,0.0,0.0,0.0,0.0,0.0,0.0,0.0,0.0
1339,22:19,PTR7,15,0,0,100.0,0.0,0.0,0.0,0.0,0.0,0.0,0.0,0.0,0.0,0.0,0.0,0.0,0.0,0.0,0.0
1339,22:19,PTR8,16,0,0,100.0,0.0,0.0,0.0,0.0,0.0,0.0,0.0,0.0,0.0,0.0,0.0,0.0,0.0,0.0,0.0
1339,22:19,PTR9,15,0,0,100.0,0.0,0.0,0.0,0.0,0.0,0.0,0.0,0.0,0.0,0.0,0.0,0.0,0.0,0.0,0.0
1339,22:19,PTR10,16,0,0,100.0,0.0,0.0,0.0,0.0,0.0,0.0,0.0,0.0,0.0,0.0,0.0,0.0,0.0,0.0,0.0
1340,22:20,PTR6,15,0,0,100.0,0.0,0.0,0.0,0.0,0.0,0.0,0.0,0.0,0.0,0.0,0.0,0.0,0.0,0.0,0.0
1340,22:20,PTR7,15,0,0,100.0,0.0,0.0,0.0,0.0,0.0,0.0,0.0,0.0,0.0,0.0,0.0,0.0,0.0,0.0,0.0
1340,22:20,PTR8,16,0,0,100.0,0.0,0.0,0.0,0.0,0.0,0.0,0.0,0.0,0.0,0.0,0.0,0.0,0.0,0.0,0.0
1340,22:20,PTR9,15,0,0,100.0,0.0,0.0,0.0,0.0,0.0,0.0,0.0,0.0,0.0,0.0,0.0,0.0,0.0,0.0,0.0
1340,22:20,PTR10,16,0,0,100.0,0.0,0.0,0.0,0.0,0.0,0.0,0.0,0.0,0.0,0.0,0.0,0.0,0.0,0.0,0.0
1341,22:21,PTR6,15,0,0,100.0,0.0,0.0,0.0,0.0,0.0,0.0,0.0,0.0,0.0,0.0,0.0,0.0,0.0,0.0,0.0
1341,22:21,PTR7,15,0,0,100.0,0.0,0.0,0.0,0.0,0.0,0.0,0.0,0.0,0.0,0.0,0.0,0.0,0.0,0.0,0.0
1341,22:21,PTR8,16,0,0,100.0,0.0,0.0,0.0,0.0,0.0,0.0,0.0,0.0,0.0,0.0,0.0,0.0,0.0,0.0,0.0
1341,22:21,PTR9,15,0,0,100.0,0.0,0.0,0.0,0.0,0.0,0.0,0.0,0.0,0.0,0.0,0.0,0.0,0.0,0.0,0.0
1341,22:21,PTR10,16,0,0,100.0,0.0,0.0,0.0,0.0,0.0,0.0,0.0,0.0,0.0,0.0,0.0,0.0,0.0,0.0,0.0
1342,22:22,PTR6,15,0,0,100.0,0.0,0.0,0.0,0.0,0.0,0.0,0.0,0.0,0.0,0.0,0.0,0.0,0.0,0.0,0.0
1342,22:22,PTR7,15,0,0,100.0,0.0,0.0,0.0,0.0,0.0,0.0,0.0,0.0,0.0,0.0,0.0,0.0,0.0,0.0,0.0
1342,22:22,PTR8,16,0,0,100.0,0.0,0.0,0.0,0.0,0.0,0.0,0.0,0.0,0.0,0.0,0.0,0.0,0.0,0.0,0.0
1342,22:22,PTR9,15,0,0,100.0,0.0,0.0,0.0,0.0,0.0,0.0,0.0,0.0,0.0,0.0,0.0,0.0,0.0,0.0,0.0
1342,22:22,PTR10,16,0,0,100.0,0.0,0.0,0.0,0.0,0.0,0.0,0.0,0.0,0.0,0.0,0.0,0.0,0.0,0.0,0.0
1343,22:23,PTR6,15,0,0,100.0,0.0,0.0,0.0,0.0,0.0,0.0,0.0,0.0,0.0,0.0,0.0,0.0,0.0,0.0,0.0
1343,22:23,PTR7,15,0,0,100.0,0.0,0.0,0.0,0.0,0.0,0.0,0.0,0.0,0.0,0.0,0.0,0.0,0.0,0.0,0.0
1343,22:23,PTR8,16,0,0,100.0,0.0,0.0,0.0,0.0,0.0,0.0,0.0,0.0,0.0,0.0,0.0,0.0,0.0,0.0,0.0
1343,22:23,PTR9,15,0,0,100.0,0.0,0.0,0.0,0.0,0.0,0.0,0.0,0.0,0.0,0.0,0.0,0.0,0.0,0.0,0.0
1343,22:23,PTR10,16,0,0,100.0,0.0,0.0,0.0,0.0,0.0,0.0,0.0,0.0,0.0,0.0,0.0,0.0,0.0,0.0,0.0
1344,22:24,PTR6,15,0,0,100.0,0.0,0.0,0.0,0.0,0.0,0.0,0.0,0.0,0.0,0.0,0.0,0.0,0.0,0.0,0.0
1344,22:24,PTR7,15,0,0,100.0,0.0,0.0,0.0,0.0,0.0,0.0,0.0,0.0,0.0,0.0,0.0,0.0,0.0,0.0,0.0
1344,22:24,PTR8,16,0,0,100.0,0.0,0.0,0.0,0.0,0.0,0.0,0.0,0.0,0.0,0.0,0.0,0.0,0.0,0.0,0.0
1344,22:24,PTR9,15,0,0,100.0,0.0,0.0,0.0,0.0,0.0,0.0,0.0,0.0,0.0,0.0,0.0,0.0,0.0,0.0,0.0
1344,22:24,PTR10,16,0,0,100.0,0.0,0.0,0.0,0.0,0.0,0.0,0.0,0.0,0.0,0.0,0.0,0.0,0.0,0.0,0.0
1345,22:25,PTR6,15,0,0,100.0,0.0,0.0,0.0,0.0,0.0,0.0,0.0,0.0,0.0,0.0,0.0,0.0,0.0,0.0,0.0
1345,22:25,PTR7,15,0,0,100.0,0.0,0.0,0.0,0.0,0.0,0.0,0.0,0.0,0.0,0.0,0.0,0.0,0.0,0.0,0.0
1345,22:25,PTR8,16,0,0,100.0,0.0,0.0,0.0,0.0,0.0,0.0,0.0,0.0,0.0,0.0,0.0,0.0,0.0,0.0,0.0
1345,22:25,PTR9,15,0,0,100.0,0.0,0.0,0.0,0.0,0.0,0.0,0.0,0.0,0.0,0.0,0.0,0.0,0.0,0.0,0.0
1345,22:25,PTR10,16,0,0,100.0,0.0,0.0,0.0,0.0,0.0,0.0,0.0,0.0,0.0,0.0,0.0,0.0,0.0,0.0,0.0
1346,22:26,PTR6,15,0,0,100.0,0.0,0.0,0.0,0.0,0.0,0.0,0.0,0.0,0.0,0.0,0.0,0.0,0.0,0.0,0.0
1346,22:26,PTR7,15,0,0,100.0,0.0,0.0,0.0,0.0,0.0,0.0,0.0,0.0,0.0,0.0,0.0,0.0,0.0,0.0,0.0
1346,22:26,PTR8,16,0,0,100.0,0.0,0.0,0.0,0.0,0.0,0.0,0.0,0.0,0.0,0.0,0.0,0.0,0.0,0.0,0.0
1346,22:26,PTR9,15,0,0,100.0,0.0,0.0,0.0,0.0,0.0,0.0,0.0,0.0,0.0,0.0,0.0,0.0,0.0,0.0,0.0
1346,22:26,PTR10,16,0,0,100.0,0.0,0.0,0.0,0.0,0.0,0.0,0.0,0.0,0.0,0.0,0.0,0.0,0.0,0.0,0.0
1347,22:27,PTR6,15,0,0,100.0,0.0,0.0,0.0,0.0,0.0,0.0,0.0,0.0,0.0,0.0,0.0,0.0,0.0,0.0,0.0
1347,22:27,PTR7,15,0,0,100.0,0.0,0.0,0.0,0.0,0.0,0.0,0.0,0.0,0.0,0.0,0.0,0.0,0.0,0.0,0.0
1347,22:27,PTR8,16,0,0,100.0,0.0,0.0,0.0,0.0,0.0,0.0,0.0,0.0,0.0,0.0,0.0,0.0,0.0,0.0,0.0
1347,22:27,PTR9,15,0,0,100.0,0.0,0.0,0.0,0.0,0.0,0.0,0.0,0.0,0.0,0.0,0.0,0.0,0.0,0.0,0.0
1347,22:27,PTR10,16,0,0,100.0,0.0,0.0,0.0,0.0,0.0,0.0,0.0,0.0,0.0,0.0,0.0,0.0,0.0,0.0,0.0
1348,22:28,PTR6,15,0,0,100.0,0.0,0.0,0.0,0.0,0.0,0.0,0.0,0.0,0.0,0.0,0.0,0.0,0.0,0.0,0.0
1348,22:28,PTR7,15,0,0,100.0,0.0,0.0,0.0,0.0,0.0,0.0,0.0,0.0,0.0,0.0,0.0,0.0,0.0,0.0,0.0
1348,22:28,PTR8,16,0,0,100.0,0.0,0.0,0.0,0.0,0.0,0.0,0.0,0.0,0.0,0.0,0.0,0.0,0.0,0.0,0.0
1348,22:28,PTR9,15,0,0,100.0,0.0,0.0,0.0,0.0,0.0,0.0,0.0,0.0,0.0,0.0,0.0,0.0,0.0,0.0,0.0
1348,22:28,PTR10,16,0,0,100.0,0.0,0.0,0.0,0.0,0.0,0.0,0.0,0.0,0.0,0.0,0.0,0.0,0.0,0.0,0.0
1349,22:29,PTR6,15,0,0,100.0,0.0,0.0,0.0,0.0,0.0,0.0,0.0,0.0,0.0,0.0,0.0,0.0,0.0,0.0,0.0
1349,22:29,PTR7,15,0,0,100.0,0.0,0.0,0.0,0.0,0.0,0.0,0.0,0.0,0.0,0.0,0.0,0.0,0.0,0.0,0.0
1349,22:29,PTR8,16,0,0,100.0,0.0,0.0,0.0,0.0,0.0,0.0,0.0,0.0,0.0,0.0,0.0,0.0,0.0,0.0,0.0
1349,22:29,PTR9,15,0,0,100.0,0.0,0.0,0.0,0.0,0.0,0.0,0.0,0.0,0.0,0.0,0.0,0.0,0.0,0.0,0.0
1349,22:29,PTR10,16,0,0,100.0,0.0,0.0,0.0,0.0,0.0,0.0,0.0,0.0,0.0,0.0,0.0,0.0,0.0,0.0,0.0
1350,22:30,PTR6,15,0,0,100.0,0.0,0.0,0.0,0.0,0.0,0.0,0.0,0.0,0.0,0.0,0.0,0.0,0.0,0.0,0.0
1350,22:30,PTR7,15,0,0,100.0,0.0,0.0,0.0,0.0,0.0,0.0,0.0,0.0,0.0,0.0,0.0,0.0,0.0,0.0,0.0
1350,22:30,PTR8,16,0,0,100.0,0.0,0.0,0.0,0.0,0.0,0.0,0.0,0.0,0.0,0.0,0.0,0.0,0.0,0.0,0.0
1350,22:30,PTR9,15,0,0,100.0,0.0,0.0,0.0,0.0,0.0,0.0,0.0,0.0,0.0,0.0,0.0,0.0,0.0,0.0,0.0
1350,22:30,PTR10,16,0,0,100.0,0.0,0.0,0.0,0.0,0.0,0.0,0.0,0.0,0.0,0.0,0.0,0.0,0.0,0.0,0.0
1351,22:31,PTR6,15,0,0,100.0,0.0,0.0,0.0,0.0,0.0,0.0,0.0,0.0,0.0,0.0,0.0,0.0,0.0,0.0,0.0
1351,22:31,PTR7,15,0,0,100.0,0.0,0.0,0.0,0.0,0.0,0.0,0.0,0.0,0.0,0.0,0.0,0.0,0.0,0.0,0.0
1351,22:31,PTR8,16,0,0,100.0,0.0,0.0,0.0,0.0,0.0,0.0,0.0,0.0,0.0,0.0,0.0,0.0,0.0,0.0,0.0
1351,22:31,PTR9,15,0,0,100.0,0.0,0.0,0.0,0.0,0.0,0.0,0.0,0.0,0.0,0.0,0.0,0.0,0.0,0.0,0.0
1351,22:31,PTR10,16,0,0,100.0,0.0,0.0,0.0,0.0,0.0,0.0,0.0,0.0,0.0,0.0,0.0,0.0,0.0,0.0,0.0
1352,22:32,PTR6,15,0,0,100.0,0.0,0.0,0.0,0.0,0.0,0.0,0.0,0.0,0.0,0.0,0.0,0.0,0.0,0.0,0.0
1352,22:32,PTR7,15,0,0,100.0,0.0,0.0,0.0,0.0,0.0,0.0,0.0,0.0,0.0,0.0,0.0,0.0,0.0,0.0,0.0
1352,22:32,PTR8,16,0,0,100.0,0.0,0.0,0.0,0.0,0.0,0.0,0.0,0.0,0.0,0.0,0.0,0.0,0.0,0.0,0.0
1352,22:32,PTR9,15,0,0,100.0,0.0,0.0,0.0,0.0,0.0,0.0,0.0,0.0,0.0,0.0,0.0,0.0,0.0,0.0,0.0
1352,22:32,PTR10,16,0,0,100.0,0.0,0.0,0.0,0.0,0.0,0.0,0.0,0.0,0.0,0.0,0.0,0.0,0.0,0.0,0.0
1353,22:33,PTR6,15,0,0,100.0,0.0,0.0,0.0,0.0,0.0,0.0,0.0,0.0,0.0,0.0,0.0,0.0,0.0,0.0,0.0
1353,22:33,PTR7,15,0,0,100.0,0.0,0.0,0.0,0.0,0.0,0.0,0.0,0.0,0.0,0.0,0.0,0.0,0.0,0.0,0.0
1353,22:33,PTR8,16,0,0,100.0,0.0,0.0,0.0,0.0,0.0,0.0,0.0,0.0,0.0,0.0,0.0,0.0,0.0,0.0,0.0
1353,22:33,PTR9,15,0,0,100.0,0.0,0.0,0.0,0.0,0.0,0.0,0.0,0.0,0.0,0.0,0.0,0.0,0.0,0.0,0.0
1353,22:33,PTR10,16,0,0,100.0,0.0,0.0,0.0,0.0,0.0,0.0,0.0,0.0,0.0,0.0,0.0,0.0,0.0,0.0,0.0
1354,22:34,PTR6,15,0,0,100.0,0.0,0.0,0.0,0.0,0.0,0.0,0.0,0.0,0.0,0.0,0.0,0.0,0.0,0.0,0.0
1354,22:34,PTR7,15,0,0,100.0,0.0,0.0,0.0,0.0,0.0,0.0,0.0,0.0,0.0,0.0,0.0,0.0,0.0,0.0,0.0
1354,22:34,PTR8,16,0,0,100.0,0.0,0.0,0.0,0.0,0.0,0.0,0.0,0.0,0.0,0.0,0.0,0.0,0.0,0.0,0.0
1354,22:34,PTR9,15,0,0,100.0,0.0,0.0,0.0,0.0,0.0,0.0,0.0,0.0,0.0,0.0,0.0,0.0,0.0,0.0,0.0
1354,22:34,PTR10,16,0,0,100.0,0.0,0.0,0.0,0.0,0.0,0.0,0.0,0.0,0.0,0.0,0.0,0.0,0.0,0.0,0.0
1355,22:35,PTR6,15,0,0,100.0,0.0,0.0,0.0,0.0,0.0,0.0,0.0,0.0,0.0,0.0,0.0,0.0,0.0,0.0,0.0
1355,22:35,PTR7,15,0,0,100.0,0.0,0.0,0.0,0.0,0.0,0.0,0.0,0.0,0.0,0.0,0.0,0.0,0.0,0.0,0.0
1355,22:35,PTR8,16,0,0,100.0,0.0,0.0,0.0,0.0,0.0,0.0,0.0,0.0,0.0,0.0,0.0,0.0,0.0,0.0,0.0
1355,22:35,PTR9,15,0,0,100.0,0.0,0.0,0.0,0.0,0.0,0.0,0.0,0.0,0.0,0.0,0.0,0.0,0.0,0.0,0.0
1355,22:35,PTR10,16,0,0,100.0,0.0,0.0,0.0,0.0,0.0,0.0,0.0,0.0,0.0,0.0,0.0,0.0,0.0,0.0,0.0
1356,22:36,PTR6,15,0,0,100.0,0.0,0.0,0.0,0.0,0.0,0.0,0.0,0.0,0.0,0.0,0.0,0.0,0.0,0.0,0.0
1356,22:36,PTR7,15,0,0,100.0,0.0,0.0,0.0,0.0,0.0,0.0,0.0,0.0,0.0,0.0,0.0,0.0,0.0,0.0,0.0
1356,22:36,PTR8,16,0,0,100.0,0.0,0.0,0.0,0.0,0.0,0.0,0.0,0.0,0.0,0.0,0.0,0.0,0.0,0.0,0.0
1356,22:36,PTR9,15,0,0,100.0,0.0,0.0,0.0,0.0,0.0,0.0,0.0,0.0,0.0,0.0,0.0,0.0,0.0,0.0,0.0
1356,22:36,PTR10,16,0,0,100.0,0.0,0.0,0.0,0.0,0.0,0.0,0.0,0.0,0.0,0.0,0.0,0.0,0.0,0.0,0.0
1357,22:37,PTR6,15,0,0,100.0,0.0,0.0,0.0,0.0,0.0,0.0,0.0,0.0,0.0,0.0,0.0,0.0,0.0,0.0,0.0
1357,22:37,PTR7,15,0,0,100.0,0.0,0.0,0.0,0.0,0.0,0.0,0.0,0.0,0.0,0.0,0.0,0.0,0.0,0.0,0.0
1357,22:37,PTR8,16,0,0,100.0,0.0,0.0,0.0,0.0,0.0,0.0,0.0,0.0,0.0,0.0,0.0,0.0,0.0,0.0,0.0
1357,22:37,PTR9,15,0,0,100.0,0.0,0.0,0.0,0.0,0.0,0.0,0.0,0.0,0.0,0.0,0.0,0.0,0.0,0.0,0.0
1357,22:37,PTR10,16,0,0,100.0,0.0,0.0,0.0,0.0,0.0,0.0,0.0,0.0,0.0,0.0,0.0,0.0,0.0,0.0,0.0
1358,22:38,PTR6,15,0,0,100.0,0.0,0.0,0.0,0.0,0.0,0.0,0.0,0.0,0.0,0.0,0.0,0.0,0.0,0.0,0.0
1358,22:38,PTR7,15,0,0,100.0,0.0,0.0,0.0,0.0,0.0,0.0,0.0,0.0,0.0,0.0,0.0,0.0,0.0,0.0,0.0
1358,22:38,PTR8,16,0,0,100.0,0.0,0.0,0.0,0.0,0.0,0.0,0.0,0.0,0.0,0.0,0.0,0.0,0.0,0.0,0.0
1358,22:38,PTR9,15,0,0,100.0,0.0,0.0,0.0,0.0,0.0,0.0,0.0,0.0,0.0,0.0,0.0,0.0,0.0,0.0,0.0
1358,22:38,PTR10,16,0,0,100.0,0.0,0.0,0.0,0.0,0.0,0.0,0.0,0.0,0.0,0.0,0.0,0.0,0.0,0.0,0.0
1359,22:39,PTR6,15,0,0,100.0,0.0,0.0,0.0,0.0,0.0,0.0,0.0,0.0,0.0,0.0,0.0,0.0,0.0,0.0,0.0
1359,22:39,PTR7,15,0,0,100.0,0.0,0.0,0.0,0.0,0.0,0.0,0.0,0.0,0.0,0.0,0.0,0.0,0.0,0.0,0.0
1359,22:39,PTR8,16,0,0,100.0,0.0,0.0,0.0,0.0,0.0,0.0,0.0,0.0,0.0,0.0,0.0,0.0,0.0,0.0,0.0
1359,22:39,PTR9,15,0,0,100.0,0.0,0.0,0.0,0.0,0.0,0.0,0.0,0.0,0.0,0.0,0.0,0.0,0.0,0.0,0.0
1359,22:39,PTR10,16,0,0,100.0,0.0,0.0,0.0,0.0,0.0,0.0,0.0,0.0,0.0,0.0,0.0,0.0,0.0,0.0,0.0
1360,22:40,PTR6,15,0,0,100.0,0.0,0.0,0.0,0.0,0.0,0.0,0.0,0.0,0.0,0.0,0.0,0.0,0.0,0.0,0.0
1360,22:40,PTR7,15,0,0,100.0,0.0,0.0,0.0,0.0,0.0,0.0,0.0,0.0,0.0,0.0,0.0,0.0,0.0,0.0,0.0
1360,22:40,PTR8,16,0,0,100.0,0.0,0.0,0.0,0.0,0.0,0.0,0.0,0.0,0.0,0.0,0.0,0.0,0.0,0.0,0.0
1360,22:40,PTR9,15,0,0,100.0,0.0,0.0,0.0,0.0,0.0,0.0,0.0,0.0,0.0,0.0,0.0,0.0,0.0,0.0,0.0
1360,22:40,PTR10,16,0,0,100.0,0.0,0.0,0.0,0.0,0.0,0.0,0.0,0.0,0.0,0.0,0.0,0.0,0.0,0.0,0.0
1361,22:41,PTR6,15,0,0,100.0,0.0,0.0,0.0,0.0,0.0,0.0,0.0,0.0,0.0,0.0,0.0,0.0,0.0,0.0,0.0
1361,22:41,PTR7,15,0,0,100.0,0.0,0.0,0.0,0.0,0.0,0.0,0.0,0.0,0.0,0.0,0.0,0.0,0.0,0.0,0.0
1361,22:41,PTR8,16,0,0,100.0,0.0,0.0,0.0,0.0,0.0,0.0,0.0,0.0,0.0,0.0,0.0,0.0,0.0,0.0,0.0
1361,22:41,PTR9,15,0,0,100.0,0.0,0.0,0.0,0.0,0.0,0.0,0.0,0.0,0.0,0.0,0.0,0.0,0.0,0.0,0.0
1361,22:41,PTR10,16,0,0,100.0,0.0,0.0,0.0,0.0,0.0,0.0,0.0,0.0,0.0,0.0,0.0,0.0,0.0,0.0,0.0
1362,22:42,PTR6,15,0,0,100.0,0.0,0.0,0.0,0.0,0.0,0.0,0.0,0.0,0.0,0.0,0.0,0.0,0.0,0.0,0.0
1362,22:42,PTR7,15,0,0,100.0,0.0,0.0,0.0,0.0,0.0,0.0,0.0,0.0,0.0,0.0,0.0,0.0,0.0,0.0,0.0
1362,22:42,PTR8,16,0,0,100.0,0.0,0.0,0.0,0.0,0.0,0.0,0.0,0.0,0.0,0.0,0.0,0.0,0.0,0.0,0.0
1362,22:42,PTR9,15,0,0,100.0,0.0,0.0,0.0,0.0,0.0,0.0,0.0,0.0,0.0,0.0,0.0,0.0,0.0,0.0,0.0
1362,22:42,PTR10,16,0,0,100.0,0.0,0.0,0.0,0.0,0.0,0.0,0.0,0.0,0.0,0.0,0.0,0.0,0.0,0.0,0.0
1363,22:43,PTR6,15,0,0,100.0,0.0,0.0,0.0,0.0,0.0,0.0,0.0,0.0,0.0,0.0,0.0,0.0,0.0,0.0,0.0
1363,22:43,PTR7,15,0,0,100.0,0.0,0.0,0.0,0.0,0.0,0.0,0.0,0.0,0.0,0.0,0.0,0.0,0.0,0.0,0.0
1363,22:43,PTR8,16,0,0,100.0,0.0,0.0,0.0,0.0,0.0,0.0,0.0,0.0,0.0,0.0,0.0,0.0,0.0,0.0,0.0
1363,22:43,PTR9,15,0,0,100.0,0.0,0.0,0.0,0.0,0.0,0.0,0.0,0.0,0.0,0.0,0.0,0.0,0.0,0.0,0.0
1363,22:43,PTR10,16,0,0,100.0,0.0,0.0,0.0,0.0,0.0,0.0,0.0,0.0,0.0,0.0,0.0,0.0,0.0,0.0,0.0
1364,22:44,PTR6,15,0,0,100.0,0.0,0.0,0.0,0.0,0.0,0.0,0.0,0.0,0.0,0.0,0.0,0.0,0.0,0.0,0.0
1364,22:44,PTR7,15,0,0,100.0,0.0,0.0,0.0,0.0,0.0,0.0,0.0,0.0,0.0,0.0,0.0,0.0,0.0,0.0,0.0
1364,22:44,PTR8,16,0,0,100.0,0.0,0.0,0.0,0.0,0.0,0.0,0.0,0.0,0.0,0.0,0.0,0.0,0.0,0.0,0.0
1364,22:44,PTR9,15,0,0,100.0,0.0,0.0,0.0,0.0,0.0,0.0,0.0,0.0,0.0,0.0,0.0,0.0,0.0,0.0,0.0
1364,22:44,PTR10,16,0,0,100.0,0.0,0.0,0.0,0.0,0.0,0.0,0.0,0.0,0.0,0.0,0.0,0.0,0.0,0.0,0.0
1365,22:45,PTR6,15,0,0,100.0,0.0,0.0,0.0,0.0,0.0,0.0,0.0,0.0,0.0,0.0,0.0,0.0,0.0,0.0,0.0
1365,22:45,PTR7,15,0,0,100.0,0.0,0.0,0.0,0.0,0.0,0.0,0.0,0.0,0.0,0.0,0.0,0.0,0.0,0.0,0.0
1365,22:45,PTR8,16,0,0,100.0,0.0,0.0,0.0,0.0,0.0,0.0,0.0,0.0,0.0,0.0,0.0,0.0,0.0,0.0,0.0
1365,22:45,PTR9,15,0,0,100.0,0.0,0.0,0.0,0.0,0.0,0.0,0.0,0.0,0.0,0.0,0.0,0.0,0.0,0.0,0.0
1365,22:45,PTR10,16,0,0,100.0,0.0,0.0,0.0,0.0,0.0,0.0,0.0,0.0,0.0,0.0,0.0,0.0,0.0,0.0,0.0
1366,22:46,PTR6,15,0,0,100.0,0.0,0.0,0.0,0.0,0.0,0.0,0.0,0.0,0.0,0.0,0.0,0.0,0.0,0.0,0.0
1366,22:46,PTR7,15,0,0,100.0,0.0,0.0,0.0,0.0,0.0,0.0,0.0,0.0,0.0,0.0,0.0,0.0,0.0,0.0,0.0
1366,22:46,PTR8,16,0,0,100.0,0.0,0.0,0.0,0.0,0.0,0.0,0.0,0.0,0.0,0.0,0.0,0.0,0.0,0.0,0.0
1366,22:46,PTR9,15,0,0,100.0,0.0,0.0,0.0,0.0,0.0,0.0,0.0,0.0,0.0,0.0,0.0,0.0,0.0,0.0,0.0
1366,22:46,PTR10,16,0,0,100.0,0.0,0.0,0.0,0.0,0.0,0.0,0.0,0.0,0.0,0.0,0.0,0.0,0.0,0.0,0.0
1367,22:47,PTR6,15,0,0,100.0,0.0,0.0,0.0,0.0,0.0,0.0,0.0,0.0,0.0,0.0,0.0,0.0,0.0,0.0,0.0
1367,22:47,PTR7,15,0,0,100.0,0.0,0.0,0.0,0.0,0.0,0.0,0.0,0.0,0.0,0.0,0.0,0.0,0.0,0.0,0.0
1367,22:47,PTR8,16,0,0,100.0,0.0,0.0,0.0,0.0,0.0,0.0,0.0,0.0,0.0,0.0,0.0,0.0,0.0,0.0,0.0
1367,22:47,PTR9,15,0,0,100.0,0.0,0.0,0.0,0.0,0.0,0.0,0.0,0.0,0.0,0.0,0.0,0.0,0.0,0.0,0.0
1367,22:47,PTR10,16,0,0,100.0,0.0,0.0,0.0,0.0,0.0,0.0,0.0,0.0,0.0,0.0,0.0,0.0,0.0,0.0,0.0
1368,22:48,PTR6,15,0,0,100.0,0.0,0.0,0.0,0.0,0.0,0.0,0.0,0.0,0.0,0.0,0.0,0.0,0.0,0.0,0.0
1368,22:48,PTR7,15,0,0,100.0,0.0,0.0,0.0,0.0,0.0,0.0,0.0,0.0,0.0,0.0,0.0,0.0,0.0,0.0,0.0
1368,22:48,PTR8,16,0,0,100.0,0.0,0.0,0.0,0.0,0.0,0.0,0.0,0.0,0.0,0.0,0.0,0.0,0.0,0.0,0.0
1368,22:48,PTR9,15,0,0,100.0,0.0,0.0,0.0,0.0,0.0,0.0,0.0,0.0,0.0,0.0,0.0,0.0,0.0,0.0,0.0
1368,22:48,PTR10,16,0,0,100.0,0.0,0.0,0.0,0.0,0.0,0.0,0.0,0.0,0.0,0.0,0.0,0.0,0.0,0.0,0.0
1369,22:49,PTR6,15,0,0,100.0,0.0,0.0,0.0,0.0,0.0,0.0,0.0,0.0,0.0,0.0,0.0,0.0,0.0,0.0,0.0
1369,22:49,PTR7,15,0,0,100.0,0.0,0.0,0.0,0.0,0.0,0.0,0.0,0.0,0.0,0.0,0.0,0.0,0.0,0.0,0.0
1369,22:49,PTR8,16,0,0,100.0,0.0,0.0,0.0,0.0,0.0,0.0,0.0,0.0,0.0,0.0,0.0,0.0,0.0,0.0,0.0
1369,22:49,PTR9,15,0,0,100.0,0.0,0.0,0.0,0.0,0.0,0.0,0.0,0.0,0.0,0.0,0.0,0.0,0.0,0.0,0.0
1369,22:49,PTR10,16,0,0,100.0,0.0,0.0,0.0,0.0,0.0,0.0,0.0,0.0,0.0,0.0,0.0,0.0,0.0,0.0,0.0
1370,22:50,PTR6,15,0,0,100.0,0.0,0.0,0.0,0.0,0.0,0.0,0.0,0.0,0.0,0.0,0.0,0.0,0.0,0.0,0.0
1370,22:50,PTR7,15,0,0,100.0,0.0,0.0,0.0,0.0,0.0,0.0,0.0,0.0,0.0,0.0,0.0,0.0,0.0,0.0,0.0
1370,22:50,PTR8,16,0,0,100.0,0.0,0.0,0.0,0.0,0.0,0.0,0.0,0.0,0.0,0.0,0.0,0.0,0.0,0.0,0.0
1370,22:50,PTR9,15,0,0,100.0,0.0,0.0,0.0,0.0,0.0,0.0,0.0,0.0,0.0,0.0,0.0,0.0,0.0,0.0,0.0
1370,22:50,PTR10,16,0,0,100.0,0.0,0.0,0.0,0.0,0.0,0.0,0.0,0.0,0.0,0.0,0.0,0.0,0.0,0.0,0.0
1371,22:51,PTR6,15,0,0,100.0,0.0,0.0,0.0,0.0,0.0,0.0,0.0,0.0,0.0,0.0,0.0,0.0,0.0,0.0,0.0
1371,22:51,PTR7,15,0,0,100.0,0.0,0.0,0.0,0.0,0.0,0.0,0.0,0.0,0.0,0.0,0.0,0.0,0.0,0.0,0.0
1371,22:51,PTR8,16,0,0,100.0,0.0,0.0,0.0,0.0,0.0,0.0,0.0,0.0,0.0,0.0,0.0,0.0,0.0,0.0,0.0
1371,22:51,PTR9,15,0,0,100.0,0.0,0.0,0.0,0.0,0.0,0.0,0.0,0.0,0.0,0.0,0.0,0.0,0.0,0.0,0.0
1371,22:51,PTR10,16,0,0,100.0,0.0,0.0,0.0,0.0,0.0,0.0,0.0,0.0,0.0,0.0,0.0,0.0,0.0,0.0,0.0
1372,22:52,PTR6,15,0,0,100.0,0.0,0.0,0.0,0.0,0.0,0.0,0.0,0.0,0.0,0.0,0.0,0.0,0.0,0.0,0.0
1372,22:52,PTR7,15,0,0,100.0,0.0,0.0,0.0,0.0,0.0,0.0,0.0,0.0,0.0,0.0,0.0,0.0,0.0,0.0,0.0
1372,22:52,PTR8,16,0,0,100.0,0.0,0.0,0.0,0.0,0.0,0.0,0.0,0.0,0.0,0.0,0.0,0.0,0.0,0.0,0.0
1372,22:52,PTR9,15,0,0,100.0,0.0,0.0,0.0,0.0,0.0,0.0,0.0,0.0,0.0,0.0,0.0,0.0,0.0,0.0,0.0
1372,22:52,PTR10,16,0,0,100.0,0.0,0.0,0.0,0.0,0.0,0.0,0.0,0.0,0.0,0.0,0.0,0.0,0.0,0.0,0.0
1373,22:53,PTR6,15,0,0,100.0,0.0,0.0,0.0,0.0,0.0,0.0,0.0,0.0,0.0,0.0,0.0,0.0,0.0,0.0,0.0
1373,22:53,PTR7,15,0,0,100.0,0.0,0.0,0.0,0.0,0.0,0.0,0.0,0.0,0.0,0.0,0.0,0.0,0.0,0.0,0.0
1373,22:53,PTR8,16,0,0,100.0,0.0,0.0,0.0,0.0,0.0,0.0,0.0,0.0,0.0,0.0,0.0,0.0,0.0,0.0,0.0
1373,22:53,PTR9,15,0,0,100.0,0.0,0.0,0.0,0.0,0.0,0.0,0.0,0.0,0.0,0.0,0.0,0.0,0.0,0.0,0.0
1373,22:53,PTR10,16,0,0,100.0,0.0,0.0,0.0,0.0,0.0,0.0,0.0,0.0,0.0,0.0,0.0,0.0,0.0,0.0,0.0
1374,22:54,PTR6,15,0,0,100.0,0.0,0.0,0.0,0.0,0.0,0.0,0.0,0.0,0.0,0.0,0.0,0.0,0.0,0.0,0.0
1374,22:54,PTR7,15,0,0,100.0,0.0,0.0,0.0,0.0,0.0,0.0,0.0,0.0,0.0,0.0,0.0,0.0,0.0,0.0,0.0
1374,22:54,PTR8,16,0,0,100.0,0.0,0.0,0.0,0.0,0.0,0.0,0.0,0.0,0.0,0.0,0.0,0.0,0.0,0.0,0.0
1374,22:54,PTR9,15,0,0,100.0,0.0,0.0,0.0,0.0,0.0,0.0,0.0,0.0,0.0,0.0,0.0,0.0,0.0,0.0,0.0
1374,22:54,PTR10,16,0,0,100.0,0.0,0.0,0.0,0.0,0.0,0.0,0.0,0.0,0.0,0.0,0.0,0.0,0.0,0.0,0.0
1375,22:55,PTR6,15,0,0,100.0,0.0,0.0,0.0,0.0,0.0,0.0,0.0,0.0,0.0,0.0,0.0,0.0,0.0,0.0,0.0
1375,22:55,PTR7,15,0,0,100.0,0.0,0.0,0.0,0.0,0.0,0.0,0.0,0.0,0.0,0.0,0.0,0.0,0.0,0.0,0.0
1375,22:55,PTR8,16,0,0,100.0,0.0,0.0,0.0,0.0,0.0,0.0,0.0,0.0,0.0,0.0,0.0,0.0,0.0,0.0,0.0
1375,22:55,PTR9,15,0,0,100.0,0.0,0.0,0.0,0.0,0.0,0.0,0.0,0.0,0.0,0.0,0.0,0.0,0.0,0.0,0.0
1375,22:55,PTR10,16,0,0,100.0,0.0,0.0,0.0,0.0,0.0,0.0,0.0,0.0,0.0,0.0,0.0,0.0,0.0,0.0,0.0
1376,22:56,PTR6,15,0,0,100.0,0.0,0.0,0.0,0.0,0.0,0.0,0.0,0.0,0.0,0.0,0.0,0.0,0.0,0.0,0.0
1376,22:56,PTR7,15,0,0,100.0,0.0,0.0,0.0,0.0,0.0,0.0,0.0,0.0,0.0,0.0,0.0,0.0,0.0,0.0,0.0
1376,22:56,PTR8,16,0,0,100.0,0.0,0.0,0.0,0.0,0.0,0.0,0.0,0.0,0.0,0.0,0.0,0.0,0.0,0.0,0.0
1376,22:56,PTR9,15,0,0,100.0,0.0,0.0,0.0,0.0,0.0,0.0,0.0,0.0,0.0,0.0,0.0,0.0,0.0,0.0,0.0
1376,22:56,PTR10,16,0,0,100.0,0.0,0.0,0.0,0.0,0.0,0.0,0.0,0.0,0.0,0.0,0.0,0.0,0.0,0.0,0.0
1377,22:57,PTR6,15,0,0,100.0,0.0,0.0,0.0,0.0,0.0,0.0,0.0,0.0,0.0,0.0,0.0,0.0,0.0,0.0,0.0
1377,22:57,PTR7,15,0,0,100.0,0.0,0.0,0.0,0.0,0.0,0.0,0.0,0.0,0.0,0.0,0.0,0.0,0.0,0.0,0.0
1377,22:57,PTR8,16,0,0,100.0,0.0,0.0,0.0,0.0,0.0,0.0,0.0,0.0,0.0,0.0,0.0,0.0,0.0,0.0,0.0
1377,22:57,PTR9,15,0,0,100.0,0.0,0.0,0.0,0.0,0.0,0.0,0.0,0.0,0.0,0.0,0.0,0.0,0.0,0.0,0.0
1377,22:57,PTR10,16,0,0,100.0,0.0,0.0,0.0,0.0,0.0,0.0,0.0,0.0,0.0,0.0,0.0,0.0,0.0,0.0,0.0
1378,22:58,PTR6,15,0,0,100.0,0.0,0.0,0.0,0.0,0.0,0.0,0.0,0.0,0.0,0.0,0.0,0.0,0.0,0.0,0.0
1378,22:58,PTR7,15,0,0,100.0,0.0,0.0,0.0,0.0,0.0,0.0,0.0,0.0,0.0,0.0,0.0,0.0,0.0,0.0,0.0
1378,22:58,PTR8,16,0,0,100.0,0.0,0.0,0.0,0.0,0.0,0.0,0.0,0.0,0.0,0.0,0.0,0.0,0.0,0.0,0.0
1378,22:58,PTR9,15,0,0,100.0,0.0,0.0,0.0,0.0,0.0,0.0,0.0,0.0,0.0,0.0,0.0,0.0,0.0,0.0,0.0
1378,22:58,PTR10,16,0,0,100.0,0.0,0.0,0.0,0.0,0.0,0.0,0.0,0.0,0.0,0.0,0.0,0.0,0.0,0.0,0.0
1379,22:59,PTR6,15,0,0,100.0,0.0,0.0,0.0,0.0,0.0,0.0,0.0,0.0,0.0,0.0,0.0,0.0,0.0,0.0,0.0
1379,22:59,PTR7,15,0,0,100.0,0.0,0.0,0.0,0.0,0.0,0.0,0.0,0.0,0.0,0.0,0.0,0.0,0.0,0.0,0.0
1379,22:59,PTR8,16,0,0,100.0,0.0,0.0,0.0,0.0,0.0,0.0,0.0,0.0,0.0,0.0,0.0,0.0,0.0,0.0,0.0
1379,22:59,PTR9,15,0,0,100.0,0.0,0.0,0.0,0.0,0.0,0.0,0.0,0.0,0.0,0.0,0.0,0.0,0.0,0.0,0.0
1379,22:59,PTR10,16,0,0,100.0,0.0,0.0,0.0,0.0,0.0,0.0,0.0,0.0,0.0,0.0,0.0,0.0,0.0,0.0,0.0
1380,23:00,PTR6,15,0,0,100.0,0.0,0.0,0.0,0.0,0.0,0.0,0.0,0.0,0.0,0.0,0.0,0.0,0.0,0.0,0.0
1380,23:00,PTR7,15,0,0,100.0,0.0,0.0,0.0,0.0,0.0,0.0,0.0,0.0,0.0,0.0,0.0,0.0,0.0,0.0,0.0
1380,23:00,PTR8,16,0,0,100.0,0.0,0.0,0.0,0.0,0.0,0.0,0.0,0.0,0.0,0.0,0.0,0.0,0.0,0.0,0.0
1380,23:00,PTR9,15,0,0,100.0,0.0,0.0,0.0,0.0,0.0,0.0,0.0,0.0,0.0,0.0,0.0,0.0,0.0,0.0,0.0
1380,23:00,PTR10,16,0,0,100.0,0.0,0.0,0.0,0.0,0.0,0.0,0.0,0.0,0.0,0.0,0.0,0.0,0.0,0.0,0.0
1381,23:01,PTR6,15,0,0,100.0,0.0,0.0,0.0,0.0,0.0,0.0,0.0,0.0,0.0,0.0,0.0,0.0,0.0,0.0,0.0
1381,23:01,PTR7,15,0,0,100.0,0.0,0.0,0.0,0.0,0.0,0.0,0.0,0.0,0.0,0.0,0.0,0.0,0.0,0.0,0.0
1381,23:01,PTR8,16,0,0,100.0,0.0,0.0,0.0,0.0,0.0,0.0,0.0,0.0,0.0,0.0,0.0,0.0,0.0,0.0,0.0
1381,23:01,PTR9,15,0,0,100.0,0.0,0.0,0.0,0.0,0.0,0.0,0.0,0.0,0.0,0.0,0.0,0.0,0.0,0.0,0.0
1381,23:01,PTR10,16,0,0,100.0,0.0,0.0,0.0,0.0,0.0,0.0,0.0,0.0,0.0,0.0,0.0,0.0,0.0,0.0,0.0
1382,23:02,PTR6,15,0,0,100.0,0.0,0.0,0.0,0.0,0.0,0.0,0.0,0.0,0.0,0.0,0.0,0.0,0.0,0.0,0.0
1382,23:02,PTR7,15,0,0,100.0,0.0,0.0,0.0,0.0,0.0,0.0,0.0,0.0,0.0,0.0,0.0,0.0,0.0,0.0,0.0
1382,23:02,PTR8,16,0,0,100.0,0.0,0.0,0.0,0.0,0.0,0.0,0.0,0.0,0.0,0.0,0.0,0.0,0.0,0.0,0.0
1382,23:02,PTR9,15,0,0,100.0,0.0,0.0,0.0,0.0,0.0,0.0,0.0,0.0,0.0,0.0,0.0,0.0,0.0,0.0,0.0
1382,23:02,PTR10,16,0,0,100.0,0.0,0.0,0.0,0.0,0.0,0.0,0.0,0.0,0.0,0.0,0.0,0.0,0.0,0.0,0.0
1383,23:03,PTR6,15,0,0,100.0,0.0,0.0,0.0,0.0,0.0,0.0,0.0,0.0,0.0,0.0,0.0,0.0,0.0,0.0,0.0
1383,23:03,PTR7,15,0,0,100.0,0.0,0.0,0.0,0.0,0.0,0.0,0.0,0.0,0.0,0.0,0.0,0.0,0.0,0.0,0.0
1383,23:03,PTR8,16,0,0,100.0,0.0,0.0,0.0,0.0,0.0,0.0,0.0,0.0,0.0,0.0,0.0,0.0,0.0,0.0,0.0
1383,23:03,PTR9,15,0,0,100.0,0.0,0.0,0.0,0.0,0.0,0.0,0.0,0.0,0.0,0.0,0.0,0.0,0.0,0.0,0.0
1383,23:03,PTR10,16,0,0,100.0,0.0,0.0,0.0,0.0,0.0,0.0,0.0,0.0,0.0,0.0,0.0,0.0,0.0,0.0,0.0
1384,23:04,PTR6,15,0,0,100.0,0.0,0.0,0.0,0.0,0.0,0.0,0.0,0.0,0.0,0.0,0.0,0.0,0.0,0.0,0.0
1384,23:04,PTR7,15,0,0,100.0,0.0,0.0,0.0,0.0,0.0,0.0,0.0,0.0,0.0,0.0,0.0,0.0,0.0,0.0,0.0
1384,23:04,PTR8,16,0,0,100.0,0.0,0.0,0.0,0.0,0.0,0.0,0.0,0.0,0.0,0.0,0.0,0.0,0.0,0.0,0.0
1384,23:04,PTR9,15,0,0,100.0,0.0,0.0,0.0,0.0,0.0,0.0,0.0,0.0,0.0,0.0,0.0,0.0,0.0,0.0,0.0
1384,23:04,PTR10,16,0,0,100.0,0.0,0.0,0.0,0.0,0.0,0.0,0.0,0.0,0.0,0.0,0.0,0.0,0.0,0.0,0.0
1385,23:05,PTR6,15,0,0,100.0,0.0,0.0,0.0,0.0,0.0,0.0,0.0,0.0,0.0,0.0,0.0,0.0,0.0,0.0,0.0
1385,23:05,PTR7,15,0,0,100.0,0.0,0.0,0.0,0.0,0.0,0.0,0.0,0.0,0.0,0.0,0.0,0.0,0.0,0.0,0.0
1385,23:05,PTR8,16,0,0,100.0,0.0,0.0,0.0,0.0,0.0,0.0,0.0,0.0,0.0,0.0,0.0,0.0,0.0,0.0,0.0
1385,23:05,PTR9,15,0,0,100.0,0.0,0.0,0.0,0.0,0.0,0.0,0.0,0.0,0.0,0.0,0.0,0.0,0.0,0.0,0.0
1385,23:05,PTR10,16,0,0,100.0,0.0,0.0,0.0,0.0,0.0,0.0,0.0,0.0,0.0,0.0,0.0,0.0,0.0,0.0,0.0
1386,23:06,PTR6,15,0,0,100.0,0.0,0.0,0.0,0.0,0.0,0.0,0.0,0.0,0.0,0.0,0.0,0.0,0.0,0.0,0.0
1386,23:06,PTR7,15,0,0,100.0,0.0,0.0,0.0,0.0,0.0,0.0,0.0,0.0,0.0,0.0,0.0,0.0,0.0,0.0,0.0
1386,23:06,PTR8,16,0,0,100.0,0.0,0.0,0.0,0.0,0.0,0.0,0.0,0.0,0.0,0.0,0.0,0.0,0.0,0.0,0.0
1386,23:06,PTR9,15,0,0,100.0,0.0,0.0,0.0,0.0,0.0,0.0,0.0,0.0,0.0,0.0,0.0,0.0,0.0,0.0,0.0
1386,23:06,PTR10,16,0,0,100.0,0.0,0.0,0.0,0.0,0.0,0.0,0.0,0.0,0.0,0.0,0.0,0.0,0.0,0.0,0.0
1387,23:07,PTR6,15,0,0,100.0,0.0,0.0,0.0,0.0,0.0,0.0,0.0,0.0,0.0,0.0,0.0,0.0,0.0,0.0,0.0
1387,23:07,PTR7,15,0,0,100.0,0.0,0.0,0.0,0.0,0.0,0.0,0.0,0.0,0.0,0.0,0.0,0.0,0.0,0.0,0.0
1387,23:07,PTR8,16,0,0,100.0,0.0,0.0,0.0,0.0,0.0,0.0,0.0,0.0,0.0,0.0,0.0,0.0,0.0,0.0,0.0
1387,23:07,PTR9,15,0,0,100.0,0.0,0.0,0.0,0.0,0.0,0.0,0.0,0.0,0.0,0.0,0.0,0.0,0.0,0.0,0.0
1387,23:07,PTR10,16,0,0,100.0,0.0,0.0,0.0,0.0,0.0,0.0,0.0,0.0,0.0,0.0,0.0,0.0,0.0,0.0,0.0
1388,23:08,PTR6,15,0,0,100.0,0.0,0.0,0.0,0.0,0.0,0.0,0.0,0.0,0.0,0.0,0.0,0.0,0.0,0.0,0.0
1388,23:08,PTR7,15,0,0,100.0,0.0,0.0,0.0,0.0,0.0,0.0,0.0,0.0,0.0,0.0,0.0,0.0,0.0,0.0,0.0
1388,23:08,PTR8,16,0,0,100.0,0.0,0.0,0.0,0.0,0.0,0.0,0.0,0.0,0.0,0.0,0.0,0.0,0.0,0.0,0.0
1388,23:08,PTR9,15,0,0,100.0,0.0,0.0,0.0,0.0,0.0,0.0,0.0,0.0,0.0,0.0,0.0,0.0,0.0,0.0,0.0
1388,23:08,PTR10,16,0,0,100.0,0.0,0.0,0.0,0.0,0.0,0.0,0.0,0.0,0.0,0.0,0.0,0.0,0.0,0.0,0.0
1389,23:09,PTR6,15,0,0,100.0,0.0,0.0,0.0,0.0,0.0,0.0,0.0,0.0,0.0,0.0,0.0,0.0,0.0,0.0,0.0
1389,23:09,PTR7,15,0,0,100.0,0.0,0.0,0.0,0.0,0.0,0.0,0.0,0.0,0.0,0.0,0.0,0.0,0.0,0.0,0.0
1389,23:09,PTR8,16,0,0,100.0,0.0,0.0,0.0,0.0,0.0,0.0,0.0,0.0,0.0,0.0,0.0,0.0,0.0,0.0,0.0
1389,23:09,PTR9,15,0,0,100.0,0.0,0.0,0.0,0.0,0.0,0.0,0.0,0.0,0.0,0.0,0.0,0.0,0.0,0.0,0.0
1389,23:09,PTR10,16,0,0,100.0,0.0,0.0,0.0,0.0,0.0,0.0,0.0,0.0,0.0,0.0,0.0,0.0,0.0,0.0,0.0
1390,23:10,PTR6,15,0,0,100.0,0.0,0.0,0.0,0.0,0.0,0.0,0.0,0.0,0.0,0.0,0.0,0.0,0.0,0.0,0.0
1390,23:10,PTR7,15,0,0,100.0,0.0,0.0,0.0,0.0,0.0,0.0,0.0,0.0,0.0,0.0,0.0,0.0,0.0,0.0,0.0
1390,23:10,PTR8,16,0,0,100.0,0.0,0.0,0.0,0.0,0.0,0.0,0.0,0.0,0.0,0.0,0.0,0.0,0.0,0.0,0.0
1390,23:10,PTR9,15,0,0,100.0,0.0,0.0,0.0,0.0,0.0,0.0,0.0,0.0,0.0,0.0,0.0,0.0,0.0,0.0,0.0
1390,23:10,PTR10,16,0,0,100.0,0.0,0.0,0.0,0.0,0.0,0.0,0.0,0.0,0.0,0.0,0.0,0.0,0.0,0.0,0.0
1391,23:11,PTR6,15,0,0,100.0,0.0,0.0,0.0,0.0,0.0,0.0,0.0,0.0,0.0,0.0,0.0,0.0,0.0,0.0,0.0
1391,23:11,PTR7,15,0,0,100.0,0.0,0.0,0.0,0.0,0.0,0.0,0.0,0.0,0.0,0.0,0.0,0.0,0.0,0.0,0.0
1391,23:11,PTR8,16,0,0,100.0,0.0,0.0,0.0,0.0,0.0,0.0,0.0,0.0,0.0,0.0,0.0,0.0,0.0,0.0,0.0
1391,23:11,PTR9,15,0,0,100.0,0.0,0.0,0.0,0.0,0.0,0.0,0.0,0.0,0.0,0.0,0.0,0.0,0.0,0.0,0.0
1391,23:11,PTR10,16,0,0,100.0,0.0,0.0,0.0,0.0,0.0,0.0,0.0,0.0,0.0,0.0,0.0,0.0,0.0,0.0,0.0
1392,23:12,PTR6,15,0,0,100.0,0.0,0.0,0.0,0.0,0.0,0.0,0.0,0.0,0.0,0.0,0.0,0.0,0.0,0.0,0.0
1392,23:12,PTR7,15,0,0,100.0,0.0,0.0,0.0,0.0,0.0,0.0,0.0,0.0,0.0,0.0,0.0,0.0,0.0,0.0,0.0
1392,23:12,PTR8,16,0,0,100.0,0.0,0.0,0.0,0.0,0.0,0.0,0.0,0.0,0.0,0.0,0.0,0.0,0.0,0.0,0.0
1392,23:12,PTR9,15,0,0,100.0,0.0,0.0,0.0,0.0,0.0,0.0,0.0,0.0,0.0,0.0,0.0,0.0,0.0,0.0,0.0
1392,23:12,PTR10,16,0,0,100.0,0.0,0.0,0.0,0.0,0.0,0.0,0.0,0.0,0.0,0.0,0.0,0.0,0.0,0.0,0.0
1393,23:13,PTR6,15,0,0,100.0,0.0,0.0,0.0,0.0,0.0,0.0,0.0,0.0,0.0,0.0,0.0,0.0,0.0,0.0,0.0
1393,23:13,PTR7,15,0,0,100.0,0.0,0.0,0.0,0.0,0.0,0.0,0.0,0.0,0.0,0.0,0.0,0.0,0.0,0.0,0.0
1393,23:13,PTR8,16,0,0,100.0,0.0,0.0,0.0,0.0,0.0,0.0,0.0,0.0,0.0,0.0,0.0,0.0,0.0,0.0,0.0
1393,23:13,PTR9,15,0,0,100.0,0.0,0.0,0.0,0.0,0.0,0.0,0.0,0.0,0.0,0.0,0.0,0.0,0.0,0.0,0.0
1393,23:13,PTR10,16,0,0,100.0,0.0,0.0,0.0,0.0,0.0,0.0,0.0,0.0,0.0,0.0,0.0,0.0,0.0,0.0,0.0
1394,23:14,PTR6,15,0,0,100.0,0.0,0.0,0.0,0.0,0.0,0.0,0.0,0.0,0.0,0.0,0.0,0.0,0.0,0.0,0.0
1394,23:14,PTR7,15,0,0,100.0,0.0,0.0,0.0,0.0,0.0,0.0,0.0,0.0,0.0,0.0,0.0,0.0,0.0,0.0,0.0
1394,23:14,PTR8,16,0,0,100.0,0.0,0.0,0.0,0.0,0.0,0.0,0.0,0.0,0.0,0.0,0.0,0.0,0.0,0.0,0.0
1394,23:14,PTR9,15,0,0,100.0,0.0,0.0,0.0,0.0,0.0,0.0,0.0,0.0,0.0,0.0,0.0,0.0,0.0,0.0,0.0
1394,23:14,PTR10,16,0,0,100.0,0.0,0.0,0.0,0.0,0.0,0.0,0.0,0.0,0.0,0.0,0.0,0.0,0.0,0.0,0.0
1395,23:15,PTR6,15,0,0,100.0,0.0,0.0,0.0,0.0,0.0,0.0,0.0,0.0,0.0,0.0,0.0,0.0,0.0,0.0,0.0
1395,23:15,PTR7,15,0,0,100.0,0.0,0.0,0.0,0.0,0.0,0.0,0.0,0.0,0.0,0.0,0.0,0.0,0.0,0.0,0.0
1395,23:15,PTR8,16,0,0,100.0,0.0,0.0,0.0,0.0,0.0,0.0,0.0,0.0,0.0,0.0,0.0,0.0,0.0,0.0,0.0
1395,23:15,PTR9,15,0,0,100.0,0.0,0.0,0.0,0.0,0.0,0.0,0.0,0.0,0.0,0.0,0.0,0.0,0.0,0.0,0.0
1395,23:15,PTR10,16,0,0,100.0,0.0,0.0,0.0,0.0,0.0,0.0,0.0,0.0,0.0,0.0,0.0,0.0,0.0,0.0,0.0
1396,23:16,PTR6,15,0,0,100.0,0.0,0.0,0.0,0.0,0.0,0.0,0.0,0.0,0.0,0.0,0.0,0.0,0.0,0.0,0.0
1396,23:16,PTR7,15,0,0,100.0,0.0,0.0,0.0,0.0,0.0,0.0,0.0,0.0,0.0,0.0,0.0,0.0,0.0,0.0,0.0
1396,23:16,PTR8,16,0,0,100.0,0.0,0.0,0.0,0.0,0.0,0.0,0.0,0.0,0.0,0.0,0.0,0.0,0.0,0.0,0.0
1396,23:16,PTR9,15,0,0,100.0,0.0,0.0,0.0,0.0,0.0,0.0,0.0,0.0,0.0,0.0,0.0,0.0,0.0,0.0,0.0
1396,23:16,PTR10,16,0,0,100.0,0.0,0.0,0.0,0.0,0.0,0.0,0.0,0.0,0.0,0.0,0.0,0.0,0.0,0.0,0.0
1397,23:17,PTR6,15,0,0,100.0,0.0,0.0,0.0,0.0,0.0,0.0,0.0,0.0,0.0,0.0,0.0,0.0,0.0,0.0,0.0
1397,23:17,PTR7,15,0,0,100.0,0.0,0.0,0.0,0.0,0.0,0.0,0.0,0.0,0.0,0.0,0.0,0.0,0.0,0.0,0.0
1397,23:17,PTR8,16,0,0,100.0,0.0,0.0,0.0,0.0,0.0,0.0,0.0,0.0,0.0,0.0,0.0,0.0,0.0,0.0,0.0
1397,23:17,PTR9,15,0,0,100.0,0.0,0.0,0.0,0.0,0.0,0.0,0.0,0.0,0.0,0.0,0.0,0.0,0.0,0.0,0.0
1397,23:17,PTR10,16,0,0,100.0,0.0,0.0,0.0,0.0,0.0,0.0,0.0,0.0,0.0,0.0,0.0,0.0,0.0,0.0,0.0
1398,23:18,PTR6,15,0,0,100.0,0.0,0.0,0.0,0.0,0.0,0.0,0.0,0.0,0.0,0.0,0.0,0.0,0.0,0.0,0.0
1398,23:18,PTR7,15,0,0,100.0,0.0,0.0,0.0,0.0,0.0,0.0,0.0,0.0,0.0,0.0,0.0,0.0,0.0,0.0,0.0
1398,23:18,PTR8,16,0,0,100.0,0.0,0.0,0.0,0.0,0.0,0.0,0.0,0.0,0.0,0.0,0.0,0.0,0.0,0.0,0.0
1398,23:18,PTR9,15,0,0,100.0,0.0,0.0,0.0,0.0,0.0,0.0,0.0,0.0,0.0,0.0,0.0,0.0,0.0,0.0,0.0
1398,23:18,PTR10,16,0,0,100.0,0.0,0.0,0.0,0.0,0.0,0.0,0.0,0.0,0.0,0.0,0.0,0.0,0.0,0.0,0.0
1399,23:19,PTR6,15,0,0,100.0,0.0,0.0,0.0,0.0,0.0,0.0,0.0,0.0,0.0,0.0,0.0,0.0,0.0,0.0,0.0
1399,23:19,PTR7,15,0,0,100.0,0.0,0.0,0.0,0.0,0.0,0.0,0.0,0.0,0.0,0.0,0.0,0.0,0.0,0.0,0.0
1399,23:19,PTR8,16,0,0,100.0,0.0,0.0,0.0,0.0,0.0,0.0,0.0,0.0,0.0,0.0,0.0,0.0,0.0,0.0,0.0
1399,23:19,PTR9,15,0,0,100.0,0.0,0.0,0.0,0.0,0.0,0.0,0.0,0.0,0.0,0.0,0.0,0.0,0.0,0.0,0.0
1399,23:19,PTR10,16,0,0,100.0,0.0,0.0,0.0,0.0,0.0,0.0,0.0,0.0,0.0,0.0,0.0,0.0,0.0,0.0,0.0
1400,23:20,PTR6,15,0,0,100.0,0.0,0.0,0.0,0.0,0.0,0.0,0.0,0.0,0.0,0.0,0.0,0.0,0.0,0.0,0.0
1400,23:20,PTR7,15,0,0,100.0,0.0,0.0,0.0,0.0,0.0,0.0,0.0,0.0,0.0,0.0,0.0,0.0,0.0,0.0,0.0
1400,23:20,PTR8,16,0,0,100.0,0.0,0.0,0.0,0.0,0.0,0.0,0.0,0.0,0.0,0.0,0.0,0.0,0.0,0.0,0.0
1400,23:20,PTR9,15,0,0,100.0,0.0,0.0,0.0,0.0,0.0,0.0,0.0,0.0,0.0,0.0,0.0,0.0,0.0,0.0,0.0
1400,23:20,PTR10,16,0,0,100.0,0.0,0.0,0.0,0.0,0.0,0.0,0.0,0.0,0.0,0.0,0.0,0.0,0.0,0.0,0.0
1401,23:21,PTR6,15,0,0,100.0,0.0,0.0,0.0,0.0,0.0,0.0,0.0,0.0,0.0,0.0,0.0,0.0,0.0,0.0,0.0
1401,23:21,PTR7,15,0,0,100.0,0.0,0.0,0.0,0.0,0.0,0.0,0.0,0.0,0.0,0.0,0.0,0.0,0.0,0.0,0.0
1401,23:21,PTR8,16,0,0,100.0,0.0,0.0,0.0,0.0,0.0,0.0,0.0,0.0,0.0,0.0,0.0,0.0,0.0,0.0,0.0
1401,23:21,PTR9,15,0,0,100.0,0.0,0.0,0.0,0.0,0.0,0.0,0.0,0.0,0.0,0.0,0.0,0.0,0.0,0.0,0.0
1401,23:21,PTR10,16,0,0,100.0,0.0,0.0,0.0,0.0,0.0,0.0,0.0,0.0,0.0,0.0,0.0,0.0,0.0,0.0,0.0
1402,23:22,PTR6,15,0,0,100.0,0.0,0.0,0.0,0.0,0.0,0.0,0.0,0.0,0.0,0.0,0.0,0.0,0.0,0.0,0.0
1402,23:22,PTR7,15,0,0,100.0,0.0,0.0,0.0,0.0,0.0,0.0,0.0,0.0,0.0,0.0,0.0,0.0,0.0,0.0,0.0
1402,23:22,PTR8,16,0,0,100.0,0.0,0.0,0.0,0.0,0.0,0.0,0.0,0.0,0.0,0.0,0.0,0.0,0.0,0.0,0.0
1402,23:22,PTR9,15,0,0,100.0,0.0,0.0,0.0,0.0,0.0,0.0,0.0,0.0,0.0,0.0,0.0,0.0,0.0,0.0,0.0
1402,23:22,PTR10,16,0,0,100.0,0.0,0.0,0.0,0.0,0.0,0.0,0.0,0.0,0.0,0.0,0.0,0.0,0.0,0.0,0.0
1403,23:23,PTR6,15,0,0,100.0,0.0,0.0,0.0,0.0,0.0,0.0,0.0,0.0,0.0,0.0,0.0,0.0,0.0,0.0,0.0
1403,23:23,PTR7,15,0,0,100.0,0.0,0.0,0.0,0.0,0.0,0.0,0.0,0.0,0.0,0.0,0.0,0.0,0.0,0.0,0.0
1403,23:23,PTR8,16,0,0,100.0,0.0,0.0,0.0,0.0,0.0,0.0,0.0,0.0,0.0,0.0,0.0,0.0,0.0,0.0,0.0
1403,23:23,PTR9,15,0,0,100.0,0.0,0.0,0.0,0.0,0.0,0.0,0.0,0.0,0.0,0.0,0.0,0.0,0.0,0.0,0.0
1403,23:23,PTR10,16,0,0,100.0,0.0,0.0,0.0,0.0,0.0,0.0,0.0,0.0,0.0,0.0,0.0,0.0,0.0,0.0,0.0
1404,23:24,PTR6,15,0,0,100.0,0.0,0.0,0.0,0.0,0.0,0.0,0.0,0.0,0.0,0.0,0.0,0.0,0.0,0.0,0.0
1404,23:24,PTR7,15,0,0,100.0,0.0,0.0,0.0,0.0,0.0,0.0,0.0,0.0,0.0,0.0,0.0,0.0,0.0,0.0,0.0
1404,23:24,PTR8,16,0,0,100.0,0.0,0.0,0.0,0.0,0.0,0.0,0.0,0.0,0.0,0.0,0.0,0.0,0.0,0.0,0.0
1404,23:24,PTR9,15,0,0,100.0,0.0,0.0,0.0,0.0,0.0,0.0,0.0,0.0,0.0,0.0,0.0,0.0,0.0,0.0,0.0
1404,23:24,PTR10,16,0,0,100.0,0.0,0.0,0.0,0.0,0.0,0.0,0.0,0.0,0.0,0.0,0.0,0.0,0.0,0.0,0.0
1405,23:25,PTR6,15,0,0,100.0,0.0,0.0,0.0,0.0,0.0,0.0,0.0,0.0,0.0,0.0,0.0,0.0,0.0,0.0,0.0
1405,23:25,PTR7,15,0,0,100.0,0.0,0.0,0.0,0.0,0.0,0.0,0.0,0.0,0.0,0.0,0.0,0.0,0.0,0.0,0.0
1405,23:25,PTR8,16,0,0,100.0,0.0,0.0,0.0,0.0,0.0,0.0,0.0,0.0,0.0,0.0,0.0,0.0,0.0,0.0,0.0
1405,23:25,PTR9,15,0,0,100.0,0.0,0.0,0.0,0.0,0.0,0.0,0.0,0.0,0.0,0.0,0.0,0.0,0.0,0.0,0.0
1405,23:25,PTR10,16,0,0,100.0,0.0,0.0,0.0,0.0,0.0,0.0,0.0,0.0,0.0,0.0,0.0,0.0,0.0,0.0,0.0
1406,23:26,PTR6,15,0,0,100.0,0.0,0.0,0.0,0.0,0.0,0.0,0.0,0.0,0.0,0.0,0.0,0.0,0.0,0.0,0.0
1406,23:26,PTR7,15,0,0,100.0,0.0,0.0,0.0,0.0,0.0,0.0,0.0,0.0,0.0,0.0,0.0,0.0,0.0,0.0,0.0
1406,23:26,PTR8,16,0,0,100.0,0.0,0.0,0.0,0.0,0.0,0.0,0.0,0.0,0.0,0.0,0.0,0.0,0.0,0.0,0.0
1406,23:26,PTR9,15,0,0,100.0,0.0,0.0,0.0,0.0,0.0,0.0,0.0,0.0,0.0,0.0,0.0,0.0,0.0,0.0,0.0
1406,23:26,PTR10,16,0,0,100.0,0.0,0.0,0.0,0.0,0.0,0.0,0.0,0.0,0.0,0.0,0.0,0.0,0.0,0.0,0.0
1407,23:27,PTR6,15,0,0,100.0,0.0,0.0,0.0,0.0,0.0,0.0,0.0,0.0,0.0,0.0,0.0,0.0,0.0,0.0,0.0
1407,23:27,PTR7,15,0,0,100.0,0.0,0.0,0.0,0.0,0.0,0.0,0.0,0.0,0.0,0.0,0.0,0.0,0.0,0.0,0.0
1407,23:27,PTR8,16,0,0,100.0,0.0,0.0,0.0,0.0,0.0,0.0,0.0,0.0,0.0,0.0,0.0,0.0,0.0,0.0,0.0
1407,23:27,PTR9,15,0,0,100.0,0.0,0.0,0.0,0.0,0.0,0.0,0.0,0.0,0.0,0.0,0.0,0.0,0.0,0.0,0.0
1407,23:27,PTR10,16,0,0,100.0,0.0,0.0,0.0,0.0,0.0,0.0,0.0,0.0,0.0,0.0,0.0,0.0,0.0,0.0,0.0
1408,23:28,PTR6,15,0,0,100.0,0.0,0.0,0.0,0.0,0.0,0.0,0.0,0.0,0.0,0.0,0.0,0.0,0.0,0.0,0.0
1408,23:28,PTR7,15,0,0,100.0,0.0,0.0,0.0,0.0,0.0,0.0,0.0,0.0,0.0,0.0,0.0,0.0,0.0,0.0,0.0
1408,23:28,PTR8,16,0,0,100.0,0.0,0.0,0.0,0.0,0.0,0.0,0.0,0.0,0.0,0.0,0.0,0.0,0.0,0.0,0.0
1408,23:28,PTR9,15,0,0,100.0,0.0,0.0,0.0,0.0,0.0,0.0,0.0,0.0,0.0,0.0,0.0,0.0,0.0,0.0,0.0
1408,23:28,PTR10,16,0,0,100.0,0.0,0.0,0.0,0.0,0.0,0.0,0.0,0.0,0.0,0.0,0.0,0.0,0.0,0.0,0.0
1409,23:29,PTR6,15,0,0,100.0,0.0,0.0,0.0,0.0,0.0,0.0,0.0,0.0,0.0,0.0,0.0,0.0,0.0,0.0,0.0
1409,23:29,PTR7,15,0,0,100.0,0.0,0.0,0.0,0.0,0.0,0.0,0.0,0.0,0.0,0.0,0.0,0.0,0.0,0.0,0.0
1409,23:29,PTR8,16,0,0,100.0,0.0,0.0,0.0,0.0,0.0,0.0,0.0,0.0,0.0,0.0,0.0,0.0,0.0,0.0,0.0
1409,23:29,PTR9,15,0,0,100.0,0.0,0.0,0.0,0.0,0.0,0.0,0.0,0.0,0.0,0.0,0.0,0.0,0.0,0.0,0.0
1409,23:29,PTR10,16,0,0,100.0,0.0,0.0,0.0,0.0,0.0,0.0,0.0,0.0,0.0,0.0,0.0,0.0,0.0,0.0,0.0
1410,23:30,PTR6,15,0,0,100.0,0.0,0.0,0.0,0.0,0.0,0.0,0.0,0.0,0.0,0.0,0.0,0.0,0.0,0.0,0.0
1410,23:30,PTR7,15,0,0,100.0,0.0,0.0,0.0,0.0,0.0,0.0,0.0,0.0,0.0,0.0,0.0,0.0,0.0,0.0,0.0
1410,23:30,PTR8,16,0,0,100.0,0.0,0.0,0.0,0.0,0.0,0.0,0.0,0.0,0.0,0.0,0.0,0.0,0.0,0.0,0.0
1410,23:30,PTR9,15,0,0,100.0,0.0,0.0,0.0,0.0,0.0,0.0,0.0,0.0,0.0,0.0,0.0,0.0,0.0,0.0,0.0
1410,23:30,PTR10,16,0,0,100.0,0.0,0.0,0.0,0.0,0.0,0.0,0.0,0.0,0.0,0.0,0.0,0.0,0.0,0.0,0.0
1411,23:31,PTR6,15,0,0,100.0,0.0,0.0,0.0,0.0,0.0,0.0,0.0,0.0,0.0,0.0,0.0,0.0,0.0,0.0,0.0
1411,23:31,PTR7,15,0,0,100.0,0.0,0.0,0.0,0.0,0.0,0.0,0.0,0.0,0.0,0.0,0.0,0.0,0.0,0.0,0.0
1411,23:31,PTR8,16,0,0,100.0,0.0,0.0,0.0,0.0,0.0,0.0,0.0,0.0,0.0,0.0,0.0,0.0,0.0,0.0,0.0
1411,23:31,PTR9,15,0,0,100.0,0.0,0.0,0.0,0.0,0.0,0.0,0.0,0.0,0.0,0.0,0.0,0.0,0.0,0.0,0.0
1411,23:31,PTR10,16,0,0,100.0,0.0,0.0,0.0,0.0,0.0,0.0,0.0,0.0,0.0,0.0,0.0,0.0,0.0,0.0,0.0
1412,23:32,PTR6,15,0,0,100.0,0.0,0.0,0.0,0.0,0.0,0.0,0.0,0.0,0.0,0.0,0.0,0.0,0.0,0.0,0.0
1412,23:32,PTR7,15,0,0,100.0,0.0,0.0,0.0,0.0,0.0,0.0,0.0,0.0,0.0,0.0,0.0,0.0,0.0,0.0,0.0
1412,23:32,PTR8,16,0,0,100.0,0.0,0.0,0.0,0.0,0.0,0.0,0.0,0.0,0.0,0.0,0.0,0.0,0.0,0.0,0.0
1412,23:32,PTR9,15,0,0,100.0,0.0,0.0,0.0,0.0,0.0,0.0,0.0,0.0,0.0,0.0,0.0,0.0,0.0,0.0,0.0
1412,23:32,PTR10,16,0,0,100.0,0.0,0.0,0.0,0.0,0.0,0.0,0.0,0.0,0.0,0.0,0.0,0.0,0.0,0.0,0.0
1413,23:33,PTR6,15,0,0,100.0,0.0,0.0,0.0,0.0,0.0,0.0,0.0,0.0,0.0,0.0,0.0,0.0,0.0,0.0,0.0
1413,23:33,PTR7,15,0,0,100.0,0.0,0.0,0.0,0.0,0.0,0.0,0.0,0.0,0.0,0.0,0.0,0.0,0.0,0.0,0.0
1413,23:33,PTR8,16,0,0,100.0,0.0,0.0,0.0,0.0,0.0,0.0,0.0,0.0,0.0,0.0,0.0,0.0,0.0,0.0,0.0
1413,23:33,PTR9,15,0,0,100.0,0.0,0.0,0.0,0.0,0.0,0.0,0.0,0.0,0.0,0.0,0.0,0.0,0.0,0.0,0.0
1413,23:33,PTR10,16,0,0,100.0,0.0,0.0,0.0,0.0,0.0,0.0,0.0,0.0,0.0,0.0,0.0,0.0,0.0,0.0,0.0
1414,23:34,PTR6,15,0,0,100.0,0.0,0.0,0.0,0.0,0.0,0.0,0.0,0.0,0.0,0.0,0.0,0.0,0.0,0.0,0.0
1414,23:34,PTR7,15,0,0,100.0,0.0,0.0,0.0,0.0,0.0,0.0,0.0,0.0,0.0,0.0,0.0,0.0,0.0,0.0,0.0
1414,23:34,PTR8,16,0,0,100.0,0.0,0.0,0.0,0.0,0.0,0.0,0.0,0.0,0.0,0.0,0.0,0.0,0.0,0.0,0.0
1414,23:34,PTR9,15,0,0,100.0,0.0,0.0,0.0,0.0,0.0,0.0,0.0,0.0,0.0,0.0,0.0,0.0,0.0,0.0,0.0
1414,23:34,PTR10,16,0,0,100.0,0.0,0.0,0.0,0.0,0.0,0.0,0.0,0.0,0.0,0.0,0.0,0.0,0.0,0.0,0.0
1415,23:35,PTR6,15,0,0,100.0,0.0,0.0,0.0,0.0,0.0,0.0,0.0,0.0,0.0,0.0,0.0,0.0,0.0,0.0,0.0
1415,23:35,PTR7,15,0,0,100.0,0.0,0.0,0.0,0.0,0.0,0.0,0.0,0.0,0.0,0.0,0.0,0.0,0.0,0.0,0.0
1415,23:35,PTR8,16,0,0,100.0,0.0,0.0,0.0,0.0,0.0,0.0,0.0,0.0,0.0,0.0,0.0,0.0,0.0,0.0,0.0
1415,23:35,PTR9,15,0,0,100.0,0.0,0.0,0.0,0.0,0.0,0.0,0.0,0.0,0.0,0.0,0.0,0.0,0.0,0.0,0.0
1415,23:35,PTR10,16,0,0,100.0,0.0,0.0,0.0,0.0,0.0,0.0,0.0,0.0,0.0,0.0,0.0,0.0,0.0,0.0,0.0
1416,23:36,PTR6,15,0,0,100.0,0.0,0.0,0.0,0.0,0.0,0.0,0.0,0.0,0.0,0.0,0.0,0.0,0.0,0.0,0.0
1416,23:36,PTR7,15,0,0,100.0,0.0,0.0,0.0,0.0,0.0,0.0,0.0,0.0,0.0,0.0,0.0,0.0,0.0,0.0,0.0
1416,23:36,PTR8,16,0,0,100.0,0.0,0.0,0.0,0.0,0.0,0.0,0.0,0.0,0.0,0.0,0.0,0.0,0.0,0.0,0.0
1416,23:36,PTR9,15,0,0,100.0,0.0,0.0,0.0,0.0,0.0,0.0,0.0,0.0,0.0,0.0,0.0,0.0,0.0,0.0,0.0
1416,23:36,PTR10,16,0,0,100.0,0.0,0.0,0.0,0.0,0.0,0.0,0.0,0.0,0.0,0.0,0.0,0.0,0.0,0.0,0.0
1417,23:37,PTR6,15,0,0,100.0,0.0,0.0,0.0,0.0,0.0,0.0,0.0,0.0,0.0,0.0,0.0,0.0,0.0,0.0,0.0
1417,23:37,PTR7,15,0,0,100.0,0.0,0.0,0.0,0.0,0.0,0.0,0.0,0.0,0.0,0.0,0.0,0.0,0.0,0.0,0.0
1417,23:37,PTR8,16,0,0,100.0,0.0,0.0,0.0,0.0,0.0,0.0,0.0,0.0,0.0,0.0,0.0,0.0,0.0,0.0,0.0
1417,23:37,PTR9,15,0,0,100.0,0.0,0.0,0.0,0.0,0.0,0.0,0.0,0.0,0.0,0.0,0.0,0.0,0.0,0.0,0.0
1417,23:37,PTR10,16,0,0,100.0,0.0,0.0,0.0,0.0,0.0,0.0,0.0,0.0,0.0,0.0,0.0,0.0,0.0,0.0,0.0
1418,23:38,PTR6,15,0,0,100.0,0.0,0.0,0.0,0.0,0.0,0.0,0.0,0.0,0.0,0.0,0.0,0.0,0.0,0.0,0.0
1418,23:38,PTR7,15,0,0,100.0,0.0,0.0,0.0,0.0,0.0,0.0,0.0,0.0,0.0,0.0,0.0,0.0,0.0,0.0,0.0
1418,23:38,PTR8,16,0,0,100.0,0.0,0.0,0.0,0.0,0.0,0.0,0.0,0.0,0.0,0.0,0.0,0.0,0.0,0.0,0.0
1418,23:38,PTR9,15,0,0,100.0,0.0,0.0,0.0,0.0,0.0,0.0,0.0,0.0,0.0,0.0,0.0,0.0,0.0,0.0,0.0
1418,23:38,PTR10,16,0,0,100.0,0.0,0.0,0.0,0.0,0.0,0.0,0.0,0.0,0.0,0.0,0.0,0.0,0.0,0.0,0.0
1419,23:39,PTR6,15,0,0,100.0,0.0,0.0,0.0,0.0,0.0,0.0,0.0,0.0,0.0,0.0,0.0,0.0,0.0,0.0,0.0
1419,23:39,PTR7,15,0,0,100.0,0.0,0.0,0.0,0.0,0.0,0.0,0.0,0.0,0.0,0.0,0.0,0.0,0.0,0.0,0.0
1419,23:39,PTR8,16,0,0,100.0,0.0,0.0,0.0,0.0,0.0,0.0,0.0,0.0,0.0,0.0,0.0,0.0,0.0,0.0,0.0
1419,23:39,PTR9,15,0,0,100.0,0.0,0.0,0.0,0.0,0.0,0.0,0.0,0.0,0.0,0.0,0.0,0.0,0.0,0.0,0.0
1419,23:39,PTR10,16,0,0,100.0,0.0,0.0,0.0,0.0,0.0,0.0,0.0,0.0,0.0,0.0,0.0,0.0,0.0,0.0,0.0
1420,23:40,PTR6,15,0,0,100.0,0.0,0.0,0.0,0.0,0.0,0.0,0.0,0.0,0.0,0.0,0.0,0.0,0.0,0.0,0.0
1420,23:40,PTR7,15,0,0,100.0,0.0,0.0,0.0,0.0,0.0,0.0,0.0,0.0,0.0,0.0,0.0,0.0,0.0,0.0,0.0
1420,23:40,PTR8,16,0,0,100.0,0.0,0.0,0.0,0.0,0.0,0.0,0.0,0.0,0.0,0.0,0.0,0.0,0.0,0.0,0.0
1420,23:40,PTR9,15,0,0,100.0,0.0,0.0,0.0,0.0,0.0,0.0,0.0,0.0,0.0,0.0,0.0,0.0,0.0,0.0,0.0
1420,23:40,PTR10,16,0,0,100.0,0.0,0.0,0.0,0.0,0.0,0.0,0.0,0.0,0.0,0.0,0.0,0.0,0.0,0.0,0.0
1421,23:41,PTR6,15,0,0,100.0,0.0,0.0,0.0,0.0,0.0,0.0,0.0,0.0,0.0,0.0,0.0,0.0,0.0,0.0,0.0
1421,23:41,PTR7,15,0,0,100.0,0.0,0.0,0.0,0.0,0.0,0.0,0.0,0.0,0.0,0.0,0.0,0.0,0.0,0.0,0.0
1421,23:41,PTR8,16,0,0,100.0,0.0,0.0,0.0,0.0,0.0,0.0,0.0,0.0,0.0,0.0,0.0,0.0,0.0,0.0,0.0
1421,23:41,PTR9,15,0,0,100.0,0.0,0.0,0.0,0.0,0.0,0.0,0.0,0.0,0.0,0.0,0.0,0.0,0.0,0.0,0.0
1421,23:41,PTR10,16,0,0,100.0,0.0,0.0,0.0,0.0,0.0,0.0,0.0,0.0,0.0,0.0,0.0,0.0,0.0,0.0,0.0
1422,23:42,PTR6,15,0,0,100.0,0.0,0.0,0.0,0.0,0.0,0.0,0.0,0.0,0.0,0.0,0.0,0.0,0.0,0.0,0.0
1422,23:42,PTR7,15,0,0,100.0,0.0,0.0,0.0,0.0,0.0,0.0,0.0,0.0,0.0,0.0,0.0,0.0,0.0,0.0,0.0
1422,23:42,PTR8,16,0,0,100.0,0.0,0.0,0.0,0.0,0.0,0.0,0.0,0.0,0.0,0.0,0.0,0.0,0.0,0.0,0.0
1422,23:42,PTR9,15,0,0,100.0,0.0,0.0,0.0,0.0,0.0,0.0,0.0,0.0,0.0,0.0,0.0,0.0,0.0,0.0,0.0
1422,23:42,PTR10,16,0,0,100.0,0.0,0.0,0.0,0.0,0.0,0.0,0.0,0.0,0.0,0.0,0.0,0.0,0.0,0.0,0.0
1423,23:43,PTR6,15,0,0,100.0,0.0,0.0,0.0,0.0,0.0,0.0,0.0,0.0,0.0,0.0,0.0,0.0,0.0,0.0,0.0
1423,23:43,PTR7,15,0,0,100.0,0.0,0.0,0.0,0.0,0.0,0.0,0.0,0.0,0.0,0.0,0.0,0.0,0.0,0.0,0.0
1423,23:43,PTR8,16,0,0,100.0,0.0,0.0,0.0,0.0,0.0,0.0,0.0,0.0,0.0,0.0,0.0,0.0,0.0,0.0,0.0
1423,23:43,PTR9,15,0,0,100.0,0.0,0.0,0.0,0.0,0.0,0.0,0.0,0.0,0.0,0.0,0.0,0.0,0.0,0.0,0.0
1423,23:43,PTR10,16,0,0,100.0,0.0,0.0,0.0,0.0,0.0,0.0,0.0,0.0,0.0,0.0,0.0,0.0,0.0,0.0,0.0
1424,23:44,PTR6,15,0,0,100.0,0.0,0.0,0.0,0.0,0.0,0.0,0.0,0.0,0.0,0.0,0.0,0.0,0.0,0.0,0.0
1424,23:44,PTR7,15,0,0,100.0,0.0,0.0,0.0,0.0,0.0,0.0,0.0,0.0,0.0,0.0,0.0,0.0,0.0,0.0,0.0
1424,23:44,PTR8,16,0,0,100.0,0.0,0.0,0.0,0.0,0.0,0.0,0.0,0.0,0.0,0.0,0.0,0.0,0.0,0.0,0.0
1424,23:44,PTR9,15,0,0,100.0,0.0,0.0,0.0,0.0,0.0,0.0,0.0,0.0,0.0,0.0,0.0,0.0,0.0,0.0,0.0
1424,23:44,PTR10,16,0,0,100.0,0.0,0.0,0.0,0.0,0.0,0.0,0.0,0.0,0.0,0.0,0.0,0.0,0.0,0.0,0.0
1425,23:45,PTR6,15,0,0,100.0,0.0,0.0,0.0,0.0,0.0,0.0,0.0,0.0,0.0,0.0,0.0,0.0,0.0,0.0,0.0
1425,23:45,PTR7,15,0,0,100.0,0.0,0.0,0.0,0.0,0.0,0.0,0.0,0.0,0.0,0.0,0.0,0.0,0.0,0.0,0.0
1425,23:45,PTR8,16,0,0,100.0,0.0,0.0,0.0,0.0,0.0,0.0,0.0,0.0,0.0,0.0,0.0,0.0,0.0,0.0,0.0
1425,23:45,PTR9,15,0,0,100.0,0.0,0.0,0.0,0.0,0.0,0.0,0.0,0.0,0.0,0.0,0.0,0.0,0.0,0.0,0.0
1425,23:45,PTR10,16,0,0,100.0,0.0,0.0,0.0,0.0,0.0,0.0,0.0,0.0,0.0,0.0,0.0,0.0,0.0,0.0,0.0
1426,23:46,PTR6,15,0,0,100.0,0.0,0.0,0.0,0.0,0.0,0.0,0.0,0.0,0.0,0.0,0.0,0.0,0.0,0.0,0.0
1426,23:46,PTR7,15,0,0,100.0,0.0,0.0,0.0,0.0,0.0,0.0,0.0,0.0,0.0,0.0,0.0,0.0,0.0,0.0,0.0
1426,23:46,PTR8,16,0,0,100.0,0.0,0.0,0.0,0.0,0.0,0.0,0.0,0.0,0.0,0.0,0.0,0.0,0.0,0.0,0.0
1426,23:46,PTR9,15,0,0,100.0,0.0,0.0,0.0,0.0,0.0,0.0,0.0,0.0,0.0,0.0,0.0,0.0,0.0,0.0,0.0
1426,23:46,PTR10,16,0,0,100.0,0.0,0.0,0.0,0.0,0.0,0.0,0.0,0.0,0.0,0.0,0.0,0.0,0.0,0.0,0.0
1427,23:47,PTR6,15,0,0,100.0,0.0,0.0,0.0,0.0,0.0,0.0,0.0,0.0,0.0,0.0,0.0,0.0,0.0,0.0,0.0
1427,23:47,PTR7,15,0,0,100.0,0.0,0.0,0.0,0.0,0.0,0.0,0.0,0.0,0.0,0.0,0.0,0.0,0.0,0.0,0.0
1427,23:47,PTR8,16,0,0,100.0,0.0,0.0,0.0,0.0,0.0,0.0,0.0,0.0,0.0,0.0,0.0,0.0,0.0,0.0,0.0
1427,23:47,PTR9,15,0,0,100.0,0.0,0.0,0.0,0.0,0.0,0.0,0.0,0.0,0.0,0.0,0.0,0.0,0.0,0.0,0.0
1427,23:47,PTR10,16,0,0,100.0,0.0,0.0,0.0,0.0,0.0,0.0,0.0,0.0,0.0,0.0,0.0,0.0,0.0,0.0,0.0
1428,23:48,PTR6,15,0,0,100.0,0.0,0.0,0.0,0.0,0.0,0.0,0.0,0.0,0.0,0.0,0.0,0.0,0.0,0.0,0.0
1428,23:48,PTR7,15,0,0,100.0,0.0,0.0,0.0,0.0,0.0,0.0,0.0,0.0,0.0,0.0,0.0,0.0,0.0,0.0,0.0
1428,23:48,PTR8,16,0,0,100.0,0.0,0.0,0.0,0.0,0.0,0.0,0.0,0.0,0.0,0.0,0.0,0.0,0.0,0.0,0.0
1428,23:48,PTR9,15,0,0,100.0,0.0,0.0,0.0,0.0,0.0,0.0,0.0,0.0,0.0,0.0,0.0,0.0,0.0,0.0,0.0
1428,23:48,PTR10,16,0,0,100.0,0.0,0.0,0.0,0.0,0.0,0.0,0.0,0.0,0.0,0.0,0.0,0.0,0.0,0.0,0.0
1429,23:49,PTR6,15,0,0,100.0,0.0,0.0,0.0,0.0,0.0,0.0,0.0,0.0,0.0,0.0,0.0,0.0,0.0,0.0,0.0
1429,23:49,PTR7,15,0,0,100.0,0.0,0.0,0.0,0.0,0.0,0.0,0.0,0.0,0.0,0.0,0.0,0.0,0.0,0.0,0.0
1429,23:49,PTR8,16,0,0,100.0,0.0,0.0,0.0,0.0,0.0,0.0,0.0,0.0,0.0,0.0,0.0,0.0,0.0,0.0,0.0
1429,23:49,PTR9,15,0,0,100.0,0.0,0.0,0.0,0.0,0.0,0.0,0.0,0.0,0.0,0.0,0.0,0.0,0.0,0.0,0.0
1429,23:49,PTR10,16,0,0,100.0,0.0,0.0,0.0,0.0,0.0,0.0,0.0,0.0,0.0,0.0,0.0,0.0,0.0,0.0,0.0
1430,23:50,PTR6,15,0,0,100.0,0.0,0.0,0.0,0.0,0.0,0.0,0.0,0.0,0.0,0.0,0.0,0.0,0.0,0.0,0.0
1430,23:50,PTR7,15,0,0,100.0,0.0,0.0,0.0,0.0,0.0,0.0,0.0,0.0,0.0,0.0,0.0,0.0,0.0,0.0,0.0
1430,23:50,PTR8,16,0,0,100.0,0.0,0.0,0.0,0.0,0.0,0.0,0.0,0.0,0.0,0.0,0.0,0.0,0.0,0.0,0.0
1430,23:50,PTR9,15,0,0,100.0,0.0,0.0,0.0,0.0,0.0,0.0,0.0,0.0,0.0,0.0,0.0,0.0,0.0,0.0,0.0
1430,23:50,PTR10,16,0,0,100.0,0.0,0.0,0.0,0.0,0.0,0.0,0.0,0.0,0.0,0.0,0.0,0.0,0.0,0.0,0.0
1431,23:51,PTR6,15,0,0,100.0,0.0,0.0,0.0,0.0,0.0,0.0,0.0,0.0,0.0,0.0,0.0,0.0,0.0,0.0,0.0
1431,23:51,PTR7,15,0,0,100.0,0.0,0.0,0.0,0.0,0.0,0.0,0.0,0.0,0.0,0.0,0.0,0.0,0.0,0.0,0.0
1431,23:51,PTR8,16,0,0,100.0,0.0,0.0,0.0,0.0,0.0,0.0,0.0,0.0,0.0,0.0,0.0,0.0,0.0,0.0,0.0
1431,23:51,PTR9,15,0,0,100.0,0.0,0.0,0.0,0.0,0.0,0.0,0.0,0.0,0.0,0.0,0.0,0.0,0.0,0.0,0.0
1431,23:51,PTR10,16,0,0,100.0,0.0,0.0,0.0,0.0,0.0,0.0,0.0,0.0,0.0,0.0,0.0,0.0,0.0,0.0,0.0
1432,23:52,PTR6,15,0,0,100.0,0.0,0.0,0.0,0.0,0.0,0.0,0.0,0.0,0.0,0.0,0.0,0.0,0.0,0.0,0.0
1432,23:52,PTR7,15,0,0,100.0,0.0,0.0,0.0,0.0,0.0,0.0,0.0,0.0,0.0,0.0,0.0,0.0,0.0,0.0,0.0
1432,23:52,PTR8,16,0,0,100.0,0.0,0.0,0.0,0.0,0.0,0.0,0.0,0.0,0.0,0.0,0.0,0.0,0.0,0.0,0.0
1432,23:52,PTR9,15,0,0,100.0,0.0,0.0,0.0,0.0,0.0,0.0,0.0,0.0,0.0,0.0,0.0,0.0,0.0,0.0,0.0
1432,23:52,PTR10,16,0,0,100.0,0.0,0.0,0.0,0.0,0.0,0.0,0.0,0.0,0.0,0.0,0.0,0.0,0.0,0.0,0.0
1433,23:53,PTR6,15,0,0,100.0,0.0,0.0,0.0,0.0,0.0,0.0,0.0,0.0,0.0,0.0,0.0,0.0,0.0,0.0,0.0
1433,23:53,PTR7,15,0,0,100.0,0.0,0.0,0.0,0.0,0.0,0.0,0.0,0.0,0.0,0.0,0.0,0.0,0.0,0.0,0.0
1433,23:53,PTR8,16,0,0,100.0,0.0,0.0,0.0,0.0,0.0,0.0,0.0,0.0,0.0,0.0,0.0,0.0,0.0,0.0,0.0
1433,23:53,PTR9,15,0,0,100.0,0.0,0.0,0.0,0.0,0.0,0.0,0.0,0.0,0.0,0.0,0.0,0.0,0.0,0.0,0.0
1433,23:53,PTR10,16,0,0,100.0,0.0,0.0,0.0,0.0,0.0,0.0,0.0,0.0,0.0,0.0,0.0,0.0,0.0,0.0,0.0
1434,23:54,PTR6,15,0,0,100.0,0.0,0.0,0.0,0.0,0.0,0.0,0.0,0.0,0.0,0.0,0.0,0.0,0.0,0.0,0.0
1434,23:54,PTR7,15,0,0,100.0,0.0,0.0,0.0,0.0,0.0,0.0,0.0,0.0,0.0,0.0,0.0,0.0,0.0,0.0,0.0
1434,23:54,PTR8,16,0,0,100.0,0.0,0.0,0.0,0.0,0.0,0.0,0.0,0.0,0.0,0.0,0.0,0.0,0.0,0.0,0.0
1434,23:54,PTR9,15,0,0,100.0,0.0,0.0,0.0,0.0,0.0,0.0,0.0,0.0,0.0,0.0,0.0,0.0,0.0,0.0,0.0
1434,23:54,PTR10,16,0,0,100.0,0.0,0.0,0.0,0.0,0.0,0.0,0.0,0.0,0.0,0.0,0.0,0.0,0.0,0.0,0.0
1435,23:55,PTR6,15,0,0,100.0,0.0,0.0,0.0,0.0,0.0,0.0,0.0,0.0,0.0,0.0,0.0,0.0,0.0,0.0,0.0
1435,23:55,PTR7,15,0,0,100.0,0.0,0.0,0.0,0.0,0.0,0.0,0.0,0.0,0.0,0.0,0.0,0.0,0.0,0.0,0.0
1435,23:55,PTR8,16,0,0,100.0,0.0,0.0,0.0,0.0,0.0,0.0,0.0,0.0,0.0,0.0,0.0,0.0,0.0,0.0,0.0
1435,23:55,PTR9,15,0,0,100.0,0.0,0.0,0.0,0.0,0.0,0.0,0.0,0.0,0.0,0.0,0.0,0.0,0.0,0.0,0.0
1435,23:55,PTR10,16,0,0,100.0,0.0,0.0,0.0,0.0,0.0,0.0,0.0,0.0,0.0,0.0,0.0,0.0,0.0,0.0,0.0
1436,23:56,PTR6,15,0,0,100.0,0.0,0.0,0.0,0.0,0.0,0.0,0.0,0.0,0.0,0.0,0.0,0.0,0.0,0.0,0.0
1436,23:56,PTR7,15,0,0,100.0,0.0,0.0,0.0,0.0,0.0,0.0,0.0,0.0,0.0,0.0,0.0,0.0,0.0,0.0,0.0
1436,23:56,PTR8,16,0,0,100.0,0.0,0.0,0.0,0.0,0.0,0.0,0.0,0.0,0.0,0.0,0.0,0.0,0.0,0.0,0.0
1436,23:56,PTR9,15,0,0,100.0,0.0,0.0,0.0,0.0,0.0,0.0,0.0,0.0,0.0,0.0,0.0,0.0,0.0,0.0,0.0
1436,23:56,PTR10,16,0,0,100.0,0.0,0.0,0.0,0.0,0.0,0.0,0.0,0.0,0.0,0.0,0.0,0.0,0.0,0.0,0.0
1437,23:57,PTR6,15,0,0,100.0,0.0,0.0,0.0,0.0,0.0,0.0,0.0,0.0,0.0,0.0,0.0,0.0,0.0,0.0,0.0
1437,23:57,PTR7,15,0,0,100.0,0.0,0.0,0.0,0.0,0.0,0.0,0.0,0.0,0.0,0.0,0.0,0.0,0.0,0.0,0.0
1437,23:57,PTR8,16,0,0,100.0,0.0,0.0,0.0,0.0,0.0,0.0,0.0,0.0,0.0,0.0,0.0,0.0,0.0,0.0,0.0
1437,23:57,PTR9,15,0,0,100.0,0.0,0.0,0.0,0.0,0.0,0.0,0.0,0.0,0.0,0.0,0.0,0.0,0.0,0.0,0.0
1437,23:57,PTR10,16,0,0,100.0,0.0,0.0,0.0,0.0,0.0,0.0,0.0,0.0,0.0,0.0,0.0,0.0,0.0,0.0,0.0
1438,23:58,PTR6,15,0,0,100.0,0.0,0.0,0.0,0.0,0.0,0.0,0.0,0.0,0.0,0.0,0.0,0.0,0.0,0.0,0.0
1438,23:58,PTR7,15,0,0,100.0,0.0,0.0,0.0,0.0,0.0,0.0,0.0,0.0,0.0,0.0,0.0,0.0,0.0,0.0,0.0
1438,23:58,PTR8,16,0,0,100.0,0.0,0.0,0.0,0.0,0.0,0.0,0.0,0.0,0.0,0.0,0.0,0.0,0.0,0.0,0.0
1438,23:58,PTR9,15,0,0,100.0,0.0,0.0,0.0,0.0,0.0,0.0,0.0,0.0,0.0,0.0,0.0,0.0,0.0,0.0,0.0
1438,23:58,PTR10,16,0,0,100.0,0.0,0.0,0.0,0.0,0.0,0.0,0.0,0.0,0.0,0.0,0.0,0.0,0.0,0.0,0.0
1439,23:59,PTR6,15,0,0,100.0,0.0,0.0,0.0,0.0,0.0,0.0,0.0,0.0,0.0,0.0,0.0,0.0,0.0,0.0,0.0
1439,23:59,PTR7,15,0,0,100.0,0.0,0.0,0.0,0.0,0.0,0.0,0.0,0.0,0.0,0.0,0.0,0.0,0.0,0.0,0.0
1439,23:59,PTR8,16,0,0,100.0,0.0,0.0,0.0,0.0,0.0,0.0,0.0,0.0,0.0,0.0,0.0,0.0,0.0,0.0,0.0
1439,23:59,PTR9,15,0,0,100.0,0.0,0.0,0.0,0.0,0.0,0.0,0.0,0.0,0.0,0.0,0.0,0.0,0.0,0.0,0.0
1439,23:59,PTR10,16,0,0,100.0,0.0,0.0,0.0,0.0,0.0,0.0,0.0,0.0,0.0,0.0,0.0,0.0,0.0,0.0,0.0
