minute,time,scenario_id,inverter_id,ptr_id,category,loss_kwh
374,06:14,S06,OND7_2,PTR7,drift,0.001
378,06:18,S06,OND7_2,PTR7,drift,0.001
383,06:23,S06,OND7_2,PTR7,drift,0.001
384,06:24,S06,OND7_2,PTR7,drift,0.001
385,06:25,S06,OND7_2,PTR7,drift,0.001
387,06:27,S06,OND7_2,PTR7,drift,0.001
388,06:28,S06,OND7_2,PTR7,drift,0.001
389,06:29,S06,OND7_2,PTR7,drift,0.001
390,06:30,S06,OND7_2,PTR7,drift,0.002
391,06:31,S06,OND7_2,PTR7,drift,0.001
392,06:32,S06,OND7_2,PTR7,drift,0.002
393,06:33,S06,OND7_2,PTR7,drift,0.001
394,06:34,S06,OND7_2,PTR7,drift,0.002
395,06:35,S06,OND7_2,PTR7,drift,0.001
396,06:36,S06,OND7_2,PTR7,drift,0.002
397,06:37,S06,OND7_2,PTR7,drift,0.002
398,06:38,S06,OND7_2,PTR7,drift,0.002
399,06:39,S06,OND7_2,PTR7,drift,0.002
400,06:40,S06,OND7_2,PTR7,drift,0.002
401,06:41,S06,OND7_2,PTR7,drift,0.002
402,06:42,S06,OND7_2,PTR7,drift,0.003
403,06:43,S06,OND7_2,PTR7,drift,0.002
404,06:44,S06,OND7_2,PTR7,drift,0.003
405,06:45,S06,OND7_2,PTR7,drift,0.003
406,06:46,S06,OND7_2,PTR7,drift,0.003
407,06:47,S06,OND7_2,PTR7,drift,0.004
408,06:48,S06,OND7_2,PTR7,drift,0.003
409,06:49,S06,OND7_2,PTR7,drift,0.003
410,06:50,S06,OND7_2,PTR7,drift,0.003
411,06:51,S06,OND7_2,PTR7,drift,0.004
412,06:52,S06,OND7_2,PTR7,drift,0.004
413,06:53,S06,OND7_2,PTR7,drift,0.004
414,06:54,S06,OND7_2,PTR7,drift,0.004
415,06:55,S06,OND7_2,PTR7,drift,0.004
416,06:56,S06,OND7_2,PTR7,drift,0.005
417,06:57,S06,OND7_2,PTR7,drift,0.005
418,06:58,S06,OND7_2,PTR7,drift,0.005
419,06:59,S06,OND7_2,PTR7,drift,0.006
420,07:00,S06,OND7_2,PTR7,drift,0.006
421,07:01,S06,OND7_2,PTR7,drift,0.006
422,07:02,S06,OND7_2,PTR7,drift,0.006
423,07:03,S06,OND7_2,PTR7,drift,0.007
424,07:04,S06,OND7_2,PTR7,drift,0.007
425,07:05,S06,OND7_2,PTR7,drift,0.007
426,07:06,S06,OND7_2,PTR7,drift,0.008
427,07:07,S06,OND7_2,PTR7,drift,0.007
428,07:08,S06,OND7_2,PTR7,drift,0.007
429,07:09,S06,OND7_2,PTR7,drift,0.008
430,07:10,S06,OND7_2,PTR7,drift,0.009
431,07:11,S06,OND7_2,PTR7,drift,0.009
432,07:12,S06,OND7_2,PTR7,drift,0.009
433,07:13,S06,OND7_2,PTR7,drift,0.009
434,07:14,S06,OND7_2,PTR7,drift,0.009
435,07:15,S06,OND7_2,PTR7,drift,0.010
436,07:16,S06,OND7_2,PTR7,drift,0.009
437,07:17,S06,OND7_2,PTR7,drift,0.010
438,07:18,S06,OND7_2,PTR7,drift,0.011
439,07:19,S06,OND7_2,PTR7,drift,0.011
440,07:20,S06,OND7_2,PTR7,drift,0.011
441,07:21,S06,OND7_2,PTR7,drift,0.011
442,07:22,S06,OND7_2,PTR7,drift,0.012
443,07:23,S06,OND7_2,PTR7,drift,0.013
444,07:24,S06,OND7_2,PTR7,drift,0.012
445,07:25,S06,OND7_2,PTR7,drift,0.013
446,07:26,S06,OND7_2,PTR7,drift,0.014
447,07:27,S06,OND7_2,PTR7,drift,0.013
448,07:28,S06,OND7_2,PTR7,drift,0.014
449,07:29,S06,OND7_2,PTR7,drift,0.014
450,07:30,S06,OND7_2,PTR7,drift,0.015
451,07:31,S06,OND7_2,PTR7,drift,0.015
452,07:32,S06,OND7_2,PTR7,drift,0.016
453,07:33,S06,OND7_2,PTR7,drift,0.016
454,07:34,S06,OND7_2,PTR7,drift,0.016
455,07:35,S06,OND7_2,PTR7,drift,0.017
456,07:36,S06,OND7_2,PTR7,drift,0.016
457,07:37,S06,OND7_2,PTR7,drift,0.017
458,07:38,S06,OND7_2,PTR7,drift,0.017
459,07:39,S06,OND7_2,PTR7,drift,0.018
460,07:40,S06,OND7_2,PTR7,drift,0.018
461,07:41,S06,OND7_2,PTR7,drift,0.019
462,07:42,S06,OND7_2,PTR7,drift,0.019
463,07:43,S06,OND7_2,PTR7,drift,0.019
464,07:44,S06,OND7_2,PTR7,drift,0.020
465,07:45,S06,OND7_2,PTR7,drift,0.020
466,07:46,S06,OND7_2,PTR7,drift,0.020
467,07:47,S06,OND7_2,PTR7,drift,0.021
468,07:48,S06,OND7_2,PTR7,drift,0.021
469,07:49,S06,OND7_2,PTR7,drift,0.022
470,07:50,S06,OND7_2,PTR7,drift,0.022
471,07:51,S06,OND7_2,PTR7,drift,0.022
472,07:52,S06,OND7_2,PTR7,drift,0.023
473,07:53,S06,OND7_2,PTR7,drift,0.023
474,07:54,S06,OND7_2,PTR7,drift,0.024
475,07:55,S06,OND7_2,PTR7,drift,0.024
476,07:56,S06,OND7_2,PTR7,drift,0.025
477,07:57,S06,OND7_2,PTR7,drift,0.025
478,07:58,S06,OND7_2,PTR7,drift,0.025
479,07:59,S06,OND7_2,PTR7,drift,0.026
480,08:00,S06,OND7_2,PTR7,drift,0.026
481,08:01,S06,OND7_2,PTR7,drift,0.027
482,08:02,S06,OND7_2,PTR7,drift,0.027
483,08:03,S06,OND7_2,PTR7,drift,0.028
484,08:04,S06,OND7_2,PTR7,drift,0.029
485,08:05,S06,OND7_2,PTR7,drift,0.029
486,08:06,S06,OND7_2,PTR7,drift,0.029
487,08:07,S06,OND7_2,PTR7,drift,0.030
488,08:08,S06,OND7_2,PTR7,drift,0.030
489,08:09,S06,OND7_2,PTR7,drift,0.031
490,08:10,S06,OND7_2,PTR7,drift,0.031
491,08:11,S06,OND7_2,PTR7,drift,0.031
492,08:12,S06,OND7_2,PTR7,drift,0.032
493,08:13,S06,OND7_2,PTR7,drift,0.032
494,08:14,S06,OND7_2,PTR7,drift,0.033
495,08:15,S06,OND7_2,PTR7,drift,0.034
496,08:16,S06,OND7_2,PTR7,drift,0.035
497,08:17,S06,OND7_2,PTR7,drift,0.035
498,08:18,S06,OND7_2,PTR7,drift,0.035
499,08:19,S06,OND7_2,PTR7,drift,0.036
500,08:20,S02,OND7_9,PTR7,dc_fault,0.405
500,08:20,S06,OND7_2,PTR7,drift,0.037
501,08:21,S02,OND7_9,PTR7,dc_fault,0.404
501,08:21,S06,OND7_2,PTR7,drift,0.037
502,08:22,S02,OND7_9,PTR7,dc_fault,0.410
502,08:22,S06,OND7_2,PTR7,drift,0.037
503,08:23,S02,OND7_9,PTR7,dc_fault,0.410
503,08:23,S06,OND7_2,PTR7,drift,0.038
504,08:24,S02,OND7_9,PTR7,dc_fault,0.414
504,08:24,S06,OND7_2,PTR7,drift,0.038
505,08:25,S02,OND7_9,PTR7,dc_fault,0.415
505,08:25,S06,OND7_2,PTR7,drift,0.039
506,08:26,S02,OND7_9,PTR7,dc_fault,0.419
506,08:26,S06,OND7_2,PTR7,drift,0.039
507,08:27,S02,OND7_9,PTR7,dc_fault,0.422
507,08:27,S06,OND7_2,PTR7,drift,0.039
508,08:28,S02,OND7_9,PTR7,dc_fault,0.426
508,08:28,S06,OND7_2,PTR7,drift,0.041
509,08:29,S02,OND7_9,PTR7,dc_fault,0.427
509,08:29,S06,OND7_2,PTR7,drift,0.041
510,08:30,S02,OND7_9,PTR7,dc_fault,0.427
510,08:30,S06,OND7_2,PTR7,drift,0.042
511,08:31,S02,OND7_9,PTR7,dc_fault,0.432
511,08:31,S06,OND7_2,PTR7,drift,0.042
512,08:32,S02,OND7_9,PTR7,dc_fault,0.438
512,08:32,S06,OND7_2,PTR7,drift,0.043
513,08:33,S02,OND7_9,PTR7,dc_fault,0.440
513,08:33,S06,OND7_2,PTR7,drift,0.043
514,08:34,S02,OND7_9,PTR7,dc_fault,0.445
514,08:34,S06,OND7_2,PTR7,drift,0.044
515,08:35,S02,OND7_9,PTR7,dc_fault,0.445
515,08:35,S06,OND7_2,PTR7,drift,0.045
516,08:36,S02,OND7_9,PTR7,dc_fault,0.452
516,08:36,S06,OND7_2,PTR7,drift,0.045
517,08:37,S02,OND7_9,PTR7,dc_fault,0.456
517,08:37,S06,OND7_2,PTR7,drift,0.046
518,08:38,S02,OND7_9,PTR7,dc_fault,0.456
518,08:38,S06,OND7_2,PTR7,drift,0.048
519,08:39,S02,OND7_9,PTR7,dc_fault,0.458
519,08:39,S06,OND7_2,PTR7,drift,0.047
520,08:40,S02,OND7_9,PTR7,dc_fault,0.465
520,08:40,S06,OND7_2,PTR7,drift,0.048
521,08:41,S02,OND7_9,PTR7,dc_fault,0.469
521,08:41,S06,OND7_2,PTR7,drift,0.049
522,08:42,S02,OND7_9,PTR7,dc_fault,0.475
522,08:42,S06,OND7_2,PTR7,drift,0.050
523,08:43,S02,OND7_9,PTR7,dc_fault,0.475
523,08:43,S06,OND7_2,PTR7,drift,0.051
524,08:44,S02,OND7_9,PTR7,dc_fault,0.479
524,08:44,S06,OND7_2,PTR7,drift,0.051
525,08:45,S02,OND7_9,PTR7,dc_fault,0.485
525,08:45,S06,OND7_2,PTR7,drift,0.052
526,08:46,S02,OND7_9,PTR7,dc_fault,0.489
526,08:46,S06,OND7_2,PTR7,drift,0.052
527,08:47,S02,OND7_9,PTR7,dc_fault,0.486
527,08:47,S06,OND7_2,PTR7,drift,0.053
528,08:48,S02,OND7_9,PTR7,dc_fault,0.489
528,08:48,S06,OND7_2,PTR7,drift,0.053
529,08:49,S02,OND7_9,PTR7,dc_fault,0.491
529,08:49,S06,OND7_2,PTR7,drift,0.054
530,08:50,S02,OND7_9,PTR7,dc_fault,0.497
530,08:50,S06,OND7_2,PTR7,drift,0.054
531,08:51,S02,OND7_9,PTR7,dc_fault,0.500
531,08:51,S06,OND7_2,PTR7,drift,0.056
532,08:52,S02,OND7_9,PTR7,dc_fault,0.503
532,08:52,S06,OND7_2,PTR7,drift,0.056
533,08:53,S02,OND7_9,PTR7,dc_fault,0.507
533,08:53,S06,OND7_2,PTR7,drift,0.057
534,08:54,S02,OND7_9,PTR7,dc_fault,0.508
534,08:54,S06,OND7_2,PTR7,drift,0.057
535,08:55,S02,OND7_9,PTR7,dc_fault,0.510
535,08:55,S06,OND7_2,PTR7,drift,0.058
536,08:56,S02,OND7_9,PTR7,dc_fault,0.513
536,08:56,S06,OND7_2,PTR7,drift,0.058
537,08:57,S02,OND7_9,PTR7,dc_fault,0.516
537,08:57,S06,OND7_2,PTR7,drift,0.059
538,08:58,S02,OND7_9,PTR7,dc_fault,0.515
538,08:58,S06,OND7_2,PTR7,drift,0.059
539,08:59,S02,OND7_9,PTR7,dc_fault,0.516
539,08:59,S06,OND7_2,PTR7,drift,0.059
540,09:00,S02,OND7_9,PTR7,dc_fault,0.520
540,09:00,S06,OND7_2,PTR7,drift,0.060
541,09:01,S02,OND7_9,PTR7,dc_fault,0.523
541,09:01,S06,OND7_2,PTR7,drift,0.062
542,09:02,S02,OND7_9,PTR7,dc_fault,0.531
542,09:02,S06,OND7_2,PTR7,drift,0.063
543,09:03,S02,OND7_9,PTR7,dc_fault,0.539
543,09:03,S06,OND7_2,PTR7,drift,0.063
544,09:04,S02,OND7_9,PTR7,dc_fault,0.540
544,09:04,S06,OND7_2,PTR7,drift,0.064
545,09:05,S02,OND7_9,PTR7,dc_fault,0.540
545,09:05,S06,OND7_2,PTR7,drift,0.064
546,09:06,S02,OND7_9,PTR7,dc_fault,0.540
546,09:06,S06,OND7_2,PTR7,drift,0.066
547,09:07,S02,OND7_9,PTR7,dc_fault,0.542
547,09:07,S06,OND7_2,PTR7,drift,0.066
548,09:08,S02,OND7_9,PTR7,dc_fault,0.546
548,09:08,S06,OND7_2,PTR7,drift,0.067
549,09:09,S02,OND7_9,PTR7,dc_fault,0.553
549,09:09,S06,OND7_2,PTR7,drift,0.068
550,09:10,S02,OND7_9,PTR7,dc_fault,0.555
550,09:10,S06,OND7_2,PTR7,drift,0.069
551,09:11,S02,OND7_9,PTR7,dc_fault,0.559
551,09:11,S06,OND7_2,PTR7,drift,0.069
552,09:12,S02,OND7_9,PTR7,dc_fault,0.556
552,09:12,S06,OND7_2,PTR7,drift,0.070
553,09:13,S02,OND7_9,PTR7,dc_fault,0.560
553,09:13,S06,OND7_2,PTR7,drift,0.070
554,09:14,S02,OND7_9,PTR7,dc_fault,0.565
554,09:14,S06,OND7_2,PTR7,drift,0.071
555,09:15,S02,OND7_9,PTR7,dc_fault,0.565
555,09:15,S06,OND7_2,PTR7,drift,0.071
556,09:16,S02,OND7_9,PTR7,dc_fault,0.566
556,09:16,S06,OND7_2,PTR7,drift,0.072
557,09:17,S02,OND7_9,PTR7,dc_fault,0.568
557,09:17,S06,OND7_2,PTR7,drift,0.073
558,09:18,S02,OND7_9,PTR7,dc_fault,0.569
558,09:18,S06,OND7_2,PTR7,drift,0.074
559,09:19,S02,OND7_9,PTR7,dc_fault,0.577
559,09:19,S06,OND7_2,PTR7,drift,0.074
560,09:20,S02,OND7_9,PTR7,dc_fault,0.575
560,09:20,S06,OND7_2,PTR7,drift,0.074
561,09:21,S02,OND7_9,PTR7,dc_fault,0.578
561,09:21,S06,OND7_2,PTR7,drift,0.074
562,09:22,S02,OND7_9,PTR7,dc_fault,0.577
562,09:22,S06,OND7_2,PTR7,drift,0.075
563,09:23,S02,OND7_9,PTR7,dc_fault,0.581
563,09:23,S06,OND7_2,PTR7,drift,0.076
564,09:24,S02,OND7_9,PTR7,dc_fault,0.583
564,09:24,S06,OND7_2,PTR7,drift,0.077
565,09:25,S02,OND7_9,PTR7,dc_fault,0.588
565,09:25,S06,OND7_2,PTR7,drift,0.078
566,09:26,S02,OND7_9,PTR7,dc_fault,0.594
566,09:26,S06,OND7_2,PTR7,drift,0.078
567,09:27,S02,OND7_9,PTR7,dc_fault,0.586
567,09:27,S06,OND7_2,PTR7,drift,0.079
568,09:28,S02,OND7_9,PTR7,dc_fault,0.592
568,09:28,S06,OND7_2,PTR7,drift,0.079
569,09:29,S02,OND7_9,PTR7,dc_fault,0.596
569,09:29,S06,OND7_2,PTR7,drift,0.081
570,09:30,S02,OND7_9,PTR7,dc_fault,0.595
570,09:30,S06,OND7_2,PTR7,drift,0.080
571,09:31,S02,OND7_9,PTR7,dc_fault,0.595
571,09:31,S06,OND7_2,PTR7,drift,0.081
572,09:32,S02,OND7_9,PTR7,dc_fault,0.594
572,09:32,S06,OND7_2,PTR7,drift,0.081
573,09:33,S02,OND7_9,PTR7,dc_fault,0.600
573,09:33,S06,OND7_2,PTR7,drift,0.083
574,09:34,S02,OND7_9,PTR7,dc_fault,0.608
574,09:34,S06,OND7_2,PTR7,drift,0.085
575,09:35,S02,OND7_9,PTR7,dc_fault,0.608
575,09:35,S06,OND7_2,PTR7,drift,0.085
576,09:36,S02,OND7_9,PTR7,dc_fault,0.610
576,09:36,S06,OND7_2,PTR7,drift,0.085
577,09:37,S02,OND7_9,PTR7,dc_fault,0.612
577,09:37,S06,OND7_2,PTR7,drift,0.086
578,09:38,S02,OND7_9,PTR7,dc_fault,0.617
578,09:38,S06,OND7_2,PTR7,drift,0.087
579,09:39,S02,OND7_9,PTR7,dc_fault,0.613
579,09:39,S06,OND7_2,PTR7,drift,0.088
580,09:40,S01,OND9_1,PTR9,outage,2.945
580,09:40,S02,OND7_9,PTR7,dc_fault,0.623
580,09:40,S06,OND7_2,PTR7,drift,0.089
581,09:41,S01,OND9_1,PTR9,outage,2.959
581,09:41,S02,OND7_9,PTR7,dc_fault,0.622
581,09:41,S06,OND7_2,PTR7,drift,0.089
582,09:42,S01,OND9_1,PTR9,outage,2.959
582,09:42,S02,OND7_9,PTR7,dc_fault,0.623
582,09:42,S06,OND7_2,PTR7,drift,0.090
583,09:43,S01,OND9_1,PTR9,outage,2.963
583,09:43,S02,OND7_9,PTR7,dc_fault,0.625
583,09:43,S06,OND7_2,PTR7,drift,0.090
584,09:44,S01,OND9_1,PTR9,outage,2.944
584,09:44,S02,OND7_9,PTR7,dc_fault,0.627
584,09:44,S06,OND7_2,PTR7,drift,0.090
585,09:45,S01,OND9_1,PTR9,outage,2.968
585,09:45,S02,OND7_9,PTR7,dc_fault,0.627
585,09:45,S06,OND7_2,PTR7,drift,0.092
586,09:46,S01,OND9_1,PTR9,outage,2.964
586,09:46,S02,OND7_9,PTR7,dc_fault,0.629
586,09:46,S06,OND7_2,PTR7,drift,0.091
587,09:47,S01,OND9_1,PTR9,outage,2.971
587,09:47,S02,OND7_9,PTR7,dc_fault,0.625
587,09:47,S06,OND7_2,PTR7,drift,0.092
588,09:48,S01,OND9_1,PTR9,outage,2.972
588,09:48,S02,OND7_9,PTR7,dc_fault,0.628
588,09:48,S06,OND7_2,PTR7,drift,0.092
589,09:49,S01,OND9_1,PTR9,outage,2.990
589,09:49,S02,OND7_9,PTR7,dc_fault,0.636
589,09:49,S06,OND7_2,PTR7,drift,0.094
590,09:50,S01,OND9_1,PTR9,outage,2.986
590,09:50,S02,OND7_9,PTR7,dc_fault,0.636
590,09:50,S06,OND7_2,PTR7,drift,0.094
591,09:51,S01,OND9_1,PTR9,outage,2.978
591,09:51,S02,OND7_9,PTR7,dc_fault,0.630
591,09:51,S06,OND7_2,PTR7,drift,0.095
592,09:52,S01,OND9_1,PTR9,outage,2.998
592,09:52,S02,OND7_9,PTR7,dc_fault,0.635
592,09:52,S06,OND7_2,PTR7,drift,0.096
593,09:53,S01,OND9_1,PTR9,outage,3.017
593,09:53,S02,OND7_9,PTR7,dc_fault,0.635
593,09:53,S06,OND7_2,PTR7,drift,0.096
594,09:54,S01,OND9_1,PTR9,outage,2.994
594,09:54,S02,OND7_9,PTR7,dc_fault,0.638
594,09:54,S06,OND7_2,PTR7,drift,0.096
595,09:55,S01,OND9_1,PTR9,outage,3.014
595,09:55,S02,OND7_9,PTR7,dc_fault,0.639
595,09:55,S06,OND7_2,PTR7,drift,0.097
596,09:56,S01,OND9_1,PTR9,outage,3.022
596,09:56,S02,OND7_9,PTR7,dc_fault,0.640
596,09:56,S06,OND7_2,PTR7,drift,0.098
597,09:57,S01,OND9_1,PTR9,outage,3.021
597,09:57,S02,OND7_9,PTR7,dc_fault,0.640
597,09:57,S06,OND7_2,PTR7,drift,0.098
598,09:58,S01,OND9_1,PTR9,outage,3.027
598,09:58,S02,OND7_9,PTR7,dc_fault,0.639
598,09:58,S06,OND7_2,PTR7,drift,0.098
599,09:59,S01,OND9_1,PTR9,outage,3.041
599,09:59,S02,OND7_9,PTR7,dc_fault,0.641
599,09:59,S06,OND7_2,PTR7,drift,0.099
600,10:00,S01,OND9_1,PTR9,outage,3.038
600,10:00,S02,OND7_9,PTR7,dc_fault,0.639
600,10:00,S06,OND7_2,PTR7,drift,0.101
601,10:01,S01,OND9_1,PTR9,outage,3.065
601,10:01,S02,OND7_9,PTR7,dc_fault,0.646
601,10:01,S06,OND7_2,PTR7,drift,0.101
602,10:02,S01,OND9_1,PTR9,outage,3.075
602,10:02,S02,OND7_9,PTR7,dc_fault,0.647
602,10:02,S06,OND7_2,PTR7,drift,0.102
603,10:03,S01,OND9_1,PTR9,outage,3.104
603,10:03,S02,OND7_9,PTR7,dc_fault,0.652
603,10:03,S06,OND7_2,PTR7,drift,0.104
604,10:04,S01,OND9_1,PTR9,outage,3.111
604,10:04,S02,OND7_9,PTR7,dc_fault,0.657
604,10:04,S06,OND7_2,PTR7,drift,0.104
605,10:05,S01,OND9_1,PTR9,outage,3.121
605,10:05,S02,OND7_9,PTR7,dc_fault,0.653
605,10:05,S06,OND7_2,PTR7,drift,0.104
606,10:06,S01,OND9_1,PTR9,outage,3.120
606,10:06,S02,OND7_9,PTR7,dc_fault,0.662
606,10:06,S06,OND7_2,PTR7,drift,0.105
607,10:07,S01,OND9_1,PTR9,outage,3.140
607,10:07,S02,OND7_9,PTR7,dc_fault,0.662
607,10:07,S06,OND7_2,PTR7,drift,0.106
608,10:08,S01,OND9_1,PTR9,outage,3.129
608,10:08,S02,OND7_9,PTR7,dc_fault,0.660
608,10:08,S06,OND7_2,PTR7,drift,0.107
609,10:09,S01,OND9_1,PTR9,outage,3.152
609,10:09,S02,OND7_9,PTR7,dc_fault,0.666
609,10:09,S06,OND7_2,PTR7,drift,0.107
610,10:10,S01,OND9_1,PTR9,outage,3.178
610,10:10,S02,OND7_9,PTR7,dc_fault,0.672
610,10:10,S06,OND7_2,PTR7,drift,0.109
611,10:11,S01,OND9_1,PTR9,outage,3.178
611,10:11,S02,OND7_9,PTR7,dc_fault,0.675
611,10:11,S06,OND7_2,PTR7,drift,0.109
612,10:12,S01,OND9_1,PTR9,outage,3.188
612,10:12,S02,OND7_9,PTR7,dc_fault,0.676
612,10:12,S06,OND7_2,PTR7,drift,0.109
613,10:13,S01,OND9_1,PTR9,outage,3.203
613,10:13,S02,OND7_9,PTR7,dc_fault,0.676
613,10:13,S06,OND7_2,PTR7,drift,0.111
614,10:14,S01,OND9_1,PTR9,outage,3.196
614,10:14,S02,OND7_9,PTR7,dc_fault,0.676
614,10:14,S06,OND7_2,PTR7,drift,0.111
615,10:15,S01,OND9_1,PTR9,outage,3.206
615,10:15,S02,OND7_9,PTR7,dc_fault,0.674
615,10:15,S06,OND7_2,PTR7,drift,0.112
616,10:16,S01,OND9_1,PTR9,outage,3.196
616,10:16,S02,OND7_9,PTR7,dc_fault,0.674
616,10:16,S06,OND7_2,PTR7,drift,0.112
617,10:17,S01,OND9_1,PTR9,outage,3.188
617,10:17,S02,OND7_9,PTR7,dc_fault,0.677
617,10:17,S06,OND7_2,PTR7,drift,0.112
618,10:18,S01,OND9_1,PTR9,outage,3.184
618,10:18,S02,OND7_9,PTR7,dc_fault,0.674
618,10:18,S06,OND7_2,PTR7,drift,0.113
619,10:19,S01,OND9_1,PTR9,outage,3.195
619,10:19,S02,OND7_9,PTR7,dc_fault,0.675
619,10:19,S06,OND7_2,PTR7,drift,0.113
620,10:20,S01,OND9_1,PTR9,outage,3.206
620,10:20,S02,OND7_9,PTR7,dc_fault,0.679
620,10:20,S06,OND7_2,PTR7,drift,0.114
621,10:21,S01,OND9_1,PTR9,outage,3.246
621,10:21,S02,OND7_9,PTR7,dc_fault,0.688
621,10:21,S06,OND7_2,PTR7,drift,0.116
622,10:22,S01,OND9_1,PTR9,outage,3.251
622,10:22,S02,OND7_9,PTR7,dc_fault,0.689
622,10:22,S06,OND7_2,PTR7,drift,0.117
623,10:23,S01,OND9_1,PTR9,outage,3.258
623,10:23,S02,OND7_9,PTR7,dc_fault,0.686
623,10:23,S06,OND7_2,PTR7,drift,0.117
624,10:24,S01,OND9_1,PTR9,outage,3.268
624,10:24,S02,OND7_9,PTR7,dc_fault,0.692
624,10:24,S06,OND7_2,PTR7,drift,0.119
625,10:25,S01,OND9_1,PTR9,outage,3.272
625,10:25,S02,OND7_9,PTR7,dc_fault,0.695
625,10:25,S06,OND7_2,PTR7,drift,0.120
626,10:26,S01,OND9_1,PTR9,outage,3.294
626,10:26,S02,OND7_9,PTR7,dc_fault,0.692
626,10:26,S06,OND7_2,PTR7,drift,0.119
627,10:27,S01,OND9_1,PTR9,outage,3.299
627,10:27,S02,OND7_9,PTR7,dc_fault,0.694
627,10:27,S06,OND7_2,PTR7,drift,0.120
628,10:28,S01,OND9_1,PTR9,outage,3.299
628,10:28,S02,OND7_9,PTR7,dc_fault,0.699
628,10:28,S06,OND7_2,PTR7,drift,0.121
629,10:29,S01,OND9_1,PTR9,outage,3.322
629,10:29,S02,OND7_9,PTR7,dc_fault,0.697
629,10:29,S06,OND7_2,PTR7,drift,0.122
630,10:30,S01,OND9_1,PTR9,outage,3.325
630,10:30,S02,OND7_9,PTR7,dc_fault,0.703
630,10:30,S06,OND7_2,PTR7,drift,0.123
631,10:31,S01,OND9_1,PTR9,outage,3.332
631,10:31,S02,OND7_9,PTR7,dc_fault,0.705
631,10:31,S06,OND7_2,PTR7,drift,0.124
632,10:32,S01,OND9_1,PTR9,outage,3.329
632,10:32,S02,OND7_9,PTR7,dc_fault,0.708
632,10:32,S06,OND7_2,PTR7,drift,0.124
633,10:33,S01,OND9_1,PTR9,outage,3.351
633,10:33,S02,OND7_9,PTR7,dc_fault,0.709
633,10:33,S06,OND7_2,PTR7,drift,0.125
634,10:34,S01,OND9_1,PTR9,outage,3.354
634,10:34,S02,OND7_9,PTR7,dc_fault,0.709
634,10:34,S06,OND7_2,PTR7,drift,0.127
635,10:35,S01,OND9_1,PTR9,outage,3.361
635,10:35,S02,OND7_9,PTR7,dc_fault,0.715
635,10:35,S06,OND7_2,PTR7,drift,0.126
636,10:36,S01,OND9_1,PTR9,outage,3.373
636,10:36,S02,OND7_9,PTR7,dc_fault,0.712
636,10:36,S06,OND7_2,PTR7,drift,0.127
637,10:37,S01,OND9_1,PTR9,outage,3.375
637,10:37,S02,OND7_9,PTR7,dc_fault,0.717
637,10:37,S06,OND7_2,PTR7,drift,0.128
638,10:38,S01,OND9_1,PTR9,outage,3.407
638,10:38,S02,OND7_9,PTR7,dc_fault,0.719
638,10:38,S06,OND7_2,PTR7,drift,0.129
639,10:39,S01,OND9_1,PTR9,outage,3.409
639,10:39,S02,OND7_9,PTR7,dc_fault,0.721
639,10:39,S06,OND7_2,PTR7,drift,0.130
640,10:40,S01,OND9_1,PTR9,outage,3.372
640,10:40,S02,OND7_9,PTR7,dc_fault,0.715
640,10:40,S06,OND7_2,PTR7,drift,0.130
641,10:41,S01,OND9_1,PTR9,outage,3.418
641,10:41,S02,OND7_9,PTR7,dc_fault,0.723
641,10:41,S06,OND7_2,PTR7,drift,0.132
642,10:42,S01,OND9_1,PTR9,outage,3.437
642,10:42,S02,OND7_9,PTR7,dc_fault,0.723
642,10:42,S06,OND7_2,PTR7,drift,0.132
643,10:43,S01,OND9_1,PTR9,outage,3.410
643,10:43,S02,OND7_9,PTR7,dc_fault,0.728
643,10:43,S06,OND7_2,PTR7,drift,0.133
644,10:44,S01,OND9_1,PTR9,outage,3.440
644,10:44,S02,OND7_9,PTR7,dc_fault,0.727
644,10:44,S06,OND7_2,PTR7,drift,0.133
645,10:45,S01,OND9_1,PTR9,outage,3.445
645,10:45,S02,OND7_9,PTR7,dc_fault,0.730
645,10:45,S03,OND8_6,PTR8,derating,0.996
645,10:45,S06,OND7_2,PTR7,drift,0.134
646,10:46,S01,OND9_1,PTR9,outage,3.439
646,10:46,S02,OND7_9,PTR7,dc_fault,0.721
646,10:46,S03,OND8_6,PTR8,derating,0.994
646,10:46,S06,OND7_2,PTR7,drift,0.135
647,10:47,S01,OND9_1,PTR9,outage,3.457
647,10:47,S02,OND7_9,PTR7,dc_fault,0.740
647,10:47,S03,OND8_6,PTR8,derating,1.015
647,10:47,S06,OND7_2,PTR7,drift,0.136
648,10:48,S01,OND9_1,PTR9,outage,3.467
648,10:48,S02,OND7_9,PTR7,dc_fault,0.737
648,10:48,S03,OND8_6,PTR8,derating,1.007
648,10:48,S06,OND7_2,PTR7,drift,0.136
649,10:49,S01,OND9_1,PTR9,outage,3.467
649,10:49,S02,OND7_9,PTR7,dc_fault,0.735
649,10:49,S03,OND8_6,PTR8,derating,1.027
649,10:49,S06,OND7_2,PTR7,drift,0.138
650,10:50,S01,OND9_1,PTR9,outage,3.467
650,10:50,S02,OND7_9,PTR7,dc_fault,0.737
650,10:50,S03,OND8_6,PTR8,derating,1.023
650,10:50,S06,OND7_2,PTR7,drift,0.139
651,10:51,S01,OND9_1,PTR9,outage,3.467
651,10:51,S02,OND7_9,PTR7,dc_fault,0.742
651,10:51,S03,OND8_6,PTR8,derating,1.040
651,10:51,S06,OND7_2,PTR7,drift,0.139
652,10:52,S01,OND9_1,PTR9,outage,3.467
652,10:52,S02,OND7_9,PTR7,dc_fault,0.738
652,10:52,S03,OND8_6,PTR8,derating,1.032
652,10:52,S06,OND7_2,PTR7,drift,0.139
653,10:53,S01,OND9_1,PTR9,outage,3.467
653,10:53,S02,OND7_9,PTR7,dc_fault,0.744
653,10:53,S03,OND8_6,PTR8,derating,1.040
653,10:53,S06,OND7_2,PTR7,drift,0.141
654,10:54,S01,OND9_1,PTR9,outage,3.467
654,10:54,S02,OND7_9,PTR7,dc_fault,0.745
654,10:54,S03,OND8_6,PTR8,derating,1.040
654,10:54,S06,OND7_2,PTR7,drift,0.141
655,10:55,S01,OND9_1,PTR9,outage,3.467
655,10:55,S02,OND7_9,PTR7,dc_fault,0.741
655,10:55,S03,OND8_6,PTR8,derating,1.040
655,10:55,S06,OND7_2,PTR7,drift,0.141
656,10:56,S01,OND9_1,PTR9,outage,3.467
656,10:56,S02,OND7_9,PTR7,dc_fault,0.743
656,10:56,S03,OND8_6,PTR8,derating,1.040
656,10:56,S06,OND7_2,PTR7,drift,0.142
657,10:57,S01,OND9_1,PTR9,outage,3.467
657,10:57,S02,OND7_9,PTR7,dc_fault,0.742
657,10:57,S03,OND8_6,PTR8,derating,1.040
657,10:57,S06,OND7_2,PTR7,drift,0.143
658,10:58,S01,OND9_1,PTR9,outage,3.467
658,10:58,S02,OND7_9,PTR7,dc_fault,0.743
658,10:58,S03,OND8_6,PTR8,derating,1.040
658,10:58,S06,OND7_2,PTR7,drift,0.143
659,10:59,S01,OND9_1,PTR9,outage,3.467
659,10:59,S02,OND7_9,PTR7,dc_fault,0.743
659,10:59,S03,OND8_6,PTR8,derating,1.040
659,10:59,S06,OND7_2,PTR7,drift,0.144
660,11:00,S01,OND9_1,PTR9,outage,3.467
660,11:00,S02,OND7_9,PTR7,dc_fault,0.739
660,11:00,S03,OND8_6,PTR8,derating,1.040
660,11:00,S06,OND7_2,PTR7,drift,0.144
661,11:01,S01,OND9_1,PTR9,outage,3.467
661,11:01,S02,OND7_9,PTR7,dc_fault,0.743
661,11:01,S03,OND8_6,PTR8,derating,1.040
661,11:01,S06,OND7_2,PTR7,drift,0.145
662,11:02,S01,OND9_1,PTR9,outage,3.467
662,11:02,S02,OND7_9,PTR7,dc_fault,0.740
662,11:02,S03,OND8_6,PTR8,derating,1.040
662,11:02,S06,OND7_2,PTR7,drift,0.145
663,11:03,S01,OND9_1,PTR9,outage,3.467
663,11:03,S02,OND7_9,PTR7,dc_fault,0.745
663,11:03,S03,OND8_6,PTR8,derating,1.040
663,11:03,S06,OND7_2,PTR7,drift,0.146
664,11:04,S01,OND9_1,PTR9,outage,3.467
664,11:04,S02,OND7_9,PTR7,dc_fault,0.746
664,11:04,S03,OND8_6,PTR8,derating,1.040
664,11:04,S06,OND7_2,PTR7,drift,0.146
665,11:05,S01,OND9_1,PTR9,outage,3.467
665,11:05,S02,OND7_9,PTR7,dc_fault,0.749
665,11:05,S03,OND8_6,PTR8,derating,1.040
665,11:05,S06,OND7_2,PTR7,drift,0.147
666,11:06,S01,OND9_1,PTR9,outage,3.467
666,11:06,S02,OND7_9,PTR7,dc_fault,0.747
666,11:06,S03,OND8_6,PTR8,derating,1.040
666,11:06,S06,OND7_2,PTR7,drift,0.147
667,11:07,S01,OND9_1,PTR9,outage,3.467
667,11:07,S02,OND7_9,PTR7,dc_fault,0.742
667,11:07,S03,OND8_6,PTR8,derating,1.040
667,11:07,S06,OND7_2,PTR7,drift,0.147
668,11:08,S01,OND9_1,PTR9,outage,3.467
668,11:08,S02,OND7_9,PTR7,dc_fault,0.747
668,11:08,S03,OND8_6,PTR8,derating,1.040
668,11:08,S06,OND7_2,PTR7,drift,0.149
669,11:09,S01,OND9_1,PTR9,outage,3.467
669,11:09,S02,OND7_9,PTR7,dc_fault,0.744
669,11:09,S03,OND8_6,PTR8,derating,1.040
669,11:09,S06,OND7_2,PTR7,drift,0.148
670,11:10,S01,OND9_1,PTR9,outage,3.467
670,11:10,S02,OND7_9,PTR7,dc_fault,0.748
670,11:10,S03,OND8_6,PTR8,derating,1.040
670,11:10,S06,OND7_2,PTR7,drift,0.151
671,11:11,S01,OND9_1,PTR9,outage,3.467
671,11:11,S02,OND7_9,PTR7,dc_fault,0.750
671,11:11,S03,OND8_6,PTR8,derating,1.040
671,11:11,S06,OND7_2,PTR7,drift,0.151
672,11:12,S01,OND9_1,PTR9,outage,3.467
672,11:12,S02,OND7_9,PTR7,dc_fault,0.749
672,11:12,S03,OND8_6,PTR8,derating,1.040
672,11:12,S06,OND7_2,PTR7,drift,0.151
673,11:13,S01,OND9_1,PTR9,outage,3.467
673,11:13,S02,OND7_9,PTR7,dc_fault,0.748
673,11:13,S03,OND8_6,PTR8,derating,1.040
673,11:13,S06,OND7_2,PTR7,drift,0.150
674,11:14,S01,OND9_1,PTR9,outage,3.467
674,11:14,S02,OND7_9,PTR7,dc_fault,0.750
674,11:14,S03,OND8_6,PTR8,derating,1.040
674,11:14,S06,OND7_2,PTR7,drift,0.152
675,11:15,S01,OND9_1,PTR9,outage,3.467
675,11:15,S02,OND7_9,PTR7,dc_fault,0.751
675,11:15,S03,OND8_6,PTR8,derating,1.040
675,11:15,S06,OND7_2,PTR7,drift,0.153
676,11:16,S01,OND9_1,PTR9,outage,3.467
676,11:16,S02,OND7_9,PTR7,dc_fault,0.746
676,11:16,S03,OND8_6,PTR8,derating,1.040
676,11:16,S06,OND7_2,PTR7,drift,0.154
677,11:17,S01,OND9_1,PTR9,outage,3.467
677,11:17,S02,OND7_9,PTR7,dc_fault,0.751
677,11:17,S03,OND8_6,PTR8,derating,1.040
677,11:17,S06,OND7_2,PTR7,drift,0.154
678,11:18,S01,OND9_1,PTR9,outage,3.467
678,11:18,S02,OND7_9,PTR7,dc_fault,0.753
678,11:18,S03,OND8_6,PTR8,derating,1.040
678,11:18,S06,OND7_2,PTR7,drift,0.156
679,11:19,S01,OND9_1,PTR9,outage,3.467
679,11:19,S02,OND7_9,PTR7,dc_fault,0.752
679,11:19,S03,OND8_6,PTR8,derating,1.040
679,11:19,S06,OND7_2,PTR7,drift,0.155
680,11:20,S01,OND9_1,PTR9,outage,3.467
680,11:20,S02,OND7_9,PTR7,dc_fault,0.752
680,11:20,S03,OND8_6,PTR8,derating,1.040
680,11:20,S06,OND7_2,PTR7,drift,0.156
681,11:21,S01,OND9_1,PTR9,outage,3.467
681,11:21,S02,OND7_9,PTR7,dc_fault,0.753
681,11:21,S03,OND8_6,PTR8,derating,1.040
681,11:21,S06,OND7_2,PTR7,drift,0.157
682,11:22,S01,OND9_1,PTR9,outage,3.467
682,11:22,S02,OND7_9,PTR7,dc_fault,0.751
682,11:22,S03,OND8_6,PTR8,derating,1.040
682,11:22,S06,OND7_2,PTR7,drift,0.156
683,11:23,S01,OND9_1,PTR9,outage,3.467
683,11:23,S02,OND7_9,PTR7,dc_fault,0.755
683,11:23,S03,OND8_6,PTR8,derating,1.040
683,11:23,S06,OND7_2,PTR7,drift,0.157
684,11:24,S01,OND9_1,PTR9,outage,3.467
684,11:24,S02,OND7_9,PTR7,dc_fault,0.762
684,11:24,S03,OND8_6,PTR8,derating,1.040
684,11:24,S06,OND7_2,PTR7,drift,0.159
685,11:25,S01,OND9_1,PTR9,outage,3.467
685,11:25,S02,OND7_9,PTR7,dc_fault,0.754
685,11:25,S03,OND8_6,PTR8,derating,1.040
685,11:25,S06,OND7_2,PTR7,drift,0.160
686,11:26,S01,OND9_1,PTR9,outage,3.467
686,11:26,S02,OND7_9,PTR7,dc_fault,0.756
686,11:26,S03,OND8_6,PTR8,derating,1.040
686,11:26,S06,OND7_2,PTR7,drift,0.160
687,11:27,S01,OND9_1,PTR9,outage,3.050
687,11:27,S02,OND7_9,PTR7,dc_fault,0.643
687,11:27,S03,OND8_6,PTR8,derating,0.608
687,11:27,S06,OND7_2,PTR7,drift,0.136
688,11:28,S01,OND9_1,PTR9,outage,2.514
688,11:28,S02,OND7_9,PTR7,dc_fault,0.534
688,11:28,S03,OND8_6,PTR8,derating,0.062
688,11:28,S06,OND7_2,PTR7,drift,0.113
689,11:29,S01,OND9_1,PTR9,outage,1.934
689,11:29,S02,OND7_9,PTR7,dc_fault,0.412
689,11:29,S06,OND7_2,PTR7,drift,0.087
690,11:30,S01,OND9_1,PTR9,outage,1.341
690,11:30,S02,OND7_9,PTR7,dc_fault,0.285
690,11:30,S06,OND7_2,PTR7,drift,0.061
691,11:31,S01,OND9_1,PTR9,outage,1.338
691,11:31,S02,OND7_9,PTR7,dc_fault,0.284
691,11:31,S06,OND7_2,PTR7,drift,0.060
692,11:32,S01,OND9_1,PTR9,outage,1.321
692,11:32,S02,OND7_9,PTR7,dc_fault,0.282
692,11:32,S06,OND7_2,PTR7,drift,0.061
693,11:33,S01,OND9_1,PTR9,outage,1.341
693,11:33,S02,OND7_9,PTR7,dc_fault,0.282
693,11:33,S06,OND7_2,PTR7,drift,0.061
694,11:34,S01,OND9_1,PTR9,outage,1.333
694,11:34,S02,OND7_9,PTR7,dc_fault,0.280
694,11:34,S06,OND7_2,PTR7,drift,0.061
695,11:35,S01,OND9_1,PTR9,outage,1.333
695,11:35,S02,OND7_9,PTR7,dc_fault,0.281
695,11:35,S06,OND7_2,PTR7,drift,0.061
696,11:36,S01,OND9_1,PTR9,outage,1.340
696,11:36,S02,OND7_9,PTR7,dc_fault,0.284
696,11:36,S06,OND7_2,PTR7,drift,0.061
697,11:37,S01,OND9_1,PTR9,outage,1.348
697,11:37,S02,OND7_9,PTR7,dc_fault,0.284
697,11:37,S06,OND7_2,PTR7,drift,0.062
698,11:38,S01,OND9_1,PTR9,outage,1.342
698,11:38,S02,OND7_9,PTR7,dc_fault,0.284
698,11:38,S06,OND7_2,PTR7,drift,0.062
699,11:39,S01,OND9_1,PTR9,outage,1.351
699,11:39,S02,OND7_9,PTR7,dc_fault,0.284
699,11:39,S06,OND7_2,PTR7,drift,0.063
700,11:40,S01,OND9_1,PTR9,outage,1.343
700,11:40,S02,OND7_9,PTR7,dc_fault,0.285
700,11:40,S06,OND7_2,PTR7,drift,0.063
701,11:41,S01,OND9_1,PTR9,outage,1.342
701,11:41,S02,OND7_9,PTR7,dc_fault,0.283
701,11:41,S06,OND7_2,PTR7,drift,0.063
702,11:42,S01,OND9_1,PTR9,outage,1.340
702,11:42,S02,OND7_9,PTR7,dc_fault,0.285
702,11:42,S06,OND7_2,PTR7,drift,0.063
703,11:43,S01,OND9_1,PTR9,outage,1.341
703,11:43,S02,OND7_9,PTR7,dc_fault,0.286
703,11:43,S06,OND7_2,PTR7,drift,0.063
704,11:44,S01,OND9_1,PTR9,outage,1.336
704,11:44,S02,OND7_9,PTR7,dc_fault,0.283
704,11:44,S06,OND7_2,PTR7,drift,0.063
705,11:45,S01,OND9_1,PTR9,outage,1.931
705,11:45,S02,OND7_9,PTR7,dc_fault,0.412
705,11:45,S06,OND7_2,PTR7,drift,0.091
706,11:46,S01,OND9_1,PTR9,outage,2.515
706,11:46,S02,OND7_9,PTR7,dc_fault,0.529
706,11:46,S03,OND8_6,PTR8,derating,0.049
706,11:46,S06,OND7_2,PTR7,drift,0.118
707,11:47,S01,OND9_1,PTR9,outage,3.054
707,11:47,S02,OND7_9,PTR7,dc_fault,0.645
707,11:47,S03,OND8_6,PTR8,derating,0.610
707,11:47,S06,OND7_2,PTR7,drift,0.145
708,11:48,S01,OND9_1,PTR9,outage,3.467
708,11:48,S02,OND7_9,PTR7,dc_fault,0.758
708,11:48,S03,OND8_6,PTR8,derating,1.040
708,11:48,S06,OND7_2,PTR7,drift,0.171
709,11:49,S01,OND9_1,PTR9,outage,3.467
709,11:49,S02,OND7_9,PTR7,dc_fault,0.756
709,11:49,S03,OND8_6,PTR8,derating,1.040
709,11:49,S06,OND7_2,PTR7,drift,0.171
710,11:50,S01,OND9_1,PTR9,outage,3.467
710,11:50,S02,OND7_9,PTR7,dc_fault,0.757
710,11:50,S03,OND8_6,PTR8,derating,1.040
710,11:50,S06,OND7_2,PTR7,drift,0.170
711,11:51,S01,OND9_1,PTR9,outage,3.467
711,11:51,S02,OND7_9,PTR7,dc_fault,0.763
711,11:51,S03,OND8_6,PTR8,derating,1.040
711,11:51,S06,OND7_2,PTR7,drift,0.172
712,11:52,S01,OND9_1,PTR9,outage,3.467
712,11:52,S02,OND7_9,PTR7,dc_fault,0.756
712,11:52,S03,OND8_6,PTR8,derating,1.040
712,11:52,S06,OND7_2,PTR7,drift,0.173
713,11:53,S01,OND9_1,PTR9,outage,3.467
713,11:53,S02,OND7_9,PTR7,dc_fault,0.759
713,11:53,S03,OND8_6,PTR8,derating,1.040
713,11:53,S06,OND7_2,PTR7,drift,0.173
714,11:54,S01,OND9_1,PTR9,outage,3.467
714,11:54,S02,OND7_9,PTR7,dc_fault,0.763
714,11:54,S03,OND8_6,PTR8,derating,1.040
714,11:54,S06,OND7_2,PTR7,drift,0.175
715,11:55,S01,OND9_1,PTR9,outage,3.467
715,11:55,S02,OND7_9,PTR7,dc_fault,0.760
715,11:55,S03,OND8_6,PTR8,derating,1.040
715,11:55,S06,OND7_2,PTR7,drift,0.176
716,11:56,S01,OND9_1,PTR9,outage,3.467
716,11:56,S02,OND7_9,PTR7,dc_fault,0.762
716,11:56,S03,OND8_6,PTR8,derating,1.040
716,11:56,S06,OND7_2,PTR7,drift,0.176
717,11:57,S01,OND9_1,PTR9,outage,3.467
717,11:57,S02,OND7_9,PTR7,dc_fault,0.759
717,11:57,S03,OND8_6,PTR8,derating,1.040
717,11:57,S06,OND7_2,PTR7,drift,0.176
718,11:58,S01,OND9_1,PTR9,outage,3.467
718,11:58,S02,OND7_9,PTR7,dc_fault,0.756
718,11:58,S03,OND8_6,PTR8,derating,1.040
718,11:58,S06,OND7_2,PTR7,drift,0.177
719,11:59,S01,OND9_1,PTR9,outage,3.467
719,11:59,S02,OND7_9,PTR7,dc_fault,0.754
719,11:59,S03,OND8_6,PTR8,derating,1.040
719,11:59,S06,OND7_2,PTR7,drift,0.176
720,12:00,S01,OND9_1,PTR9,outage,3.467
720,12:00,S02,OND7_9,PTR7,dc_fault,0.762
720,12:00,S03,OND8_6,PTR8,derating,1.040
720,12:00,S06,OND7_2,PTR7,drift,0.178
720,12:00,S08,OND6_1,PTR6,grid,0.451
720,12:00,S08,OND6_10,PTR6,grid,0.451
720,12:00,S08,OND6_11,PTR6,grid,0.451
720,12:00,S08,OND6_12,PTR6,grid,0.451
720,12:00,S08,OND6_13,PTR6,grid,0.451
720,12:00,S08,OND6_14,PTR6,grid,0.451
720,12:00,S08,OND6_15,PTR6,grid,0.449
720,12:00,S08,OND6_2,PTR6,grid,0.451
720,12:00,S08,OND6_3,PTR6,grid,0.451
720,12:00,S08,OND6_4,PTR6,grid,0.451
720,12:00,S08,OND6_5,PTR6,grid,0.451
720,12:00,S08,OND6_6,PTR6,grid,0.451
720,12:00,S08,OND6_7,PTR6,grid,0.451
720,12:00,S08,OND6_8,PTR6,grid,0.451
720,12:00,S08,OND6_9,PTR6,grid,0.451
720,12:00,S08,OND7_1,PTR7,grid,0.451
720,12:00,S08,OND7_10,PTR7,grid,0.451
720,12:00,S08,OND7_11,PTR7,grid,0.451
720,12:00,S08,OND7_12,PTR7,grid,0.451
720,12:00,S08,OND7_13,PTR7,grid,0.451
720,12:00,S08,OND7_14,PTR7,grid,0.451
720,12:00,S08,OND7_15,PTR7,grid,0.449
720,12:00,S08,OND7_2,PTR7,grid,0.398
720,12:00,S08,OND7_3,PTR7,grid,0.451
720,12:00,S08,OND7_4,PTR7,grid,0.451
720,12:00,S08,OND7_5,PTR7,grid,0.451
720,12:00,S08,OND7_6,PTR7,grid,0.451
720,12:00,S08,OND7_7,PTR7,grid,0.451
720,12:00,S08,OND7_8,PTR7,grid,0.451
721,12:01,S01,OND9_1,PTR9,outage,3.467
721,12:01,S02,OND7_9,PTR7,dc_fault,0.760
721,12:01,S03,OND8_6,PTR8,derating,1.040
721,12:01,S06,OND7_2,PTR7,drift,0.177
721,12:01,S08,OND6_1,PTR6,grid,0.451
721,12:01,S08,OND6_10,PTR6,grid,0.451
721,12:01,S08,OND6_11,PTR6,grid,0.451
721,12:01,S08,OND6_12,PTR6,grid,0.451
721,12:01,S08,OND6_13,PTR6,grid,0.451
721,12:01,S08,OND6_14,PTR6,grid,0.451
721,12:01,S08,OND6_15,PTR6,grid,0.449
721,12:01,S08,OND6_2,PTR6,grid,0.451
721,12:01,S08,OND6_3,PTR6,grid,0.451
721,12:01,S08,OND6_4,PTR6,grid,0.451
721,12:01,S08,OND6_5,PTR6,grid,0.451
721,12:01,S08,OND6_6,PTR6,grid,0.451
721,12:01,S08,OND6_7,PTR6,grid,0.451
721,12:01,S08,OND6_8,PTR6,grid,0.451
721,12:01,S08,OND6_9,PTR6,grid,0.451
721,12:01,S08,OND7_1,PTR7,grid,0.451
721,12:01,S08,OND7_10,PTR7,grid,0.451
721,12:01,S08,OND7_11,PTR7,grid,0.451
721,12:01,S08,OND7_12,PTR7,grid,0.451
721,12:01,S08,OND7_13,PTR7,grid,0.451
721,12:01,S08,OND7_14,PTR7,grid,0.451
721,12:01,S08,OND7_15,PTR7,grid,0.449
721,12:01,S08,OND7_2,PTR7,grid,0.385
721,12:01,S08,OND7_3,PTR7,grid,0.451
721,12:01,S08,OND7_4,PTR7,grid,0.451
721,12:01,S08,OND7_5,PTR7,grid,0.451
721,12:01,S08,OND7_6,PTR7,grid,0.451
721,12:01,S08,OND7_7,PTR7,grid,0.451
721,12:01,S08,OND7_8,PTR7,grid,0.451
722,12:02,S01,OND9_1,PTR9,outage,3.467
722,12:02,S02,OND7_9,PTR7,dc_fault,0.757
722,12:02,S03,OND8_6,PTR8,derating,1.040
722,12:02,S06,OND7_2,PTR7,drift,0.177
722,12:02,S08,OND6_1,PTR6,grid,0.451
722,12:02,S08,OND6_10,PTR6,grid,0.451
722,12:02,S08,OND6_11,PTR6,grid,0.451
722,12:02,S08,OND6_12,PTR6,grid,0.451
722,12:02,S08,OND6_13,PTR6,grid,0.451
722,12:02,S08,OND6_14,PTR6,grid,0.451
722,12:02,S08,OND6_15,PTR6,grid,0.449
722,12:02,S08,OND6_2,PTR6,grid,0.451
722,12:02,S08,OND6_3,PTR6,grid,0.451
722,12:02,S08,OND6_4,PTR6,grid,0.451
722,12:02,S08,OND6_5,PTR6,grid,0.451
722,12:02,S08,OND6_6,PTR6,grid,0.451
722,12:02,S08,OND6_7,PTR6,grid,0.451
722,12:02,S08,OND6_8,PTR6,grid,0.451
722,12:02,S08,OND6_9,PTR6,grid,0.451
722,12:02,S08,OND7_1,PTR7,grid,0.451
722,12:02,S08,OND7_10,PTR7,grid,0.451
722,12:02,S08,OND7_11,PTR7,grid,0.451
722,12:02,S08,OND7_12,PTR7,grid,0.451
722,12:02,S08,OND7_13,PTR7,grid,0.451
722,12:02,S08,OND7_14,PTR7,grid,0.451
722,12:02,S08,OND7_15,PTR7,grid,0.449
722,12:02,S08,OND7_2,PTR7,grid,0.368
722,12:02,S08,OND7_3,PTR7,grid,0.451
722,12:02,S08,OND7_4,PTR7,grid,0.451
722,12:02,S08,OND7_5,PTR7,grid,0.451
722,12:02,S08,OND7_6,PTR7,grid,0.451
722,12:02,S08,OND7_7,PTR7,grid,0.451
722,12:02,S08,OND7_8,PTR7,grid,0.451
723,12:03,S01,OND9_1,PTR9,outage,3.467
723,12:03,S02,OND7_9,PTR7,dc_fault,0.758
723,12:03,S03,OND8_6,PTR8,derating,1.040
723,12:03,S06,OND7_2,PTR7,drift,0.178
723,12:03,S08,OND6_1,PTR6,grid,0.451
723,12:03,S08,OND6_10,PTR6,grid,0.451
723,12:03,S08,OND6_11,PTR6,grid,0.451
723,12:03,S08,OND6_12,PTR6,grid,0.451
723,12:03,S08,OND6_13,PTR6,grid,0.451
723,12:03,S08,OND6_14,PTR6,grid,0.451
723,12:03,S08,OND6_15,PTR6,grid,0.449
723,12:03,S08,OND6_2,PTR6,grid,0.451
723,12:03,S08,OND6_3,PTR6,grid,0.451
723,12:03,S08,OND6_4,PTR6,grid,0.451
723,12:03,S08,OND6_5,PTR6,grid,0.451
723,12:03,S08,OND6_6,PTR6,grid,0.451
723,12:03,S08,OND6_7,PTR6,grid,0.451
723,12:03,S08,OND6_8,PTR6,grid,0.451
723,12:03,S08,OND6_9,PTR6,grid,0.451
723,12:03,S08,OND7_1,PTR7,grid,0.451
723,12:03,S08,OND7_10,PTR7,grid,0.451
723,12:03,S08,OND7_11,PTR7,grid,0.451
723,12:03,S08,OND7_12,PTR7,grid,0.451
723,12:03,S08,OND7_13,PTR7,grid,0.451
723,12:03,S08,OND7_14,PTR7,grid,0.451
723,12:03,S08,OND7_15,PTR7,grid,0.449
723,12:03,S08,OND7_2,PTR7,grid,0.377
723,12:03,S08,OND7_3,PTR7,grid,0.451
723,12:03,S08,OND7_4,PTR7,grid,0.451
723,12:03,S08,OND7_5,PTR7,grid,0.451
723,12:03,S08,OND7_6,PTR7,grid,0.451
723,12:03,S08,OND7_7,PTR7,grid,0.451
723,12:03,S08,OND7_8,PTR7,grid,0.451
724,12:04,S01,OND9_1,PTR9,outage,3.467
724,12:04,S02,OND7_9,PTR7,dc_fault,0.760
724,12:04,S03,OND8_6,PTR8,derating,1.040
724,12:04,S06,OND7_2,PTR7,drift,0.179
724,12:04,S08,OND6_1,PTR6,grid,0.451
724,12:04,S08,OND6_10,PTR6,grid,0.451
724,12:04,S08,OND6_11,PTR6,grid,0.451
724,12:04,S08,OND6_12,PTR6,grid,0.451
724,12:04,S08,OND6_13,PTR6,grid,0.451
724,12:04,S08,OND6_14,PTR6,grid,0.451
724,12:04,S08,OND6_15,PTR6,grid,0.449
724,12:04,S08,OND6_2,PTR6,grid,0.451
724,12:04,S08,OND6_3,PTR6,grid,0.451
724,12:04,S08,OND6_4,PTR6,grid,0.451
724,12:04,S08,OND6_5,PTR6,grid,0.451
724,12:04,S08,OND6_6,PTR6,grid,0.451
724,12:04,S08,OND6_7,PTR6,grid,0.451
724,12:04,S08,OND6_8,PTR6,grid,0.451
724,12:04,S08,OND6_9,PTR6,grid,0.451
724,12:04,S08,OND7_1,PTR7,grid,0.451
724,12:04,S08,OND7_10,PTR7,grid,0.451
724,12:04,S08,OND7_11,PTR7,grid,0.451
724,12:04,S08,OND7_12,PTR7,grid,0.451
724,12:04,S08,OND7_13,PTR7,grid,0.451
724,12:04,S08,OND7_14,PTR7,grid,0.451
724,12:04,S08,OND7_15,PTR7,grid,0.449
724,12:04,S08,OND7_2,PTR7,grid,0.384
724,12:04,S08,OND7_3,PTR7,grid,0.451
724,12:04,S08,OND7_4,PTR7,grid,0.451
724,12:04,S08,OND7_5,PTR7,grid,0.451
724,12:04,S08,OND7_6,PTR7,grid,0.451
724,12:04,S08,OND7_7,PTR7,grid,0.451
724,12:04,S08,OND7_8,PTR7,grid,0.451
725,12:05,S02,OND7_9,PTR7,dc_fault,0.758
725,12:05,S03,OND8_6,PTR8,derating,1.040
725,12:05,S06,OND7_2,PTR7,drift,0.177
725,12:05,S08,OND6_1,PTR6,grid,0.451
725,12:05,S08,OND6_10,PTR6,grid,0.451
725,12:05,S08,OND6_11,PTR6,grid,0.451
725,12:05,S08,OND6_12,PTR6,grid,0.451
725,12:05,S08,OND6_13,PTR6,grid,0.451
725,12:05,S08,OND6_14,PTR6,grid,0.451
725,12:05,S08,OND6_15,PTR6,grid,0.449
725,12:05,S08,OND6_2,PTR6,grid,0.451
725,12:05,S08,OND6_3,PTR6,grid,0.451
725,12:05,S08,OND6_4,PTR6,grid,0.451
725,12:05,S08,OND6_5,PTR6,grid,0.451
725,12:05,S08,OND6_6,PTR6,grid,0.451
725,12:05,S08,OND6_7,PTR6,grid,0.451
725,12:05,S08,OND6_8,PTR6,grid,0.451
725,12:05,S08,OND6_9,PTR6,grid,0.451
725,12:05,S08,OND7_1,PTR7,grid,0.451
725,12:05,S08,OND7_10,PTR7,grid,0.451
725,12:05,S08,OND7_11,PTR7,grid,0.451
725,12:05,S08,OND7_12,PTR7,grid,0.451
725,12:05,S08,OND7_13,PTR7,grid,0.451
725,12:05,S08,OND7_14,PTR7,grid,0.451
725,12:05,S08,OND7_15,PTR7,grid,0.449
725,12:05,S08,OND7_2,PTR7,grid,0.344
725,12:05,S08,OND7_3,PTR7,grid,0.451
725,12:05,S08,OND7_4,PTR7,grid,0.451
725,12:05,S08,OND7_5,PTR7,grid,0.451
725,12:05,S08,OND7_6,PTR7,grid,0.451
725,12:05,S08,OND7_7,PTR7,grid,0.451
725,12:05,S08,OND7_8,PTR7,grid,0.451
726,12:06,S02,OND7_9,PTR7,dc_fault,0.748
726,12:06,S03,OND8_6,PTR8,derating,1.040
726,12:06,S06,OND7_2,PTR7,drift,0.178
726,12:06,S08,OND6_1,PTR6,grid,0.451
726,12:06,S08,OND6_10,PTR6,grid,0.451
726,12:06,S08,OND6_11,PTR6,grid,0.451
726,12:06,S08,OND6_12,PTR6,grid,0.451
726,12:06,S08,OND6_13,PTR6,grid,0.451
726,12:06,S08,OND6_14,PTR6,grid,0.451
726,12:06,S08,OND6_15,PTR6,grid,0.449
726,12:06,S08,OND6_2,PTR6,grid,0.451
726,12:06,S08,OND6_3,PTR6,grid,0.451
726,12:06,S08,OND6_4,PTR6,grid,0.451
726,12:06,S08,OND6_5,PTR6,grid,0.451
726,12:06,S08,OND6_6,PTR6,grid,0.451
726,12:06,S08,OND6_7,PTR6,grid,0.451
726,12:06,S08,OND6_8,PTR6,grid,0.451
726,12:06,S08,OND6_9,PTR6,grid,0.451
726,12:06,S08,OND7_1,PTR7,grid,0.451
726,12:06,S08,OND7_10,PTR7,grid,0.451
726,12:06,S08,OND7_11,PTR7,grid,0.451
726,12:06,S08,OND7_12,PTR7,grid,0.451
726,12:06,S08,OND7_13,PTR7,grid,0.451
726,12:06,S08,OND7_14,PTR7,grid,0.451
726,12:06,S08,OND7_15,PTR7,grid,0.449
726,12:06,S08,OND7_2,PTR7,grid,0.335
726,12:06,S08,OND7_3,PTR7,grid,0.451
726,12:06,S08,OND7_4,PTR7,grid,0.451
726,12:06,S08,OND7_5,PTR7,grid,0.451
726,12:06,S08,OND7_6,PTR7,grid,0.451
726,12:06,S08,OND7_7,PTR7,grid,0.451
726,12:06,S08,OND7_8,PTR7,grid,0.451
727,12:07,S02,OND7_9,PTR7,dc_fault,0.753
727,12:07,S03,OND8_6,PTR8,derating,1.040
727,12:07,S06,OND7_2,PTR7,drift,0.179
727,12:07,S08,OND6_1,PTR6,grid,0.451
727,12:07,S08,OND6_10,PTR6,grid,0.451
727,12:07,S08,OND6_11,PTR6,grid,0.451
727,12:07,S08,OND6_12,PTR6,grid,0.451
727,12:07,S08,OND6_13,PTR6,grid,0.451
727,12:07,S08,OND6_14,PTR6,grid,0.451
727,12:07,S08,OND6_15,PTR6,grid,0.449
727,12:07,S08,OND6_2,PTR6,grid,0.451
727,12:07,S08,OND6_3,PTR6,grid,0.451
727,12:07,S08,OND6_4,PTR6,grid,0.451
727,12:07,S08,OND6_5,PTR6,grid,0.451
727,12:07,S08,OND6_6,PTR6,grid,0.451
727,12:07,S08,OND6_7,PTR6,grid,0.451
727,12:07,S08,OND6_8,PTR6,grid,0.451
727,12:07,S08,OND6_9,PTR6,grid,0.451
727,12:07,S08,OND7_1,PTR7,grid,0.451
727,12:07,S08,OND7_10,PTR7,grid,0.451
727,12:07,S08,OND7_11,PTR7,grid,0.451
727,12:07,S08,OND7_12,PTR7,grid,0.451
727,12:07,S08,OND7_13,PTR7,grid,0.451
727,12:07,S08,OND7_14,PTR7,grid,0.451
727,12:07,S08,OND7_15,PTR7,grid,0.449
727,12:07,S08,OND7_2,PTR7,grid,0.359
727,12:07,S08,OND7_3,PTR7,grid,0.451
727,12:07,S08,OND7_4,PTR7,grid,0.451
727,12:07,S08,OND7_5,PTR7,grid,0.451
727,12:07,S08,OND7_6,PTR7,grid,0.451
727,12:07,S08,OND7_7,PTR7,grid,0.451
727,12:07,S08,OND7_8,PTR7,grid,0.451
728,12:08,S02,OND7_9,PTR7,dc_fault,0.750
728,12:08,S03,OND8_6,PTR8,derating,1.040
728,12:08,S06,OND7_2,PTR7,drift,0.178
728,12:08,S08,OND6_1,PTR6,grid,0.451
728,12:08,S08,OND6_10,PTR6,grid,0.451
728,12:08,S08,OND6_11,PTR6,grid,0.451
728,12:08,S08,OND6_12,PTR6,grid,0.451
728,12:08,S08,OND6_13,PTR6,grid,0.451
728,12:08,S08,OND6_14,PTR6,grid,0.451
728,12:08,S08,OND6_15,PTR6,grid,0.449
728,12:08,S08,OND6_2,PTR6,grid,0.451
728,12:08,S08,OND6_3,PTR6,grid,0.451
728,12:08,S08,OND6_4,PTR6,grid,0.451
728,12:08,S08,OND6_5,PTR6,grid,0.451
728,12:08,S08,OND6_6,PTR6,grid,0.451
728,12:08,S08,OND6_7,PTR6,grid,0.451
728,12:08,S08,OND6_8,PTR6,grid,0.451
728,12:08,S08,OND6_9,PTR6,grid,0.451
728,12:08,S08,OND7_1,PTR7,grid,0.451
728,12:08,S08,OND7_10,PTR7,grid,0.451
728,12:08,S08,OND7_11,PTR7,grid,0.451
728,12:08,S08,OND7_12,PTR7,grid,0.451
728,12:08,S08,OND7_13,PTR7,grid,0.451
728,12:08,S08,OND7_14,PTR7,grid,0.451
728,12:08,S08,OND7_15,PTR7,grid,0.449
728,12:08,S08,OND7_2,PTR7,grid,0.336
728,12:08,S08,OND7_3,PTR7,grid,0.451
728,12:08,S08,OND7_4,PTR7,grid,0.451
728,12:08,S08,OND7_5,PTR7,grid,0.451
728,12:08,S08,OND7_6,PTR7,grid,0.451
728,12:08,S08,OND7_7,PTR7,grid,0.451
728,12:08,S08,OND7_8,PTR7,grid,0.451
729,12:09,S02,OND7_9,PTR7,dc_fault,0.748
729,12:09,S03,OND8_6,PTR8,derating,1.040
729,12:09,S06,OND7_2,PTR7,drift,0.178
729,12:09,S08,OND6_1,PTR6,grid,0.451
729,12:09,S08,OND6_10,PTR6,grid,0.451
729,12:09,S08,OND6_11,PTR6,grid,0.451
729,12:09,S08,OND6_12,PTR6,grid,0.451
729,12:09,S08,OND6_13,PTR6,grid,0.451
729,12:09,S08,OND6_14,PTR6,grid,0.451
729,12:09,S08,OND6_15,PTR6,grid,0.449
729,12:09,S08,OND6_2,PTR6,grid,0.451
729,12:09,S08,OND6_3,PTR6,grid,0.451
729,12:09,S08,OND6_4,PTR6,grid,0.451
729,12:09,S08,OND6_5,PTR6,grid,0.451
729,12:09,S08,OND6_6,PTR6,grid,0.451
729,12:09,S08,OND6_7,PTR6,grid,0.451
729,12:09,S08,OND6_8,PTR6,grid,0.451
729,12:09,S08,OND6_9,PTR6,grid,0.451
729,12:09,S08,OND7_1,PTR7,grid,0.451
729,12:09,S08,OND7_10,PTR7,grid,0.451
729,12:09,S08,OND7_11,PTR7,grid,0.451
729,12:09,S08,OND7_12,PTR7,grid,0.451
729,12:09,S08,OND7_13,PTR7,grid,0.451
729,12:09,S08,OND7_14,PTR7,grid,0.447
729,12:09,S08,OND7_15,PTR7,grid,0.449
729,12:09,S08,OND7_2,PTR7,grid,0.331
729,12:09,S08,OND7_3,PTR7,grid,0.451
729,12:09,S08,OND7_4,PTR7,grid,0.451
729,12:09,S08,OND7_5,PTR7,grid,0.451
729,12:09,S08,OND7_6,PTR7,grid,0.451
729,12:09,S08,OND7_7,PTR7,grid,0.451
729,12:09,S08,OND7_8,PTR7,grid,0.451
730,12:10,S02,OND7_9,PTR7,dc_fault,0.752
730,12:10,S03,OND8_6,PTR8,derating,1.040
730,12:10,S06,OND7_2,PTR7,drift,0.179
730,12:10,S08,OND6_1,PTR6,grid,0.451
730,12:10,S08,OND6_10,PTR6,grid,0.451
730,12:10,S08,OND6_11,PTR6,grid,0.451
730,12:10,S08,OND6_12,PTR6,grid,0.451
730,12:10,S08,OND6_13,PTR6,grid,0.451
730,12:10,S08,OND6_14,PTR6,grid,0.451
730,12:10,S08,OND6_15,PTR6,grid,0.449
730,12:10,S08,OND6_2,PTR6,grid,0.451
730,12:10,S08,OND6_3,PTR6,grid,0.451
730,12:10,S08,OND6_4,PTR6,grid,0.451
730,12:10,S08,OND6_5,PTR6,grid,0.451
730,12:10,S08,OND6_6,PTR6,grid,0.451
730,12:10,S08,OND6_7,PTR6,grid,0.451
730,12:10,S08,OND6_8,PTR6,grid,0.451
730,12:10,S08,OND6_9,PTR6,grid,0.451
730,12:10,S08,OND7_1,PTR7,grid,0.451
730,12:10,S08,OND7_10,PTR7,grid,0.451
730,12:10,S08,OND7_11,PTR7,grid,0.451
730,12:10,S08,OND7_12,PTR7,grid,0.451
730,12:10,S08,OND7_13,PTR7,grid,0.451
730,12:10,S08,OND7_14,PTR7,grid,0.448
730,12:10,S08,OND7_15,PTR7,grid,0.449
730,12:10,S08,OND7_2,PTR7,grid,0.330
730,12:10,S08,OND7_3,PTR7,grid,0.451
730,12:10,S08,OND7_4,PTR7,grid,0.451
730,12:10,S08,OND7_5,PTR7,grid,0.451
730,12:10,S08,OND7_6,PTR7,grid,0.451
730,12:10,S08,OND7_7,PTR7,grid,0.451
730,12:10,S08,OND7_8,PTR7,grid,0.451
731,12:11,S02,OND7_9,PTR7,dc_fault,0.756
731,12:11,S03,OND8_6,PTR8,derating,1.040
731,12:11,S06,OND7_2,PTR7,drift,0.182
731,12:11,S08,OND6_1,PTR6,grid,0.451
731,12:11,S08,OND6_10,PTR6,grid,0.451
731,12:11,S08,OND6_11,PTR6,grid,0.451
731,12:11,S08,OND6_12,PTR6,grid,0.451
731,12:11,S08,OND6_13,PTR6,grid,0.451
731,12:11,S08,OND6_14,PTR6,grid,0.451
731,12:11,S08,OND6_15,PTR6,grid,0.449
731,12:11,S08,OND6_2,PTR6,grid,0.451
731,12:11,S08,OND6_3,PTR6,grid,0.451
731,12:11,S08,OND6_4,PTR6,grid,0.451
731,12:11,S08,OND6_5,PTR6,grid,0.451
731,12:11,S08,OND6_6,PTR6,grid,0.451
731,12:11,S08,OND6_7,PTR6,grid,0.451
731,12:11,S08,OND6_8,PTR6,grid,0.451
731,12:11,S08,OND6_9,PTR6,grid,0.451
731,12:11,S08,OND7_1,PTR7,grid,0.451
731,12:11,S08,OND7_10,PTR7,grid,0.451
731,12:11,S08,OND7_11,PTR7,grid,0.451
731,12:11,S08,OND7_12,PTR7,grid,0.451
731,12:11,S08,OND7_13,PTR7,grid,0.451
731,12:11,S08,OND7_14,PTR7,grid,0.451
731,12:11,S08,OND7_15,PTR7,grid,0.449
731,12:11,S08,OND7_2,PTR7,grid,0.365
731,12:11,S08,OND7_3,PTR7,grid,0.451
731,12:11,S08,OND7_4,PTR7,grid,0.451
731,12:11,S08,OND7_5,PTR7,grid,0.451
731,12:11,S08,OND7_6,PTR7,grid,0.451
731,12:11,S08,OND7_7,PTR7,grid,0.451
731,12:11,S08,OND7_8,PTR7,grid,0.451
732,12:12,S02,OND7_9,PTR7,dc_fault,0.751
732,12:12,S03,OND8_6,PTR8,derating,1.040
732,12:12,S06,OND7_2,PTR7,drift,0.180
732,12:12,S08,OND6_1,PTR6,grid,0.451
732,12:12,S08,OND6_10,PTR6,grid,0.451
732,12:12,S08,OND6_11,PTR6,grid,0.451
732,12:12,S08,OND6_12,PTR6,grid,0.451
732,12:12,S08,OND6_13,PTR6,grid,0.451
732,12:12,S08,OND6_14,PTR6,grid,0.451
732,12:12,S08,OND6_15,PTR6,grid,0.449
732,12:12,S08,OND6_2,PTR6,grid,0.451
732,12:12,S08,OND6_3,PTR6,grid,0.451
732,12:12,S08,OND6_4,PTR6,grid,0.451
732,12:12,S08,OND6_5,PTR6,grid,0.451
732,12:12,S08,OND6_6,PTR6,grid,0.451
732,12:12,S08,OND6_7,PTR6,grid,0.451
732,12:12,S08,OND6_8,PTR6,grid,0.451
732,12:12,S08,OND6_9,PTR6,grid,0.451
732,12:12,S08,OND7_1,PTR7,grid,0.451
732,12:12,S08,OND7_10,PTR7,grid,0.451
732,12:12,S08,OND7_11,PTR7,grid,0.451
732,12:12,S08,OND7_12,PTR7,grid,0.451
732,12:12,S08,OND7_13,PTR7,grid,0.451
732,12:12,S08,OND7_14,PTR7,grid,0.451
732,12:12,S08,OND7_15,PTR7,grid,0.449
732,12:12,S08,OND7_2,PTR7,grid,0.323
732,12:12,S08,OND7_3,PTR7,grid,0.451
732,12:12,S08,OND7_4,PTR7,grid,0.451
732,12:12,S08,OND7_5,PTR7,grid,0.451
732,12:12,S08,OND7_6,PTR7,grid,0.451
732,12:12,S08,OND7_7,PTR7,grid,0.451
732,12:12,S08,OND7_8,PTR7,grid,0.451
733,12:13,S02,OND7_9,PTR7,dc_fault,0.751
733,12:13,S03,OND8_6,PTR8,derating,1.040
733,12:13,S06,OND7_2,PTR7,drift,0.181
733,12:13,S08,OND6_1,PTR6,grid,0.451
733,12:13,S08,OND6_10,PTR6,grid,0.451
733,12:13,S08,OND6_11,PTR6,grid,0.451
733,12:13,S08,OND6_12,PTR6,grid,0.451
733,12:13,S08,OND6_13,PTR6,grid,0.451
733,12:13,S08,OND6_14,PTR6,grid,0.451
733,12:13,S08,OND6_15,PTR6,grid,0.449
733,12:13,S08,OND6_2,PTR6,grid,0.451
733,12:13,S08,OND6_3,PTR6,grid,0.451
733,12:13,S08,OND6_4,PTR6,grid,0.451
733,12:13,S08,OND6_5,PTR6,grid,0.451
733,12:13,S08,OND6_6,PTR6,grid,0.451
733,12:13,S08,OND6_7,PTR6,grid,0.451
733,12:13,S08,OND6_8,PTR6,grid,0.451
733,12:13,S08,OND6_9,PTR6,grid,0.451
733,12:13,S08,OND7_1,PTR7,grid,0.448
733,12:13,S08,OND7_10,PTR7,grid,0.451
733,12:13,S08,OND7_11,PTR7,grid,0.451
733,12:13,S08,OND7_12,PTR7,grid,0.451
733,12:13,S08,OND7_13,PTR7,grid,0.451
733,12:13,S08,OND7_14,PTR7,grid,0.451
733,12:13,S08,OND7_15,PTR7,grid,0.449
733,12:13,S08,OND7_2,PTR7,grid,0.341
733,12:13,S08,OND7_3,PTR7,grid,0.451
733,12:13,S08,OND7_4,PTR7,grid,0.451
733,12:13,S08,OND7_5,PTR7,grid,0.451
733,12:13,S08,OND7_6,PTR7,grid,0.451
733,12:13,S08,OND7_7,PTR7,grid,0.451
733,12:13,S08,OND7_8,PTR7,grid,0.451
734,12:14,S02,OND7_9,PTR7,dc_fault,0.742
734,12:14,S03,OND8_6,PTR8,derating,1.040
734,12:14,S06,OND7_2,PTR7,drift,0.179
734,12:14,S08,OND6_1,PTR6,grid,0.451
734,12:14,S08,OND6_10,PTR6,grid,0.451
734,12:14,S08,OND6_11,PTR6,grid,0.451
734,12:14,S08,OND6_12,PTR6,grid,0.451
734,12:14,S08,OND6_13,PTR6,grid,0.451
734,12:14,S08,OND6_14,PTR6,grid,0.451
734,12:14,S08,OND6_15,PTR6,grid,0.449
734,12:14,S08,OND6_2,PTR6,grid,0.451
734,12:14,S08,OND6_3,PTR6,grid,0.451
734,12:14,S08,OND6_4,PTR6,grid,0.451
734,12:14,S08,OND6_5,PTR6,grid,0.451
734,12:14,S08,OND6_6,PTR6,grid,0.451
734,12:14,S08,OND6_7,PTR6,grid,0.451
734,12:14,S08,OND6_8,PTR6,grid,0.451
734,12:14,S08,OND6_9,PTR6,grid,0.449
734,12:14,S08,OND7_1,PTR7,grid,0.432
734,12:14,S08,OND7_10,PTR7,grid,0.451
734,12:14,S08,OND7_11,PTR7,grid,0.451
734,12:14,S08,OND7_12,PTR7,grid,0.451
734,12:14,S08,OND7_13,PTR7,grid,0.451
734,12:14,S08,OND7_14,PTR7,grid,0.451
734,12:14,S08,OND7_15,PTR7,grid,0.449
734,12:14,S08,OND7_2,PTR7,grid,0.301
734,12:14,S08,OND7_3,PTR7,grid,0.451
734,12:14,S08,OND7_4,PTR7,grid,0.449
734,12:14,S08,OND7_5,PTR7,grid,0.451
734,12:14,S08,OND7_6,PTR7,grid,0.451
734,12:14,S08,OND7_7,PTR7,grid,0.451
734,12:14,S08,OND7_8,PTR7,grid,0.451
735,12:15,S02,OND7_9,PTR7,dc_fault,0.747
735,12:15,S03,OND8_6,PTR8,derating,1.040
735,12:15,S06,OND7_2,PTR7,drift,0.182
735,12:15,S08,OND6_1,PTR6,grid,0.451
735,12:15,S08,OND6_10,PTR6,grid,0.451
735,12:15,S08,OND6_11,PTR6,grid,0.451
735,12:15,S08,OND6_12,PTR6,grid,0.451
735,12:15,S08,OND6_13,PTR6,grid,0.451
735,12:15,S08,OND6_14,PTR6,grid,0.451
735,12:15,S08,OND6_15,PTR6,grid,0.449
735,12:15,S08,OND6_2,PTR6,grid,0.451
735,12:15,S08,OND6_3,PTR6,grid,0.451
735,12:15,S08,OND6_4,PTR6,grid,0.451
735,12:15,S08,OND6_5,PTR6,grid,0.451
735,12:15,S08,OND6_6,PTR6,grid,0.451
735,12:15,S08,OND6_7,PTR6,grid,0.451
735,12:15,S08,OND6_8,PTR6,grid,0.430
735,12:15,S08,OND6_9,PTR6,grid,0.432
735,12:15,S08,OND7_1,PTR7,grid,0.431
735,12:15,S08,OND7_10,PTR7,grid,0.451
735,12:15,S08,OND7_11,PTR7,grid,0.451
735,12:15,S08,OND7_12,PTR7,grid,0.450
735,12:15,S08,OND7_13,PTR7,grid,0.451
735,12:15,S08,OND7_14,PTR7,grid,0.445
735,12:15,S08,OND7_15,PTR7,grid,0.449
735,12:15,S08,OND7_2,PTR7,grid,0.321
735,12:15,S08,OND7_3,PTR7,grid,0.451
735,12:15,S08,OND7_4,PTR7,grid,0.435
735,12:15,S08,OND7_5,PTR7,grid,0.451
735,12:15,S08,OND7_6,PTR7,grid,0.451
735,12:15,S08,OND7_7,PTR7,grid,0.451
735,12:15,S08,OND7_8,PTR7,grid,0.438
736,12:16,S02,OND7_9,PTR7,dc_fault,0.747
736,12:16,S03,OND8_6,PTR8,derating,1.040
736,12:16,S06,OND7_2,PTR7,drift,0.181
736,12:16,S08,OND6_1,PTR6,grid,0.451
736,12:16,S08,OND6_10,PTR6,grid,0.451
736,12:16,S08,OND6_11,PTR6,grid,0.431
736,12:16,S08,OND6_12,PTR6,grid,0.443
736,12:16,S08,OND6_13,PTR6,grid,0.451
736,12:16,S08,OND6_14,PTR6,grid,0.444
736,12:16,S08,OND6_15,PTR6,grid,0.449
736,12:16,S08,OND6_2,PTR6,grid,0.451
736,12:16,S08,OND6_3,PTR6,grid,0.451
736,12:16,S08,OND6_4,PTR6,grid,0.451
736,12:16,S08,OND6_5,PTR6,grid,0.451
736,12:16,S08,OND6_6,PTR6,grid,0.451
736,12:16,S08,OND6_7,PTR6,grid,0.432
736,12:16,S08,OND6_8,PTR6,grid,0.427
736,12:16,S08,OND6_9,PTR6,grid,0.437
736,12:16,S08,OND7_1,PTR7,grid,0.429
736,12:16,S08,OND7_10,PTR7,grid,0.451
736,12:16,S08,OND7_11,PTR7,grid,0.451
736,12:16,S08,OND7_12,PTR7,grid,0.443
736,12:16,S08,OND7_13,PTR7,grid,0.451
736,12:16,S08,OND7_14,PTR7,grid,0.435
736,12:16,S08,OND7_15,PTR7,grid,0.449
736,12:16,S08,OND7_2,PTR7,grid,0.296
736,12:16,S08,OND7_3,PTR7,grid,0.451
736,12:16,S08,OND7_4,PTR7,grid,0.447
736,12:16,S08,OND7_5,PTR7,grid,0.451
736,12:16,S08,OND7_6,PTR7,grid,0.451
736,12:16,S08,OND7_7,PTR7,grid,0.451
736,12:16,S08,OND7_8,PTR7,grid,0.423
737,12:17,S02,OND7_9,PTR7,dc_fault,0.743
737,12:17,S03,OND8_6,PTR8,derating,1.040
737,12:17,S06,OND7_2,PTR7,drift,0.181
737,12:17,S08,OND6_1,PTR6,grid,0.445
737,12:17,S08,OND6_10,PTR6,grid,0.451
737,12:17,S08,OND6_11,PTR6,grid,0.430
737,12:17,S08,OND6_12,PTR6,grid,0.429
737,12:17,S08,OND6_13,PTR6,grid,0.451
737,12:17,S08,OND6_14,PTR6,grid,0.431
737,12:17,S08,OND6_15,PTR6,grid,0.449
737,12:17,S08,OND6_2,PTR6,grid,0.451
737,12:17,S08,OND6_3,PTR6,grid,0.451
737,12:17,S08,OND6_4,PTR6,grid,0.451
737,12:17,S08,OND6_5,PTR6,grid,0.451
737,12:17,S08,OND6_6,PTR6,grid,0.444
737,12:17,S08,OND6_7,PTR6,grid,0.449
737,12:17,S08,OND6_8,PTR6,grid,0.425
737,12:17,S08,OND6_9,PTR6,grid,0.425
737,12:17,S08,OND7_1,PTR7,grid,0.433
737,12:17,S08,OND7_10,PTR7,grid,0.451
737,12:17,S08,OND7_11,PTR7,grid,0.434
737,12:17,S08,OND7_12,PTR7,grid,0.432
737,12:17,S08,OND7_13,PTR7,grid,0.451
737,12:17,S08,OND7_14,PTR7,grid,0.420
737,12:17,S08,OND7_15,PTR7,grid,0.449
737,12:17,S08,OND7_2,PTR7,grid,0.306
737,12:17,S08,OND7_3,PTR7,grid,0.451
737,12:17,S08,OND7_4,PTR7,grid,0.428
737,12:17,S08,OND7_5,PTR7,grid,0.451
737,12:17,S08,OND7_6,PTR7,grid,0.451
737,12:17,S08,OND7_7,PTR7,grid,0.451
737,12:17,S08,OND7_8,PTR7,grid,0.420
738,12:18,S02,OND7_9,PTR7,dc_fault,0.739
738,12:18,S03,OND8_6,PTR8,derating,1.036
738,12:18,S06,OND7_2,PTR7,drift,0.182
738,12:18,S08,OND6_1,PTR6,grid,0.437
738,12:18,S08,OND6_10,PTR6,grid,0.451
738,12:18,S08,OND6_11,PTR6,grid,0.429
738,12:18,S08,OND6_12,PTR6,grid,0.425
738,12:18,S08,OND6_13,PTR6,grid,0.448
738,12:18,S08,OND6_14,PTR6,grid,0.433
738,12:18,S08,OND6_15,PTR6,grid,0.448
738,12:18,S08,OND6_2,PTR6,grid,0.451
738,12:18,S08,OND6_3,PTR6,grid,0.451
738,12:18,S08,OND6_4,PTR6,grid,0.451
738,12:18,S08,OND6_5,PTR6,grid,0.431
738,12:18,S08,OND6_6,PTR6,grid,0.433
738,12:18,S08,OND6_7,PTR6,grid,0.446
738,12:18,S08,OND6_8,PTR6,grid,0.420
738,12:18,S08,OND6_9,PTR6,grid,0.405
738,12:18,S08,OND7_1,PTR7,grid,0.408
738,12:18,S08,OND7_10,PTR7,grid,0.439
738,12:18,S08,OND7_11,PTR7,grid,0.417
738,12:18,S08,OND7_12,PTR7,grid,0.432
738,12:18,S08,OND7_13,PTR7,grid,0.451
738,12:18,S08,OND7_14,PTR7,grid,0.412
738,12:18,S08,OND7_15,PTR7,grid,0.449
738,12:18,S08,OND7_2,PTR7,grid,0.306
738,12:18,S08,OND7_3,PTR7,grid,0.439
738,12:18,S08,OND7_4,PTR7,grid,0.401
738,12:18,S08,OND7_5,PTR7,grid,0.439
738,12:18,S08,OND7_6,PTR7,grid,0.431
738,12:18,S08,OND7_7,PTR7,grid,0.451
738,12:18,S08,OND7_8,PTR7,grid,0.420
739,12:19,S02,OND7_9,PTR7,dc_fault,0.734
739,12:19,S03,OND8_6,PTR8,derating,1.019
739,12:19,S06,OND7_2,PTR7,drift,0.181
739,12:19,S08,OND6_1,PTR6,grid,0.428
739,12:19,S08,OND6_10,PTR6,grid,0.451
739,12:19,S08,OND6_11,PTR6,grid,0.394
739,12:19,S08,OND6_12,PTR6,grid,0.417
739,12:19,S08,OND6_13,PTR6,grid,0.414
739,12:19,S08,OND6_14,PTR6,grid,0.419
739,12:19,S08,OND6_15,PTR6,grid,0.415
739,12:19,S08,OND6_2,PTR6,grid,0.451
739,12:19,S08,OND6_3,PTR6,grid,0.446
739,12:19,S08,OND6_4,PTR6,grid,0.451
739,12:19,S08,OND6_5,PTR6,grid,0.441
739,12:19,S08,OND6_6,PTR6,grid,0.420
739,12:19,S08,OND6_7,PTR6,grid,0.421
739,12:19,S08,OND6_8,PTR6,grid,0.394
739,12:19,S08,OND6_9,PTR6,grid,0.393
739,12:19,S08,OND7_1,PTR7,grid,0.383
739,12:19,S08,OND7_10,PTR7,grid,0.422
739,12:19,S08,OND7_11,PTR7,grid,0.421
739,12:19,S08,OND7_12,PTR7,grid,0.405
739,12:19,S08,OND7_13,PTR7,grid,0.451
739,12:19,S08,OND7_14,PTR7,grid,0.403
739,12:19,S08,OND7_15,PTR7,grid,0.449
739,12:19,S08,OND7_2,PTR7,grid,0.282
739,12:19,S08,OND7_3,PTR7,grid,0.412
739,12:19,S08,OND7_4,PTR7,grid,0.403
739,12:19,S08,OND7_5,PTR7,grid,0.422
739,12:19,S08,OND7_6,PTR7,grid,0.435
739,12:19,S08,OND7_7,PTR7,grid,0.451
739,12:19,S08,OND7_8,PTR7,grid,0.400
740,12:20,S02,OND7_9,PTR7,dc_fault,0.737
740,12:20,S03,OND8_6,PTR8,derating,1.016
740,12:20,S06,OND7_2,PTR7,drift,0.181
740,12:20,S08,OND6_1,PTR6,grid,0.419
740,12:20,S08,OND6_10,PTR6,grid,0.451
740,12:20,S08,OND6_11,PTR6,grid,0.399
740,12:20,S08,OND6_12,PTR6,grid,0.406
740,12:20,S08,OND6_13,PTR6,grid,0.405
740,12:20,S08,OND6_14,PTR6,grid,0.405
740,12:20,S08,OND6_15,PTR6,grid,0.423
740,12:20,S08,OND6_2,PTR6,grid,0.451
740,12:20,S08,OND6_3,PTR6,grid,0.436
740,12:20,S08,OND6_4,PTR6,grid,0.437
740,12:20,S08,OND6_5,PTR6,grid,0.428
740,12:20,S08,OND6_6,PTR6,grid,0.407
740,12:20,S08,OND6_7,PTR6,grid,0.425
740,12:20,S08,OND6_8,PTR6,grid,0.407
740,12:20,S08,OND6_9,PTR6,grid,0.397
740,12:20,S08,OND7_1,PTR7,grid,0.371
740,12:20,S08,OND7_10,PTR7,grid,0.411
740,12:20,S08,OND7_11,PTR7,grid,0.405
740,12:20,S08,OND7_12,PTR7,grid,0.402
740,12:20,S08,OND7_13,PTR7,grid,0.451
740,12:20,S08,OND7_14,PTR7,grid,0.390
740,12:20,S08,OND7_15,PTR7,grid,0.431
740,12:20,S08,OND7_2,PTR7,grid,0.271
740,12:20,S08,OND7_3,PTR7,grid,0.409
740,12:20,S08,OND7_4,PTR7,grid,0.395
740,12:20,S08,OND7_5,PTR7,grid,0.443
740,12:20,S08,OND7_6,PTR7,grid,0.416
740,12:20,S08,OND7_7,PTR7,grid,0.435
740,12:20,S08,OND7_8,PTR7,grid,0.401
741,12:21,S02,OND7_9,PTR7,dc_fault,0.728
741,12:21,S03,OND8_6,PTR8,derating,0.987
741,12:21,S06,OND7_2,PTR7,drift,0.180
741,12:21,S08,OND6_1,PTR6,grid,0.393
741,12:21,S08,OND6_10,PTR6,grid,0.447
741,12:21,S08,OND6_11,PTR6,grid,0.380
741,12:21,S08,OND6_12,PTR6,grid,0.393
741,12:21,S08,OND6_13,PTR6,grid,0.402
741,12:21,S08,OND6_14,PTR6,grid,0.393
741,12:21,S08,OND6_15,PTR6,grid,0.403
741,12:21,S08,OND6_2,PTR6,grid,0.445
741,12:21,S08,OND6_3,PTR6,grid,0.424
741,12:21,S08,OND6_4,PTR6,grid,0.422
741,12:21,S08,OND6_5,PTR6,grid,0.394
741,12:21,S08,OND6_6,PTR6,grid,0.380
741,12:21,S08,OND6_7,PTR6,grid,0.405
741,12:21,S08,OND6_8,PTR6,grid,0.387
741,12:21,S08,OND6_9,PTR6,grid,0.363
741,12:21,S08,OND7_1,PTR7,grid,0.363
741,12:21,S08,OND7_10,PTR7,grid,0.400
741,12:21,S08,OND7_11,PTR7,grid,0.409
741,12:21,S08,OND7_12,PTR7,grid,0.373
741,12:21,S08,OND7_13,PTR7,grid,0.439
741,12:21,S08,OND7_14,PTR7,grid,0.368
741,12:21,S08,OND7_15,PTR7,grid,0.412
741,12:21,S08,OND7_2,PTR7,grid,0.240
741,12:21,S08,OND7_3,PTR7,grid,0.399
741,12:21,S08,OND7_4,PTR7,grid,0.377
741,12:21,S08,OND7_5,PTR7,grid,0.429
741,12:21,S08,OND7_6,PTR7,grid,0.397
741,12:21,S08,OND7_7,PTR7,grid,0.404
741,12:21,S08,OND7_8,PTR7,grid,0.380
742,12:22,S02,OND7_9,PTR7,dc_fault,0.730
742,12:22,S03,OND8_6,PTR8,derating,0.983
742,12:22,S06,OND7_2,PTR7,drift,0.181
742,12:22,S08,OND6_1,PTR6,grid,0.387
742,12:22,S08,OND6_10,PTR6,grid,0.424
742,12:22,S08,OND6_11,PTR6,grid,0.379
742,12:22,S08,OND6_12,PTR6,grid,0.382
742,12:22,S08,OND6_13,PTR6,grid,0.393
742,12:22,S08,OND6_14,PTR6,grid,0.397
742,12:22,S08,OND6_15,PTR6,grid,0.384
742,12:22,S08,OND6_2,PTR6,grid,0.427
742,12:22,S08,OND6_3,PTR6,grid,0.425
742,12:22,S08,OND6_4,PTR6,grid,0.399
742,12:22,S08,OND6_5,PTR6,grid,0.417
742,12:22,S08,OND6_6,PTR6,grid,0.401
742,12:22,S08,OND6_7,PTR6,grid,0.401
742,12:22,S08,OND6_8,PTR6,grid,0.369
742,12:22,S08,OND6_9,PTR6,grid,0.350
742,12:22,S08,OND7_1,PTR7,grid,0.363
742,12:22,S08,OND7_10,PTR7,grid,0.394
742,12:22,S08,OND7_11,PTR7,grid,0.390
742,12:22,S08,OND7_12,PTR7,grid,0.373
742,12:22,S08,OND7_13,PTR7,grid,0.451
742,12:22,S08,OND7_14,PTR7,grid,0.372
742,12:22,S08,OND7_15,PTR7,grid,0.408
742,12:22,S08,OND7_2,PTR7,grid,0.253
742,12:22,S08,OND7_3,PTR7,grid,0.380
742,12:22,S08,OND7_4,PTR7,grid,0.378
742,12:22,S08,OND7_5,PTR7,grid,0.412
742,12:22,S08,OND7_6,PTR7,grid,0.384
742,12:22,S08,OND7_7,PTR7,grid,0.417
742,12:22,S08,OND7_8,PTR7,grid,0.377
743,12:23,S02,OND7_9,PTR7,dc_fault,0.734
743,12:23,S03,OND8_6,PTR8,derating,1.004
743,12:23,S06,OND7_2,PTR7,drift,0.181
743,12:23,S08,OND6_1,PTR6,grid,0.419
743,12:23,S08,OND6_10,PTR6,grid,0.428
743,12:23,S08,OND6_11,PTR6,grid,0.405
743,12:23,S08,OND6_12,PTR6,grid,0.398
743,12:23,S08,OND6_13,PTR6,grid,0.414
743,12:23,S08,OND6_14,PTR6,grid,0.389
743,12:23,S08,OND6_15,PTR6,grid,0.383
743,12:23,S08,OND6_2,PTR6,grid,0.447
743,12:23,S08,OND6_3,PTR6,grid,0.439
743,12:23,S08,OND6_4,PTR6,grid,0.426
743,12:23,S08,OND6_5,PTR6,grid,0.418
743,12:23,S08,OND6_6,PTR6,grid,0.418
743,12:23,S08,OND6_7,PTR6,grid,0.395
743,12:23,S08,OND6_8,PTR6,grid,0.388
743,12:23,S08,OND6_9,PTR6,grid,0.380
743,12:23,S08,OND7_1,PTR7,grid,0.386
743,12:23,S08,OND7_10,PTR7,grid,0.411
743,12:23,S08,OND7_11,PTR7,grid,0.408
743,12:23,S08,OND7_12,PTR7,grid,0.394
743,12:23,S08,OND7_13,PTR7,grid,0.430
743,12:23,S08,OND7_14,PTR7,grid,0.379
743,12:23,S08,OND7_15,PTR7,grid,0.429
743,12:23,S08,OND7_2,PTR7,grid,0.251
743,12:23,S08,OND7_3,PTR7,grid,0.419
743,12:23,S08,OND7_4,PTR7,grid,0.382
743,12:23,S08,OND7_5,PTR7,grid,0.424
743,12:23,S08,OND7_6,PTR7,grid,0.411
743,12:23,S08,OND7_7,PTR7,grid,0.447
743,12:23,S08,OND7_8,PTR7,grid,0.395
744,12:24,S02,OND7_9,PTR7,dc_fault,0.726
744,12:24,S03,OND8_6,PTR8,derating,0.986
744,12:24,S06,OND7_2,PTR7,drift,0.180
744,12:24,S08,OND6_1,PTR6,grid,0.385
744,12:24,S08,OND6_10,PTR6,grid,0.421
744,12:24,S08,OND6_11,PTR6,grid,0.378
744,12:24,S08,OND6_12,PTR6,grid,0.366
744,12:24,S08,OND6_13,PTR6,grid,0.381
744,12:24,S08,OND6_14,PTR6,grid,0.385
744,12:24,S08,OND6_15,PTR6,grid,0.390
744,12:24,S08,OND6_2,PTR6,grid,0.434
744,12:24,S08,OND6_3,PTR6,grid,0.424
744,12:24,S08,OND6_4,PTR6,grid,0.415
744,12:24,S08,OND6_5,PTR6,grid,0.401
744,12:24,S08,OND6_6,PTR6,grid,0.384
744,12:24,S08,OND6_7,PTR6,grid,0.398
744,12:24,S08,OND6_8,PTR6,grid,0.385
744,12:24,S08,OND6_9,PTR6,grid,0.368
744,12:24,S08,OND7_1,PTR7,grid,0.351
744,12:24,S08,OND7_10,PTR7,grid,0.398
744,12:24,S08,OND7_11,PTR7,grid,0.372
744,12:24,S08,OND7_12,PTR7,grid,0.388
744,12:24,S08,OND7_13,PTR7,grid,0.451
744,12:24,S08,OND7_14,PTR7,grid,0.371
744,12:24,S08,OND7_15,PTR7,grid,0.408
744,12:24,S08,OND7_2,PTR7,grid,0.227
744,12:24,S08,OND7_3,PTR7,grid,0.382
744,12:24,S08,OND7_4,PTR7,grid,0.383
744,12:24,S08,OND7_5,PTR7,grid,0.423
744,12:24,S08,OND7_6,PTR7,grid,0.381
744,12:24,S08,OND7_7,PTR7,grid,0.423
744,12:24,S08,OND7_8,PTR7,grid,0.372
745,12:25,S02,OND7_9,PTR7,dc_fault,0.730
745,12:25,S03,OND8_6,PTR8,derating,0.985
745,12:25,S06,OND7_2,PTR7,drift,0.180
745,12:25,S08,OND6_1,PTR6,grid,0.394
745,12:25,S08,OND6_10,PTR6,grid,0.404
745,12:25,S08,OND6_11,PTR6,grid,0.351
745,12:25,S08,OND6_12,PTR6,grid,0.385
745,12:25,S08,OND6_13,PTR6,grid,0.390
745,12:25,S08,OND6_14,PTR6,grid,0.358
745,12:25,S08,OND6_15,PTR6,grid,0.405
745,12:25,S08,OND6_2,PTR6,grid,0.437
745,12:25,S08,OND6_3,PTR6,grid,0.412
745,12:25,S08,OND6_4,PTR6,grid,0.399
745,12:25,S08,OND6_5,PTR6,grid,0.403
745,12:25,S08,OND6_6,PTR6,grid,0.378
745,12:25,S08,OND6_7,PTR6,grid,0.387
745,12:25,S08,OND6_8,PTR6,grid,0.362
745,12:25,S08,OND6_9,PTR6,grid,0.346
745,12:25,S08,OND7_1,PTR7,grid,0.362
745,12:25,S08,OND7_10,PTR7,grid,0.379
745,12:25,S08,OND7_11,PTR7,grid,0.398
745,12:25,S08,OND7_12,PTR7,grid,0.358
745,12:25,S08,OND7_13,PTR7,grid,0.435
745,12:25,S08,OND7_14,PTR7,grid,0.373
745,12:25,S08,OND7_15,PTR7,grid,0.405
745,12:25,S08,OND7_2,PTR7,grid,0.208
745,12:25,S08,OND7_3,PTR7,grid,0.374
745,12:25,S08,OND7_4,PTR7,grid,0.376
745,12:25,S08,OND7_5,PTR7,grid,0.410
745,12:25,S08,OND7_6,PTR7,grid,0.361
745,12:25,S08,OND7_7,PTR7,grid,0.412
745,12:25,S08,OND7_8,PTR7,grid,0.364
746,12:26,S02,OND7_9,PTR7,dc_fault,0.729
746,12:26,S03,OND8_6,PTR8,derating,0.987
746,12:26,S06,OND7_2,PTR7,drift,0.182
746,12:26,S08,OND6_1,PTR6,grid,0.369
746,12:26,S08,OND6_10,PTR6,grid,0.419
746,12:26,S08,OND6_11,PTR6,grid,0.365
746,12:26,S08,OND6_12,PTR6,grid,0.386
746,12:26,S08,OND6_13,PTR6,grid,0.371
746,12:26,S08,OND6_14,PTR6,grid,0.379
746,12:26,S08,OND6_15,PTR6,grid,0.384
746,12:26,S08,OND6_2,PTR6,grid,0.428
746,12:26,S08,OND6_3,PTR6,grid,0.420
746,12:26,S08,OND6_4,PTR6,grid,0.427
746,12:26,S08,OND6_5,PTR6,grid,0.405
746,12:26,S08,OND6_6,PTR6,grid,0.373
746,12:26,S08,OND6_7,PTR6,grid,0.382
746,12:26,S08,OND6_8,PTR6,grid,0.365
746,12:26,S08,OND6_9,PTR6,grid,0.357
746,12:26,S08,OND7_1,PTR7,grid,0.328
746,12:26,S08,OND7_10,PTR7,grid,0.397
746,12:26,S08,OND7_11,PTR7,grid,0.385
746,12:26,S08,OND7_12,PTR7,grid,0.377
746,12:26,S08,OND7_13,PTR7,grid,0.427
746,12:26,S08,OND7_14,PTR7,grid,0.376
746,12:26,S08,OND7_15,PTR7,grid,0.397
746,12:26,S08,OND7_2,PTR7,grid,0.237
746,12:26,S08,OND7_3,PTR7,grid,0.400
746,12:26,S08,OND7_4,PTR7,grid,0.359
746,12:26,S08,OND7_5,PTR7,grid,0.391
746,12:26,S08,OND7_6,PTR7,grid,0.392
746,12:26,S08,OND7_7,PTR7,grid,0.409
746,12:26,S08,OND7_8,PTR7,grid,0.359
747,12:27,S02,OND7_9,PTR7,dc_fault,0.732
747,12:27,S03,OND8_6,PTR8,derating,0.984
747,12:27,S06,OND7_2,PTR7,drift,0.183
747,12:27,S08,OND6_1,PTR6,grid,0.385
747,12:27,S08,OND6_10,PTR6,grid,0.414
747,12:27,S08,OND6_11,PTR6,grid,0.358
747,12:27,S08,OND6_12,PTR6,grid,0.368
747,12:27,S08,OND6_13,PTR6,grid,0.393
747,12:27,S08,OND6_14,PTR6,grid,0.371
747,12:27,S08,OND6_15,PTR6,grid,0.400
747,12:27,S08,OND6_2,PTR6,grid,0.424
747,12:27,S08,OND6_3,PTR6,grid,0.412
747,12:27,S08,OND6_4,PTR6,grid,0.404
747,12:27,S08,OND6_5,PTR6,grid,0.386
747,12:27,S08,OND6_6,PTR6,grid,0.380
747,12:27,S08,OND6_7,PTR6,grid,0.379
747,12:27,S08,OND6_8,PTR6,grid,0.370
747,12:27,S08,OND6_9,PTR6,grid,0.365
747,12:27,S08,OND7_1,PTR7,grid,0.346
747,12:27,S08,OND7_10,PTR7,grid,0.381
747,12:27,S08,OND7_11,PTR7,grid,0.396
747,12:27,S08,OND7_12,PTR7,grid,0.380
747,12:27,S08,OND7_13,PTR7,grid,0.427
747,12:27,S08,OND7_14,PTR7,grid,0.352
747,12:27,S08,OND7_15,PTR7,grid,0.413
747,12:27,S08,OND7_2,PTR7,grid,0.242
747,12:27,S08,OND7_3,PTR7,grid,0.389
747,12:27,S08,OND7_4,PTR7,grid,0.360
747,12:27,S08,OND7_5,PTR7,grid,0.393
747,12:27,S08,OND7_6,PTR7,grid,0.375
747,12:27,S08,OND7_7,PTR7,grid,0.404
747,12:27,S08,OND7_8,PTR7,grid,0.364
748,12:28,S02,OND7_9,PTR7,dc_fault,0.728
748,12:28,S03,OND8_6,PTR8,derating,0.975
748,12:28,S06,OND7_2,PTR7,drift,0.182
748,12:28,S08,OND6_1,PTR6,grid,0.370
748,12:28,S08,OND6_10,PTR6,grid,0.429
748,12:28,S08,OND6_11,PTR6,grid,0.357
748,12:28,S08,OND6_12,PTR6,grid,0.353
748,12:28,S08,OND6_13,PTR6,grid,0.387
748,12:28,S08,OND6_14,PTR6,grid,0.360
748,12:28,S08,OND6_15,PTR6,grid,0.384
748,12:28,S08,OND6_2,PTR6,grid,0.449
748,12:28,S08,OND6_3,PTR6,grid,0.412
748,12:28,S08,OND6_4,PTR6,grid,0.383
748,12:28,S08,OND6_5,PTR6,grid,0.404
748,12:28,S08,OND6_6,PTR6,grid,0.372
748,12:28,S08,OND6_7,PTR6,grid,0.375
748,12:28,S08,OND6_8,PTR6,grid,0.348
748,12:28,S08,OND6_9,PTR6,grid,0.356
748,12:28,S08,OND7_1,PTR7,grid,0.345
748,12:28,S08,OND7_10,PTR7,grid,0.379
748,12:28,S08,OND7_11,PTR7,grid,0.395
748,12:28,S08,OND7_12,PTR7,grid,0.363
748,12:28,S08,OND7_13,PTR7,grid,0.419
748,12:28,S08,OND7_14,PTR7,grid,0.358
748,12:28,S08,OND7_15,PTR7,grid,0.408
748,12:28,S08,OND7_2,PTR7,grid,0.221
748,12:28,S08,OND7_3,PTR7,grid,0.386
748,12:28,S08,OND7_4,PTR7,grid,0.384
748,12:28,S08,OND7_5,PTR7,grid,0.401
748,12:28,S08,OND7_6,PTR7,grid,0.356
748,12:28,S08,OND7_7,PTR7,grid,0.407
748,12:28,S08,OND7_8,PTR7,grid,0.380
749,12:29,S02,OND7_9,PTR7,dc_fault,0.733
749,12:29,S03,OND8_6,PTR8,derating,0.985
749,12:29,S06,OND7_2,PTR7,drift,0.183
749,12:29,S08,OND6_1,PTR6,grid,0.391
749,12:29,S08,OND6_10,PTR6,grid,0.421
749,12:29,S08,OND6_11,PTR6,grid,0.369
749,12:29,S08,OND6_12,PTR6,grid,0.393
749,12:29,S08,OND6_13,PTR6,grid,0.379
749,12:29,S08,OND6_14,PTR6,grid,0.404
749,12:29,S08,OND6_15,PTR6,grid,0.371
749,12:29,S08,OND6_2,PTR6,grid,0.419
749,12:29,S08,OND6_3,PTR6,grid,0.425
749,12:29,S08,OND6_4,PTR6,grid,0.419
749,12:29,S08,OND6_5,PTR6,grid,0.419
749,12:29,S08,OND6_6,PTR6,grid,0.369
749,12:29,S08,OND6_7,PTR6,grid,0.381
749,12:29,S08,OND6_8,PTR6,grid,0.370
749,12:29,S08,OND6_9,PTR6,grid,0.370
749,12:29,S08,OND7_1,PTR7,grid,0.366
749,12:29,S08,OND7_10,PTR7,grid,0.398
749,12:29,S08,OND7_11,PTR7,grid,0.396
749,12:29,S08,OND7_12,PTR7,grid,0.379
749,12:29,S08,OND7_13,PTR7,grid,0.436
749,12:29,S08,OND7_14,PTR7,grid,0.385
749,12:29,S08,OND7_15,PTR7,grid,0.405
749,12:29,S08,OND7_2,PTR7,grid,0.231
749,12:29,S08,OND7_3,PTR7,grid,0.406
749,12:29,S08,OND7_4,PTR7,grid,0.386
749,12:29,S08,OND7_5,PTR7,grid,0.414
749,12:29,S08,OND7_6,PTR7,grid,0.401
749,12:29,S08,OND7_7,PTR7,grid,0.416
749,12:29,S08,OND7_8,PTR7,grid,0.383
750,12:30,S02,OND7_9,PTR7,dc_fault,0.728
750,12:30,S03,OND8_6,PTR8,derating,0.990
750,12:30,S06,OND7_2,PTR7,drift,0.183
750,12:30,S08,OND6_1,PTR6,grid,0.378
750,12:30,S08,OND6_10,PTR6,grid,0.414
750,12:30,S08,OND6_11,PTR6,grid,0.344
750,12:30,S08,OND6_12,PTR6,grid,0.383
750,12:30,S08,OND6_13,PTR6,grid,0.371
750,12:30,S08,OND6_14,PTR6,grid,0.360
750,12:30,S08,OND6_15,PTR6,grid,0.378
750,12:30,S08,OND6_2,PTR6,grid,0.411
750,12:30,S08,OND6_3,PTR6,grid,0.404
750,12:30,S08,OND6_4,PTR6,grid,0.399
750,12:30,S08,OND6_5,PTR6,grid,0.415
750,12:30,S08,OND6_6,PTR6,grid,0.362
750,12:30,S08,OND6_7,PTR6,grid,0.372
750,12:30,S08,OND6_8,PTR6,grid,0.365
750,12:30,S08,OND6_9,PTR6,grid,0.348
750,12:30,S08,OND7_1,PTR7,grid,0.353
750,12:30,S08,OND7_10,PTR7,grid,0.390
750,12:30,S08,OND7_11,PTR7,grid,0.378
750,12:30,S08,OND7_12,PTR7,grid,0.368
750,12:30,S08,OND7_13,PTR7,grid,0.428
750,12:30,S08,OND7_14,PTR7,grid,0.362
750,12:30,S08,OND7_15,PTR7,grid,0.398
750,12:30,S08,OND7_2,PTR7,grid,0.220
750,12:30,S08,OND7_3,PTR7,grid,0.390
750,12:30,S08,OND7_4,PTR7,grid,0.368
750,12:30,S08,OND7_5,PTR7,grid,0.397
750,12:30,S08,OND7_6,PTR7,grid,0.367
750,12:30,S08,OND7_7,PTR7,grid,0.393
750,12:30,S08,OND7_8,PTR7,grid,0.372
751,12:31,S02,OND7_9,PTR7,dc_fault,0.723
751,12:31,S03,OND8_6,PTR8,derating,0.990
751,12:31,S06,OND7_2,PTR7,drift,0.183
751,12:31,S08,OND6_1,PTR6,grid,0.365
751,12:31,S08,OND6_10,PTR6,grid,0.400
751,12:31,S08,OND6_11,PTR6,grid,0.353
751,12:31,S08,OND6_12,PTR6,grid,0.368
751,12:31,S08,OND6_13,PTR6,grid,0.369
751,12:31,S08,OND6_14,PTR6,grid,0.377
751,12:31,S08,OND6_15,PTR6,grid,0.375
751,12:31,S08,OND6_2,PTR6,grid,0.421
751,12:31,S08,OND6_3,PTR6,grid,0.391
751,12:31,S08,OND6_4,PTR6,grid,0.387
751,12:31,S08,OND6_5,PTR6,grid,0.383
751,12:31,S08,OND6_6,PTR6,grid,0.365
751,12:31,S08,OND6_7,PTR6,grid,0.368
751,12:31,S08,OND6_8,PTR6,grid,0.350
751,12:31,S08,OND6_9,PTR6,grid,0.356
751,12:31,S08,OND7_1,PTR7,grid,0.333
751,12:31,S08,OND7_10,PTR7,grid,0.355
751,12:31,S08,OND7_11,PTR7,grid,0.350
751,12:31,S08,OND7_12,PTR7,grid,0.371
751,12:31,S08,OND7_13,PTR7,grid,0.405
751,12:31,S08,OND7_14,PTR7,grid,0.340
751,12:31,S08,OND7_15,PTR7,grid,0.381
751,12:31,S08,OND7_2,PTR7,grid,0.206
751,12:31,S08,OND7_3,PTR7,grid,0.385
751,12:31,S08,OND7_4,PTR7,grid,0.349
751,12:31,S08,OND7_5,PTR7,grid,0.385
751,12:31,S08,OND7_6,PTR7,grid,0.357
751,12:31,S08,OND7_7,PTR7,grid,0.410
751,12:31,S08,OND7_8,PTR7,grid,0.342
752,12:32,S02,OND7_9,PTR7,dc_fault,0.726
752,12:32,S03,OND8_6,PTR8,derating,0.974
752,12:32,S06,OND7_2,PTR7,drift,0.184
752,12:32,S08,OND6_1,PTR6,grid,0.371
752,12:32,S08,OND6_10,PTR6,grid,0.398
752,12:32,S08,OND6_11,PTR6,grid,0.349
752,12:32,S08,OND6_12,PTR6,grid,0.364
752,12:32,S08,OND6_13,PTR6,grid,0.374
752,12:32,S08,OND6_14,PTR6,grid,0.374
752,12:32,S08,OND6_15,PTR6,grid,0.384
752,12:32,S08,OND6_2,PTR6,grid,0.410
752,12:32,S08,OND6_3,PTR6,grid,0.389
752,12:32,S08,OND6_4,PTR6,grid,0.382
752,12:32,S08,OND6_5,PTR6,grid,0.384
752,12:32,S08,OND6_6,PTR6,grid,0.354
752,12:32,S08,OND6_7,PTR6,grid,0.363
752,12:32,S08,OND6_8,PTR6,grid,0.336
752,12:32,S08,OND6_9,PTR6,grid,0.328
752,12:32,S08,OND7_1,PTR7,grid,0.333
752,12:32,S08,OND7_10,PTR7,grid,0.393
752,12:32,S08,OND7_11,PTR7,grid,0.364
752,12:32,S08,OND7_12,PTR7,grid,0.359
752,12:32,S08,OND7_13,PTR7,grid,0.398
752,12:32,S08,OND7_14,PTR7,grid,0.339
752,12:32,S08,OND7_15,PTR7,grid,0.390
752,12:32,S08,OND7_2,PTR7,grid,0.212
752,12:32,S08,OND7_3,PTR7,grid,0.375
752,12:32,S08,OND7_4,PTR7,grid,0.360
752,12:32,S08,OND7_5,PTR7,grid,0.394
752,12:32,S08,OND7_6,PTR7,grid,0.343
752,12:32,S08,OND7_7,PTR7,grid,0.389
752,12:32,S08,OND7_8,PTR7,grid,0.348
753,12:33,S02,OND7_9,PTR7,dc_fault,0.727
753,12:33,S03,OND8_6,PTR8,derating,0.980
753,12:33,S06,OND7_2,PTR7,drift,0.185
753,12:33,S08,OND6_1,PTR6,grid,0.378
753,12:33,S08,OND6_10,PTR6,grid,0.426
753,12:33,S08,OND6_11,PTR6,grid,0.351
753,12:33,S08,OND6_12,PTR6,grid,0.388
753,12:33,S08,OND6_13,PTR6,grid,0.345
753,12:33,S08,OND6_14,PTR6,grid,0.348
753,12:33,S08,OND6_15,PTR6,grid,0.384
753,12:33,S08,OND6_2,PTR6,grid,0.406
753,12:33,S08,OND6_3,PTR6,grid,0.383
753,12:33,S08,OND6_4,PTR6,grid,0.401
753,12:33,S08,OND6_5,PTR6,grid,0.386
753,12:33,S08,OND6_6,PTR6,grid,0.366
753,12:33,S08,OND6_7,PTR6,grid,0.370
753,12:33,S08,OND6_8,PTR6,grid,0.366
753,12:33,S08,OND6_9,PTR6,grid,0.332
753,12:33,S08,OND7_1,PTR7,grid,0.348
753,12:33,S08,OND7_10,PTR7,grid,0.358
753,12:33,S08,OND7_11,PTR7,grid,0.382
753,12:33,S08,OND7_12,PTR7,grid,0.359
753,12:33,S08,OND7_13,PTR7,grid,0.414
753,12:33,S08,OND7_14,PTR7,grid,0.360
753,12:33,S08,OND7_15,PTR7,grid,0.393
753,12:33,S08,OND7_2,PTR7,grid,0.224
753,12:33,S08,OND7_3,PTR7,grid,0.394
753,12:33,S08,OND7_4,PTR7,grid,0.361
753,12:33,S08,OND7_5,PTR7,grid,0.389
753,12:33,S08,OND7_6,PTR7,grid,0.360
753,12:33,S08,OND7_7,PTR7,grid,0.397
753,12:33,S08,OND7_8,PTR7,grid,0.364
754,12:34,S02,OND7_9,PTR7,dc_fault,0.725
754,12:34,S03,OND8_6,PTR8,derating,0.970
754,12:34,S06,OND7_2,PTR7,drift,0.185
754,12:34,S08,OND6_1,PTR6,grid,0.353
754,12:34,S08,OND6_10,PTR6,grid,0.396
754,12:34,S08,OND6_11,PTR6,grid,0.339
754,12:34,S08,OND6_12,PTR6,grid,0.372
754,12:34,S08,OND6_13,PTR6,grid,0.357
754,12:34,S08,OND6_14,PTR6,grid,0.361
754,12:34,S08,OND6_15,PTR6,grid,0.367
754,12:34,S08,OND6_2,PTR6,grid,0.414
754,12:34,S08,OND6_3,PTR6,grid,0.376
754,12:34,S08,OND6_4,PTR6,grid,0.346
754,12:34,S08,OND6_5,PTR6,grid,0.369
754,12:34,S08,OND6_6,PTR6,grid,0.349
754,12:34,S08,OND6_7,PTR6,grid,0.362
754,12:34,S08,OND6_8,PTR6,grid,0.324
754,12:34,S08,OND6_9,PTR6,grid,0.331
754,12:34,S08,OND7_1,PTR7,grid,0.332
754,12:34,S08,OND7_10,PTR7,grid,0.358
754,12:34,S08,OND7_11,PTR7,grid,0.371
754,12:34,S08,OND7_12,PTR7,grid,0.358
754,12:34,S08,OND7_13,PTR7,grid,0.416
754,12:34,S08,OND7_14,PTR7,grid,0.329
754,12:34,S08,OND7_15,PTR7,grid,0.384
754,12:34,S08,OND7_2,PTR7,grid,0.209
754,12:34,S08,OND7_3,PTR7,grid,0.368
754,12:34,S08,OND7_4,PTR7,grid,0.357
754,12:34,S08,OND7_5,PTR7,grid,0.381
754,12:34,S08,OND7_6,PTR7,grid,0.343
754,12:34,S08,OND7_7,PTR7,grid,0.393
754,12:34,S08,OND7_8,PTR7,grid,0.336
755,12:35,S02,OND7_9,PTR7,dc_fault,0.722
755,12:35,S03,OND8_6,PTR8,derating,0.993
755,12:35,S06,OND7_2,PTR7,drift,0.185
755,12:35,S08,OND6_1,PTR6,grid,0.393
755,12:35,S08,OND6_10,PTR6,grid,0.408
755,12:35,S08,OND6_11,PTR6,grid,0.343
755,12:35,S08,OND6_12,PTR6,grid,0.359
755,12:35,S08,OND6_13,PTR6,grid,0.375
755,12:35,S08,OND6_14,PTR6,grid,0.348
755,12:35,S08,OND6_15,PTR6,grid,0.364
755,12:35,S08,OND6_2,PTR6,grid,0.426
755,12:35,S08,OND6_3,PTR6,grid,0.380
755,12:35,S08,OND6_4,PTR6,grid,0.394
755,12:35,S08,OND6_5,PTR6,grid,0.371
755,12:35,S08,OND6_6,PTR6,grid,0.367
755,12:35,S08,OND6_7,PTR6,grid,0.361
755,12:35,S08,OND6_8,PTR6,grid,0.341
755,12:35,S08,OND6_9,PTR6,grid,0.339
755,12:35,S08,OND7_1,PTR7,grid,0.348
755,12:35,S08,OND7_10,PTR7,grid,0.386
755,12:35,S08,OND7_11,PTR7,grid,0.380
755,12:35,S08,OND7_12,PTR7,grid,0.362
755,12:35,S08,OND7_13,PTR7,grid,0.425
755,12:35,S08,OND7_14,PTR7,grid,0.352
755,12:35,S08,OND7_15,PTR7,grid,0.388
755,12:35,S08,OND7_2,PTR7,grid,0.203
755,12:35,S08,OND7_3,PTR7,grid,0.375
755,12:35,S08,OND7_4,PTR7,grid,0.345
755,12:35,S08,OND7_5,PTR7,grid,0.372
755,12:35,S08,OND7_6,PTR7,grid,0.358
755,12:35,S08,OND7_7,PTR7,grid,0.414
755,12:35,S08,OND7_8,PTR7,grid,0.370
756,12:36,S02,OND7_9,PTR7,dc_fault,0.727
756,12:36,S03,OND8_6,PTR8,derating,0.953
756,12:36,S06,OND7_2,PTR7,drift,0.184
756,12:36,S08,OND6_1,PTR6,grid,0.368
756,12:36,S08,OND6_10,PTR6,grid,0.397
756,12:36,S08,OND6_11,PTR6,grid,0.333
756,12:36,S08,OND6_12,PTR6,grid,0.354
756,12:36,S08,OND6_13,PTR6,grid,0.365
756,12:36,S08,OND6_14,PTR6,grid,0.377
756,12:36,S08,OND6_15,PTR6,grid,0.358
756,12:36,S08,OND6_2,PTR6,grid,0.398
756,12:36,S08,OND6_3,PTR6,grid,0.415
756,12:36,S08,OND6_4,PTR6,grid,0.389
756,12:36,S08,OND6_5,PTR6,grid,0.376
756,12:36,S08,OND6_6,PTR6,grid,0.365
756,12:36,S08,OND6_7,PTR6,grid,0.369
756,12:36,S08,OND6_8,PTR6,grid,0.355
756,12:36,S08,OND6_9,PTR6,grid,0.326
756,12:36,S08,OND7_1,PTR7,grid,0.344
756,12:36,S08,OND7_10,PTR7,grid,0.373
756,12:36,S08,OND7_11,PTR7,grid,0.378
756,12:36,S08,OND7_12,PTR7,grid,0.348
756,12:36,S08,OND7_13,PTR7,grid,0.404
756,12:36,S08,OND7_14,PTR7,grid,0.355
756,12:36,S08,OND7_15,PTR7,grid,0.390
756,12:36,S08,OND7_2,PTR7,grid,0.191
756,12:36,S08,OND7_3,PTR7,grid,0.357
756,12:36,S08,OND7_4,PTR7,grid,0.349
756,12:36,S08,OND7_5,PTR7,grid,0.391
756,12:36,S08,OND7_6,PTR7,grid,0.372
756,12:36,S08,OND7_7,PTR7,grid,0.386
756,12:36,S08,OND7_8,PTR7,grid,0.346
757,12:37,S02,OND7_9,PTR7,dc_fault,0.717
757,12:37,S03,OND8_6,PTR8,derating,0.959
757,12:37,S06,OND7_2,PTR7,drift,0.185
757,12:37,S08,OND6_1,PTR6,grid,0.367
757,12:37,S08,OND6_10,PTR6,grid,0.385
757,12:37,S08,OND6_11,PTR6,grid,0.327
757,12:37,S08,OND6_12,PTR6,grid,0.328
757,12:37,S08,OND6_13,PTR6,grid,0.357
757,12:37,S08,OND6_14,PTR6,grid,0.349
757,12:37,S08,OND6_15,PTR6,grid,0.383
757,12:37,S08,OND6_2,PTR6,grid,0.407
757,12:37,S08,OND6_3,PTR6,grid,0.362
757,12:37,S08,OND6_4,PTR6,grid,0.385
757,12:37,S08,OND6_5,PTR6,grid,0.393
757,12:37,S08,OND6_6,PTR6,grid,0.348
757,12:37,S08,OND6_7,PTR6,grid,0.345
757,12:37,S08,OND6_8,PTR6,grid,0.350
757,12:37,S08,OND6_9,PTR6,grid,0.323
757,12:37,S08,OND7_1,PTR7,grid,0.320
757,12:37,S08,OND7_10,PTR7,grid,0.377
757,12:37,S08,OND7_11,PTR7,grid,0.372
757,12:37,S08,OND7_12,PTR7,grid,0.328
757,12:37,S08,OND7_13,PTR7,grid,0.404
757,12:37,S08,OND7_14,PTR7,grid,0.341
757,12:37,S08,OND7_15,PTR7,grid,0.387
757,12:37,S08,OND7_2,PTR7,grid,0.190
757,12:37,S08,OND7_3,PTR7,grid,0.350
757,12:37,S08,OND7_4,PTR7,grid,0.352
757,12:37,S08,OND7_5,PTR7,grid,0.355
757,12:37,S08,OND7_6,PTR7,grid,0.345
757,12:37,S08,OND7_7,PTR7,grid,0.367
757,12:37,S08,OND7_8,PTR7,grid,0.339
758,12:38,S02,OND7_9,PTR7,dc_fault,0.725
758,12:38,S03,OND8_6,PTR8,derating,0.966
758,12:38,S06,OND7_2,PTR7,drift,0.187
758,12:38,S08,OND6_1,PTR6,grid,0.365
758,12:38,S08,OND6_10,PTR6,grid,0.381
758,12:38,S08,OND6_11,PTR6,grid,0.349
758,12:38,S08,OND6_12,PTR6,grid,0.345
758,12:38,S08,OND6_13,PTR6,grid,0.364
758,12:38,S08,OND6_14,PTR6,grid,0.353
758,12:38,S08,OND6_15,PTR6,grid,0.371
758,12:38,S08,OND6_2,PTR6,grid,0.417
758,12:38,S08,OND6_3,PTR6,grid,0.394
758,12:38,S08,OND6_4,PTR6,grid,0.382
758,12:38,S08,OND6_5,PTR6,grid,0.397
758,12:38,S08,OND6_6,PTR6,grid,0.379
758,12:38,S08,OND6_7,PTR6,grid,0.347
758,12:38,S08,OND6_8,PTR6,grid,0.349
758,12:38,S08,OND6_9,PTR6,grid,0.338
758,12:38,S08,OND7_1,PTR7,grid,0.331
758,12:38,S08,OND7_10,PTR7,grid,0.376
758,12:38,S08,OND7_11,PTR7,grid,0.374
758,12:38,S08,OND7_12,PTR7,grid,0.370
758,12:38,S08,OND7_13,PTR7,grid,0.422
758,12:38,S08,OND7_14,PTR7,grid,0.337
758,12:38,S08,OND7_15,PTR7,grid,0.387
758,12:38,S08,OND7_2,PTR7,grid,0.216
758,12:38,S08,OND7_3,PTR7,grid,0.373
758,12:38,S08,OND7_4,PTR7,grid,0.338
758,12:38,S08,OND7_5,PTR7,grid,0.400
758,12:38,S08,OND7_6,PTR7,grid,0.342
758,12:38,S08,OND7_7,PTR7,grid,0.413
758,12:38,S08,OND7_8,PTR7,grid,0.362
759,12:39,S02,OND7_9,PTR7,dc_fault,0.725
759,12:39,S03,OND8_6,PTR8,derating,0.965
759,12:39,S06,OND7_2,PTR7,drift,0.187
759,12:39,S08,OND6_1,PTR6,grid,0.362
759,12:39,S08,OND6_10,PTR6,grid,0.386
759,12:39,S08,OND6_11,PTR6,grid,0.348
759,12:39,S08,OND6_12,PTR6,grid,0.353
759,12:39,S08,OND6_13,PTR6,grid,0.361
759,12:39,S08,OND6_14,PTR6,grid,0.371
759,12:39,S08,OND6_15,PTR6,grid,0.369
759,12:39,S08,OND6_2,PTR6,grid,0.413
759,12:39,S08,OND6_3,PTR6,grid,0.370
759,12:39,S08,OND6_4,PTR6,grid,0.377
759,12:39,S08,OND6_5,PTR6,grid,0.380
759,12:39,S08,OND6_6,PTR6,grid,0.380
759,12:39,S08,OND6_7,PTR6,grid,0.378
759,12:39,S08,OND6_8,PTR6,grid,0.338
759,12:39,S08,OND6_9,PTR6,grid,0.331
759,12:39,S08,OND7_1,PTR7,grid,0.336
759,12:39,S08,OND7_10,PTR7,grid,0.352
759,12:39,S08,OND7_11,PTR7,grid,0.353
759,12:39,S08,OND7_12,PTR7,grid,0.326
759,12:39,S08,OND7_13,PTR7,grid,0.393
759,12:39,S08,OND7_14,PTR7,grid,0.336
759,12:39,S08,OND7_15,PTR7,grid,0.369
759,12:39,S08,OND7_2,PTR7,grid,0.214
759,12:39,S08,OND7_3,PTR7,grid,0.354
759,12:39,S08,OND7_4,PTR7,grid,0.343
759,12:39,S08,OND7_5,PTR7,grid,0.382
759,12:39,S08,OND7_6,PTR7,grid,0.343
759,12:39,S08,OND7_7,PTR7,grid,0.379
759,12:39,S08,OND7_8,PTR7,grid,0.338
760,12:40,S02,OND7_9,PTR7,dc_fault,0.724
760,12:40,S03,OND8_6,PTR8,derating,0.958
760,12:40,S06,OND7_2,PTR7,drift,0.187
760,12:40,S08,OND6_1,PTR6,grid,0.350
760,12:40,S08,OND6_10,PTR6,grid,0.385
760,12:40,S08,OND6_11,PTR6,grid,0.336
760,12:40,S08,OND6_12,PTR6,grid,0.366
760,12:40,S08,OND6_13,PTR6,grid,0.370
760,12:40,S08,OND6_14,PTR6,grid,0.376
760,12:40,S08,OND6_15,PTR6,grid,0.356
760,12:40,S08,OND6_2,PTR6,grid,0.398
760,12:40,S08,OND6_3,PTR6,grid,0.364
760,12:40,S08,OND6_4,PTR6,grid,0.372
760,12:40,S08,OND6_5,PTR6,grid,0.372
760,12:40,S08,OND6_6,PTR6,grid,0.339
760,12:40,S08,OND6_7,PTR6,grid,0.354
760,12:40,S08,OND6_8,PTR6,grid,0.340
760,12:40,S08,OND6_9,PTR6,grid,0.326
760,12:40,S08,OND7_1,PTR7,grid,0.336
760,12:40,S08,OND7_10,PTR7,grid,0.376
760,12:40,S08,OND7_11,PTR7,grid,0.366
760,12:40,S08,OND7_12,PTR7,grid,0.352
760,12:40,S08,OND7_13,PTR7,grid,0.416
760,12:40,S08,OND7_14,PTR7,grid,0.346
760,12:40,S08,OND7_15,PTR7,grid,0.383
760,12:40,S08,OND7_2,PTR7,grid,0.201
760,12:40,S08,OND7_3,PTR7,grid,0.364
760,12:40,S08,OND7_4,PTR7,grid,0.334
760,12:40,S08,OND7_5,PTR7,grid,0.365
760,12:40,S08,OND7_6,PTR7,grid,0.365
760,12:40,S08,OND7_7,PTR7,grid,0.390
760,12:40,S08,OND7_8,PTR7,grid,0.355
761,12:41,S02,OND7_9,PTR7,dc_fault,0.725
761,12:41,S03,OND8_6,PTR8,derating,0.981
761,12:41,S06,OND7_2,PTR7,drift,0.188
761,12:41,S08,OND6_1,PTR6,grid,0.351
761,12:41,S08,OND6_10,PTR6,grid,0.375
761,12:41,S08,OND6_11,PTR6,grid,0.323
761,12:41,S08,OND6_12,PTR6,grid,0.356
761,12:41,S08,OND6_13,PTR6,grid,0.365
761,12:41,S08,OND6_14,PTR6,grid,0.332
761,12:41,S08,OND6_15,PTR6,grid,0.387
761,12:41,S08,OND6_2,PTR6,grid,0.424
761,12:41,S08,OND6_3,PTR6,grid,0.387
761,12:41,S08,OND6_4,PTR6,grid,0.372
761,12:41,S08,OND6_5,PTR6,grid,0.366
761,12:41,S08,OND6_6,PTR6,grid,0.379
761,12:41,S08,OND6_7,PTR6,grid,0.366
761,12:41,S08,OND6_8,PTR6,grid,0.342
761,12:41,S08,OND6_9,PTR6,grid,0.318
761,12:41,S08,OND7_1,PTR7,grid,0.322
761,12:41,S08,OND7_10,PTR7,grid,0.374
761,12:41,S08,OND7_11,PTR7,grid,0.345
761,12:41,S08,OND7_12,PTR7,grid,0.343
761,12:41,S08,OND7_13,PTR7,grid,0.402
761,12:41,S08,OND7_14,PTR7,grid,0.359
761,12:41,S08,OND7_15,PTR7,grid,0.380
761,12:41,S08,OND7_2,PTR7,grid,0.206
761,12:41,S08,OND7_3,PTR7,grid,0.365
761,12:41,S08,OND7_4,PTR7,grid,0.340
761,12:41,S08,OND7_5,PTR7,grid,0.370
761,12:41,S08,OND7_6,PTR7,grid,0.360
761,12:41,S08,OND7_7,PTR7,grid,0.395
761,12:41,S08,OND7_8,PTR7,grid,0.350
762,12:42,S02,OND7_9,PTR7,dc_fault,0.726
762,12:42,S03,OND8_6,PTR8,derating,0.962
762,12:42,S06,OND7_2,PTR7,drift,0.188
762,12:42,S08,OND6_1,PTR6,grid,0.352
762,12:42,S08,OND6_10,PTR6,grid,0.405
762,12:42,S08,OND6_11,PTR6,grid,0.353
762,12:42,S08,OND6_12,PTR6,grid,0.339
762,12:42,S08,OND6_13,PTR6,grid,0.360
762,12:42,S08,OND6_14,PTR6,grid,0.342
762,12:42,S08,OND6_15,PTR6,grid,0.366
762,12:42,S08,OND6_2,PTR6,grid,0.403
762,12:42,S08,OND6_3,PTR6,grid,0.368
762,12:42,S08,OND6_4,PTR6,grid,0.366
762,12:42,S08,OND6_5,PTR6,grid,0.394
762,12:42,S08,OND6_6,PTR6,grid,0.369
762,12:42,S08,OND6_7,PTR6,grid,0.346
762,12:42,S08,OND6_8,PTR6,grid,0.336
762,12:42,S08,OND6_9,PTR6,grid,0.318
762,12:42,S08,OND7_1,PTR7,grid,0.331
762,12:42,S08,OND7_10,PTR7,grid,0.358
762,12:42,S08,OND7_11,PTR7,grid,0.356
762,12:42,S08,OND7_12,PTR7,grid,0.342
762,12:42,S08,OND7_13,PTR7,grid,0.400
762,12:42,S08,OND7_14,PTR7,grid,0.340
762,12:42,S08,OND7_15,PTR7,grid,0.373
762,12:42,S08,OND7_2,PTR7,grid,0.206
762,12:42,S08,OND7_3,PTR7,grid,0.355
762,12:42,S08,OND7_4,PTR7,grid,0.336
762,12:42,S08,OND7_5,PTR7,grid,0.366
762,12:42,S08,OND7_6,PTR7,grid,0.334
762,12:42,S08,OND7_7,PTR7,grid,0.389
762,12:42,S08,OND7_8,PTR7,grid,0.318
763,12:43,S02,OND7_9,PTR7,dc_fault,0.719
763,12:43,S03,OND8_6,PTR8,derating,0.939
763,12:43,S06,OND7_2,PTR7,drift,0.188
763,12:43,S08,OND6_1,PTR6,grid,0.354
763,12:43,S08,OND6_10,PTR6,grid,0.377
763,12:43,S08,OND6_11,PTR6,grid,0.357
763,12:43,S08,OND6_12,PTR6,grid,0.328
763,12:43,S08,OND6_13,PTR6,grid,0.328
763,12:43,S08,OND6_14,PTR6,grid,0.324
763,12:43,S08,OND6_15,PTR6,grid,0.344
763,12:43,S08,OND6_2,PTR6,grid,0.399
763,12:43,S08,OND6_3,PTR6,grid,0.349
763,12:43,S08,OND6_4,PTR6,grid,0.372
763,12:43,S08,OND6_5,PTR6,grid,0.361
763,12:43,S08,OND6_6,PTR6,grid,0.331
763,12:43,S08,OND6_7,PTR6,grid,0.358
763,12:43,S08,OND6_8,PTR6,grid,0.314
763,12:43,S08,OND6_9,PTR6,grid,0.334
763,12:43,S08,OND7_1,PTR7,grid,0.322
763,12:43,S08,OND7_10,PTR7,grid,0.357
763,12:43,S08,OND7_11,PTR7,grid,0.355
763,12:43,S08,OND7_12,PTR7,grid,0.322
763,12:43,S08,OND7_13,PTR7,grid,0.381
763,12:43,S08,OND7_14,PTR7,grid,0.323
763,12:43,S08,OND7_15,PTR7,grid,0.355
763,12:43,S08,OND7_2,PTR7,grid,0.187
763,12:43,S08,OND7_3,PTR7,grid,0.367
763,12:43,S08,OND7_4,PTR7,grid,0.342
763,12:43,S08,OND7_5,PTR7,grid,0.351
763,12:43,S08,OND7_6,PTR7,grid,0.335
763,12:43,S08,OND7_7,PTR7,grid,0.380
763,12:43,S08,OND7_8,PTR7,grid,0.340
764,12:44,S02,OND7_9,PTR7,dc_fault,0.715
764,12:44,S03,OND8_6,PTR8,derating,0.951
764,12:44,S06,OND7_2,PTR7,drift,0.187
764,12:44,S08,OND6_1,PTR6,grid,0.333
764,12:44,S08,OND6_10,PTR6,grid,0.371
764,12:44,S08,OND6_11,PTR6,grid,0.322
764,12:44,S08,OND6_12,PTR6,grid,0.324
764,12:44,S08,OND6_13,PTR6,grid,0.323
764,12:44,S08,OND6_14,PTR6,grid,0.332
764,12:44,S08,OND6_15,PTR6,grid,0.332
764,12:44,S08,OND6_2,PTR6,grid,0.370
764,12:44,S08,OND6_3,PTR6,grid,0.357
764,12:44,S08,OND6_4,PTR6,grid,0.366
764,12:44,S08,OND6_5,PTR6,grid,0.342
764,12:44,S08,OND6_6,PTR6,grid,0.306
764,12:44,S08,OND6_7,PTR6,grid,0.351
764,12:44,S08,OND6_8,PTR6,grid,0.324
764,12:44,S08,OND6_9,PTR6,grid,0.299
764,12:44,S08,OND7_1,PTR7,grid,0.319
764,12:44,S08,OND7_10,PTR7,grid,0.344
764,12:44,S08,OND7_11,PTR7,grid,0.341
764,12:44,S08,OND7_12,PTR7,grid,0.315
764,12:44,S08,OND7_13,PTR7,grid,0.371
764,12:44,S08,OND7_14,PTR7,grid,0.317
764,12:44,S08,OND7_15,PTR7,grid,0.361
764,12:44,S08,OND7_2,PTR7,grid,0.171
764,12:44,S08,OND7_3,PTR7,grid,0.349
764,12:44,S08,OND7_4,PTR7,grid,0.313
764,12:44,S08,OND7_5,PTR7,grid,0.359
764,12:44,S08,OND7_6,PTR7,grid,0.334
764,12:44,S08,OND7_7,PTR7,grid,0.338
764,12:44,S08,OND7_8,PTR7,grid,0.308
765,12:45,S02,OND7_9,PTR7,dc_fault,0.721
765,12:45,S03,OND8_6,PTR8,derating,0.942
765,12:45,S06,OND7_2,PTR7,drift,0.188
765,12:45,S08,OND6_1,PTR6,grid,0.340
765,12:45,S08,OND6_10,PTR6,grid,0.357
765,12:45,S08,OND6_11,PTR6,grid,0.325
765,12:45,S08,OND6_12,PTR6,grid,0.318
765,12:45,S08,OND6_13,PTR6,grid,0.329
765,12:45,S08,OND6_14,PTR6,grid,0.333
765,12:45,S08,OND6_15,PTR6,grid,0.333
765,12:45,S08,OND6_2,PTR6,grid,0.388
765,12:45,S08,OND6_3,PTR6,grid,0.349
765,12:45,S08,OND6_4,PTR6,grid,0.338
765,12:45,S08,OND6_5,PTR6,grid,0.361
765,12:45,S08,OND6_6,PTR6,grid,0.329
765,12:45,S08,OND6_7,PTR6,grid,0.337
765,12:45,S08,OND6_8,PTR6,grid,0.322
765,12:45,S08,OND6_9,PTR6,grid,0.304
765,12:45,S08,OND7_1,PTR7,grid,0.297
765,12:45,S08,OND7_10,PTR7,grid,0.338
765,12:45,S08,OND7_11,PTR7,grid,0.348
765,12:45,S08,OND7_12,PTR7,grid,0.315
765,12:45,S08,OND7_13,PTR7,grid,0.390
765,12:45,S08,OND7_14,PTR7,grid,0.313
765,12:45,S08,OND7_15,PTR7,grid,0.356
765,12:45,S08,OND7_2,PTR7,grid,0.165
765,12:45,S08,OND7_3,PTR7,grid,0.328
765,12:45,S08,OND7_4,PTR7,grid,0.311
765,12:45,S08,OND7_5,PTR7,grid,0.357
765,12:45,S08,OND7_6,PTR7,grid,0.329
765,12:45,S08,OND7_7,PTR7,grid,0.362
765,12:45,S08,OND7_8,PTR7,grid,0.324
766,12:46,S02,OND7_9,PTR7,dc_fault,0.714
766,12:46,S03,OND8_6,PTR8,derating,0.926
766,12:46,S06,OND7_2,PTR7,drift,0.186
766,12:46,S08,OND6_1,PTR6,grid,0.303
766,12:46,S08,OND6_10,PTR6,grid,0.348
766,12:46,S08,OND6_11,PTR6,grid,0.299
766,12:46,S08,OND6_12,PTR6,grid,0.307
766,12:46,S08,OND6_13,PTR6,grid,0.319
766,12:46,S08,OND6_14,PTR6,grid,0.320
766,12:46,S08,OND6_15,PTR6,grid,0.318
766,12:46,S08,OND6_2,PTR6,grid,0.366
766,12:46,S08,OND6_3,PTR6,grid,0.344
766,12:46,S08,OND6_4,PTR6,grid,0.358
766,12:46,S08,OND6_5,PTR6,grid,0.340
766,12:46,S08,OND6_6,PTR6,grid,0.327
766,12:46,S08,OND6_7,PTR6,grid,0.320
766,12:46,S08,OND6_8,PTR6,grid,0.305
766,12:46,S08,OND6_9,PTR6,grid,0.285
766,12:46,S08,OND7_1,PTR7,grid,0.280
766,12:46,S08,OND7_10,PTR7,grid,0.313
766,12:46,S08,OND7_11,PTR7,grid,0.333
766,12:46,S08,OND7_12,PTR7,grid,0.299
766,12:46,S08,OND7_13,PTR7,grid,0.359
766,12:46,S08,OND7_14,PTR7,grid,0.293
766,12:46,S08,OND7_15,PTR7,grid,0.336
766,12:46,S08,OND7_2,PTR7,grid,0.148
766,12:46,S08,OND7_3,PTR7,grid,0.321
766,12:46,S08,OND7_4,PTR7,grid,0.288
766,12:46,S08,OND7_5,PTR7,grid,0.353
766,12:46,S08,OND7_6,PTR7,grid,0.324
766,12:46,S08,OND7_7,PTR7,grid,0.321
766,12:46,S08,OND7_8,PTR7,grid,0.310
767,12:47,S02,OND7_9,PTR7,dc_fault,0.712
767,12:47,S03,OND8_6,PTR8,derating,0.929
767,12:47,S06,OND7_2,PTR7,drift,0.186
767,12:47,S08,OND6_1,PTR6,grid,0.302
767,12:47,S08,OND6_10,PTR6,grid,0.354
767,12:47,S08,OND6_11,PTR6,grid,0.291
767,12:47,S08,OND6_12,PTR6,grid,0.289
767,12:47,S08,OND6_13,PTR6,grid,0.296
767,12:47,S08,OND6_14,PTR6,grid,0.308
767,12:47,S08,OND6_15,PTR6,grid,0.323
767,12:47,S08,OND6_2,PTR6,grid,0.354
767,12:47,S08,OND6_3,PTR6,grid,0.335
767,12:47,S08,OND6_4,PTR6,grid,0.333
767,12:47,S08,OND6_5,PTR6,grid,0.324
767,12:47,S08,OND6_6,PTR6,grid,0.308
767,12:47,S08,OND6_7,PTR6,grid,0.331
767,12:47,S08,OND6_8,PTR6,grid,0.308
767,12:47,S08,OND6_9,PTR6,grid,0.280
767,12:47,S08,OND7_1,PTR7,grid,0.319
767,12:47,S08,OND7_10,PTR7,grid,0.324
767,12:47,S08,OND7_11,PTR7,grid,0.303
767,12:47,S08,OND7_12,PTR7,grid,0.288
767,12:47,S08,OND7_13,PTR7,grid,0.361
767,12:47,S08,OND7_14,PTR7,grid,0.308
767,12:47,S08,OND7_15,PTR7,grid,0.323
767,12:47,S08,OND7_2,PTR7,grid,0.138
767,12:47,S08,OND7_3,PTR7,grid,0.320
767,12:47,S08,OND7_4,PTR7,grid,0.302
767,12:47,S08,OND7_5,PTR7,grid,0.341
767,12:47,S08,OND7_6,PTR7,grid,0.313
767,12:47,S08,OND7_7,PTR7,grid,0.350
767,12:47,S08,OND7_8,PTR7,grid,0.290
768,12:48,S02,OND7_9,PTR7,dc_fault,0.717
768,12:48,S03,OND8_6,PTR8,derating,0.917
768,12:48,S06,OND7_2,PTR7,drift,0.189
768,12:48,S08,OND6_1,PTR6,grid,0.309
768,12:48,S08,OND6_10,PTR6,grid,0.352
768,12:48,S08,OND6_11,PTR6,grid,0.317
768,12:48,S08,OND6_12,PTR6,grid,0.334
768,12:48,S08,OND6_13,PTR6,grid,0.330
768,12:48,S08,OND6_14,PTR6,grid,0.321
768,12:48,S08,OND6_15,PTR6,grid,0.339
768,12:48,S08,OND6_2,PTR6,grid,0.389
768,12:48,S08,OND6_3,PTR6,grid,0.341
768,12:48,S08,OND6_4,PTR6,grid,0.335
768,12:48,S08,OND6_5,PTR6,grid,0.325
768,12:48,S08,OND6_6,PTR6,grid,0.335
768,12:48,S08,OND6_7,PTR6,grid,0.348
768,12:48,S08,OND6_8,PTR6,grid,0.300
768,12:48,S08,OND6_9,PTR6,grid,0.284
768,12:48,S08,OND7_1,PTR7,grid,0.307
768,12:48,S08,OND7_10,PTR7,grid,0.337
768,12:48,S08,OND7_11,PTR7,grid,0.320
768,12:48,S08,OND7_12,PTR7,grid,0.302
768,12:48,S08,OND7_13,PTR7,grid,0.372
768,12:48,S08,OND7_14,PTR7,grid,0.299
768,12:48,S08,OND7_15,PTR7,grid,0.343
768,12:48,S08,OND7_2,PTR7,grid,0.171
768,12:48,S08,OND7_3,PTR7,grid,0.336
768,12:48,S08,OND7_4,PTR7,grid,0.295
768,12:48,S08,OND7_5,PTR7,grid,0.356
768,12:48,S08,OND7_6,PTR7,grid,0.324
768,12:48,S08,OND7_7,PTR7,grid,0.355
768,12:48,S08,OND7_8,PTR7,grid,0.311
769,12:49,S02,OND7_9,PTR7,dc_fault,0.711
769,12:49,S03,OND8_6,PTR8,derating,0.920
769,12:49,S06,OND7_2,PTR7,drift,0.190
769,12:49,S08,OND6_1,PTR6,grid,0.293
769,12:49,S08,OND6_10,PTR6,grid,0.351
769,12:49,S08,OND6_11,PTR6,grid,0.318
769,12:49,S08,OND6_12,PTR6,grid,0.290
769,12:49,S08,OND6_13,PTR6,grid,0.312
769,12:49,S08,OND6_14,PTR6,grid,0.302
769,12:49,S08,OND6_15,PTR6,grid,0.313
769,12:49,S08,OND6_2,PTR6,grid,0.344
769,12:49,S08,OND6_3,PTR6,grid,0.338
769,12:49,S08,OND6_4,PTR6,grid,0.341
769,12:49,S08,OND6_5,PTR6,grid,0.330
769,12:49,S08,OND6_6,PTR6,grid,0.301
769,12:49,S08,OND6_7,PTR6,grid,0.321
769,12:49,S08,OND6_8,PTR6,grid,0.294
769,12:49,S08,OND6_9,PTR6,grid,0.280
769,12:49,S08,OND7_1,PTR7,grid,0.291
769,12:49,S08,OND7_10,PTR7,grid,0.312
769,12:49,S08,OND7_11,PTR7,grid,0.331
769,12:49,S08,OND7_12,PTR7,grid,0.299
769,12:49,S08,OND7_13,PTR7,grid,0.356
769,12:49,S08,OND7_14,PTR7,grid,0.314
769,12:49,S08,OND7_15,PTR7,grid,0.357
769,12:49,S08,OND7_2,PTR7,grid,0.164
769,12:49,S08,OND7_3,PTR7,grid,0.313
769,12:49,S08,OND7_4,PTR7,grid,0.303
769,12:49,S08,OND7_5,PTR7,grid,0.344
769,12:49,S08,OND7_6,PTR7,grid,0.309
769,12:49,S08,OND7_7,PTR7,grid,0.343
769,12:49,S08,OND7_8,PTR7,grid,0.325
770,12:50,S02,OND7_9,PTR7,dc_fault,0.714
770,12:50,S03,OND8_6,PTR8,derating,0.934
770,12:50,S06,OND7_2,PTR7,drift,0.190
770,12:50,S08,OND6_1,PTR6,grid,0.314
770,12:50,S08,OND6_10,PTR6,grid,0.344
770,12:50,S08,OND6_11,PTR6,grid,0.273
770,12:50,S08,OND6_12,PTR6,grid,0.314
770,12:50,S08,OND6_13,PTR6,grid,0.314
770,12:50,S08,OND6_14,PTR6,grid,0.336
770,12:50,S08,OND6_15,PTR6,grid,0.324
770,12:50,S08,OND6_2,PTR6,grid,0.350
770,12:50,S08,OND6_3,PTR6,grid,0.352
770,12:50,S08,OND6_4,PTR6,grid,0.328
770,12:50,S08,OND6_5,PTR6,grid,0.320
770,12:50,S08,OND6_6,PTR6,grid,0.311
770,12:50,S08,OND6_7,PTR6,grid,0.332
770,12:50,S08,OND6_8,PTR6,grid,0.307
770,12:50,S08,OND6_9,PTR6,grid,0.289
770,12:50,S08,OND7_1,PTR7,grid,0.279
770,12:50,S08,OND7_10,PTR7,grid,0.323
770,12:50,S08,OND7_11,PTR7,grid,0.330
770,12:50,S08,OND7_12,PTR7,grid,0.294
770,12:50,S08,OND7_13,PTR7,grid,0.374
770,12:50,S08,OND7_14,PTR7,grid,0.288
770,12:50,S08,OND7_15,PTR7,grid,0.328
770,12:50,S08,OND7_2,PTR7,grid,0.157
770,12:50,S08,OND7_3,PTR7,grid,0.338
770,12:50,S08,OND7_4,PTR7,grid,0.292
770,12:50,S08,OND7_5,PTR7,grid,0.324
770,12:50,S08,OND7_6,PTR7,grid,0.313
770,12:50,S08,OND7_7,PTR7,grid,0.361
770,12:50,S08,OND7_8,PTR7,grid,0.303
771,12:51,S02,OND7_9,PTR7,dc_fault,0.718
771,12:51,S03,OND8_6,PTR8,derating,0.933
771,12:51,S06,OND7_2,PTR7,drift,0.192
771,12:51,S08,OND6_1,PTR6,grid,0.334
771,12:51,S08,OND6_10,PTR6,grid,0.354
771,12:51,S08,OND6_11,PTR6,grid,0.310
771,12:51,S08,OND6_12,PTR6,grid,0.330
771,12:51,S08,OND6_13,PTR6,grid,0.336
771,12:51,S08,OND6_14,PTR6,grid,0.337
771,12:51,S08,OND6_15,PTR6,grid,0.335
771,12:51,S08,OND6_2,PTR6,grid,0.386
771,12:51,S08,OND6_3,PTR6,grid,0.351
771,12:51,S08,OND6_4,PTR6,grid,0.349
771,12:51,S08,OND6_5,PTR6,grid,0.362
771,12:51,S08,OND6_6,PTR6,grid,0.341
771,12:51,S08,OND6_7,PTR6,grid,0.327
771,12:51,S08,OND6_8,PTR6,grid,0.332
771,12:51,S08,OND6_9,PTR6,grid,0.297
771,12:51,S08,OND7_1,PTR7,grid,0.301
771,12:51,S08,OND7_10,PTR7,grid,0.335
771,12:51,S08,OND7_11,PTR7,grid,0.343
771,12:51,S08,OND7_12,PTR7,grid,0.332
771,12:51,S08,OND7_13,PTR7,grid,0.378
771,12:51,S08,OND7_14,PTR7,grid,0.324
771,12:51,S08,OND7_15,PTR7,grid,0.359
771,12:51,S08,OND7_2,PTR7,grid,0.185
771,12:51,S08,OND7_3,PTR7,grid,0.343
771,12:51,S08,OND7_4,PTR7,grid,0.309
771,12:51,S08,OND7_5,PTR7,grid,0.354
771,12:51,S08,OND7_6,PTR7,grid,0.327
771,12:51,S08,OND7_7,PTR7,grid,0.348
771,12:51,S08,OND7_8,PTR7,grid,0.300
772,12:52,S02,OND7_9,PTR7,dc_fault,0.719
772,12:52,S03,OND8_6,PTR8,derating,0.965
772,12:52,S06,OND7_2,PTR7,drift,0.191
772,12:52,S08,OND6_1,PTR6,grid,0.353
772,12:52,S08,OND6_10,PTR6,grid,0.372
772,12:52,S08,OND6_11,PTR6,grid,0.320
772,12:52,S08,OND6_12,PTR6,grid,0.328
772,12:52,S08,OND6_13,PTR6,grid,0.350
772,12:52,S08,OND6_14,PTR6,grid,0.339
772,12:52,S08,OND6_15,PTR6,grid,0.334
772,12:52,S08,OND6_2,PTR6,grid,0.400
772,12:52,S08,OND6_3,PTR6,grid,0.363
772,12:52,S08,OND6_4,PTR6,grid,0.360
772,12:52,S08,OND6_5,PTR6,grid,0.378
772,12:52,S08,OND6_6,PTR6,grid,0.344
772,12:52,S08,OND6_7,PTR6,grid,0.341
772,12:52,S08,OND6_8,PTR6,grid,0.313
772,12:52,S08,OND6_9,PTR6,grid,0.331
772,12:52,S08,OND7_1,PTR7,grid,0.315
772,12:52,S08,OND7_10,PTR7,grid,0.340
772,12:52,S08,OND7_11,PTR7,grid,0.357
772,12:52,S08,OND7_12,PTR7,grid,0.328
772,12:52,S08,OND7_13,PTR7,grid,0.383
772,12:52,S08,OND7_14,PTR7,grid,0.324
772,12:52,S08,OND7_15,PTR7,grid,0.377
772,12:52,S08,OND7_2,PTR7,grid,0.180
772,12:52,S08,OND7_3,PTR7,grid,0.357
772,12:52,S08,OND7_4,PTR7,grid,0.340
772,12:52,S08,OND7_5,PTR7,grid,0.361
772,12:52,S08,OND7_6,PTR7,grid,0.359
772,12:52,S08,OND7_7,PTR7,grid,0.381
772,12:52,S08,OND7_8,PTR7,grid,0.329
773,12:53,S02,OND7_9,PTR7,dc_fault,0.718
773,12:53,S03,OND8_6,PTR8,derating,0.937
773,12:53,S06,OND7_2,PTR7,drift,0.193
773,12:53,S08,OND6_1,PTR6,grid,0.333
773,12:53,S08,OND6_10,PTR6,grid,0.377
773,12:53,S08,OND6_11,PTR6,grid,0.316
773,12:53,S08,OND6_12,PTR6,grid,0.339
773,12:53,S08,OND6_13,PTR6,grid,0.345
773,12:53,S08,OND6_14,PTR6,grid,0.336
773,12:53,S08,OND6_15,PTR6,grid,0.347
773,12:53,S08,OND6_2,PTR6,grid,0.410
773,12:53,S08,OND6_3,PTR6,grid,0.373
773,12:53,S08,OND6_4,PTR6,grid,0.360
773,12:53,S08,OND6_5,PTR6,grid,0.363
773,12:53,S08,OND6_6,PTR6,grid,0.322
773,12:53,S08,OND6_7,PTR6,grid,0.343
773,12:53,S08,OND6_8,PTR6,grid,0.326
773,12:53,S08,OND6_9,PTR6,grid,0.310
773,12:53,S08,OND7_1,PTR7,grid,0.298
773,12:53,S08,OND7_10,PTR7,grid,0.350
773,12:53,S08,OND7_11,PTR7,grid,0.359
773,12:53,S08,OND7_12,PTR7,grid,0.325
773,12:53,S08,OND7_13,PTR7,grid,0.372
773,12:53,S08,OND7_14,PTR7,grid,0.329
773,12:53,S08,OND7_15,PTR7,grid,0.346
773,12:53,S08,OND7_2,PTR7,grid,0.193
773,12:53,S08,OND7_3,PTR7,grid,0.331
773,12:53,S08,OND7_4,PTR7,grid,0.316
773,12:53,S08,OND7_5,PTR7,grid,0.369
773,12:53,S08,OND7_6,PTR7,grid,0.346
773,12:53,S08,OND7_7,PTR7,grid,0.383
773,12:53,S08,OND7_8,PTR7,grid,0.345
774,12:54,S02,OND7_9,PTR7,dc_fault,0.717
774,12:54,S03,OND8_6,PTR8,derating,0.917
774,12:54,S06,OND7_2,PTR7,drift,0.191
774,12:54,S08,OND6_1,PTR6,grid,0.325
774,12:54,S08,OND6_10,PTR6,grid,0.362
774,12:54,S08,OND6_11,PTR6,grid,0.322
774,12:54,S08,OND6_12,PTR6,grid,0.311
774,12:54,S08,OND6_13,PTR6,grid,0.317
774,12:54,S08,OND6_14,PTR6,grid,0.327
774,12:54,S08,OND6_15,PTR6,grid,0.339
774,12:54,S08,OND6_2,PTR6,grid,0.372
774,12:54,S08,OND6_3,PTR6,grid,0.361
774,12:54,S08,OND6_4,PTR6,grid,0.345
774,12:54,S08,OND6_5,PTR6,grid,0.343
774,12:54,S08,OND6_6,PTR6,grid,0.335
774,12:54,S08,OND6_7,PTR6,grid,0.335
774,12:54,S08,OND6_8,PTR6,grid,0.301
774,12:54,S08,OND6_9,PTR6,grid,0.308
774,12:54,S08,OND7_1,PTR7,grid,0.290
774,12:54,S08,OND7_10,PTR7,grid,0.350
774,12:54,S08,OND7_11,PTR7,grid,0.320
774,12:54,S08,OND7_12,PTR7,grid,0.313
774,12:54,S08,OND7_13,PTR7,grid,0.375
774,12:54,S08,OND7_14,PTR7,grid,0.308
774,12:54,S08,OND7_15,PTR7,grid,0.368
774,12:54,S08,OND7_2,PTR7,grid,0.160
774,12:54,S08,OND7_3,PTR7,grid,0.338
774,12:54,S08,OND7_4,PTR7,grid,0.332
774,12:54,S08,OND7_5,PTR7,grid,0.364
774,12:54,S08,OND7_6,PTR7,grid,0.323
774,12:54,S08,OND7_7,PTR7,grid,0.357
774,12:54,S08,OND7_8,PTR7,grid,0.308
775,12:55,S02,OND7_9,PTR7,dc_fault,0.713
775,12:55,S03,OND8_6,PTR8,derating,0.926
775,12:55,S06,OND7_2,PTR7,drift,0.192
775,12:55,S08,OND6_1,PTR6,grid,0.312
775,12:55,S08,OND6_10,PTR6,grid,0.363
775,12:55,S08,OND6_11,PTR6,grid,0.307
775,12:55,S08,OND6_12,PTR6,grid,0.316
775,12:55,S08,OND6_13,PTR6,grid,0.323
775,12:55,S08,OND6_14,PTR6,grid,0.310
775,12:55,S08,OND6_15,PTR6,grid,0.320
775,12:55,S08,OND6_2,PTR6,grid,0.358
775,12:55,S08,OND6_3,PTR6,grid,0.357
775,12:55,S08,OND6_4,PTR6,grid,0.347
775,12:55,S08,OND6_5,PTR6,grid,0.335
775,12:55,S08,OND6_6,PTR6,grid,0.335
775,12:55,S08,OND6_7,PTR6,grid,0.334
775,12:55,S08,OND6_8,PTR6,grid,0.301
775,12:55,S08,OND6_9,PTR6,grid,0.305
775,12:55,S08,OND7_1,PTR7,grid,0.297
775,12:55,S08,OND7_10,PTR7,grid,0.347
775,12:55,S08,OND7_11,PTR7,grid,0.329
775,12:55,S08,OND7_12,PTR7,grid,0.315
775,12:55,S08,OND7_13,PTR7,grid,0.370
775,12:55,S08,OND7_14,PTR7,grid,0.295
775,12:55,S08,OND7_15,PTR7,grid,0.351
775,12:55,S08,OND7_2,PTR7,grid,0.158
775,12:55,S08,OND7_3,PTR7,grid,0.335
775,12:55,S08,OND7_4,PTR7,grid,0.310
775,12:55,S08,OND7_5,PTR7,grid,0.333
775,12:55,S08,OND7_6,PTR7,grid,0.313
775,12:55,S08,OND7_7,PTR7,grid,0.353
775,12:55,S08,OND7_8,PTR7,grid,0.307
776,12:56,S02,OND7_9,PTR7,dc_fault,0.713
776,12:56,S03,OND8_6,PTR8,derating,0.922
776,12:56,S06,OND7_2,PTR7,drift,0.192
776,12:56,S08,OND6_1,PTR6,grid,0.322
776,12:56,S08,OND6_10,PTR6,grid,0.363
776,12:56,S08,OND6_11,PTR6,grid,0.288
776,12:56,S08,OND6_12,PTR6,grid,0.320
776,12:56,S08,OND6_13,PTR6,grid,0.313
776,12:56,S08,OND6_14,PTR6,grid,0.337
776,12:56,S08,OND6_15,PTR6,grid,0.342
776,12:56,S08,OND6_2,PTR6,grid,0.363
776,12:56,S08,OND6_3,PTR6,grid,0.379
776,12:56,S08,OND6_4,PTR6,grid,0.346
776,12:56,S08,OND6_5,PTR6,grid,0.334
776,12:56,S08,OND6_6,PTR6,grid,0.314
776,12:56,S08,OND6_7,PTR6,grid,0.325
776,12:56,S08,OND6_8,PTR6,grid,0.317
776,12:56,S08,OND6_9,PTR6,grid,0.302
776,12:56,S08,OND7_1,PTR7,grid,0.291
776,12:56,S08,OND7_10,PTR7,grid,0.339
776,12:56,S08,OND7_11,PTR7,grid,0.326
776,12:56,S08,OND7_12,PTR7,grid,0.314
776,12:56,S08,OND7_13,PTR7,grid,0.377
776,12:56,S08,OND7_14,PTR7,grid,0.289
776,12:56,S08,OND7_15,PTR7,grid,0.353
776,12:56,S08,OND7_2,PTR7,grid,0.150
776,12:56,S08,OND7_3,PTR7,grid,0.335
776,12:56,S08,OND7_4,PTR7,grid,0.320
776,12:56,S08,OND7_5,PTR7,grid,0.352
776,12:56,S08,OND7_6,PTR7,grid,0.322
776,12:56,S08,OND7_7,PTR7,grid,0.350
776,12:56,S08,OND7_8,PTR7,grid,0.322
777,12:57,S02,OND7_9,PTR7,dc_fault,0.715
777,12:57,S03,OND8_6,PTR8,derating,0.914
777,12:57,S06,OND7_2,PTR7,drift,0.192
777,12:57,S08,OND6_1,PTR6,grid,0.321
777,12:57,S08,OND6_10,PTR6,grid,0.342
777,12:57,S08,OND6_11,PTR6,grid,0.293
777,12:57,S08,OND6_12,PTR6,grid,0.300
777,12:57,S08,OND6_13,PTR6,grid,0.317
777,12:57,S08,OND6_14,PTR6,grid,0.305
777,12:57,S08,OND6_15,PTR6,grid,0.320
777,12:57,S08,OND6_2,PTR6,grid,0.357
777,12:57,S08,OND6_3,PTR6,grid,0.323
777,12:57,S08,OND6_4,PTR6,grid,0.349
777,12:57,S08,OND6_5,PTR6,grid,0.343
777,12:57,S08,OND6_6,PTR6,grid,0.311
777,12:57,S08,OND6_7,PTR6,grid,0.318
777,12:57,S08,OND6_8,PTR6,grid,0.294
777,12:57,S08,OND6_9,PTR6,grid,0.279
777,12:57,S08,OND7_1,PTR7,grid,0.279
777,12:57,S08,OND7_10,PTR7,grid,0.313
777,12:57,S08,OND7_11,PTR7,grid,0.336
777,12:57,S08,OND7_12,PTR7,grid,0.296
777,12:57,S08,OND7_13,PTR7,grid,0.361
777,12:57,S08,OND7_14,PTR7,grid,0.306
777,12:57,S08,OND7_15,PTR7,grid,0.336
777,12:57,S08,OND7_2,PTR7,grid,0.139
777,12:57,S08,OND7_3,PTR7,grid,0.320
777,12:57,S08,OND7_4,PTR7,grid,0.288
777,12:57,S08,OND7_5,PTR7,grid,0.325
777,12:57,S08,OND7_6,PTR7,grid,0.307
777,12:57,S08,OND7_7,PTR7,grid,0.333
777,12:57,S08,OND7_8,PTR7,grid,0.297
778,12:58,S02,OND7_9,PTR7,dc_fault,0.708
778,12:58,S03,OND8_6,PTR8,derating,0.907
778,12:58,S06,OND7_2,PTR7,drift,0.192
778,12:58,S08,OND6_1,PTR6,grid,0.311
778,12:58,S08,OND6_10,PTR6,grid,0.343
778,12:58,S08,OND6_11,PTR6,grid,0.281
778,12:58,S08,OND6_12,PTR6,grid,0.295
778,12:58,S08,OND6_13,PTR6,grid,0.306
778,12:58,S08,OND6_14,PTR6,grid,0.305
778,12:58,S08,OND6_15,PTR6,grid,0.313
778,12:58,S08,OND6_2,PTR6,grid,0.326
778,12:58,S08,OND6_3,PTR6,grid,0.322
778,12:58,S08,OND6_4,PTR6,grid,0.330
778,12:58,S08,OND6_5,PTR6,grid,0.326
778,12:58,S08,OND6_6,PTR6,grid,0.291
778,12:58,S08,OND6_7,PTR6,grid,0.294
778,12:58,S08,OND6_8,PTR6,grid,0.280
778,12:58,S08,OND6_9,PTR6,grid,0.280
778,12:58,S08,OND7_1,PTR7,grid,0.269
778,12:58,S08,OND7_10,PTR7,grid,0.320
778,12:58,S08,OND7_11,PTR7,grid,0.310
778,12:58,S08,OND7_12,PTR7,grid,0.278
778,12:58,S08,OND7_13,PTR7,grid,0.360
778,12:58,S08,OND7_14,PTR7,grid,0.268
778,12:58,S08,OND7_15,PTR7,grid,0.327
778,12:58,S08,OND7_2,PTR7,grid,0.138
778,12:58,S08,OND7_3,PTR7,grid,0.300
778,12:58,S08,OND7_4,PTR7,grid,0.292
778,12:58,S08,OND7_5,PTR7,grid,0.323
778,12:58,S08,OND7_6,PTR7,grid,0.285
778,12:58,S08,OND7_7,PTR7,grid,0.347
778,12:58,S08,OND7_8,PTR7,grid,0.291
779,12:59,S02,OND7_9,PTR7,dc_fault,0.705
779,12:59,S03,OND8_6,PTR8,derating,0.921
779,12:59,S06,OND7_2,PTR7,drift,0.192
779,12:59,S08,OND6_1,PTR6,grid,0.307
779,12:59,S08,OND6_10,PTR6,grid,0.329
779,12:59,S08,OND6_11,PTR6,grid,0.280
779,12:59,S08,OND6_12,PTR6,grid,0.297
779,12:59,S08,OND6_13,PTR6,grid,0.322
779,12:59,S08,OND6_14,PTR6,grid,0.294
779,12:59,S08,OND6_15,PTR6,grid,0.316
779,12:59,S08,OND6_2,PTR6,grid,0.339
779,12:59,S08,OND6_3,PTR6,grid,0.328
779,12:59,S08,OND6_4,PTR6,grid,0.329
779,12:59,S08,OND6_5,PTR6,grid,0.330
779,12:59,S08,OND6_6,PTR6,grid,0.312
779,12:59,S08,OND6_7,PTR6,grid,0.319
779,12:59,S08,OND6_8,PTR6,grid,0.290
779,12:59,S08,OND6_9,PTR6,grid,0.271
779,12:59,S08,OND7_1,PTR7,grid,0.279
779,12:59,S08,OND7_10,PTR7,grid,0.321
779,12:59,S08,OND7_11,PTR7,grid,0.331
779,12:59,S08,OND7_12,PTR7,grid,0.296
779,12:59,S08,OND7_13,PTR7,grid,0.345
779,12:59,S08,OND7_14,PTR7,grid,0.282
779,12:59,S08,OND7_15,PTR7,grid,0.330
779,12:59,S08,OND7_2,PTR7,grid,0.125
779,12:59,S08,OND7_3,PTR7,grid,0.302
779,12:59,S08,OND7_4,PTR7,grid,0.290
779,12:59,S08,OND7_5,PTR7,grid,0.329
779,12:59,S08,OND7_6,PTR7,grid,0.307
779,12:59,S08,OND7_7,PTR7,grid,0.331
779,12:59,S08,OND7_8,PTR7,grid,0.290
780,13:00,S02,OND7_9,PTR7,dc_fault,0.709
780,13:00,S03,OND8_6,PTR8,derating,0.903
780,13:00,S06,OND7_2,PTR7,drift,0.194
781,13:01,S02,OND7_9,PTR7,dc_fault,0.709
781,13:01,S03,OND8_6,PTR8,derating,0.898
781,13:01,S06,OND7_2,PTR7,drift,0.195
782,13:02,S02,OND7_9,PTR7,dc_fault,0.707
782,13:02,S03,OND8_6,PTR8,derating,0.895
782,13:02,S06,OND7_2,PTR7,drift,0.192
783,13:03,S02,OND7_9,PTR7,dc_fault,0.707
783,13:03,S03,OND8_6,PTR8,derating,0.891
783,13:03,S06,OND7_2,PTR7,drift,0.194
784,13:04,S02,OND7_9,PTR7,dc_fault,0.704
784,13:04,S03,OND8_6,PTR8,derating,0.887
784,13:04,S06,OND7_2,PTR7,drift,0.195
785,13:05,S02,OND7_9,PTR7,dc_fault,0.707
785,13:05,S03,OND8_6,PTR8,derating,0.881
785,13:05,S06,OND7_2,PTR7,drift,0.194
786,13:06,S02,OND7_9,PTR7,dc_fault,0.705
786,13:06,S03,OND8_6,PTR8,derating,0.885
786,13:06,S06,OND7_2,PTR7,drift,0.194
787,13:07,S02,OND7_9,PTR7,dc_fault,0.705
787,13:07,S03,OND8_6,PTR8,derating,0.877
787,13:07,S06,OND7_2,PTR7,drift,0.194
788,13:08,S02,OND7_9,PTR7,dc_fault,0.702
788,13:08,S03,OND8_6,PTR8,derating,0.867
788,13:08,S06,OND7_2,PTR7,drift,0.193
789,13:09,S02,OND7_9,PTR7,dc_fault,0.702
789,13:09,S03,OND8_6,PTR8,derating,0.836
789,13:09,S06,OND7_2,PTR7,drift,0.194
790,13:10,S02,OND7_9,PTR7,dc_fault,0.697
790,13:10,S03,OND8_6,PTR8,derating,0.842
790,13:10,S06,OND7_2,PTR7,drift,0.193
791,13:11,S02,OND7_9,PTR7,dc_fault,0.692
791,13:11,S03,OND8_6,PTR8,derating,0.817
791,13:11,S06,OND7_2,PTR7,drift,0.194
792,13:12,S02,OND7_9,PTR7,dc_fault,0.686
792,13:12,S03,OND8_6,PTR8,derating,0.814
792,13:12,S06,OND7_2,PTR7,drift,0.192
793,13:13,S02,OND7_9,PTR7,dc_fault,0.687
793,13:13,S03,OND8_6,PTR8,derating,0.815
793,13:13,S06,OND7_2,PTR7,drift,0.192
794,13:14,S02,OND7_9,PTR7,dc_fault,0.691
794,13:14,S03,OND8_6,PTR8,derating,0.819
794,13:14,S06,OND7_2,PTR7,drift,0.193
795,13:15,S02,OND7_9,PTR7,dc_fault,0.686
795,13:15,S03,OND8_6,PTR8,derating,0.790
795,13:15,S06,OND7_2,PTR7,drift,0.193
795,13:15,S09,OND8_9,PTR8,maintenance,3.207
796,13:16,S02,OND7_9,PTR7,dc_fault,0.687
796,13:16,S03,OND8_6,PTR8,derating,0.807
796,13:16,S06,OND7_2,PTR7,drift,0.194
796,13:16,S09,OND8_9,PTR8,maintenance,3.214
797,13:17,S02,OND7_9,PTR7,dc_fault,0.687
797,13:17,S03,OND8_6,PTR8,derating,0.798
797,13:17,S06,OND7_2,PTR7,drift,0.194
797,13:17,S09,OND8_9,PTR8,maintenance,3.205
798,13:18,S02,OND7_9,PTR7,dc_fault,0.688
798,13:18,S03,OND8_6,PTR8,derating,0.799
798,13:18,S06,OND7_2,PTR7,drift,0.194
798,13:18,S09,OND8_9,PTR8,maintenance,3.201
799,13:19,S02,OND7_9,PTR7,dc_fault,0.683
799,13:19,S03,OND8_6,PTR8,derating,0.778
799,13:19,S06,OND7_2,PTR7,drift,0.193
799,13:19,S09,OND8_9,PTR8,maintenance,3.217
800,13:20,S02,OND7_9,PTR7,dc_fault,0.685
800,13:20,S03,OND8_6,PTR8,derating,0.802
800,13:20,S06,OND7_2,PTR7,drift,0.196
800,13:20,S09,OND8_9,PTR8,maintenance,3.213
801,13:21,S02,OND7_9,PTR7,dc_fault,0.687
801,13:21,S03,OND8_6,PTR8,derating,0.791
801,13:21,S06,OND7_2,PTR7,drift,0.196
801,13:21,S09,OND8_9,PTR8,maintenance,3.182
802,13:22,S02,OND7_9,PTR7,dc_fault,0.687
802,13:22,S03,OND8_6,PTR8,derating,0.798
802,13:22,S06,OND7_2,PTR7,drift,0.195
802,13:22,S09,OND8_9,PTR8,maintenance,3.196
803,13:23,S02,OND7_9,PTR7,dc_fault,0.682
803,13:23,S03,OND8_6,PTR8,derating,0.779
803,13:23,S06,OND7_2,PTR7,drift,0.197
803,13:23,S09,OND8_9,PTR8,maintenance,3.214
804,13:24,S02,OND7_9,PTR7,dc_fault,0.683
804,13:24,S03,OND8_6,PTR8,derating,0.777
804,13:24,S06,OND7_2,PTR7,drift,0.196
804,13:24,S09,OND8_9,PTR8,maintenance,3.178
805,13:25,S02,OND7_9,PTR7,dc_fault,0.680
805,13:25,S03,OND8_6,PTR8,derating,0.766
805,13:25,S06,OND7_2,PTR7,drift,0.195
805,13:25,S09,OND8_9,PTR8,maintenance,3.165
806,13:26,S02,OND7_9,PTR7,dc_fault,0.684
806,13:26,S03,OND8_6,PTR8,derating,0.745
806,13:26,S06,OND7_2,PTR7,drift,0.197
806,13:26,S09,OND8_9,PTR8,maintenance,3.183
807,13:27,S02,OND7_9,PTR7,dc_fault,0.678
807,13:27,S03,OND8_6,PTR8,derating,0.719
807,13:27,S06,OND7_2,PTR7,drift,0.196
807,13:27,S09,OND8_9,PTR8,maintenance,3.159
808,13:28,S02,OND7_9,PTR7,dc_fault,0.675
808,13:28,S03,OND8_6,PTR8,derating,0.754
808,13:28,S06,OND7_2,PTR7,drift,0.196
808,13:28,S09,OND8_9,PTR8,maintenance,3.155
809,13:29,S02,OND7_9,PTR7,dc_fault,0.676
809,13:29,S03,OND8_6,PTR8,derating,0.724
809,13:29,S06,OND7_2,PTR7,drift,0.196
809,13:29,S09,OND8_9,PTR8,maintenance,3.165
810,13:30,S02,OND7_9,PTR7,dc_fault,0.675
810,13:30,S03,OND8_6,PTR8,derating,0.726
810,13:30,S06,OND7_2,PTR7,drift,0.196
810,13:30,S09,OND8_9,PTR8,maintenance,3.136
811,13:31,S02,OND7_9,PTR7,dc_fault,0.671
811,13:31,S03,OND8_6,PTR8,derating,0.690
811,13:31,S06,OND7_2,PTR7,drift,0.194
811,13:31,S09,OND8_9,PTR8,maintenance,3.111
812,13:32,S02,OND7_9,PTR7,dc_fault,0.672
812,13:32,S03,OND8_6,PTR8,derating,0.705
812,13:32,S06,OND7_2,PTR7,drift,0.196
812,13:32,S09,OND8_9,PTR8,maintenance,3.114
813,13:33,S02,OND7_9,PTR7,dc_fault,0.668
813,13:33,S03,OND8_6,PTR8,derating,0.710
813,13:33,S06,OND7_2,PTR7,drift,0.197
813,13:33,S09,OND8_9,PTR8,maintenance,3.116
814,13:34,S02,OND7_9,PTR7,dc_fault,0.669
814,13:34,S03,OND8_6,PTR8,derating,0.688
814,13:34,S06,OND7_2,PTR7,drift,0.195
814,13:34,S09,OND8_9,PTR8,maintenance,3.115
815,13:35,S02,OND7_9,PTR7,dc_fault,0.665
815,13:35,S03,OND8_6,PTR8,derating,0.687
815,13:35,S06,OND7_2,PTR7,drift,0.195
815,13:35,S09,OND8_9,PTR8,maintenance,3.134
816,13:36,S02,OND7_9,PTR7,dc_fault,0.660
816,13:36,S03,OND8_6,PTR8,derating,0.685
816,13:36,S06,OND7_2,PTR7,drift,0.196
816,13:36,S09,OND8_9,PTR8,maintenance,3.097
817,13:37,S02,OND7_9,PTR7,dc_fault,0.661
817,13:37,S03,OND8_6,PTR8,derating,0.659
817,13:37,S06,OND7_2,PTR7,drift,0.194
817,13:37,S09,OND8_9,PTR8,maintenance,3.076
818,13:38,S02,OND7_9,PTR7,dc_fault,0.657
818,13:38,S03,OND8_6,PTR8,derating,0.664
818,13:38,S06,OND7_2,PTR7,drift,0.195
818,13:38,S09,OND8_9,PTR8,maintenance,3.067
819,13:39,S02,OND7_9,PTR7,dc_fault,0.653
819,13:39,S03,OND8_6,PTR8,derating,0.622
819,13:39,S06,OND7_2,PTR7,drift,0.194
819,13:39,S09,OND8_9,PTR8,maintenance,3.062
820,13:40,S02,OND7_9,PTR7,dc_fault,0.652
820,13:40,S03,OND8_6,PTR8,derating,0.616
820,13:40,S06,OND7_2,PTR7,drift,0.195
820,13:40,S09,OND8_9,PTR8,maintenance,3.040
821,13:41,S02,OND7_9,PTR7,dc_fault,0.652
821,13:41,S03,OND8_6,PTR8,derating,0.626
821,13:41,S06,OND7_2,PTR7,drift,0.194
821,13:41,S09,OND8_9,PTR8,maintenance,3.048
822,13:42,S02,OND7_9,PTR7,dc_fault,0.648
822,13:42,S03,OND8_6,PTR8,derating,0.615
822,13:42,S06,OND7_2,PTR7,drift,0.194
822,13:42,S09,OND8_9,PTR8,maintenance,3.052
823,13:43,S02,OND7_9,PTR7,dc_fault,0.643
823,13:43,S03,OND8_6,PTR8,derating,0.602
823,13:43,S06,OND7_2,PTR7,drift,0.193
823,13:43,S09,OND8_9,PTR8,maintenance,3.026
824,13:44,S02,OND7_9,PTR7,dc_fault,0.645
824,13:44,S03,OND8_6,PTR8,derating,0.583
824,13:44,S06,OND7_2,PTR7,drift,0.194
824,13:44,S09,OND8_9,PTR8,maintenance,3.006
825,13:45,S02,OND7_9,PTR7,dc_fault,0.642
825,13:45,S03,OND8_6,PTR8,derating,0.597
825,13:45,S06,OND7_2,PTR7,drift,0.194
825,13:45,S09,OND8_9,PTR8,maintenance,3.006
826,13:46,S02,OND7_9,PTR7,dc_fault,0.639
826,13:46,S03,OND8_6,PTR8,derating,0.586
826,13:46,S06,OND7_2,PTR7,drift,0.193
826,13:46,S09,OND8_9,PTR8,maintenance,3.007
827,13:47,S02,OND7_9,PTR7,dc_fault,0.636
827,13:47,S03,OND8_6,PTR8,derating,0.562
827,13:47,S06,OND7_2,PTR7,drift,0.192
827,13:47,S09,OND8_9,PTR8,maintenance,2.985
828,13:48,S02,OND7_9,PTR7,dc_fault,0.640
828,13:48,S03,OND8_6,PTR8,derating,0.557
828,13:48,S06,OND7_2,PTR7,drift,0.192
828,13:48,S09,OND8_9,PTR8,maintenance,2.965
829,13:49,S02,OND7_9,PTR7,dc_fault,0.629
829,13:49,S03,OND8_6,PTR8,derating,0.526
829,13:49,S06,OND7_2,PTR7,drift,0.191
829,13:49,S09,OND8_9,PTR8,maintenance,2.943
830,13:50,S02,OND7_9,PTR7,dc_fault,0.624
830,13:50,S03,OND8_6,PTR8,derating,0.501
830,13:50,S06,OND7_2,PTR7,drift,0.189
830,13:50,S09,OND8_9,PTR8,maintenance,2.907
831,13:51,S02,OND7_9,PTR7,dc_fault,0.620
831,13:51,S03,OND8_6,PTR8,derating,0.481
831,13:51,S06,OND7_2,PTR7,drift,0.190
831,13:51,S09,OND8_9,PTR8,maintenance,2.915
832,13:52,S02,OND7_9,PTR7,dc_fault,0.621
832,13:52,S03,OND8_6,PTR8,derating,0.489
832,13:52,S06,OND7_2,PTR7,drift,0.190
832,13:52,S09,OND8_9,PTR8,maintenance,2.895
833,13:53,S02,OND7_9,PTR7,dc_fault,0.617
833,13:53,S03,OND8_6,PTR8,derating,0.475
833,13:53,S06,OND7_2,PTR7,drift,0.187
833,13:53,S09,OND8_9,PTR8,maintenance,2.880
834,13:54,S02,OND7_9,PTR7,dc_fault,0.616
834,13:54,S03,OND8_6,PTR8,derating,0.449
834,13:54,S06,OND7_2,PTR7,drift,0.187
834,13:54,S09,OND8_9,PTR8,maintenance,2.871
835,13:55,S02,OND7_9,PTR7,dc_fault,0.609
835,13:55,S03,OND8_6,PTR8,derating,0.442
835,13:55,S06,OND7_2,PTR7,drift,0.188
835,13:55,S09,OND8_9,PTR8,maintenance,2.861
836,13:56,S02,OND7_9,PTR7,dc_fault,0.606
836,13:56,S03,OND8_6,PTR8,derating,0.429
836,13:56,S06,OND7_2,PTR7,drift,0.188
836,13:56,S09,OND8_9,PTR8,maintenance,2.854
837,13:57,S02,OND7_9,PTR7,dc_fault,0.609
837,13:57,S03,OND8_6,PTR8,derating,0.415
837,13:57,S06,OND7_2,PTR7,drift,0.187
837,13:57,S09,OND8_9,PTR8,maintenance,2.831
838,13:58,S02,OND7_9,PTR7,dc_fault,0.605
838,13:58,S03,OND8_6,PTR8,derating,0.413
838,13:58,S06,OND7_2,PTR7,drift,0.188
838,13:58,S09,OND8_9,PTR8,maintenance,2.838
839,13:59,S02,OND7_9,PTR7,dc_fault,0.594
839,13:59,S03,OND8_6,PTR8,derating,0.391
839,13:59,S06,OND7_2,PTR7,drift,0.185
839,13:59,S09,OND8_9,PTR8,maintenance,2.808
840,14:00,S02,OND7_9,PTR7,dc_fault,0.602
840,14:00,S03,OND8_6,PTR8,derating,0.396
840,14:00,S06,OND7_2,PTR7,drift,0.187
840,14:00,S09,OND8_9,PTR8,maintenance,2.810
841,14:01,S02,OND7_9,PTR7,dc_fault,0.603
841,14:01,S03,OND8_6,PTR8,derating,0.411
841,14:01,S06,OND7_2,PTR7,drift,0.188
841,14:01,S09,OND8_9,PTR8,maintenance,2.813
842,14:02,S02,OND7_9,PTR7,dc_fault,0.596
842,14:02,S03,OND8_6,PTR8,derating,0.397
842,14:02,S06,OND7_2,PTR7,drift,0.186
842,14:02,S09,OND8_9,PTR8,maintenance,2.807
843,14:03,S02,OND7_9,PTR7,dc_fault,0.592
843,14:03,S03,OND8_6,PTR8,derating,0.355
843,14:03,S06,OND7_2,PTR7,drift,0.185
843,14:03,S09,OND8_9,PTR8,maintenance,2.790
844,14:04,S02,OND7_9,PTR7,dc_fault,0.594
844,14:04,S03,OND8_6,PTR8,derating,0.355
844,14:04,S06,OND7_2,PTR7,drift,0.184
844,14:04,S09,OND8_9,PTR8,maintenance,2.760
845,14:05,S02,OND7_9,PTR7,dc_fault,0.587
845,14:05,S03,OND8_6,PTR8,derating,0.316
845,14:05,S06,OND7_2,PTR7,drift,0.181
845,14:05,S09,OND8_9,PTR8,maintenance,2.745
846,14:06,S02,OND7_9,PTR7,dc_fault,0.586
846,14:06,S03,OND8_6,PTR8,derating,0.299
846,14:06,S06,OND7_2,PTR7,drift,0.180
846,14:06,S09,OND8_9,PTR8,maintenance,2.723
847,14:07,S02,OND7_9,PTR7,dc_fault,0.583
847,14:07,S03,OND8_6,PTR8,derating,0.297
847,14:07,S06,OND7_2,PTR7,drift,0.180
847,14:07,S09,OND8_9,PTR8,maintenance,2.703
848,14:08,S02,OND7_9,PTR7,dc_fault,0.574
848,14:08,S03,OND8_6,PTR8,derating,0.271
848,14:08,S06,OND7_2,PTR7,drift,0.178
848,14:08,S09,OND8_9,PTR8,maintenance,2.694
849,14:09,S02,OND7_9,PTR7,dc_fault,0.571
849,14:09,S03,OND8_6,PTR8,derating,0.241
849,14:09,S06,OND7_2,PTR7,drift,0.178
849,14:09,S09,OND8_9,PTR8,maintenance,2.676
850,14:10,S02,OND7_9,PTR7,dc_fault,0.570
850,14:10,S03,OND8_6,PTR8,derating,0.244
850,14:10,S06,OND7_2,PTR7,drift,0.178
850,14:10,S09,OND8_9,PTR8,maintenance,2.668
851,14:11,S02,OND7_9,PTR7,dc_fault,0.567
851,14:11,S03,OND8_6,PTR8,derating,0.218
851,14:11,S06,OND7_2,PTR7,drift,0.176
851,14:11,S09,OND8_9,PTR8,maintenance,2.646
852,14:12,S02,OND7_9,PTR7,dc_fault,0.565
852,14:12,S03,OND8_6,PTR8,derating,0.216
852,14:12,S06,OND7_2,PTR7,drift,0.175
852,14:12,S09,OND8_9,PTR8,maintenance,2.625
853,14:13,S02,OND7_9,PTR7,dc_fault,0.563
853,14:13,S03,OND8_6,PTR8,derating,0.213
853,14:13,S06,OND7_2,PTR7,drift,0.175
853,14:13,S09,OND8_9,PTR8,maintenance,2.626
854,14:14,S02,OND7_9,PTR7,dc_fault,0.559
854,14:14,S03,OND8_6,PTR8,derating,0.193
854,14:14,S06,OND7_2,PTR7,drift,0.174
854,14:14,S09,OND8_9,PTR8,maintenance,2.614
855,14:15,S02,OND7_9,PTR7,dc_fault,0.557
855,14:15,S03,OND8_6,PTR8,derating,0.179
855,14:15,S06,OND7_2,PTR7,drift,0.174
855,14:15,S09,OND8_9,PTR8,maintenance,2.602
856,14:16,S02,OND7_9,PTR7,dc_fault,0.553
856,14:16,S03,OND8_6,PTR8,derating,0.183
856,14:16,S06,OND7_2,PTR7,drift,0.173
856,14:16,S09,OND8_9,PTR8,maintenance,2.602
857,14:17,S02,OND7_9,PTR7,dc_fault,0.556
857,14:17,S03,OND8_6,PTR8,derating,0.179
857,14:17,S06,OND7_2,PTR7,drift,0.172
857,14:17,S09,OND8_9,PTR8,maintenance,2.595
858,14:18,S02,OND7_9,PTR7,dc_fault,0.553
858,14:18,S03,OND8_6,PTR8,derating,0.160
858,14:18,S06,OND7_2,PTR7,drift,0.173
858,14:18,S09,OND8_9,PTR8,maintenance,2.595
859,14:19,S02,OND7_9,PTR7,dc_fault,0.551
859,14:19,S03,OND8_6,PTR8,derating,0.168
859,14:19,S06,OND7_2,PTR7,drift,0.172
859,14:19,S09,OND8_9,PTR8,maintenance,2.571
860,14:20,S02,OND7_9,PTR7,dc_fault,0.554
860,14:20,S03,OND8_6,PTR8,derating,0.165
860,14:20,S06,OND7_2,PTR7,drift,0.171
860,14:20,S09,OND8_9,PTR8,maintenance,2.577
861,14:21,S02,OND7_9,PTR7,dc_fault,0.550
861,14:21,S03,OND8_6,PTR8,derating,0.132
861,14:21,S06,OND7_2,PTR7,drift,0.170
861,14:21,S09,OND8_9,PTR8,maintenance,2.566
862,14:22,S02,OND7_9,PTR7,dc_fault,0.549
862,14:22,S03,OND8_6,PTR8,derating,0.142
862,14:22,S06,OND7_2,PTR7,drift,0.171
862,14:22,S09,OND8_9,PTR8,maintenance,2.564
863,14:23,S02,OND7_9,PTR7,dc_fault,0.550
863,14:23,S03,OND8_6,PTR8,derating,0.154
863,14:23,S06,OND7_2,PTR7,drift,0.170
863,14:23,S09,OND8_9,PTR8,maintenance,2.572
864,14:24,S02,OND7_9,PTR7,dc_fault,0.543
864,14:24,S03,OND8_6,PTR8,derating,0.148
864,14:24,S06,OND7_2,PTR7,drift,0.170
864,14:24,S09,OND8_9,PTR8,maintenance,2.578
865,14:25,S02,OND7_9,PTR7,dc_fault,0.549
865,14:25,S03,OND8_6,PTR8,derating,0.132
865,14:25,S06,OND7_2,PTR7,drift,0.170
865,14:25,S09,OND8_9,PTR8,maintenance,2.556
866,14:26,S02,OND7_9,PTR7,dc_fault,0.547
866,14:26,S03,OND8_6,PTR8,derating,0.143
866,14:26,S06,OND7_2,PTR7,drift,0.170
866,14:26,S09,OND8_9,PTR8,maintenance,2.566
867,14:27,S02,OND7_9,PTR7,dc_fault,0.545
867,14:27,S03,OND8_6,PTR8,derating,0.122
867,14:27,S06,OND7_2,PTR7,drift,0.169
867,14:27,S09,OND8_9,PTR8,maintenance,2.569
868,14:28,S02,OND7_9,PTR7,dc_fault,0.541
868,14:28,S03,OND8_6,PTR8,derating,0.109
868,14:28,S06,OND7_2,PTR7,drift,0.168
868,14:28,S09,OND8_9,PTR8,maintenance,2.530
869,14:29,S02,OND7_9,PTR7,dc_fault,0.539
869,14:29,S03,OND8_6,PTR8,derating,0.111
869,14:29,S06,OND7_2,PTR7,drift,0.167
869,14:29,S09,OND8_9,PTR8,maintenance,2.540
870,14:30,S02,OND7_9,PTR7,dc_fault,0.539
870,14:30,S03,OND8_6,PTR8,derating,0.101
870,14:30,S06,OND7_2,PTR7,drift,0.168
870,14:30,S09,OND8_9,PTR8,maintenance,2.524
871,14:31,S02,OND7_9,PTR7,dc_fault,0.537
871,14:31,S03,OND8_6,PTR8,derating,0.085
871,14:31,S06,OND7_2,PTR7,drift,0.167
871,14:31,S09,OND8_9,PTR8,maintenance,2.512
872,14:32,S02,OND7_9,PTR7,dc_fault,0.532
872,14:32,S03,OND8_6,PTR8,derating,0.074
872,14:32,S06,OND7_2,PTR7,drift,0.166
872,14:32,S09,OND8_9,PTR8,maintenance,2.494
873,14:33,S02,OND7_9,PTR7,dc_fault,0.530
873,14:33,S03,OND8_6,PTR8,derating,0.056
873,14:33,S06,OND7_2,PTR7,drift,0.165
873,14:33,S09,OND8_9,PTR8,maintenance,2.481
874,14:34,S02,OND7_9,PTR7,dc_fault,0.525
874,14:34,S03,OND8_6,PTR8,derating,0.032
874,14:34,S06,OND7_2,PTR7,drift,0.163
874,14:34,S09,OND8_9,PTR8,maintenance,2.455
875,14:35,S02,OND7_9,PTR7,dc_fault,0.523
875,14:35,S03,OND8_6,PTR8,derating,0.031
875,14:35,S06,OND7_2,PTR7,drift,0.162
875,14:35,S09,OND8_9,PTR8,maintenance,2.431
876,14:36,S02,OND7_9,PTR7,dc_fault,0.517
876,14:36,S03,OND8_6,PTR8,derating,0.017
876,14:36,S06,OND7_2,PTR7,drift,0.161
876,14:36,S09,OND8_9,PTR8,maintenance,2.410
877,14:37,S02,OND7_9,PTR7,dc_fault,0.512
877,14:37,S06,OND7_2,PTR7,drift,0.160
877,14:37,S09,OND8_9,PTR8,maintenance,2.398
878,14:38,S02,OND7_9,PTR7,dc_fault,0.511
878,14:38,S06,OND7_2,PTR7,drift,0.159
878,14:38,S09,OND8_9,PTR8,maintenance,2.389
879,14:39,S02,OND7_9,PTR7,dc_fault,0.511
879,14:39,S06,OND7_2,PTR7,drift,0.158
879,14:39,S09,OND8_9,PTR8,maintenance,2.387
880,14:40,S02,OND7_9,PTR7,dc_fault,0.507
880,14:40,S06,OND7_2,PTR7,drift,0.158
880,14:40,S09,OND8_9,PTR8,maintenance,2.369
881,14:41,S02,OND7_9,PTR7,dc_fault,0.504
881,14:41,S06,OND7_2,PTR7,drift,0.156
881,14:41,S09,OND8_9,PTR8,maintenance,2.370
882,14:42,S02,OND7_9,PTR7,dc_fault,0.504
882,14:42,S06,OND7_2,PTR7,drift,0.156
882,14:42,S09,OND8_9,PTR8,maintenance,2.359
883,14:43,S02,OND7_9,PTR7,dc_fault,0.503
883,14:43,S06,OND7_2,PTR7,drift,0.156
883,14:43,S09,OND8_9,PTR8,maintenance,2.341
884,14:44,S02,OND7_9,PTR7,dc_fault,0.496
884,14:44,S06,OND7_2,PTR7,drift,0.154
884,14:44,S09,OND8_9,PTR8,maintenance,2.318
885,14:45,S02,OND7_9,PTR7,dc_fault,0.495
885,14:45,S06,OND7_2,PTR7,drift,0.153
886,14:46,S02,OND7_9,PTR7,dc_fault,0.495
886,14:46,S06,OND7_2,PTR7,drift,0.154
887,14:47,S02,OND7_9,PTR7,dc_fault,0.495
887,14:47,S06,OND7_2,PTR7,drift,0.154
888,14:48,S02,OND7_9,PTR7,dc_fault,0.490
888,14:48,S06,OND7_2,PTR7,drift,0.152
889,14:49,S02,OND7_9,PTR7,dc_fault,0.488
889,14:49,S06,OND7_2,PTR7,drift,0.151
890,14:50,S02,OND7_9,PTR7,dc_fault,0.487
890,14:50,S06,OND7_2,PTR7,drift,0.151
891,14:51,S02,OND7_9,PTR7,dc_fault,0.482
891,14:51,S06,OND7_2,PTR7,drift,0.150
892,14:52,S02,OND7_9,PTR7,dc_fault,0.480
892,14:52,S06,OND7_2,PTR7,drift,0.149
893,14:53,S02,OND7_9,PTR7,dc_fault,0.476
893,14:53,S06,OND7_2,PTR7,drift,0.148
894,14:54,S02,OND7_9,PTR7,dc_fault,0.473
894,14:54,S06,OND7_2,PTR7,drift,0.148
895,14:55,S02,OND7_9,PTR7,dc_fault,0.472
895,14:55,S06,OND7_2,PTR7,drift,0.146
896,14:56,S02,OND7_9,PTR7,dc_fault,0.469
896,14:56,S06,OND7_2,PTR7,drift,0.146
897,14:57,S02,OND7_9,PTR7,dc_fault,0.465
897,14:57,S06,OND7_2,PTR7,drift,0.145
898,14:58,S02,OND7_9,PTR7,dc_fault,0.461
898,14:58,S06,OND7_2,PTR7,drift,0.144
899,14:59,S02,OND7_9,PTR7,dc_fault,0.456
899,14:59,S06,OND7_2,PTR7,drift,0.143
900,15:00,S02,OND7_9,PTR7,dc_fault,0.457
900,15:00,S06,OND7_2,PTR7,drift,0.142
901,15:01,S02,OND7_9,PTR7,dc_fault,0.451
901,15:01,S06,OND7_2,PTR7,drift,0.140
902,15:02,S02,OND7_9,PTR7,dc_fault,0.452
902,15:02,S06,OND7_2,PTR7,drift,0.140
903,15:03,S02,OND7_9,PTR7,dc_fault,0.447
903,15:03,S06,OND7_2,PTR7,drift,0.140
904,15:04,S02,OND7_9,PTR7,dc_fault,0.446
904,15:04,S06,OND7_2,PTR7,drift,0.139
905,15:05,S02,OND7_9,PTR7,dc_fault,0.442
905,15:05,S06,OND7_2,PTR7,drift,0.138
906,15:06,S02,OND7_9,PTR7,dc_fault,0.441
906,15:06,S06,OND7_2,PTR7,drift,0.137
907,15:07,S02,OND7_9,PTR7,dc_fault,0.436
907,15:07,S06,OND7_2,PTR7,drift,0.135
908,15:08,S02,OND7_9,PTR7,dc_fault,0.436
908,15:08,S06,OND7_2,PTR7,drift,0.136
909,15:09,S02,OND7_9,PTR7,dc_fault,0.430
909,15:09,S06,OND7_2,PTR7,drift,0.134
910,15:10,S02,OND7_9,PTR7,dc_fault,0.430
910,15:10,S06,OND7_2,PTR7,drift,0.133
911,15:11,S02,OND7_9,PTR7,dc_fault,0.427
911,15:11,S06,OND7_2,PTR7,drift,0.132
912,15:12,S02,OND7_9,PTR7,dc_fault,0.425
912,15:12,S06,OND7_2,PTR7,drift,0.131
913,15:13,S02,OND7_9,PTR7,dc_fault,0.422
913,15:13,S06,OND7_2,PTR7,drift,0.130
914,15:14,S02,OND7_9,PTR7,dc_fault,0.420
914,15:14,S06,OND7_2,PTR7,drift,0.130
915,15:15,S02,OND7_9,PTR7,dc_fault,0.415
915,15:15,S06,OND7_2,PTR7,drift,0.129
916,15:16,S02,OND7_9,PTR7,dc_fault,0.416
916,15:16,S06,OND7_2,PTR7,drift,0.129
917,15:17,S02,OND7_9,PTR7,dc_fault,0.412
917,15:17,S06,OND7_2,PTR7,drift,0.128
918,15:18,S02,OND7_9,PTR7,dc_fault,0.410
918,15:18,S06,OND7_2,PTR7,drift,0.126
919,15:19,S02,OND7_9,PTR7,dc_fault,0.407
919,15:19,S06,OND7_2,PTR7,drift,0.126
920,15:20,S02,OND7_9,PTR7,dc_fault,0.398
920,15:20,S06,OND7_2,PTR7,drift,0.126
921,15:21,S02,OND7_9,PTR7,dc_fault,0.397
921,15:21,S06,OND7_2,PTR7,drift,0.124
922,15:22,S02,OND7_9,PTR7,dc_fault,0.395
922,15:22,S06,OND7_2,PTR7,drift,0.122
923,15:23,S02,OND7_9,PTR7,dc_fault,0.392
923,15:23,S06,OND7_2,PTR7,drift,0.121
924,15:24,S02,OND7_9,PTR7,dc_fault,0.391
924,15:24,S06,OND7_2,PTR7,drift,0.121
925,15:25,S02,OND7_9,PTR7,dc_fault,0.389
925,15:25,S06,OND7_2,PTR7,drift,0.121
926,15:26,S02,OND7_9,PTR7,dc_fault,0.385
926,15:26,S06,OND7_2,PTR7,drift,0.120
927,15:27,S02,OND7_9,PTR7,dc_fault,0.382
927,15:27,S06,OND7_2,PTR7,drift,0.119
928,15:28,S02,OND7_9,PTR7,dc_fault,0.380
928,15:28,S06,OND7_2,PTR7,drift,0.118
929,15:29,S02,OND7_9,PTR7,dc_fault,0.375
929,15:29,S06,OND7_2,PTR7,drift,0.116
930,15:30,S02,OND7_9,PTR7,dc_fault,0.371
930,15:30,S06,OND7_2,PTR7,drift,0.115
931,15:31,S02,OND7_9,PTR7,dc_fault,0.370
931,15:31,S06,OND7_2,PTR7,drift,0.114
932,15:32,S02,OND7_9,PTR7,dc_fault,0.362
932,15:32,S06,OND7_2,PTR7,drift,0.113
933,15:33,S02,OND7_9,PTR7,dc_fault,0.360
933,15:33,S06,OND7_2,PTR7,drift,0.112
934,15:34,S02,OND7_9,PTR7,dc_fault,0.358
934,15:34,S06,OND7_2,PTR7,drift,0.111
935,15:35,S02,OND7_9,PTR7,dc_fault,0.356
935,15:35,S06,OND7_2,PTR7,drift,0.111
936,15:36,S02,OND7_9,PTR7,dc_fault,0.351
936,15:36,S06,OND7_2,PTR7,drift,0.109
937,15:37,S02,OND7_9,PTR7,dc_fault,0.350
937,15:37,S06,OND7_2,PTR7,drift,0.108
938,15:38,S02,OND7_9,PTR7,dc_fault,0.345
938,15:38,S06,OND7_2,PTR7,drift,0.107
939,15:39,S02,OND7_9,PTR7,dc_fault,0.343
939,15:39,S06,OND7_2,PTR7,drift,0.105
940,15:40,S02,OND7_9,PTR7,dc_fault,0.338
940,15:40,S06,OND7_2,PTR7,drift,0.105
941,15:41,S02,OND7_9,PTR7,dc_fault,0.331
941,15:41,S06,OND7_2,PTR7,drift,0.103
942,15:42,S02,OND7_9,PTR7,dc_fault,0.330
942,15:42,S06,OND7_2,PTR7,drift,0.103
943,15:43,S02,OND7_9,PTR7,dc_fault,0.326
943,15:43,S06,OND7_2,PTR7,drift,0.101
944,15:44,S02,OND7_9,PTR7,dc_fault,0.322
944,15:44,S06,OND7_2,PTR7,drift,0.100
945,15:45,S02,OND7_9,PTR7,dc_fault,0.321
945,15:45,S06,OND7_2,PTR7,drift,0.100
946,15:46,S02,OND7_9,PTR7,dc_fault,0.318
946,15:46,S06,OND7_2,PTR7,drift,0.098
947,15:47,S02,OND7_9,PTR7,dc_fault,0.315
947,15:47,S06,OND7_2,PTR7,drift,0.097
948,15:48,S02,OND7_9,PTR7,dc_fault,0.311
948,15:48,S06,OND7_2,PTR7,drift,0.097
949,15:49,S02,OND7_9,PTR7,dc_fault,0.307
949,15:49,S06,OND7_2,PTR7,drift,0.095
950,15:50,S02,OND7_9,PTR7,dc_fault,0.303
950,15:50,S06,OND7_2,PTR7,drift,0.093
951,15:51,S02,OND7_9,PTR7,dc_fault,0.298
951,15:51,S06,OND7_2,PTR7,drift,0.093
952,15:52,S02,OND7_9,PTR7,dc_fault,0.296
952,15:52,S06,OND7_2,PTR7,drift,0.092
953,15:53,S02,OND7_9,PTR7,dc_fault,0.290
953,15:53,S06,OND7_2,PTR7,drift,0.090
954,15:54,S02,OND7_9,PTR7,dc_fault,0.288
954,15:54,S06,OND7_2,PTR7,drift,0.089
955,15:55,S02,OND7_9,PTR7,dc_fault,0.284
955,15:55,S06,OND7_2,PTR7,drift,0.089
956,15:56,S02,OND7_9,PTR7,dc_fault,0.283
956,15:56,S06,OND7_2,PTR7,drift,0.088
957,15:57,S02,OND7_9,PTR7,dc_fault,0.278
957,15:57,S06,OND7_2,PTR7,drift,0.086
958,15:58,S02,OND7_9,PTR7,dc_fault,0.277
958,15:58,S06,OND7_2,PTR7,drift,0.085
959,15:59,S02,OND7_9,PTR7,dc_fault,0.272
959,15:59,S06,OND7_2,PTR7,drift,0.084
960,16:00,S02,OND7_9,PTR7,dc_fault,0.268
960,16:00,S06,OND7_2,PTR7,drift,0.084
961,16:01,S02,OND7_9,PTR7,dc_fault,0.264
961,16:01,S06,OND7_2,PTR7,drift,0.082
962,16:02,S02,OND7_9,PTR7,dc_fault,0.261
962,16:02,S06,OND7_2,PTR7,drift,0.081
963,16:03,S02,OND7_9,PTR7,dc_fault,0.258
963,16:03,S06,OND7_2,PTR7,drift,0.081
964,16:04,S02,OND7_9,PTR7,dc_fault,0.256
964,16:04,S06,OND7_2,PTR7,drift,0.079
965,16:05,S02,OND7_9,PTR7,dc_fault,0.252
965,16:05,S06,OND7_2,PTR7,drift,0.078
966,16:06,S02,OND7_9,PTR7,dc_fault,0.246
966,16:06,S06,OND7_2,PTR7,drift,0.077
967,16:07,S02,OND7_9,PTR7,dc_fault,0.245
967,16:07,S06,OND7_2,PTR7,drift,0.075
968,16:08,S02,OND7_9,PTR7,dc_fault,0.243
968,16:08,S06,OND7_2,PTR7,drift,0.076
969,16:09,S02,OND7_9,PTR7,dc_fault,0.239
969,16:09,S06,OND7_2,PTR7,drift,0.074
970,16:10,S02,OND7_9,PTR7,dc_fault,0.235
970,16:10,S06,OND7_2,PTR7,drift,0.073
971,16:11,S02,OND7_9,PTR7,dc_fault,0.231
971,16:11,S06,OND7_2,PTR7,drift,0.072
972,16:12,S02,OND7_9,PTR7,dc_fault,0.229
972,16:12,S06,OND7_2,PTR7,drift,0.071
973,16:13,S02,OND7_9,PTR7,dc_fault,0.226
973,16:13,S06,OND7_2,PTR7,drift,0.070
974,16:14,S02,OND7_9,PTR7,dc_fault,0.221
974,16:14,S06,OND7_2,PTR7,drift,0.070
975,16:15,S02,OND7_9,PTR7,dc_fault,0.220
975,16:15,S06,OND7_2,PTR7,drift,0.068
976,16:16,S02,OND7_9,PTR7,dc_fault,0.214
976,16:16,S06,OND7_2,PTR7,drift,0.067
977,16:17,S02,OND7_9,PTR7,dc_fault,0.211
977,16:17,S06,OND7_2,PTR7,drift,0.066
978,16:18,S02,OND7_9,PTR7,dc_fault,0.209
978,16:18,S06,OND7_2,PTR7,drift,0.064
979,16:19,S02,OND7_9,PTR7,dc_fault,0.206
979,16:19,S06,OND7_2,PTR7,drift,0.064
980,16:20,S02,OND7_9,PTR7,dc_fault,0.201
980,16:20,S06,OND7_2,PTR7,drift,0.062
981,16:21,S02,OND7_9,PTR7,dc_fault,0.198
981,16:21,S06,OND7_2,PTR7,drift,0.061
982,16:22,S02,OND7_9,PTR7,dc_fault,0.193
982,16:22,S06,OND7_2,PTR7,drift,0.060
983,16:23,S02,OND7_9,PTR7,dc_fault,0.191
983,16:23,S06,OND7_2,PTR7,drift,0.060
984,16:24,S02,OND7_9,PTR7,dc_fault,0.189
984,16:24,S06,OND7_2,PTR7,drift,0.059
985,16:25,S02,OND7_9,PTR7,dc_fault,0.185
985,16:25,S06,OND7_2,PTR7,drift,0.057
986,16:26,S02,OND7_9,PTR7,dc_fault,0.181
986,16:26,S06,OND7_2,PTR7,drift,0.056
987,16:27,S02,OND7_9,PTR7,dc_fault,0.178
987,16:27,S06,OND7_2,PTR7,drift,0.055
988,16:28,S02,OND7_9,PTR7,dc_fault,0.173
988,16:28,S06,OND7_2,PTR7,drift,0.054
989,16:29,S02,OND7_9,PTR7,dc_fault,0.169
989,16:29,S06,OND7_2,PTR7,drift,0.053
990,16:30,S02,OND7_9,PTR7,dc_fault,0.165
990,16:30,S06,OND7_2,PTR7,drift,0.052
991,16:31,S02,OND7_9,PTR7,dc_fault,0.162
991,16:31,S06,OND7_2,PTR7,drift,0.051
992,16:32,S02,OND7_9,PTR7,dc_fault,0.158
992,16:32,S06,OND7_2,PTR7,drift,0.050
993,16:33,S02,OND7_9,PTR7,dc_fault,0.156
993,16:33,S06,OND7_2,PTR7,drift,0.049
994,16:34,S02,OND7_9,PTR7,dc_fault,0.152
994,16:34,S06,OND7_2,PTR7,drift,0.047
995,16:35,S02,OND7_9,PTR7,dc_fault,0.149
995,16:35,S06,OND7_2,PTR7,drift,0.047
996,16:36,S02,OND7_9,PTR7,dc_fault,0.146
996,16:36,S06,OND7_2,PTR7,drift,0.045
997,16:37,S02,OND7_9,PTR7,dc_fault,0.142
997,16:37,S06,OND7_2,PTR7,drift,0.044
998,16:38,S02,OND7_9,PTR7,dc_fault,0.139
998,16:38,S06,OND7_2,PTR7,drift,0.043
999,16:39,S02,OND7_9,PTR7,dc_fault,0.137
999,16:39,S06,OND7_2,PTR7,drift,0.042
1000,16:40,S02,OND7_9,PTR7,dc_fault,0.133
1000,16:40,S06,OND7_2,PTR7,drift,0.041
1001,16:41,S02,OND7_9,PTR7,dc_fault,0.130
1001,16:41,S06,OND7_2,PTR7,drift,0.040
1002,16:42,S02,OND7_9,PTR7,dc_fault,0.127
1002,16:42,S06,OND7_2,PTR7,drift,0.039
1003,16:43,S02,OND7_9,PTR7,dc_fault,0.124
1003,16:43,S06,OND7_2,PTR7,drift,0.038
1004,16:44,S02,OND7_9,PTR7,dc_fault,0.122
1004,16:44,S06,OND7_2,PTR7,drift,0.038
1005,16:45,S02,OND7_9,PTR7,dc_fault,0.117
1005,16:45,S06,OND7_2,PTR7,drift,0.037
1006,16:46,S02,OND7_9,PTR7,dc_fault,0.115
1006,16:46,S06,OND7_2,PTR7,drift,0.036
1007,16:47,S02,OND7_9,PTR7,dc_fault,0.112
1007,16:47,S06,OND7_2,PTR7,drift,0.034
1008,16:48,S02,OND7_9,PTR7,dc_fault,0.108
1008,16:48,S06,OND7_2,PTR7,drift,0.034
1009,16:49,S02,OND7_9,PTR7,dc_fault,0.106
1009,16:49,S06,OND7_2,PTR7,drift,0.033
1010,16:50,S02,OND7_9,PTR7,dc_fault,0.103
1010,16:50,S06,OND7_2,PTR7,drift,0.032
1011,16:51,S02,OND7_9,PTR7,dc_fault,0.100
1011,16:51,S06,OND7_2,PTR7,drift,0.031
1012,16:52,S02,OND7_9,PTR7,dc_fault,0.097
1012,16:52,S06,OND7_2,PTR7,drift,0.031
1013,16:53,S02,OND7_9,PTR7,dc_fault,0.093
1013,16:53,S06,OND7_2,PTR7,drift,0.029
1014,16:54,S02,OND7_9,PTR7,dc_fault,0.091
1014,16:54,S06,OND7_2,PTR7,drift,0.028
1015,16:55,S02,OND7_9,PTR7,dc_fault,0.088
1015,16:55,S06,OND7_2,PTR7,drift,0.028
1016,16:56,S02,OND7_9,PTR7,dc_fault,0.084
1016,16:56,S06,OND7_2,PTR7,drift,0.026
1017,16:57,S02,OND7_9,PTR7,dc_fault,0.082
1017,16:57,S06,OND7_2,PTR7,drift,0.026
1018,16:58,S02,OND7_9,PTR7,dc_fault,0.079
1018,16:58,S06,OND7_2,PTR7,drift,0.024
1019,16:59,S02,OND7_9,PTR7,dc_fault,0.076
1019,16:59,S06,OND7_2,PTR7,drift,0.023
1020,17:00,S02,OND7_9,PTR7,dc_fault,0.073
1020,17:00,S06,OND7_2,PTR7,drift,0.022
1021,17:01,S02,OND7_9,PTR7,dc_fault,0.070
1021,17:01,S06,OND7_2,PTR7,drift,0.022
1022,17:02,S02,OND7_9,PTR7,dc_fault,0.068
1022,17:02,S06,OND7_2,PTR7,drift,0.021
1023,17:03,S02,OND7_9,PTR7,dc_fault,0.065
1023,17:03,S06,OND7_2,PTR7,drift,0.020
1024,17:04,S02,OND7_9,PTR7,dc_fault,0.062
1024,17:04,S06,OND7_2,PTR7,drift,0.020
1025,17:05,S02,OND7_9,PTR7,dc_fault,0.060
1025,17:05,S06,OND7_2,PTR7,drift,0.019
1026,17:06,S02,OND7_9,PTR7,dc_fault,0.056
1026,17:06,S06,OND7_2,PTR7,drift,0.017
1027,17:07,S02,OND7_9,PTR7,dc_fault,0.053
1027,17:07,S06,OND7_2,PTR7,drift,0.017
1028,17:08,S02,OND7_9,PTR7,dc_fault,0.051
1028,17:08,S06,OND7_2,PTR7,drift,0.016
1029,17:09,S02,OND7_9,PTR7,dc_fault,0.049
1029,17:09,S06,OND7_2,PTR7,drift,0.015
1030,17:10,S02,OND7_9,PTR7,dc_fault,0.046
1030,17:10,S06,OND7_2,PTR7,drift,0.014
1031,17:11,S02,OND7_9,PTR7,dc_fault,0.044
1031,17:11,S06,OND7_2,PTR7,drift,0.014
1032,17:12,S02,OND7_9,PTR7,dc_fault,0.041
1032,17:12,S06,OND7_2,PTR7,drift,0.013
1033,17:13,S02,OND7_9,PTR7,dc_fault,0.039
1033,17:13,S06,OND7_2,PTR7,drift,0.012
1034,17:14,S02,OND7_9,PTR7,dc_fault,0.036
1034,17:14,S06,OND7_2,PTR7,drift,0.011
1035,17:15,S02,OND7_9,PTR7,dc_fault,0.033
1035,17:15,S06,OND7_2,PTR7,drift,0.011
1036,17:16,S02,OND7_9,PTR7,dc_fault,0.032
1036,17:16,S06,OND7_2,PTR7,drift,0.009
1037,17:17,S02,OND7_9,PTR7,dc_fault,0.029
1037,17:17,S06,OND7_2,PTR7,drift,0.009
1038,17:18,S02,OND7_9,PTR7,dc_fault,0.026
1038,17:18,S06,OND7_2,PTR7,drift,0.009
1039,17:19,S02,OND7_9,PTR7,dc_fault,0.024
1039,17:19,S06,OND7_2,PTR7,drift,0.007
1040,17:20,S02,OND7_9,PTR7,dc_fault,0.022
1040,17:20,S06,OND7_2,PTR7,drift,0.006
1041,17:21,S02,OND7_9,PTR7,dc_fault,0.019
1041,17:21,S06,OND7_2,PTR7,drift,0.006
1042,17:22,S02,OND7_9,PTR7,dc_fault,0.017
1042,17:22,S06,OND7_2,PTR7,drift,0.005
1043,17:23,S02,OND7_9,PTR7,dc_fault,0.015
1043,17:23,S06,OND7_2,PTR7,drift,0.005
1044,17:24,S02,OND7_9,PTR7,dc_fault,0.013
1044,17:24,S06,OND7_2,PTR7,drift,0.004
1045,17:25,S02,OND7_9,PTR7,dc_fault,0.011
1045,17:25,S06,OND7_2,PTR7,drift,0.003
1046,17:26,S02,OND7_9,PTR7,dc_fault,0.009
1046,17:26,S06,OND7_2,PTR7,drift,0.002
1047,17:27,S02,OND7_9,PTR7,dc_fault,0.007
1047,17:27,S06,OND7_2,PTR7,drift,0.003
1048,17:28,S02,OND7_9,PTR7,dc_fault,0.005
1048,17:28,S06,OND7_2,PTR7,drift,0.002
