minute,time,irr_ref_model_wm2,irr_a_wm2,irr_b_wm2,irr_b_filled_wm2,irr_consolidated_wm2,irr_source,irr_ratio_b_over_a,irr_a_dev_vs_ref_pct,irr_b_dev_vs_ref_pct,irr_b_status,temp_expected_c,temp_a_c,temp_b_c,temp_consolidated_c,temp_a_dev_vs_expected_c,temp_b_dev_vs_expected_c,temp_b_minus_a_c,pr_cum_a_pct,pr_cum_b_pct,pr_bias_b_points
0,00:00,0.0,0.0,0.0,0.0,0.0,,,,,OK,11.9,11.9,11.9,11.9,0.0,0.0,0.0,,,
1,00:01,0.0,0.0,0.0,0.0,0.0,,,,,OK,11.9,11.9,11.9,11.9,0.0,0.0,0.0,,,
2,00:02,0.0,0.0,0.0,0.0,0.0,,,,,OK,11.8,11.8,11.8,11.8,0.0,0.0,0.0,,,
3,00:03,0.0,0.0,0.0,0.0,0.0,,,,,OK,11.7,11.7,11.6,11.7,0.0,-0.1,-0.1,,,
4,00:04,0.0,0.0,0.0,0.0,0.0,,,,,OK,11.7,11.7,11.8,11.7,0.0,0.1,0.1,,,
5,00:05,0.0,0.0,0.0,0.0,0.0,,,,,OK,11.7,11.7,11.8,11.7,0.0,0.1,0.1,,,
6,00:06,0.0,0.0,0.0,0.0,0.0,,,,,OK,11.6,11.6,11.7,11.6,0.0,0.1,0.1,,,
7,00:07,0.0,0.0,0.0,0.0,0.0,,,,,OK,11.5,11.5,11.4,11.5,0.0,-0.1,-0.1,,,
8,00:08,0.0,0.0,0.0,0.0,0.0,,,,,OK,11.4,11.4,11.2,11.4,0.0,-0.2,-0.2,,,
9,00:09,0.0,0.0,0.0,0.0,0.0,,,,,OK,11.5,11.5,11.2,11.5,0.0,-0.3,-0.3,,,
10,00:10,0.0,0.0,0.0,0.0,0.0,,,,,OK,11.4,11.4,11.4,11.4,0.0,0.0,0.0,,,
11,00:11,0.0,0.0,0.0,0.0,0.0,,,,,OK,11.4,11.4,11.6,11.4,0.0,0.2,0.2,,,
12,00:12,0.0,0.0,0.0,0.0,0.0,,,,,OK,11.4,11.4,11.5,11.4,0.0,0.1,0.1,,,
13,00:13,0.0,0.0,0.0,0.0,0.0,,,,,OK,11.4,11.4,11.7,11.4,0.0,0.3,0.3,,,
14,00:14,0.0,0.0,0.0,0.0,0.0,,,,,OK,11.4,11.4,11.3,11.4,0.0,-0.1,-0.1,,,
15,00:15,0.0,0.0,0.0,0.0,0.0,,,,,OK,11.5,11.5,11.3,11.5,0.0,-0.2,-0.2,,,
16,00:16,0.0,0.0,0.0,0.0,0.0,,,,,OK,11.4,11.4,11.6,11.4,0.0,0.2,0.2,,,
17,00:17,0.0,0.0,0.0,0.0,0.0,,,,,OK,11.4,11.4,11.5,11.4,0.0,0.1,0.1,,,
18,00:18,0.0,0.0,0.0,0.0,0.0,,,,,OK,11.4,11.4,11.3,11.4,0.0,-0.1,-0.1,,,
19,00:19,0.0,0.0,0.0,0.0,0.0,,,,,OK,11.4,11.4,11.5,11.4,0.0,0.1,0.1,,,
20,00:20,0.0,0.0,0.0,0.0,0.0,,,,,OK,11.3,11.3,11.3,11.3,0.0,0.0,0.0,,,
21,00:21,0.0,0.0,0.0,0.0,0.0,,,,,OK,11.3,11.3,11.1,11.3,0.0,-0.2,-0.2,,,
22,00:22,0.0,0.0,0.0,0.0,0.0,,,,,OK,11.3,11.3,11.2,11.3,0.0,-0.1,-0.1,,,
23,00:23,0.0,0.0,0.0,0.0,0.0,,,,,OK,11.3,11.3,11.5,11.3,0.0,0.2,0.2,,,
24,00:24,0.0,0.0,0.0,0.0,0.0,,,,,OK,11.3,11.3,11.5,11.3,0.0,0.2,0.2,,,
25,00:25,0.0,0.0,0.0,0.0,0.0,,,,,OK,11.2,11.2,11.1,11.2,0.0,-0.1,-0.1,,,
26,00:26,0.0,0.0,0.0,0.0,0.0,,,,,OK,11.1,11.1,10.8,11.1,0.0,-0.3,-0.3,,,
27,00:27,0.0,0.0,0.0,0.0,0.0,,,,,OK,11.0,11.0,11.0,11.0,0.0,0.0,0.0,,,
28,00:28,0.0,0.0,0.0,0.0,0.0,,,,,OK,11.1,11.1,11.1,11.1,0.0,0.0,0.0,,,
29,00:29,0.0,0.0,0.0,0.0,0.0,,,,,OK,11.0,11.0,11.0,11.0,0.0,0.0,0.0,,,
30,00:30,0.0,0.0,0.0,0.0,0.0,,,,,OK,11.0,11.0,11.0,11.0,0.0,0.0,0.0,,,
31,00:31,0.0,0.0,0.0,0.0,0.0,,,,,OK,11.0,11.0,11.1,11.0,0.0,0.1,0.1,,,
32,00:32,0.0,0.0,0.0,0.0,0.0,,,,,OK,11.0,11.0,10.9,11.0,0.0,-0.1,-0.1,,,
33,00:33,0.0,0.0,0.0,0.0,0.0,,,,,OK,11.0,11.0,10.9,11.0,0.0,-0.1,-0.1,,,
34,00:34,0.0,0.0,0.0,0.0,0.0,,,,,OK,11.0,11.0,11.0,11.0,0.0,0.0,0.0,,,
35,00:35,0.0,0.0,0.0,0.0,0.0,,,,,OK,11.0,11.0,11.2,11.0,0.0,0.2,0.2,,,
36,00:36,0.0,0.0,0.0,0.0,0.0,,,,,OK,11.0,11.0,11.2,11.0,0.0,0.2,0.2,,,
37,00:37,0.0,0.0,0.0,0.0,0.0,,,,,OK,11.0,11.0,11.0,11.0,0.0,0.0,0.0,,,
38,00:38,0.0,0.0,0.0,0.0,0.0,,,,,OK,11.0,11.0,10.8,11.0,0.0,-0.2,-0.2,,,
39,00:39,0.0,0.0,0.0,0.0,0.0,,,,,OK,11.0,11.0,11.0,11.0,0.0,0.0,0.0,,,
40,00:40,0.0,0.0,0.0,0.0,0.0,,,,,OK,11.0,11.0,11.2,11.0,0.0,0.2,0.2,,,
41,00:41,0.0,0.0,0.0,0.0,0.0,,,,,OK,11.0,11.0,10.9,11.0,0.0,-0.1,-0.1,,,
42,00:42,0.0,0.0,0.0,0.0,0.0,,,,,OK,10.9,10.9,11.1,10.9,0.0,0.2,0.2,,,
43,00:43,0.0,0.0,0.0,0.0,0.0,,,,,OK,11.0,11.0,10.8,11.0,0.0,-0.2,-0.2,,,
44,00:44,0.0,0.0,0.0,0.0,0.0,,,,,OK,10.9,10.9,10.9,10.9,0.0,0.0,0.0,,,
45,00:45,0.0,0.0,0.0,0.0,0.0,,,,,OK,10.9,10.9,10.8,10.9,0.0,-0.1,-0.1,,,
46,00:46,0.0,0.0,0.0,0.0,0.0,,,,,OK,10.9,10.9,11.0,10.9,0.0,0.1,0.1,,,
47,00:47,0.0,0.0,0.0,0.0,0.0,,,,,OK,10.9,10.9,10.9,10.9,0.0,0.0,0.0,,,
48,00:48,0.0,0.0,0.0,0.0,0.0,,,,,OK,10.9,10.9,10.7,10.9,0.0,-0.2,-0.2,,,
49,00:49,0.0,0.0,0.0,0.0,0.0,,,,,OK,10.9,10.9,10.9,10.9,0.0,0.0,0.0,,,
50,00:50,0.0,0.0,0.0,0.0,0.0,,,,,OK,10.8,10.8,10.9,10.8,0.0,0.1,0.1,,,
51,00:51,0.0,0.0,0.0,0.0,0.0,,,,,OK,10.8,10.8,10.8,10.8,0.0,0.0,0.0,,,
52,00:52,0.0,0.0,0.0,0.0,0.0,,,,,OK,10.7,10.7,10.7,10.7,0.0,0.0,0.0,,,
53,00:53,0.0,0.0,0.0,0.0,0.0,,,,,OK,10.7,10.7,10.8,10.7,0.0,0.1,0.1,,,
54,00:54,0.0,0.0,0.0,0.0,0.0,,,,,OK,10.7,10.7,10.6,10.7,0.0,-0.1,-0.1,,,
55,00:55,0.0,0.0,0.0,0.0,0.0,,,,,OK,10.7,10.7,10.7,10.7,0.0,0.0,0.0,,,
56,00:56,0.0,0.0,0.0,0.0,0.0,,,,,OK,10.8,10.8,10.5,10.8,0.0,-0.3,-0.3,,,
57,00:57,0.0,0.0,0.0,0.0,0.0,,,,,OK,10.8,10.8,10.7,10.8,0.0,-0.1,-0.1,,,
58,00:58,0.0,0.0,0.0,0.0,0.0,,,,,OK,10.7,10.7,10.7,10.7,0.0,0.0,0.0,,,
59,00:59,0.0,0.0,0.0,0.0,0.0,,,,,OK,10.8,10.8,10.6,10.8,0.0,-0.2,-0.2,,,
60,01:00,0.0,0.0,0.0,0.0,0.0,,,,,OK,10.8,10.8,10.7,10.8,0.0,-0.1,-0.1,,,
61,01:01,0.0,0.0,0.0,0.0,0.0,,,,,OK,10.8,10.8,10.8,10.8,0.0,0.0,0.0,,,
62,01:02,0.0,0.0,0.0,0.0,0.0,,,,,OK,10.8,10.8,10.7,10.8,0.0,-0.1,-0.1,,,
63,01:03,0.0,0.0,0.0,0.0,0.0,,,,,OK,10.8,10.8,10.7,10.8,0.0,-0.1,-0.1,,,
64,01:04,0.0,0.0,0.0,0.0,0.0,,,,,OK,10.8,10.8,10.9,10.8,0.0,0.1,0.1,,,
65,01:05,0.0,0.0,0.0,0.0,0.0,,,,,OK,10.7,10.7,10.7,10.7,0.0,0.0,0.0,,,
66,01:06,0.0,0.0,0.0,0.0,0.0,,,,,OK,10.8,10.8,11.0,10.8,0.0,0.2,0.2,,,
67,01:07,0.0,0.0,0.0,0.0,0.0,,,,,OK,10.8,10.8,11.0,10.8,0.0,0.2,0.2,,,
68,01:08,0.0,0.0,0.0,0.0,0.0,,,,,OK,10.7,10.7,10.9,10.7,0.0,0.2,0.2,,,
69,01:09,0.0,0.0,0.0,0.0,0.0,,,,,OK,10.7,10.7,10.7,10.7,0.0,0.0,0.0,,,
70,01:10,0.0,0.0,0.0,0.0,0.0,,,,,OK,10.7,10.7,10.7,10.7,0.0,0.0,0.0,,,
71,01:11,0.0,0.0,0.0,0.0,0.0,,,,,OK,10.7,10.7,10.5,10.7,0.0,-0.2,-0.2,,,
72,01:12,0.0,0.0,0.0,0.0,0.0,,,,,OK,10.7,10.7,10.7,10.7,0.0,0.0,0.0,,,
73,01:13,0.0,0.0,0.0,0.0,0.0,,,,,OK,10.7,10.7,10.4,10.7,0.0,-0.3,-0.3,,,
74,01:14,0.0,0.0,0.0,0.0,0.0,,,,,OK,10.7,10.7,10.7,10.7,0.0,0.0,0.0,,,
75,01:15,0.0,0.0,0.0,0.0,0.0,,,,,OK,10.7,10.7,10.7,10.7,0.0,0.0,0.0,,,
76,01:16,0.0,0.0,0.0,0.0,0.0,,,,,OK,10.7,10.7,10.6,10.7,0.0,-0.1,-0.1,,,
77,01:17,0.0,0.0,0.0,0.0,0.0,,,,,OK,10.7,10.7,10.6,10.7,0.0,-0.1,-0.1,,,
78,01:18,0.0,0.0,0.0,0.0,0.0,,,,,OK,10.8,10.8,10.8,10.8,0.0,0.0,0.0,,,
79,01:19,0.0,0.0,0.0,0.0,0.0,,,,,OK,10.7,10.7,10.9,10.7,0.0,0.2,0.2,,,
80,01:20,0.0,0.0,0.0,0.0,0.0,,,,,OK,10.8,10.8,10.8,10.8,0.0,0.0,0.0,,,
81,01:21,0.0,0.0,0.0,0.0,0.0,,,,,OK,10.8,10.8,10.8,10.8,0.0,0.0,0.0,,,
82,01:22,0.0,0.0,0.0,0.0,0.0,,,,,OK,10.8,10.8,10.9,10.8,0.0,0.1,0.1,,,
83,01:23,0.0,0.0,0.0,0.0,0.0,,,,,OK,10.8,10.8,10.8,10.8,0.0,0.0,0.0,,,
84,01:24,0.0,0.0,0.0,0.0,0.0,,,,,OK,10.9,10.9,10.8,10.9,0.0,-0.1,-0.1,,,
85,01:25,0.0,0.0,0.0,0.0,0.0,,,,,OK,10.9,10.9,10.9,10.9,0.0,0.0,0.0,,,
86,01:26,0.0,0.0,0.0,0.0,0.0,,,,,OK,10.9,10.9,10.7,10.9,0.0,-0.2,-0.2,,,
87,01:27,0.0,0.0,0.0,0.0,0.0,,,,,OK,10.9,10.9,10.9,10.9,0.0,0.0,0.0,,,
88,01:28,0.0,0.0,0.0,0.0,0.0,,,,,OK,10.9,10.9,11.0,10.9,0.0,0.1,0.1,,,
89,01:29,0.0,0.0,0.0,0.0,0.0,,,,,OK,11.0,11.0,11.2,11.0,0.0,0.2,0.2,,,
90,01:30,0.0,0.0,0.0,0.0,0.0,,,,,OK,11.0,11.0,11.2,11.0,0.0,0.2,0.2,,,
91,01:31,0.0,0.0,0.0,0.0,0.0,,,,,OK,11.0,11.0,11.0,11.0,0.0,0.0,0.0,,,
92,01:32,0.0,0.0,0.0,0.0,0.0,,,,,OK,11.0,11.0,10.9,11.0,0.0,-0.1,-0.1,,,
93,01:33,0.0,0.0,0.0,0.0,0.0,,,,,OK,11.1,11.1,10.9,11.1,0.0,-0.2,-0.2,,,
94,01:34,0.0,0.0,0.0,0.0,0.0,,,,,OK,11.0,11.0,10.9,11.0,0.0,-0.1,-0.1,,,
95,01:35,0.0,0.0,0.0,0.0,0.0,,,,,OK,11.1,11.1,11.2,11.1,0.0,0.1,0.1,,,
96,01:36,0.0,0.0,0.0,0.0,0.0,,,,,OK,11.1,11.1,11.1,11.1,0.0,0.0,0.0,,,
97,01:37,0.0,0.0,0.0,0.0,0.0,,,,,OK,11.1,11.1,11.1,11.1,0.0,0.0,0.0,,,
98,01:38,0.0,0.0,0.0,0.0,0.0,,,,,OK,11.1,11.1,11.1,11.1,0.0,0.0,0.0,,,
99,01:39,0.0,0.0,0.0,0.0,0.0,,,,,OK,11.2,11.2,11.5,11.2,0.0,0.3,0.3,,,
100,01:40,0.0,0.0,0.0,0.0,0.0,,,,,OK,11.2,11.2,11.1,11.2,0.0,-0.1,-0.1,,,
101,01:41,0.0,0.0,0.0,0.0,0.0,,,,,OK,11.2,11.2,11.1,11.2,0.0,-0.1,-0.1,,,
102,01:42,0.0,0.0,0.0,0.0,0.0,,,,,OK,11.2,11.2,11.2,11.2,0.0,0.0,0.0,,,
103,01:43,0.0,0.0,0.0,0.0,0.0,,,,,OK,11.2,11.2,11.2,11.2,0.0,0.0,0.0,,,
104,01:44,0.0,0.0,0.0,0.0,0.0,,,,,OK,11.2,11.2,11.4,11.2,0.0,0.2,0.2,,,
105,01:45,0.0,0.0,0.0,0.0,0.0,,,,,OK,11.2,11.2,11.2,11.2,0.0,0.0,0.0,,,
106,01:46,0.0,0.0,0.0,0.0,0.0,,,,,OK,11.2,11.2,11.2,11.2,0.0,0.0,0.0,,,
107,01:47,0.0,0.0,0.0,0.0,0.0,,,,,OK,11.2,11.2,11.3,11.2,0.0,0.1,0.1,,,
108,01:48,0.0,0.0,0.0,0.0,0.0,,,,,OK,11.2,11.2,11.2,11.2,0.0,0.0,0.0,,,
109,01:49,0.0,0.0,0.0,0.0,0.0,,,,,OK,11.3,11.3,11.3,11.3,0.0,0.0,0.0,,,
110,01:50,0.0,0.0,0.0,0.0,0.0,,,,,OK,11.3,11.3,11.4,11.3,0.0,0.1,0.1,,,
111,01:51,0.0,0.0,0.0,0.0,0.0,,,,,OK,11.2,11.2,11.1,11.2,0.0,-0.1,-0.1,,,
112,01:52,0.0,0.0,0.0,0.0,0.0,,,,,OK,11.2,11.2,11.1,11.2,0.0,-0.1,-0.1,,,
113,01:53,0.0,0.0,0.0,0.0,0.0,,,,,OK,11.2,11.2,11.3,11.2,0.0,0.1,0.1,,,
114,01:54,0.0,0.0,0.0,0.0,0.0,,,,,OK,11.2,11.2,11.4,11.2,0.0,0.2,0.2,,,
115,01:55,0.0,0.0,0.0,0.0,0.0,,,,,OK,11.2,11.2,11.2,11.2,0.0,0.0,0.0,,,
116,01:56,0.0,0.0,0.0,0.0,0.0,,,,,OK,11.2,11.2,11.4,11.2,0.0,0.2,0.2,,,
117,01:57,0.0,0.0,0.0,0.0,0.0,,,,,OK,11.2,11.2,11.3,11.2,0.0,0.1,0.1,,,
118,01:58,0.0,0.0,0.0,0.0,0.0,,,,,OK,11.2,11.2,11.4,11.2,0.0,0.2,0.2,,,
119,01:59,0.0,0.0,0.0,0.0,0.0,,,,,OK,11.2,11.2,11.3,11.2,0.0,0.1,0.1,,,
120,02:00,0.0,0.0,0.0,0.0,0.0,,,,,OK,11.2,11.2,11.4,11.2,0.0,0.2,0.2,,,
121,02:01,0.0,0.0,0.0,0.0,0.0,,,,,OK,11.1,11.1,11.1,11.1,0.0,0.0,0.0,,,
122,02:02,0.0,0.0,0.0,0.0,0.0,,,,,OK,11.2,11.2,11.3,11.2,0.0,0.1,0.1,,,
123,02:03,0.0,0.0,0.0,0.0,0.0,,,,,OK,11.2,11.2,11.3,11.2,0.0,0.1,0.1,,,
124,02:04,0.0,0.0,0.0,0.0,0.0,,,,,OK,11.1,11.1,10.7,11.1,0.0,-0.4,-0.4,,,
125,02:05,0.0,0.0,0.0,0.0,0.0,,,,,OK,11.1,11.1,10.9,11.1,0.0,-0.2,-0.2,,,
126,02:06,0.0,0.0,0.0,0.0,0.0,,,,,OK,11.1,11.1,11.0,11.1,0.0,-0.1,-0.1,,,
127,02:07,0.0,0.0,0.0,0.0,0.0,,,,,OK,11.1,11.1,10.9,11.1,0.0,-0.2,-0.2,,,
128,02:08,0.0,0.0,0.0,0.0,0.0,,,,,OK,11.0,11.0,10.7,11.0,0.0,-0.3,-0.3,,,
129,02:09,0.0,0.0,0.0,0.0,0.0,,,,,OK,11.1,11.1,11.1,11.1,0.0,0.0,0.0,,,
130,02:10,0.0,0.0,0.0,0.0,0.0,,,,,OK,11.1,11.1,11.2,11.1,0.0,0.1,0.1,,,
131,02:11,0.0,0.0,0.0,0.0,0.0,,,,,OK,11.1,11.1,11.0,11.1,0.0,-0.1,-0.1,,,
132,02:12,0.0,0.0,0.0,0.0,0.0,,,,,OK,11.2,11.2,11.2,11.2,0.0,0.0,0.0,,,
133,02:13,0.0,0.0,0.0,0.0,0.0,,,,,OK,11.2,11.2,11.1,11.2,0.0,-0.1,-0.1,,,
134,02:14,0.0,0.0,0.0,0.0,0.0,,,,,OK,11.3,11.3,11.2,11.3,0.0,-0.1,-0.1,,,
135,02:15,0.0,0.0,0.0,0.0,0.0,,,,,OK,11.2,11.2,11.4,11.2,0.0,0.2,0.2,,,
136,02:16,0.0,0.0,0.0,0.0,0.0,,,,,OK,11.3,11.3,11.2,11.3,0.0,-0.1,-0.1,,,
137,02:17,0.0,0.0,0.0,0.0,0.0,,,,,OK,11.3,11.3,11.0,11.3,0.0,-0.3,-0.3,,,
138,02:18,0.0,0.0,0.0,0.0,0.0,,,,,OK,11.2,11.2,11.4,11.2,0.0,0.2,0.2,,,
139,02:19,0.0,0.0,0.0,0.0,0.0,,,,,OK,11.2,11.2,11.1,11.2,0.0,-0.1,-0.1,,,
140,02:20,0.0,0.0,0.0,0.0,0.0,,,,,OK,11.2,11.2,11.0,11.2,0.0,-0.2,-0.2,,,
141,02:21,0.0,0.0,0.0,0.0,0.0,,,,,OK,11.3,11.3,11.3,11.3,0.0,0.0,0.0,,,
142,02:22,0.0,0.0,0.0,0.0,0.0,,,,,OK,11.3,11.3,11.7,11.3,0.0,0.4,0.4,,,
143,02:23,0.0,0.0,0.0,0.0,0.0,,,,,OK,11.3,11.3,11.2,11.3,0.0,-0.1,-0.1,,,
144,02:24,0.0,0.0,0.0,0.0,0.0,,,,,OK,11.2,11.2,11.4,11.2,0.0,0.2,0.2,,,
145,02:25,0.0,0.0,0.0,0.0,0.0,,,,,OK,11.2,11.2,11.3,11.2,0.0,0.1,0.1,,,
146,02:26,0.0,0.0,0.0,0.0,0.0,,,,,OK,11.2,11.2,11.0,11.2,0.0,-0.2,-0.2,,,
147,02:27,0.0,0.0,0.0,0.0,0.0,,,,,OK,11.2,11.2,11.2,11.2,0.0,0.0,0.0,,,
148,02:28,0.0,0.0,0.0,0.0,0.0,,,,,OK,11.2,11.2,11.0,11.2,0.0,-0.2,-0.2,,,
149,02:29,0.0,0.0,0.0,0.0,0.0,,,,,OK,11.2,11.2,10.9,11.2,0.0,-0.3,-0.3,,,
150,02:30,0.0,0.0,0.0,0.0,0.0,,,,,OK,11.2,11.2,11.3,11.2,0.0,0.1,0.1,,,
151,02:31,0.0,0.0,0.0,0.0,0.0,,,,,OK,11.1,11.1,11.2,11.1,0.0,0.1,0.1,,,
152,02:32,0.0,0.0,0.0,0.0,0.0,,,,,OK,11.1,11.1,11.0,11.1,0.0,-0.1,-0.1,,,
153,02:33,0.0,0.0,0.0,0.0,0.0,,,,,OK,11.1,11.1,11.1,11.1,0.0,0.0,0.0,,,
154,02:34,0.0,0.0,0.0,0.0,0.0,,,,,OK,11.2,11.2,11.1,11.2,0.0,-0.1,-0.1,,,
155,02:35,0.0,0.0,0.0,0.0,0.0,,,,,OK,11.1,11.1,10.9,11.1,0.0,-0.2,-0.2,,,
156,02:36,0.0,0.0,0.0,0.0,0.0,,,,,OK,11.1,11.1,11.2,11.1,0.0,0.1,0.1,,,
157,02:37,0.0,0.0,0.0,0.0,0.0,,,,,OK,11.0,11.0,10.8,11.0,0.0,-0.2,-0.2,,,
158,02:38,0.0,0.0,0.0,0.0,0.0,,,,,OK,11.0,11.0,10.7,11.0,0.0,-0.3,-0.3,,,
159,02:39,0.0,0.0,0.0,0.0,0.0,,,,,OK,11.0,11.0,11.2,11.0,0.0,0.2,0.2,,,
160,02:40,0.0,0.0,0.0,0.0,0.0,,,,,OK,11.0,11.0,11.0,11.0,0.0,0.0,0.0,,,
161,02:41,0.0,0.0,0.0,0.0,0.0,,,,,OK,11.0,11.0,11.0,11.0,0.0,0.0,0.0,,,
162,02:42,0.0,0.0,0.0,0.0,0.0,,,,,OK,11.0,11.0,10.9,11.0,0.0,-0.1,-0.1,,,
163,02:43,0.0,0.0,0.0,0.0,0.0,,,,,OK,11.0,11.0,10.9,11.0,0.0,-0.1,-0.1,,,
164,02:44,0.0,0.0,0.0,0.0,0.0,,,,,OK,11.0,11.0,10.9,11.0,0.0,-0.1,-0.1,,,
165,02:45,0.0,0.0,0.0,0.0,0.0,,,,,OK,11.0,11.0,10.8,11.0,0.0,-0.2,-0.2,,,
166,02:46,0.0,0.0,0.0,0.0,0.0,,,,,OK,11.0,11.0,11.0,11.0,0.0,0.0,0.0,,,
167,02:47,0.0,0.0,0.0,0.0,0.0,,,,,OK,11.1,11.1,11.2,11.1,0.0,0.1,0.1,,,
168,02:48,0.0,0.0,0.0,0.0,0.0,,,,,OK,11.1,11.1,11.1,11.1,0.0,0.0,0.0,,,
169,02:49,0.0,0.0,0.0,0.0,0.0,,,,,OK,11.1,11.1,11.2,11.1,0.0,0.1,0.1,,,
170,02:50,0.0,0.0,0.0,0.0,0.0,,,,,OK,11.2,11.2,11.5,11.2,0.0,0.3,0.3,,,
171,02:51,0.0,0.0,0.0,0.0,0.0,,,,,OK,11.2,11.2,11.4,11.2,0.0,0.2,0.2,,,
172,02:52,0.0,0.0,0.0,0.0,0.0,,,,,OK,11.2,11.2,11.2,11.2,0.0,0.0,0.0,,,
173,02:53,0.0,0.0,0.0,0.0,0.0,,,,,OK,11.2,11.2,11.0,11.2,0.0,-0.2,-0.2,,,
174,02:54,0.0,0.0,0.0,0.0,0.0,,,,,OK,11.1,11.1,11.0,11.1,0.0,-0.1,-0.1,,,
175,02:55,0.0,0.0,0.0,0.0,0.0,,,,,OK,11.2,11.2,11.2,11.2,0.0,0.0,0.0,,,
176,02:56,0.0,0.0,0.0,0.0,0.0,,,,,OK,11.2,11.2,11.0,11.2,0.0,-0.2,-0.2,,,
177,02:57,0.0,0.0,0.0,0.0,0.0,,,,,OK,11.2,11.2,11.1,11.2,0.0,-0.1,-0.1,,,
178,02:58,0.0,0.0,0.0,0.0,0.0,,,,,OK,11.2,11.2,11.2,11.2,0.0,0.0,0.0,,,
179,02:59,0.0,0.0,0.0,0.0,0.0,,,,,OK,11.2,11.2,11.1,11.2,0.0,-0.1,-0.1,,,
180,03:00,0.0,0.0,0.0,0.0,0.0,,,,,OK,11.2,11.2,11.0,11.2,0.0,-0.2,-0.2,,,
181,03:01,0.0,0.0,0.0,0.0,0.0,,,,,OK,11.3,11.3,11.3,11.3,0.0,0.0,0.0,,,
182,03:02,0.0,0.0,0.0,0.0,0.0,,,,,OK,11.3,11.3,11.4,11.3,0.0,0.1,0.1,,,
183,03:03,0.0,0.0,0.0,0.0,0.0,,,,,OK,11.2,11.2,11.1,11.2,0.0,-0.1,-0.1,,,
184,03:04,0.0,0.0,0.0,0.0,0.0,,,,,OK,11.3,11.3,11.3,11.3,0.0,0.0,0.0,,,
185,03:05,0.0,0.0,0.0,0.0,0.0,,,,,OK,11.3,11.3,11.3,11.3,0.0,0.0,0.0,,,
186,03:06,0.0,0.0,0.0,0.0,0.0,,,,,OK,11.3,11.3,11.2,11.3,0.0,-0.1,-0.1,,,
187,03:07,0.0,0.0,0.0,0.0,0.0,,,,,OK,11.4,11.4,11.4,11.4,0.0,0.0,0.0,,,
188,03:08,0.0,0.0,0.0,0.0,0.0,,,,,OK,11.3,11.3,11.3,11.3,0.0,0.0,0.0,,,
189,03:09,0.0,0.0,0.0,0.0,0.0,,,,,OK,11.3,11.3,11.1,11.3,0.0,-0.2,-0.2,,,
190,03:10,0.0,0.0,0.0,0.0,0.0,,,,,OK,11.3,11.3,11.2,11.3,0.0,-0.1,-0.1,,,
191,03:11,0.0,0.0,0.0,0.0,0.0,,,,,OK,11.3,11.3,11.0,11.3,0.0,-0.3,-0.3,,,
192,03:12,0.0,0.0,0.0,0.0,0.0,,,,,OK,11.3,11.3,11.2,11.3,0.0,-0.1,-0.1,,,
193,03:13,0.0,0.0,0.0,0.0,0.0,,,,,OK,11.3,11.3,11.1,11.3,0.0,-0.2,-0.2,,,
194,03:14,0.0,0.0,0.0,0.0,0.0,,,,,OK,11.3,11.3,11.6,11.3,0.0,0.3,0.3,,,
195,03:15,0.0,0.0,0.0,0.0,0.0,,,,,OK,11.3,11.3,11.5,11.3,0.0,0.2,0.2,,,
196,03:16,0.0,0.0,0.0,0.0,0.0,,,,,OK,11.3,11.3,11.5,11.3,0.0,0.2,0.2,,,
197,03:17,0.0,0.0,0.0,0.0,0.0,,,,,OK,11.3,11.3,11.4,11.3,0.0,0.1,0.1,,,
198,03:18,0.0,0.0,0.0,0.0,0.0,,,,,OK,11.3,11.3,11.4,11.3,0.0,0.1,0.1,,,
199,03:19,0.0,0.0,0.0,0.0,0.0,,,,,OK,11.3,11.3,11.2,11.3,0.0,-0.1,-0.1,,,
200,03:20,0.0,0.0,0.0,0.0,0.0,,,,,OK,11.3,11.3,11.4,11.3,0.0,0.1,0.1,,,
201,03:21,0.0,0.0,0.0,0.0,0.0,,,,,OK,11.3,11.3,11.2,11.3,0.0,-0.1,-0.1,,,
202,03:22,0.0,0.0,0.0,0.0,0.0,,,,,OK,11.3,11.3,11.4,11.3,0.0,0.1,0.1,,,
203,03:23,0.0,0.0,0.0,0.0,0.0,,,,,OK,11.3,11.3,11.2,11.3,0.0,-0.1,-0.1,,,
204,03:24,0.0,0.0,0.0,0.0,0.0,,,,,OK,11.4,11.4,11.4,11.4,0.0,0.0,0.0,,,
205,03:25,0.0,0.0,0.0,0.0,0.0,,,,,OK,11.4,11.4,11.5,11.4,0.0,0.1,0.1,,,
206,03:26,0.0,0.0,0.0,0.0,0.0,,,,,OK,11.4,11.4,11.2,11.4,0.0,-0.2,-0.2,,,
207,03:27,0.0,0.0,0.0,0.0,0.0,,,,,OK,11.4,11.4,11.4,11.4,0.0,0.0,0.0,,,
208,03:28,0.0,0.0,0.0,0.0,0.0,,,,,OK,11.4,11.4,11.6,11.4,0.0,0.2,0.2,,,
209,03:29,0.0,0.0,0.0,0.0,0.0,,,,,OK,11.3,11.3,11.4,11.3,0.0,0.1,0.1,,,
210,03:30,0.0,0.0,0.0,0.0,0.0,,,,,OK,11.3,11.3,11.4,11.3,0.0,0.1,0.1,,,
211,03:31,0.0,0.0,0.0,0.0,0.0,,,,,OK,11.4,11.4,11.3,11.4,0.0,-0.1,-0.1,,,
212,03:32,0.0,0.0,0.0,0.0,0.0,,,,,OK,11.4,11.4,11.2,11.4,0.0,-0.2,-0.2,,,
213,03:33,0.0,0.0,0.0,0.0,0.0,,,,,OK,11.5,11.5,11.5,11.5,0.0,0.0,0.0,,,
214,03:34,0.0,0.0,0.0,0.0,0.0,,,,,OK,11.4,11.4,11.2,11.4,0.0,-0.2,-0.2,,,
215,03:35,0.0,0.0,0.0,0.0,0.0,,,,,OK,11.5,11.5,11.6,11.5,0.0,0.1,0.1,,,
216,03:36,0.0,0.0,0.0,0.0,0.0,,,,,OK,11.4,11.4,11.3,11.4,0.0,-0.1,-0.1,,,
217,03:37,0.0,0.0,0.0,0.0,0.0,,,,,OK,11.5,11.5,11.5,11.5,0.0,0.0,0.0,,,
218,03:38,0.0,0.0,0.0,0.0,0.0,,,,,OK,11.5,11.5,11.3,11.5,0.0,-0.2,-0.2,,,
219,03:39,0.0,0.0,0.0,0.0,0.0,,,,,OK,11.6,11.6,11.5,11.6,0.0,-0.1,-0.1,,,
220,03:40,0.0,0.0,0.0,0.0,0.0,,,,,OK,11.5,11.5,11.5,11.5,0.0,0.0,0.0,,,
221,03:41,0.0,0.0,0.0,0.0,0.0,,,,,OK,11.6,11.6,11.7,11.6,0.0,0.1,0.1,,,
222,03:42,0.0,0.0,0.0,0.0,0.0,,,,,OK,11.6,11.6,11.5,11.6,0.0,-0.1,-0.1,,,
223,03:43,0.0,0.0,0.0,0.0,0.0,,,,,OK,11.6,11.6,11.4,11.6,0.0,-0.2,-0.2,,,
224,03:44,0.0,0.0,0.0,0.0,0.0,,,,,OK,11.6,11.6,11.6,11.6,0.0,0.0,0.0,,,
225,03:45,0.0,0.0,0.0,0.0,0.0,,,,,OK,11.6,11.6,11.6,11.6,0.0,0.0,0.0,,,
226,03:46,0.0,0.0,0.0,0.0,0.0,,,,,OK,11.5,11.5,11.6,11.5,0.0,0.1,0.1,,,
227,03:47,0.0,0.0,0.0,0.0,0.0,,,,,OK,11.5,11.5,11.3,11.5,0.0,-0.2,-0.2,,,
228,03:48,0.0,0.0,0.0,0.0,0.0,,,,,OK,11.5,11.5,11.4,11.5,0.0,-0.1,-0.1,,,
229,03:49,0.0,0.0,0.0,0.0,0.0,,,,,OK,11.5,11.5,11.3,11.5,0.0,-0.2,-0.2,,,
230,03:50,0.0,0.0,0.0,0.0,0.0,,,,,OK,11.5,11.5,11.8,11.5,0.0,0.3,0.3,,,
231,03:51,0.0,0.0,0.0,0.0,0.0,,,,,OK,11.5,11.5,11.7,11.5,0.0,0.2,0.2,,,
232,03:52,0.0,0.0,0.0,0.0,0.0,,,,,OK,11.5,11.5,11.6,11.5,0.0,0.1,0.1,,,
233,03:53,0.0,0.0,0.0,0.0,0.0,,,,,OK,11.5,11.5,11.4,11.5,0.0,-0.1,-0.1,,,
234,03:54,0.0,0.0,0.0,0.0,0.0,,,,,OK,11.5,11.5,11.2,11.5,0.0,-0.3,-0.3,,,
235,03:55,0.0,0.0,0.0,0.0,0.0,,,,,OK,11.6,11.6,11.7,11.6,0.0,0.1,0.1,,,
236,03:56,0.0,0.0,0.0,0.0,0.0,,,,,OK,11.6,11.6,12.0,11.6,0.0,0.4,0.4,,,
237,03:57,0.0,0.0,0.0,0.0,0.0,,,,,OK,11.6,11.6,11.6,11.6,0.0,0.0,0.0,,,
238,03:58,0.0,0.0,0.0,0.0,0.0,,,,,OK,11.6,11.6,11.5,11.6,0.0,-0.1,-0.1,,,
239,03:59,0.0,0.0,0.0,0.0,0.0,,,,,OK,11.6,11.6,11.6,11.6,0.0,0.0,0.0,,,
240,04:00,0.0,0.0,0.0,0.0,0.0,,,,,OK,11.6,11.6,11.5,11.6,0.0,-0.1,-0.1,,,
241,04:01,0.0,0.0,0.0,0.0,0.0,,,,,OK,11.6,11.6,11.6,11.6,0.0,0.0,0.0,,,
242,04:02,0.0,0.0,0.0,0.0,0.0,,,,,OK,11.7,11.7,11.6,11.7,0.0,-0.1,-0.1,,,
243,04:03,0.0,0.0,0.0,0.0,0.0,,,,,OK,11.8,11.8,11.7,11.8,0.0,-0.1,-0.1,,,
244,04:04,0.0,0.0,0.0,0.0,0.0,,,,,OK,11.8,11.8,11.9,11.8,0.0,0.1,0.1,,,
245,04:05,0.0,0.0,0.0,0.0,0.0,,,,,OK,11.8,11.8,11.7,11.8,0.0,-0.1,-0.1,,,
246,04:06,0.0,0.0,0.0,0.0,0.0,,,,,OK,11.8,11.8,11.7,11.8,0.0,-0.1,-0.1,,,
247,04:07,0.0,0.0,0.0,0.0,0.0,,,,,OK,11.9,11.9,12.1,11.9,0.0,0.2,0.2,,,
248,04:08,0.0,0.0,0.0,0.0,0.0,,,,,OK,11.9,11.9,12.0,11.9,0.0,0.1,0.1,,,
249,04:09,0.0,0.0,0.0,0.0,0.0,,,,,OK,12.0,12.0,12.2,12.0,0.0,0.2,0.2,,,
250,04:10,0.0,0.0,0.0,0.0,0.0,,,,,OK,12.0,12.0,12.1,12.0,0.0,0.1,0.1,,,
251,04:11,0.0,0.0,0.0,0.0,0.0,,,,,OK,12.0,12.0,12.0,12.0,0.0,0.0,0.0,,,
252,04:12,0.0,0.0,0.0,0.0,0.0,,,,,OK,12.0,12.0,12.1,12.0,0.0,0.1,0.1,,,
253,04:13,0.0,0.0,0.0,0.0,0.0,,,,,OK,12.0,12.0,12.0,12.0,0.0,0.0,0.0,,,
254,04:14,0.0,0.0,0.0,0.0,0.0,,,,,OK,12.0,12.0,11.9,12.0,0.0,-0.1,-0.1,,,
255,04:15,0.0,0.0,0.0,0.0,0.0,,,,,OK,12.0,12.0,11.9,12.0,0.0,-0.1,-0.1,,,
256,04:16,0.0,0.0,0.0,0.0,0.0,,,,,OK,12.0,12.0,12.1,12.0,0.0,0.1,0.1,,,
257,04:17,0.0,0.0,0.0,0.0,0.0,,,,,OK,12.0,12.0,11.8,12.0,0.0,-0.2,-0.2,,,
258,04:18,0.0,0.0,0.0,0.0,0.0,,,,,OK,12.0,12.0,11.8,12.0,0.0,-0.2,-0.2,,,
259,04:19,0.0,0.0,0.0,0.0,0.0,,,,,OK,12.0,12.0,12.2,12.0,0.0,0.2,0.2,,,
260,04:20,0.0,0.0,0.0,0.0,0.0,,,,,OK,12.0,12.0,12.2,12.0,0.0,0.2,0.2,,,
261,04:21,0.0,0.0,0.0,0.0,0.0,,,,,OK,12.0,12.0,11.9,12.0,0.0,-0.1,-0.1,,,
262,04:22,0.0,0.0,0.0,0.0,0.0,,,,,OK,12.0,12.0,11.8,12.0,0.0,-0.2,-0.2,,,
263,04:23,0.0,0.0,0.0,0.0,0.0,,,,,OK,12.0,12.0,11.9,12.0,0.0,-0.1,-0.1,,,
264,04:24,0.0,0.0,0.0,0.0,0.0,,,,,OK,12.0,12.0,12.0,12.0,0.0,0.0,0.0,,,
265,04:25,0.0,0.0,0.0,0.0,0.0,,,,,OK,12.0,12.0,12.0,12.0,0.0,0.0,0.0,,,
266,04:26,0.0,0.0,0.0,0.0,0.0,,,,,OK,12.1,12.1,12.1,12.1,0.0,0.0,0.0,,,
267,04:27,0.0,0.0,0.0,0.0,0.0,,,,,OK,12.1,12.1,12.1,12.1,0.0,0.0,0.0,,,
268,04:28,0.0,0.0,0.0,0.0,0.0,,,,,OK,12.0,12.0,11.7,12.0,0.0,-0.3,-0.3,,,
269,04:29,0.0,0.0,0.0,0.0,0.0,,,,,OK,12.0,12.0,11.7,12.0,0.0,-0.3,-0.3,,,
270,04:30,0.0,0.0,0.0,0.0,0.0,,,,,OK,12.0,12.0,12.1,12.0,0.0,0.1,0.1,,,
271,04:31,0.0,0.0,0.0,0.0,0.0,,,,,OK,12.0,12.0,11.8,12.0,0.0,-0.2,-0.2,,,
272,04:32,0.0,0.0,0.0,0.0,0.0,,,,,OK,12.0,12.0,12.0,12.0,0.0,0.0,0.0,,,
273,04:33,0.0,0.0,0.0,0.0,0.0,,,,,OK,12.1,12.1,11.7,12.1,0.0,-0.4,-0.4,,,
274,04:34,0.0,0.0,0.0,0.0,0.0,,,,,OK,12.0,12.0,12.0,12.0,0.0,0.0,0.0,,,
275,04:35,0.0,0.0,0.0,0.0,0.0,,,,,OK,12.0,12.0,12.3,12.0,0.0,0.3,0.3,,,
276,04:36,0.0,0.0,0.0,0.0,0.0,,,,,OK,12.0,12.0,12.1,12.0,0.0,0.1,0.1,,,
277,04:37,0.0,0.0,0.0,0.0,0.0,,,,,OK,12.1,12.1,12.3,12.1,0.0,0.2,0.2,,,
278,04:38,0.0,0.0,0.0,0.0,0.0,,,,,OK,12.1,12.1,12.1,12.1,0.0,0.0,0.0,,,
279,04:39,0.0,0.0,0.0,0.0,0.0,,,,,OK,12.1,12.1,12.0,12.1,0.0,-0.1,-0.1,,,
280,04:40,0.0,0.0,0.0,0.0,0.0,,,,,OK,12.1,12.1,12.1,12.1,0.0,0.0,0.0,,,
281,04:41,0.0,0.0,0.0,0.0,0.0,,,,,OK,12.1,12.1,12.3,12.1,0.0,0.2,0.2,,,
282,04:42,0.0,0.0,0.0,0.0,0.0,,,,,OK,12.2,12.2,12.1,12.2,0.0,-0.1,-0.1,,,
283,04:43,0.0,0.0,0.0,0.0,0.0,,,,,OK,12.1,12.1,12.0,12.1,0.0,-0.1,-0.1,,,
284,04:44,0.0,0.0,0.0,0.0,0.0,,,,,OK,12.1,12.1,12.0,12.1,0.0,-0.1,-0.1,,,
285,04:45,0.0,0.0,0.0,0.0,0.0,,,,,OK,12.2,12.2,12.3,12.2,0.0,0.1,0.1,,,
286,04:46,0.0,0.0,0.0,0.0,0.0,,,,,OK,12.3,12.3,12.1,12.3,0.0,-0.2,-0.2,,,
287,04:47,0.0,0.0,0.0,0.0,0.0,,,,,OK,12.3,12.3,12.4,12.3,0.0,0.1,0.1,,,
288,04:48,0.0,0.0,0.0,0.0,0.0,,,,,OK,12.4,12.4,12.6,12.4,0.0,0.2,0.2,,,
289,04:49,0.0,0.0,0.0,0.0,0.0,,,,,OK,12.4,12.4,12.3,12.4,0.0,-0.1,-0.1,,,
290,04:50,0.0,0.0,0.0,0.0,0.0,,,,,OK,12.4,12.4,12.5,12.4,0.0,0.1,0.1,,,
291,04:51,0.0,0.0,0.0,0.0,0.0,,,,,OK,12.5,12.5,12.6,12.5,0.0,0.1,0.1,,,
292,04:52,0.0,0.0,0.0,0.0,0.0,,,,,OK,12.5,12.5,12.6,12.5,0.0,0.1,0.1,,,
293,04:53,0.0,0.0,0.0,0.0,0.0,,,,,OK,12.5,12.5,12.6,12.5,0.0,0.1,0.1,,,
294,04:54,0.0,0.0,0.0,0.0,0.0,,,,,OK,12.6,12.6,12.7,12.6,0.0,0.1,0.1,,,
295,04:55,0.0,0.0,0.0,0.0,0.0,,,,,OK,12.5,12.5,12.4,12.5,0.0,-0.1,-0.1,,,
296,04:56,0.0,0.0,0.0,0.0,0.0,,,,,OK,12.5,12.5,12.6,12.5,0.0,0.1,0.1,,,
297,04:57,0.0,0.0,0.0,0.0,0.0,,,,,OK,12.6,12.6,12.6,12.6,0.0,0.0,0.0,,,
298,04:58,0.0,0.0,0.0,0.0,0.0,,,,,OK,12.7,12.7,12.7,12.7,0.0,0.0,0.0,,,
299,04:59,0.0,0.0,0.0,0.0,0.0,,,,,OK,12.7,12.7,12.8,12.7,0.0,0.1,0.1,,,
300,05:00,0.0,0.0,0.0,0.0,0.0,,,,,OK,12.8,12.8,12.7,12.8,0.0,-0.1,-0.1,,,
301,05:01,0.0,0.0,0.0,0.0,0.0,,,,,OK,12.8,12.8,12.7,12.8,0.0,-0.1,-0.1,,,
302,05:02,0.0,0.0,0.0,0.0,0.0,,,,,OK,12.9,12.9,12.7,12.9,0.0,-0.2,-0.2,,,
303,05:03,0.0,0.0,0.0,0.0,0.0,,,,,OK,12.9,12.9,12.8,12.9,0.0,-0.1,-0.1,,,
304,05:04,0.0,0.0,0.0,0.0,0.0,,,,,OK,12.9,12.9,13.0,12.9,0.0,0.1,0.1,,,
305,05:05,0.0,0.0,0.0,0.0,0.0,,,,,OK,12.9,12.9,13.1,12.9,0.0,0.2,0.2,,,
306,05:06,0.0,0.0,0.0,0.0,0.0,,,,,OK,12.9,12.9,13.0,12.9,0.0,0.1,0.1,,,
307,05:07,0.0,0.0,0.0,0.0,0.0,,,,,OK,13.0,13.0,13.1,13.0,0.0,0.1,0.1,,,
308,05:08,0.0,0.0,0.0,0.0,0.0,,,,,OK,13.0,13.0,13.2,13.0,0.0,0.2,0.2,,,
309,05:09,0.0,0.0,0.0,0.0,0.0,,,,,OK,13.0,13.0,13.0,13.0,0.0,0.0,0.0,,,
310,05:10,0.0,0.0,0.0,0.0,0.0,,,,,OK,13.0,13.0,13.1,13.0,0.0,0.1,0.1,,,
311,05:11,0.0,0.0,0.0,0.0,0.0,,,,,OK,13.0,13.0,12.9,13.0,0.0,-0.1,-0.1,,,
312,05:12,0.0,0.0,0.0,0.0,0.0,,,,,OK,13.0,13.0,13.0,13.0,0.0,0.0,0.0,,,
313,05:13,0.0,0.0,0.0,0.0,0.0,,,,,OK,13.0,13.0,13.2,13.0,0.0,0.2,0.2,,,
314,05:14,0.0,0.0,0.0,0.0,0.0,,,,,OK,13.1,13.1,13.1,13.1,0.0,0.0,0.0,,,
315,05:15,0.0,0.0,0.0,0.0,0.0,,,,,OK,13.1,13.1,13.2,13.1,0.0,0.1,0.1,,,
316,05:16,0.0,0.0,0.0,0.0,0.0,,,,,OK,13.1,13.1,13.0,13.1,0.0,-0.1,-0.1,,,
317,05:17,0.0,0.0,0.0,0.0,0.0,,,,,OK,13.2,13.2,13.4,13.2,0.0,0.2,0.2,,,
318,05:18,0.0,0.0,0.0,0.0,0.0,,,,,OK,13.2,13.2,13.1,13.2,0.0,-0.1,-0.1,,,
319,05:19,0.0,0.0,0.0,0.0,0.0,,,,,OK,13.3,13.3,13.3,13.3,0.0,0.0,0.0,,,
320,05:20,0.0,0.0,0.0,0.0,0.0,,,,,OK,13.2,13.2,13.4,13.2,0.0,0.2,0.2,,,
321,05:21,0.0,0.0,0.0,0.0,0.0,,,,,OK,13.2,13.2,13.3,13.2,0.0,0.1,0.1,,,
322,05:22,0.0,0.0,0.0,0.0,0.0,,,,,OK,13.2,13.2,13.4,13.2,0.0,0.2,0.2,,,
323,05:23,0.0,0.0,0.0,0.0,0.0,,,,,OK,13.2,13.2,13.5,13.2,0.0,0.3,0.3,,,
324,05:24,0.0,0.0,0.0,0.0,0.0,,,,,OK,13.2,13.2,13.3,13.2,0.0,0.1,0.1,,,
325,05:25,0.0,0.0,0.0,0.0,0.0,,,,,OK,13.3,13.3,13.3,13.3,0.0,0.0,0.0,,,
326,05:26,0.0,0.0,0.0,0.0,0.0,,,,,OK,13.3,13.3,13.2,13.3,0.0,-0.1,-0.1,,,
327,05:27,0.0,0.0,0.0,0.0,0.0,,,,,OK,13.4,13.4,13.7,13.4,0.0,0.3,0.3,,,
328,05:28,0.0,0.0,0.0,0.0,0.0,,,,,OK,13.4,13.4,13.2,13.4,0.0,-0.2,-0.2,,,
329,05:29,0.0,0.0,0.0,0.0,0.0,,,,,OK,13.4,13.4,13.2,13.4,0.0,-0.2,-0.2,,,
330,05:30,0.0,0.0,0.0,0.0,0.0,,,,,OK,13.4,13.4,13.4,13.4,0.0,0.0,0.0,,,
331,05:31,0.0,0.0,0.0,0.0,0.0,,,,,OK,13.4,13.4,13.6,13.4,0.0,0.2,0.2,,,
332,05:32,0.0,0.0,0.0,0.0,0.0,,,,,OK,13.4,13.4,13.4,13.4,0.0,0.0,0.0,,,
333,05:33,0.0,0.0,0.0,0.0,0.0,,,,,OK,13.4,13.4,13.6,13.4,0.0,0.2,0.2,,,
334,05:34,0.0,0.0,0.0,0.0,0.0,,,,,OK,13.4,13.4,13.5,13.4,0.0,0.1,0.1,,,
335,05:35,0.0,0.0,0.0,0.0,0.0,,,,,OK,13.5,13.5,13.4,13.5,0.0,-0.1,-0.1,,,
336,05:36,0.0,0.0,0.0,0.0,0.0,,,,,OK,13.5,13.5,13.4,13.5,0.0,-0.1,-0.1,,,
337,05:37,0.0,0.0,0.0,0.0,0.0,,,,,OK,13.5,13.5,13.4,13.5,0.0,-0.1,-0.1,,,
338,05:38,0.0,0.0,0.0,0.0,0.0,,,,,OK,13.5,13.5,13.6,13.5,0.0,0.1,0.1,,,
339,05:39,0.0,0.0,0.0,0.0,0.0,,,,,OK,13.5,13.5,13.4,13.5,0.0,-0.1,-0.1,,,
340,05:40,0.0,0.0,0.0,0.0,0.0,,,,,OK,13.5,13.5,13.5,13.5,0.0,0.0,0.0,,,
341,05:41,0.0,0.0,0.0,0.0,0.0,,,,,OK,13.5,13.5,13.4,13.5,0.0,-0.1,-0.1,,,
342,05:42,0.0,0.0,0.0,0.0,0.0,,,,,OK,13.6,13.6,13.8,13.6,0.0,0.2,0.2,,,
343,05:43,0.0,0.0,0.0,0.0,0.0,,,,,OK,13.5,13.5,13.7,13.5,0.0,0.2,0.2,,,
344,05:44,0.0,0.0,0.0,0.0,0.0,,,,,OK,13.6,13.6,13.7,13.6,0.0,0.1,0.1,,,
345,05:45,0.0,0.0,0.0,0.0,0.0,,,,,OK,13.6,13.6,13.9,13.6,0.0,0.3,0.3,,,
346,05:46,0.0,0.0,0.0,0.0,0.0,,,,,OK,13.6,13.6,13.6,13.6,0.0,0.0,0.0,,,
347,05:47,0.0,0.0,0.0,0.0,0.0,,,,,OK,13.6,13.6,13.2,13.6,0.0,-0.4,-0.4,,,
348,05:48,0.0,0.0,0.0,0.0,0.0,,,,,OK,13.7,13.7,13.9,13.7,0.0,0.2,0.2,,,
349,05:49,0.0,0.0,0.0,0.0,0.0,,,,,OK,13.6,13.6,13.5,13.6,0.0,-0.1,-0.1,,,
350,05:50,0.0,0.0,0.0,0.0,0.0,,,,,OK,13.6,13.6,13.4,13.6,0.0,-0.2,-0.2,,,
351,05:51,0.0,0.0,0.0,0.0,0.0,,,,,OK,13.6,13.6,13.7,13.6,0.0,0.1,0.1,,,
352,05:52,0.0,0.0,0.0,0.0,0.0,,,,,OK,13.7,13.7,13.6,13.7,0.0,-0.1,-0.1,,,
353,05:53,0.0,0.0,0.0,0.0,0.0,,,,,OK,13.8,13.8,13.6,13.8,0.0,-0.2,-0.2,,,
354,05:54,0.0,0.0,0.0,0.0,0.0,,,,,OK,13.8,13.8,14.0,13.8,0.0,0.2,0.2,,,
355,05:55,0.0,0.0,0.0,0.0,0.0,,,,,OK,13.8,13.8,13.8,13.8,0.0,0.0,0.0,,,
356,05:56,0.0,0.0,0.0,0.0,0.0,,,,,OK,13.8,13.8,13.6,13.8,0.0,-0.2,-0.2,,,
357,05:57,0.0,0.0,0.0,0.0,0.0,,,,,OK,13.8,13.8,13.9,13.8,0.0,0.1,0.1,,,
358,05:58,0.0,0.0,0.0,0.0,0.0,,,,,OK,13.8,13.8,13.7,13.8,0.0,-0.1,-0.1,,,
359,05:59,0.0,0.0,0.0,0.0,0.0,,,,,OK,13.9,13.9,13.9,13.9,0.0,0.0,0.0,,,
360,06:00,0.0,0.0,0.0,0.0,0.0,,,,,OK,13.9,13.9,13.8,13.9,0.0,-0.1,-0.1,,,
361,06:01,0.0,0.0,0.0,0.0,0.0,,,,,OK,13.9,13.9,14.0,13.9,0.0,0.1,0.1,,,
362,06:02,0.0,0.0,0.0,0.0,0.0,,,,,OK,13.9,13.9,14.1,13.9,0.0,0.2,0.2,,,
363,06:03,0.0,0.0,0.0,0.0,0.0,,,,,OK,13.9,13.9,13.7,13.9,0.0,-0.2,-0.2,,,
364,06:04,0.0,0.0,0.0,0.0,0.0,,,,,OK,13.9,13.9,13.9,13.9,0.0,0.0,0.0,,,
365,06:05,0.0,0.0,0.0,0.0,0.0,,,,,OK,14.0,14.0,14.1,14.0,0.0,0.1,0.1,,,
366,06:06,0.0,0.0,0.0,0.0,0.0,,,,,OK,14.0,14.0,14.1,14.0,0.0,0.1,0.1,,,
367,06:07,0.0,0.0,0.0,0.0,0.0,,,,,OK,14.0,14.0,13.6,14.0,0.0,-0.4,-0.4,,,
368,06:08,0.0,0.0,0.0,0.0,0.0,,,,,OK,14.1,14.1,14.0,14.1,0.0,-0.1,-0.1,,,
369,06:09,5.2,6.4,6.4,6.4,6.4,A,,,,OK,14.4,14.4,14.2,14.4,0.0,-0.2,-0.2,88.87,88.87,0.0
370,06:10,7.8,8.5,8.5,8.5,8.5,A,,,,OK,14.5,14.5,14.4,14.5,0.03,-0.07,-0.1,88.95,88.95,0.0
371,06:11,11.0,10.8,10.8,10.8,10.8,A,,,,OK,14.5,14.5,14.6,14.5,-0.04,0.06,0.1,88.94,88.94,0.0
372,06:12,13.4,13.1,13.1,13.1,13.1,A,,,,OK,14.7,14.7,14.7,14.7,-0.01,-0.01,0.0,88.97,88.97,0.0
373,06:13,15.8,15.7,15.7,15.7,15.7,A,,,,OK,14.9,14.9,14.9,14.9,0.01,0.01,0.0,89.09,89.09,0.0
374,06:14,18.4,18.2,18.3,18.3,18.2,A,,,,OK,15.0,15.0,14.9,15.0,0.03,-0.07,-0.1,88.83,88.71,-0.12
375,06:15,21.1,20.8,20.9,20.9,20.8,A,,,,OK,15.0,16.3,16.4,16.3,1.25,1.35,0.1,88.72,88.53,-0.19
376,06:16,23.8,23.5,23.6,23.6,23.5,A,,,,OK,15.2,16.5,16.3,16.5,1.27,1.07,-0.2,88.62,88.39,-0.23
377,06:17,26.5,26.4,26.3,26.3,26.4,A,,,,OK,15.3,16.4,16.6,16.4,1.07,1.28,0.2,88.68,88.56,-0.12
378,06:18,29.4,29.2,29.2,29.2,29.2,A,,,,OK,15.4,16.4,16.3,16.4,0.99,0.89,-0.1,88.67,88.56,-0.11
379,06:19,32.3,32.0,32.0,32.0,32.0,A,,,,OK,15.5,16.6,16.7,16.6,1.1,1.2,0.1,88.69,88.6,-0.09
380,06:20,35.2,35.1,35.1,35.1,35.1,A,,,,OK,15.7,16.8,16.7,16.8,1.1,1.0,-0.1,88.75,88.67,-0.08
381,06:21,38.2,38.0,37.7,37.7,38.0,A,,,,OK,15.9,16.8,16.9,16.8,0.91,1.01,0.1,88.8,88.83,0.03
382,06:22,41.2,40.9,40.5,40.5,40.9,A,,,,OK,16.0,17.1,17.1,17.1,1.12,1.12,0.0,88.87,89.01,0.14
383,06:23,44.3,44.1,44.0,44.0,44.1,A,,,,OK,16.0,16.8,16.8,16.8,0.82,0.82,0.0,88.96,89.11,0.15
384,06:24,47.4,47.2,47.0,47.0,47.2,A,,,,OK,16.1,16.7,16.7,16.7,0.62,0.62,0.0,89.04,89.21,0.17
385,06:25,50.7,50.4,50.2,50.2,50.4,A,,,,OK,16.2,16.5,16.4,16.5,0.32,0.22,-0.1,89.1,89.29,0.19
386,06:26,54.0,53.7,53.7,53.7,53.7,A,,,,OK,16.3,16.6,16.5,16.6,0.32,0.22,-0.1,89.15,89.32,0.17
387,06:27,57.2,57.1,57.0,57.0,57.1,A,,,,OK,16.4,17.0,16.9,17.0,0.62,0.52,-0.1,89.21,89.38,0.17
388,06:28,60.6,60.3,60.5,60.5,60.3,A,,,,OK,16.6,17.3,17.5,17.3,0.72,0.92,0.2,89.26,89.39,0.13
389,06:29,64.0,63.5,63.6,63.6,63.5,A,,,,OK,16.7,17.3,17.3,17.3,0.62,0.62,0.0,89.32,89.42,0.1
390,06:30,67.3,67.0,67.1,67.1,67.0,A,,,,OK,16.8,17.3,17.4,17.3,0.51,0.61,0.1,89.38,89.46,0.08
391,06:31,70.6,70.4,69.9,69.9,70.4,A,,,,OK,17.0,17.4,17.4,17.4,0.4,0.4,0.0,89.44,89.57,0.13
392,06:32,73.9,73.4,73.5,73.5,73.4,A,,,,OK,17.1,17.6,17.7,17.6,0.51,0.61,0.1,89.49,89.6,0.11
393,06:33,77.1,76.7,76.8,76.8,76.7,A,,,,OK,17.1,17.6,17.7,17.6,0.5,0.6,0.1,89.55,89.64,0.09
394,06:34,80.5,79.7,79.6,79.6,79.7,A,,,,OK,17.3,17.6,17.4,17.6,0.31,0.11,-0.2,89.59,89.69,0.1
395,06:35,83.9,83.2,83.5,83.5,83.2,A,,,,OK,17.5,17.9,17.9,17.9,0.4,0.4,0.0,89.62,89.68,0.06
396,06:36,87.4,87.1,86.4,86.4,87.1,A,,,,OK,17.6,17.9,18.0,17.9,0.28,0.38,0.1,89.65,89.76,0.11
397,06:37,91.0,90.6,90.0,90.0,90.6,A,,,,OK,17.7,17.5,17.8,17.5,-0.23,0.07,0.3,89.7,89.84,0.14
398,06:38,94.7,94.2,94.0,94.0,94.2,A,,,,OK,17.8,17.8,18.0,17.8,-0.04,0.16,0.2,89.75,89.89,0.14
399,06:39,98.3,97.7,97.3,97.3,97.7,A,,,,OK,18.0,18.0,17.9,18.0,0.05,-0.05,-0.1,89.8,89.96,0.16
400,06:40,101.7,101.3,101.0,101.0,101.3,A,,,,OK,18.2,18.2,18.2,18.2,0.03,0.03,0.0,89.84,90.0,0.16
401,06:41,105.3,104.9,104.1,104.1,104.9,A,,,,OK,18.4,18.6,18.6,18.6,0.22,0.22,0.0,89.87,90.07,0.2
402,06:42,108.8,108.3,107.9,107.9,108.3,A,,,,OK,18.5,18.6,18.9,18.6,0.12,0.42,0.3,89.9,90.11,0.21
403,06:43,112.4,111.6,111.7,111.7,111.6,A,,,,OK,18.6,18.6,18.6,18.6,0.01,0.01,0.0,89.93,90.12,0.19
404,06:44,116.2,115.3,115.2,115.2,115.3,A,,,,OK,18.7,18.9,18.8,18.9,0.2,0.1,-0.1,89.95,90.13,0.18
405,06:45,120.0,119.7,119.6,119.6,119.7,A,,,,OK,18.9,19.1,19.2,19.1,0.16,0.26,0.1,89.96,90.14,0.18
406,06:46,123.7,123.6,123.5,123.5,123.6,A,,,,OK,19.1,18.8,18.7,18.8,-0.26,-0.36,-0.1,89.99,90.16,0.17
407,06:47,127.3,126.9,126.9,126.9,126.9,A,,,,OK,19.2,19.2,19.1,19.2,0.03,-0.07,-0.1,90.02,90.18,0.16
408,06:48,130.6,129.7,129.1,129.1,129.7,A,,,,OK,19.4,19.2,19.1,19.2,-0.15,-0.25,-0.1,90.04,90.22,0.18
409,06:49,134.3,133.0,132.9,132.9,133.0,A,,,,OK,19.5,19.3,19.4,19.3,-0.16,-0.06,0.1,90.07,90.24,0.17
410,06:50,138.0,136.9,136.4,136.4,136.9,A,,,,OK,19.6,19.8,19.7,19.8,0.22,0.12,-0.1,90.09,90.27,0.18
411,06:51,141.9,141.7,140.7,140.7,141.7,A,,,,OK,19.7,20.2,20.5,20.2,0.47,0.77,0.3,90.1,90.31,0.21
412,06:52,146.1,145.9,145.6,145.6,145.9,A,,,,OK,19.9,20.2,20.0,20.2,0.34,0.14,-0.2,90.12,90.32,0.2
413,06:53,150.4,150.2,148.2,148.2,150.2,A,,,,OK,20.0,20.9,20.8,20.9,0.91,0.81,-0.1,90.12,90.36,0.24
414,06:54,154.5,154.1,155.3,155.3,154.1,A,,,,OK,20.1,21.1,21.2,21.1,0.98,1.08,0.1,90.12,90.32,0.2
415,06:55,158.5,158.2,157.8,157.8,158.2,A,,,,OK,20.2,21.2,21.1,21.2,0.96,0.86,-0.1,90.12,90.33,0.21
416,06:56,162.5,162.4,161.7,161.7,162.4,A,,,,OK,20.4,20.8,20.6,20.8,0.43,0.23,-0.2,90.13,90.35,0.22
417,06:57,166.5,165.6,165.1,165.1,165.6,A,,,,OK,20.6,20.9,21.0,20.9,0.32,0.43,0.1,90.14,90.36,0.22
418,06:58,170.6,169.5,169.0,169.0,169.5,A,,,,OK,20.6,20.9,21.0,20.9,0.3,0.4,0.1,90.16,90.38,0.22
419,06:59,174.8,173.9,173.0,173.0,173.9,A,,,,OK,20.8,21.3,21.4,21.3,0.47,0.57,0.1,90.17,90.4,0.23
420,07:00,179.1,178.4,178.4,178.4,178.4,A,,,,OK,21.0,21.6,21.7,21.6,0.62,0.72,0.1,90.17,90.39,0.22
421,07:01,183.2,182.4,180.7,180.7,182.4,A,,,,OK,21.1,21.8,21.8,21.8,0.7,0.7,0.0,90.17,90.41,0.24
422,07:02,187.2,186.0,184.5,184.5,186.0,A,,,,OK,21.2,21.9,21.8,21.9,0.69,0.59,-0.1,90.18,90.44,0.26
423,07:03,190.9,190.1,188.8,188.8,190.1,A,,,,OK,21.3,22.0,21.9,22.0,0.66,0.56,-0.1,90.18,90.45,0.27
424,07:04,194.6,193.7,193.4,193.4,193.7,A,,,,OK,21.5,21.9,21.9,21.9,0.45,0.45,0.0,90.19,90.46,0.27
425,07:05,198.3,196.7,195.4,195.4,196.7,A,,,,OK,21.5,22.1,22.2,22.1,0.55,0.65,0.1,90.19,90.47,0.28
426,07:06,201.9,200.1,199.4,199.4,200.1,A,0.9965,,,OK,21.8,22.1,22.2,22.1,0.35,0.45,0.1,90.2,90.48,0.28
427,07:07,205.5,203.5,202.0,202.0,203.5,A,0.9926,,,OK,21.9,22.3,22.6,22.3,0.44,0.74,0.3,90.2,90.5,0.3
428,07:08,208.9,207.9,206.5,206.5,207.9,A,0.9933,,,OK,22.0,22.1,22.1,22.1,0.1,0.1,0.0,90.2,90.51,0.31
429,07:09,212.5,211.6,210.2,210.2,211.6,A,0.9934,,,OK,22.1,22.3,22.5,22.3,0.19,0.39,0.2,90.21,90.53,0.32
430,07:10,216.0,213.8,213.1,213.1,213.8,A,0.9967,,,OK,22.2,22.4,22.7,22.4,0.22,0.52,0.3,90.21,90.53,0.32
431,07:11,219.4,218.3,217.9,217.9,218.3,A,0.9982,,,OK,22.4,22.7,22.9,22.7,0.28,0.48,0.2,90.21,90.53,0.32
432,07:12,222.7,222.0,219.8,219.8,222.0,A,0.9901,,,OK,22.6,22.5,22.6,22.5,-0.14,-0.04,0.1,90.22,90.55,0.33
433,07:13,227.2,224.8,222.5,222.5,224.8,A,0.9898,,,OK,22.7,22.3,22.5,22.3,-0.43,-0.23,0.2,90.23,90.58,0.35
434,07:14,231.3,229.5,227.8,227.8,229.5,A,0.9926,,,OK,22.9,22.5,22.8,22.5,-0.37,-0.07,0.3,90.23,90.59,0.36
435,07:15,235.7,234.6,232.4,232.4,234.6,A,0.9906,,,OK,23.0,22.9,22.9,22.9,-0.13,-0.13,0.0,90.24,90.61,0.37
436,07:16,240.4,238.6,238.7,238.7,238.6,A,1.0004,,,OK,23.3,22.5,22.7,22.5,-0.76,-0.56,0.2,90.24,90.6,0.36
437,07:17,245.0,243.5,242.8,242.8,243.5,A,0.9971,,,OK,23.4,22.9,23.2,22.9,-0.51,-0.21,0.3,90.24,90.6,0.36
438,07:18,249.0,247.4,245.1,245.1,247.4,A,0.9907,,,OK,23.5,23.5,23.6,23.5,-0.03,0.07,0.1,90.24,90.62,0.38
439,07:19,253.3,252.3,249.6,249.6,252.3,A,0.9893,,,OK,23.7,23.4,23.4,23.4,-0.28,-0.28,0.0,90.24,90.63,0.39
440,07:20,257.3,256.0,255.5,255.5,256.0,A,0.998,,,OK,23.8,23.5,23.9,23.5,-0.3,0.1,0.4,90.24,90.63,0.39
441,07:21,261.8,259.4,258.3,258.3,259.4,A,0.9958,,,OK,23.9,23.5,23.5,23.5,-0.41,-0.41,0.0,90.24,90.63,0.39
442,07:22,265.9,263.9,263.4,263.4,263.9,A,0.9981,,,OK,24.0,23.5,23.7,23.5,-0.55,-0.35,0.2,90.24,90.62,0.38
443,07:23,270.3,268.3,267.4,267.4,268.3,A,0.9966,,,OK,24.2,23.7,24.0,23.7,-0.48,-0.18,0.3,90.24,90.62,0.38
444,07:24,274.9,271.8,270.0,270.0,271.8,A,0.9934,,,OK,24.3,23.8,24.1,23.8,-0.49,-0.19,0.3,90.24,90.63,0.39
445,07:25,279.1,277.8,276.0,276.0,277.8,A,0.9935,,,OK,24.5,24.0,24.1,24.0,-0.48,-0.38,0.1,90.24,90.63,0.39
446,07:26,283.4,282.1,280.8,280.8,282.1,A,0.9954,,,OK,24.6,24.1,24.4,24.1,-0.52,-0.22,0.3,90.24,90.63,0.39
447,07:27,288.2,286.5,286.2,286.2,286.5,A,0.999,,,OK,24.8,24.3,24.5,24.3,-0.45,-0.25,0.2,90.24,90.62,0.38
448,07:28,292.9,290.8,288.6,288.6,290.8,A,0.9924,,,OK,24.9,24.1,24.4,24.1,-0.79,-0.49,0.3,90.24,90.63,0.39
449,07:29,297.7,295.4,291.6,291.6,295.4,A,0.9871,,,OK,25.0,24.3,24.6,24.3,-0.73,-0.43,0.3,90.24,90.65,0.41
450,07:30,302.2,300.2,297.8,297.8,300.2,A,0.992,,,OK,25.3,24.6,25.0,24.6,-0.68,-0.28,0.4,90.23,90.65,0.42
451,07:31,306.3,304.7,303.0,303.0,304.7,A,0.9944,,,OK,25.5,24.8,25.1,24.8,-0.72,-0.42,0.3,90.23,90.65,0.42
452,07:32,310.5,308.0,306.5,306.5,308.0,A,0.9951,,,OK,25.7,25.2,25.7,25.2,-0.53,-0.03,0.5,90.22,90.64,0.42
453,07:33,314.5,310.9,306.7,306.7,310.9,A,0.9865,,,OK,25.8,25.4,25.7,25.4,-0.42,-0.12,0.3,90.21,90.65,0.44
454,07:34,317.9,315.4,312.2,312.2,315.4,A,0.9899,,,OK,25.9,25.5,26.1,25.5,-0.36,0.24,0.6,90.2,90.65,0.45
455,07:35,321.6,319.3,318.2,318.2,319.3,A,0.9966,,,OK,26.0,25.9,26.1,25.9,-0.08,0.12,0.2,90.19,90.64,0.45
456,07:36,325.1,322.4,318.0,318.0,322.4,A,0.9864,,,OK,26.2,25.9,26.2,25.9,-0.28,0.02,0.3,90.18,90.65,0.47
457,07:37,329.2,325.6,322.3,322.3,325.6,A,0.9899,,,OK,26.2,26.0,26.0,26.0,-0.18,-0.18,0.0,90.17,90.65,0.48
458,07:38,333.4,329.9,326.9,326.9,329.9,A,0.9909,,,OK,26.3,26.0,26.5,26.0,-0.31,0.19,0.5,90.16,90.65,0.49
459,07:39,336.7,334.0,331.8,331.8,334.0,A,0.9934,,,OK,26.4,26.3,26.7,26.3,-0.14,0.26,0.4,90.15,90.64,0.49
460,07:40,340.7,338.3,334.6,334.6,338.3,A,0.9891,,,OK,26.6,26.6,27.0,26.6,0.03,0.43,0.4,90.14,90.64,0.5
461,07:41,344.7,340.7,340.6,340.6,340.7,A,0.9997,,,OK,26.6,26.5,26.8,26.5,-0.15,0.15,0.3,90.13,90.62,0.49
462,07:42,348.1,345.9,342.7,342.7,345.9,A,0.9907,,,OK,26.9,27.0,27.7,27.0,0.09,0.79,0.7,90.12,90.62,0.5
463,07:43,351.8,349.4,349.7,349.7,349.4,A,1.0009,,,OK,27.1,27.2,27.6,27.2,0.08,0.48,0.4,90.1,90.59,0.49
464,07:44,355.3,352.4,348.6,348.6,352.4,A,0.9892,,,OK,27.2,27.3,28.0,27.3,0.09,0.79,0.7,90.09,90.58,0.49
465,07:45,358.9,356.0,355.3,355.3,356.0,A,0.998,,,OK,27.5,27.7,28.2,27.7,0.18,0.68,0.5,90.07,90.56,0.49
466,07:46,362.6,358.3,355.1,355.1,358.3,A,0.9911,,,OK,27.6,27.8,28.4,27.8,0.2,0.8,0.6,90.06,90.55,0.49
467,07:47,366.3,361.8,359.4,359.4,361.8,A,0.9934,,,OK,27.7,28.2,28.7,28.2,0.49,0.99,0.5,90.04,90.54,0.5
468,07:48,369.7,367.4,364.2,364.2,367.4,A,0.9913,,,OK,27.9,28.9,29.2,28.9,1.02,1.32,0.3,90.02,90.52,0.5
469,07:49,373.4,369.6,367.1,367.1,369.6,A,0.9932,,,OK,28.0,29.1,29.5,29.1,1.05,1.45,0.4,90.0,90.5,0.5
470,07:50,377.3,374.4,369.9,369.9,374.4,A,0.988,,,OK,28.3,29.7,30.1,29.7,1.4,1.8,0.4,89.97,90.49,0.52
471,07:51,380.9,378.3,373.8,373.8,378.3,A,0.9881,,,OK,28.4,30.0,30.4,30.0,1.58,1.98,0.4,89.94,90.47,0.53
472,07:52,385.0,381.8,380.1,380.1,381.8,A,0.9955,,,OK,28.5,30.0,30.7,30.0,1.47,2.17,0.7,89.92,90.45,0.53
473,07:53,388.0,385.2,383.3,383.3,385.2,A,0.9951,,,OK,28.7,30.3,30.6,30.3,1.56,1.86,0.3,89.89,90.42,0.53
474,07:54,391.3,390.1,386.9,386.9,390.1,A,0.9918,,,OK,29.0,30.4,31.0,30.4,1.41,2.01,0.6,89.87,90.4,0.53
475,07:55,393.9,390.6,387.8,387.8,390.6,A,0.9928,,,OK,29.0,29.9,30.4,29.9,0.89,1.39,0.5,89.85,90.38,0.53
476,07:56,397.1,395.0,390.7,390.7,395.0,A,0.9891,,,OK,29.2,30.5,31.1,30.5,1.26,1.86,0.6,89.82,90.36,0.54
477,07:57,400.1,397.3,395.1,395.1,397.3,A,0.9945,,,OK,29.3,30.2,30.7,30.2,0.88,1.38,0.5,89.8,90.34,0.54
478,07:58,404.0,401.1,396.2,396.2,401.1,A,0.9878,,,OK,29.4,30.3,31.1,30.3,0.87,1.67,0.8,89.78,90.33,0.55
479,07:59,407.8,404.7,399.0,399.0,404.7,A,0.9859,,,OK,29.5,30.4,31.2,30.4,0.85,1.65,0.8,89.76,90.32,0.56
480,08:00,411.7,409.7,404.8,404.8,409.7,A,0.988,,,OK,29.7,30.6,31.1,30.6,0.9,1.4,0.5,89.74,90.31,0.57
481,08:01,415.8,413.6,408.9,408.9,413.6,A,0.9886,,,OK,29.8,30.8,31.3,30.8,0.98,1.48,0.5,89.72,90.3,0.58
482,08:02,420.1,417.2,415.9,415.9,417.2,A,0.9969,,,OK,30.0,30.8,31.3,30.8,0.76,1.26,0.5,89.7,90.27,0.57
483,08:03,423.3,421.3,417.2,417.2,421.3,A,0.9903,,,OK,30.2,30.4,30.9,30.4,0.23,0.73,0.5,89.68,90.26,0.58
484,08:04,426.7,426.1,421.3,421.3,426.1,A,0.9887,,,OK,30.2,30.2,31.0,30.2,-0.02,0.78,0.8,89.66,90.25,0.59
485,08:05,430.0,427.5,423.1,423.1,427.5,A,0.9897,,,OK,30.3,30.0,30.7,30.0,-0.26,0.44,0.7,89.65,90.24,0.59
486,08:06,433.0,429.9,426.6,426.6,429.9,A,0.9923,,,OK,30.3,30.0,30.5,30.0,-0.33,0.17,0.5,89.63,90.23,0.6
487,08:07,436.0,434.2,430.7,430.7,434.2,A,0.9919,,,OK,30.5,30.1,30.6,30.1,-0.37,0.13,0.5,89.62,90.22,0.6
488,08:08,439.8,437.7,432.7,432.7,437.7,A,0.9886,,,OK,30.7,30.1,30.7,30.1,-0.58,0.02,0.6,89.61,90.21,0.6
489,08:09,443.8,442.5,439.4,439.4,442.5,A,0.993,,,OK,30.8,30.2,31.0,30.2,-0.63,0.17,0.8,89.59,90.2,0.61
490,08:10,448.0,445.6,440.9,440.9,445.6,A,0.9895,,,OK,30.9,30.5,31.4,30.5,-0.43,0.47,0.9,89.58,90.19,0.61
491,08:11,452.1,449.6,443.9,443.9,449.6,A,0.9873,,,OK,31.0,30.7,31.6,30.7,-0.35,0.55,0.9,89.56,90.18,0.62
492,08:12,456.5,455.9,451.8,451.8,455.9,A,0.991,,,OK,31.3,31.1,31.7,31.1,-0.25,0.35,0.6,89.55,90.17,0.62
493,08:13,461.1,460.9,457.6,457.6,460.9,A,0.9928,,,OK,31.5,31.2,32.0,31.2,-0.3,0.5,0.8,89.53,90.15,0.62
494,08:14,466.0,465.2,460.3,460.3,465.2,A,0.9895,,,OK,31.6,31.3,32.2,31.3,-0.34,0.56,0.9,89.51,90.14,0.63
495,08:15,470.0,468.6,464.7,464.7,468.6,A,0.9917,,,OK,31.6,31.4,32.1,31.4,-0.24,0.46,0.7,89.5,90.13,0.63
496,08:16,474.0,472.2,466.7,466.7,472.2,A,0.9884,,,OK,31.9,31.9,32.5,31.9,0.04,0.64,0.6,89.48,90.11,0.63
497,08:17,478.6,476.1,468.6,468.6,476.1,A,0.9842,,,OK,32.1,31.9,32.7,31.9,-0.18,0.62,0.8,89.46,90.11,0.65
498,08:18,483.8,480.3,473.5,473.5,480.3,A,0.9858,,,OK,32.1,32.3,33.2,32.3,0.19,1.09,0.9,89.44,90.1,0.66
499,08:19,488.4,486.9,480.5,480.5,486.9,A,0.9869,,,OK,32.4,32.8,33.5,32.8,0.38,1.08,0.7,89.42,90.08,0.66
500,08:20,492.9,493.2,486.8,486.8,493.2,A,0.987,,,OK,32.7,33.2,34.1,33.2,0.49,1.39,0.9,89.39,90.07,0.68
501,08:21,497.6,495.2,491.9,491.9,495.2,A,0.9933,,,OK,32.8,33.8,34.4,33.8,1.02,1.62,0.6,89.36,90.04,0.68
502,08:22,501.4,499.3,495.2,495.2,499.3,A,0.9918,,,OK,33.0,33.9,35.1,33.9,0.9,2.1,1.2,89.33,90.01,0.68
503,08:23,505.1,500.8,497.4,497.4,500.8,A,0.9932,,,OK,33.0,33.7,34.8,33.7,0.65,1.75,1.1,89.31,89.98,0.67
504,08:24,508.0,505.0,497.7,497.7,505.0,A,0.9855,,,OK,33.3,33.8,34.5,33.8,0.52,1.22,0.7,89.28,89.96,0.68
505,08:25,511.3,508.5,503.2,503.2,508.5,A,0.9896,,,OK,33.4,33.7,34.5,33.7,0.31,1.11,0.8,89.25,89.94,0.69
506,08:26,514.8,511.3,505.0,505.0,511.3,A,0.9877,,,OK,33.5,33.9,34.7,33.9,0.42,1.22,0.8,89.23,89.92,0.69
507,08:27,518.4,515.0,509.9,509.9,515.0,A,0.9901,,,OK,33.6,33.8,34.5,33.8,0.21,0.91,0.7,89.2,89.9,0.7
508,08:28,521.8,517.5,511.3,511.3,517.5,A,0.988,,,OK,33.8,33.4,34.4,33.4,-0.37,0.63,1.0,89.18,89.88,0.7
509,08:29,525.3,520.7,518.2,518.2,520.7,A,0.9952,,,OK,34.0,33.6,34.5,33.6,-0.37,0.53,0.9,89.16,89.86,0.7
510,08:30,529.5,524.4,515.7,515.7,524.4,A,0.9834,,,OK,34.1,34.3,35.3,34.3,0.21,1.21,1.0,89.13,89.84,0.71
511,08:31,534.1,530.0,524.9,524.9,530.0,A,0.9904,,,OK,34.3,34.4,35.6,34.4,0.14,1.34,1.2,89.11,89.82,0.71
512,08:32,539.3,535.1,531.0,531.0,535.1,A,0.9923,,,OK,34.4,34.3,35.1,34.3,-0.12,0.68,0.8,89.09,89.8,0.71
513,08:33,543.5,540.3,533.6,533.6,540.3,A,0.9876,,,OK,34.7,34.7,35.4,34.7,0.02,0.72,0.7,89.06,89.78,0.72
514,08:34,547.9,544.2,540.5,540.5,544.2,A,0.9932,,,OK,34.8,34.6,35.7,34.6,-0.21,0.89,1.1,89.04,89.75,0.71
515,08:35,553.1,545.2,537.2,537.2,545.2,A,0.9853,,,OK,34.8,34.6,35.7,34.6,-0.24,0.86,1.1,89.01,89.73,0.72
516,08:36,557.3,552.2,547.1,547.1,552.2,A,0.9908,,,OK,35.1,34.8,35.8,34.8,-0.26,0.74,1.0,88.99,89.71,0.72
517,08:37,560.9,557.2,552.0,552.0,557.2,A,0.9907,,,OK,35.3,34.9,36.0,34.9,-0.41,0.69,1.1,88.97,89.69,0.72
518,08:38,565.1,560.0,554.4,554.4,560.0,A,0.99,,,OK,35.4,34.8,35.9,34.8,-0.6,0.5,1.1,88.94,89.67,0.73
519,08:39,568.9,563.5,556.8,556.8,563.5,A,0.9881,,,OK,35.5,34.8,35.8,34.8,-0.71,0.29,1.0,88.92,89.65,0.73
520,08:40,573.2,568.4,562.0,562.0,568.4,A,0.9887,,,OK,35.8,34.8,35.9,34.8,-0.96,0.14,1.1,88.9,89.64,0.74
521,08:41,577.6,573.7,567.2,567.2,573.7,A,0.9887,,,OK,35.8,35.1,36.0,35.1,-0.73,0.17,0.9,88.88,89.62,0.74
522,08:42,582.5,577.9,569.4,569.4,577.9,A,0.9853,,,OK,36.0,35.1,36.1,35.1,-0.86,0.14,1.0,88.86,89.6,0.74
523,08:43,587.4,583.3,574.7,574.7,583.3,A,0.9853,,,OK,36.2,35.4,36.4,35.4,-0.83,0.17,1.0,88.83,89.59,0.76
524,08:44,592.9,587.8,583.6,583.6,587.8,A,0.9929,,,OK,36.4,35.3,36.5,35.3,-1.07,0.13,1.2,88.81,89.56,0.75
525,08:45,597.5,592.5,586.7,586.7,592.5,A,0.9902,,,OK,36.4,35.4,36.3,35.4,-1.02,-0.12,0.9,88.79,89.54,0.75
526,08:46,601.1,597.8,589.6,589.6,597.8,A,0.9863,,,OK,36.6,35.5,36.5,35.5,-1.08,-0.08,1.0,88.77,89.53,0.76
527,08:47,604.3,598.0,591.3,591.3,598.0,A,0.9888,,,OK,36.6,35.9,37.1,35.9,-0.69,0.51,1.2,88.75,89.51,0.76
528,08:48,607.7,598.6,586.4,586.4,598.6,A,0.9796,,,OK,36.7,35.6,36.5,35.6,-1.11,-0.21,0.9,88.73,89.5,0.77
529,08:49,611.1,602.3,596.3,596.3,602.3,A,0.99,,,OK,36.8,35.5,36.7,35.5,-1.32,-0.12,1.2,88.71,89.48,0.77
530,08:50,616.1,607.7,600.2,600.2,607.7,A,0.9877,,,OK,37.0,35.5,36.8,35.5,-1.49,-0.19,1.3,88.69,89.47,0.78
531,08:51,621.0,611.2,604.3,604.3,611.2,A,0.9887,,,OK,37.1,35.7,36.9,35.7,-1.4,-0.2,1.2,88.67,89.45,0.78
532,08:52,626.1,619.7,612.4,612.4,619.7,A,0.9882,,,OK,37.5,36.4,37.6,36.4,-1.07,0.13,1.2,88.65,89.43,0.78
533,08:53,630.4,623.1,614.8,614.8,623.1,A,0.9867,,,OK,37.6,36.6,38.0,36.6,-0.97,0.43,1.4,88.62,89.42,0.8
534,08:54,635.3,627.6,620.8,620.8,627.6,A,0.9892,,,OK,37.8,36.8,38.2,36.8,-1.01,0.39,1.4,88.6,89.4,0.8
535,08:55,638.8,627.2,615.2,615.2,627.2,A,0.9809,,,OK,37.8,36.9,38.2,36.9,-0.9,0.4,1.3,88.58,89.38,0.8
536,08:56,641.5,632.7,620.8,620.8,632.7,A,0.9812,,,OK,38.0,37.5,38.7,37.5,-0.47,0.73,1.2,88.55,89.37,0.82
537,08:57,642.7,637.2,625.9,625.9,637.2,A,0.9823,,,OK,38.1,37.4,38.5,37.4,-0.71,0.39,1.1,88.53,89.36,0.83
538,08:58,646.1,634.6,624.2,624.2,634.6,A,0.9836,,,OK,38.0,37.2,38.1,37.2,-0.83,0.07,0.9,88.51,89.34,0.83
539,08:59,649.0,635.8,627.3,627.3,635.8,A,0.9866,,,OK,38.2,37.3,38.3,37.3,-0.87,0.13,1.0,88.49,89.32,0.83
540,09:00,652.7,643.4,636.5,636.5,643.4,A,0.9893,,,OK,38.4,37.9,39.3,37.9,-0.51,0.89,1.4,88.46,89.3,0.84
541,09:01,658.2,648.9,637.1,637.1,648.9,A,0.9818,,,OK,38.5,38.1,39.6,38.1,-0.38,1.12,1.5,88.44,89.28,0.84
542,09:02,664.3,655.4,644.8,644.8,655.4,A,0.9838,,,OK,38.7,38.3,39.3,38.3,-0.38,0.62,1.0,88.41,89.27,0.86
543,09:03,670.3,661.7,657.9,657.9,661.7,A,0.9943,,,OK,39.0,38.4,39.6,38.4,-0.58,0.62,1.2,88.39,89.24,0.85
544,09:04,675.1,665.8,655.6,655.6,665.8,A,0.9847,,,OK,39.2,38.6,39.5,38.6,-0.61,0.29,0.9,88.36,89.22,0.86
545,09:05,679.3,670.0,657.7,657.7,670.0,A,0.9816,,,OK,39.3,38.9,40.2,38.9,-0.44,0.86,1.3,88.34,89.2,0.86
546,09:06,684.2,673.3,662.9,662.9,673.3,A,0.9846,,,OK,39.3,39.2,40.5,39.2,-0.14,1.16,1.3,88.31,89.18,0.87
547,09:07,688.2,676.7,667.7,667.7,676.7,A,0.9867,,,OK,39.4,39.4,40.6,39.4,-0.05,1.15,1.2,88.28,89.16,0.88
548,09:08,692.8,682.5,671.3,671.3,682.5,A,0.9836,,,OK,39.6,39.3,40.5,39.3,-0.33,0.87,1.2,88.26,89.14,0.88
549,09:09,696.3,685.9,672.8,672.8,685.9,A,0.9809,,,OK,39.7,39.4,40.6,39.4,-0.33,0.87,1.2,88.23,89.12,0.89
550,09:10,699.8,689.2,677.0,677.0,689.2,A,0.9823,,,OK,39.9,39.7,41.0,39.7,-0.24,1.06,1.3,88.2,89.1,0.9
551,09:11,702.6,693.0,684.8,684.8,693.0,A,0.9882,,,OK,40.1,39.6,40.9,39.6,-0.46,0.84,1.3,88.18,89.08,0.9
552,09:12,705.7,693.9,685.8,685.8,693.9,A,0.9883,,,OK,40.1,39.8,41.1,39.8,-0.28,1.02,1.3,88.15,89.05,0.9
553,09:13,708.5,696.5,684.6,684.6,696.5,A,0.9829,,,OK,40.2,39.9,41.5,39.9,-0.27,1.33,1.6,88.13,89.03,0.9
554,09:14,711.1,701.0,689.9,689.9,701.0,A,0.9842,,,OK,40.4,40.2,41.4,40.2,-0.21,0.99,1.2,88.1,89.01,0.91
555,09:15,714.8,704.1,694.9,694.9,704.1,A,0.9869,,,OK,40.5,40.1,41.4,40.1,-0.4,0.9,1.3,88.08,88.99,0.91
556,09:16,718.0,705.6,698.6,698.6,705.6,A,0.9901,,,OK,40.7,40.3,41.7,40.3,-0.35,1.05,1.4,88.05,88.97,0.92
557,09:17,721.5,709.1,697.4,697.4,709.1,A,0.9835,,,OK,40.8,40.7,41.9,40.7,-0.06,1.14,1.2,88.03,88.95,0.92
558,09:18,724.3,713.7,703.8,703.8,713.7,A,0.9861,,,OK,41.0,41.5,43.2,41.5,0.5,2.2,1.7,88.0,88.92,0.92
559,09:19,728.6,718.5,706.4,706.4,718.5,A,0.9832,,,OK,41.2,41.7,43.3,41.7,0.55,2.15,1.6,87.97,88.9,0.93
560,09:20,732.3,719.1,713.5,713.5,719.1,A,0.9922,,,OK,41.3,41.7,43.1,41.7,0.43,1.83,1.4,87.94,88.87,0.93
561,09:21,736.2,722.3,713.9,713.9,722.3,A,0.9884,,,OK,41.3,41.8,43.2,41.8,0.53,1.93,1.4,87.91,88.84,0.93
562,09:22,740.3,723.3,713.6,713.6,723.3,A,0.9866,,,OK,41.4,42.1,43.5,42.1,0.7,2.1,1.4,87.88,88.81,0.93
563,09:23,743.8,729.5,719.7,719.7,729.5,A,0.9866,,,OK,41.6,42.3,43.5,42.3,0.7,1.9,1.2,87.86,88.79,0.93
564,09:24,747.6,734.6,723.8,723.8,734.6,A,0.9853,,,OK,41.8,42.6,44.1,42.6,0.84,2.34,1.5,87.83,88.76,0.93
565,09:25,751.8,736.1,722.2,722.2,736.1,A,0.9811,,,OK,42.0,42.6,44.3,42.6,0.6,2.3,1.7,87.8,88.74,0.94
566,09:26,755.1,739.6,730.7,730.7,739.6,A,0.988,,,OK,42.1,42.6,43.9,42.6,0.49,1.79,1.3,87.77,88.71,0.94
567,09:27,758.2,739.9,726.0,726.0,739.9,A,0.9812,,,OK,42.1,43.2,44.7,43.2,1.08,2.58,1.5,87.74,88.69,0.95
568,09:28,760.3,747.0,733.2,733.2,747.0,A,0.9815,,,OK,42.3,43.3,45.0,43.3,0.96,2.66,1.7,87.71,88.67,0.96
569,09:29,761.8,750.5,742.8,742.8,750.5,A,0.9897,,,OK,42.5,43.6,45.2,43.6,1.15,2.75,1.6,87.68,88.64,0.96
570,09:30,764.5,749.7,732.4,732.4,749.7,A,0.9769,,,OK,42.4,43.5,44.8,43.5,1.07,2.37,1.3,87.65,88.62,0.97
571,09:31,767.5,747.5,734.6,734.6,747.5,A,0.9827,,,OK,42.4,43.2,44.8,43.2,0.84,2.44,1.6,87.62,88.6,0.98
572,09:32,770.3,752.6,737.9,737.9,752.6,A,0.9805,,,OK,42.5,43.5,45.0,43.5,0.98,2.48,1.5,87.6,88.58,0.98
573,09:33,773.7,758.8,745.9,745.9,758.8,A,0.983,,,OK,42.7,43.5,45.1,43.5,0.79,2.39,1.6,87.57,88.55,0.98
574,09:34,777.9,764.5,753.1,753.1,764.5,A,0.9851,,,OK,42.9,43.3,44.8,43.3,0.41,1.91,1.5,87.54,88.53,0.99
575,09:35,781.6,766.4,754.4,754.4,766.4,A,0.9843,,,OK,43.0,43.3,44.7,43.3,0.25,1.65,1.4,87.52,88.51,0.99
576,09:36,786.6,769.1,756.6,756.6,769.1,A,0.9837,,,OK,43.1,43.0,44.6,43.0,-0.13,1.47,1.6,87.49,88.49,1.0
577,09:37,789.7,770.1,755.8,755.8,770.1,A,0.9814,,,OK,43.2,43.2,44.8,43.2,0.03,1.63,1.6,87.47,88.47,1.0
578,09:38,792.9,779.7,766.6,766.6,779.7,A,0.9832,,,OK,43.5,43.6,45.0,43.6,0.13,1.53,1.4,87.44,88.45,1.01
579,09:39,796.4,779.7,770.9,770.9,779.7,A,0.9887,,,OK,43.6,43.5,45.1,43.5,-0.07,1.53,1.6,87.42,88.42,1.0
580,09:40,800.3,783.4,769.0,769.0,783.4,A,0.9816,,,OK,43.7,43.7,45.5,43.7,0.02,1.82,1.8,87.38,88.39,1.01
581,09:41,801.8,787.4,775.3,775.3,787.4,A,0.9846,,,OK,43.9,43.9,45.6,43.9,-0.01,1.69,1.7,87.34,88.36,1.02
582,09:42,804.2,790.1,777.5,777.5,790.1,A,0.9841,,,OK,44.0,44.2,45.8,44.2,0.21,1.81,1.6,87.31,88.32,1.01
583,09:43,806.5,788.6,776.0,776.0,788.6,A,0.984,,,OK,43.9,44.2,45.9,44.2,0.26,1.96,1.7,87.27,88.29,1.02
584,09:44,808.5,791.3,776.2,776.2,791.3,A,0.9809,,,OK,44.0,44.3,46.0,44.3,0.27,1.97,1.7,87.24,88.26,1.02
585,09:45,810.1,793.7,780.3,780.3,793.7,A,0.9831,,,OK,44.1,44.2,46.2,44.2,0.1,2.1,2.0,87.2,88.23,1.03
586,09:46,811.4,795.1,781.5,781.5,795.1,A,0.9829,,,OK,44.1,44.7,46.5,44.7,0.55,2.35,1.8,87.17,88.2,1.03
587,09:47,813.0,795.7,781.9,781.9,795.7,A,0.9827,,,OK,44.2,44.7,46.3,44.7,0.53,2.13,1.6,87.13,88.17,1.04
588,09:48,814.4,795.6,782.4,782.4,795.6,A,0.9834,-2.06,-3.66,OK,44.2,44.5,46.0,44.5,0.34,1.84,1.5,87.1,88.14,1.04
589,09:49,815.0,799.8,785.7,785.7,799.8,A,0.9824,-2.04,-3.66,OK,44.4,44.9,46.8,44.9,0.51,2.41,1.9,87.06,88.11,1.05
590,09:50,817.2,802.1,791.8,791.8,802.1,A,0.9872,-2.02,-3.61,OK,44.4,44.6,46.2,44.6,0.23,1.83,1.6,87.03,88.08,1.05
591,09:51,818.9,799.9,787.0,787.0,799.9,A,0.9839,-2.05,-3.63,OK,44.4,44.1,45.6,44.1,-0.3,1.2,1.5,87.0,88.05,1.05
592,09:52,819.4,801.9,785.7,785.7,801.9,A,0.9798,-2.05,-3.67,OK,44.6,44.2,45.8,44.2,-0.36,1.24,1.6,86.97,88.02,1.05
593,09:53,819.2,803.4,790.7,790.7,803.4,A,0.9842,-2.04,-3.65,OK,44.5,44.2,45.9,44.2,-0.31,1.39,1.7,86.94,88.0,1.06
594,09:54,822.0,804.7,790.7,790.7,804.7,A,0.9826,-2.05,-3.66,OK,44.5,44.2,45.8,44.2,-0.35,1.25,1.6,86.91,87.97,1.06
595,09:55,823.5,805.4,792.8,792.8,805.4,A,0.9844,-2.06,-3.67,OK,44.6,44.1,45.9,44.1,-0.47,1.33,1.8,86.88,87.94,1.06
596,09:56,824.5,810.2,797.6,797.6,810.2,A,0.9844,-2.04,-3.65,OK,44.7,44.5,46.3,44.5,-0.22,1.58,1.8,86.85,87.92,1.07
597,09:57,827.0,811.0,797.8,797.8,811.0,A,0.9837,-2.03,-3.64,OK,44.7,45.4,47.1,45.4,0.66,2.36,1.7,86.82,87.89,1.07
598,09:58,829.9,809.4,791.5,791.5,809.4,A,0.9779,-2.06,-3.69,OK,44.7,45.1,47.2,45.1,0.41,2.51,2.1,86.79,87.87,1.08
599,09:59,832.2,814.3,800.3,800.3,814.3,A,0.9828,-2.06,-3.7,OK,44.9,45.3,47.1,45.3,0.35,2.15,1.8,86.76,87.84,1.08
600,10:00,835.5,816.5,806.4,806.4,816.5,A,0.9876,-2.07,-3.69,OK,45.0,45.5,47.4,45.5,0.48,2.38,1.9,86.73,87.81,1.08
601,10:01,840.4,822.2,807.0,807.0,822.2,A,0.9815,-2.07,-3.7,OK,45.3,46.2,48.0,46.2,0.91,2.71,1.8,86.7,87.78,1.08
602,10:02,844.4,825.0,814.9,814.9,825.0,A,0.9878,-2.08,-3.69,OK,45.3,46.1,47.9,46.1,0.82,2.62,1.8,86.67,87.75,1.08
603,10:03,848.7,831.9,821.3,821.3,831.9,A,0.9873,-2.08,-3.67,OK,45.5,46.3,47.9,46.3,0.8,2.4,1.6,86.63,87.72,1.09
604,10:04,852.5,837.1,823.1,823.1,837.1,A,0.9833,-2.07,-3.66,OK,45.7,46.3,48.2,46.3,0.64,2.54,1.9,86.6,87.69,1.09
605,10:05,856.0,835.0,821.5,821.5,835.0,A,0.9838,-2.08,-3.68,OK,45.6,45.9,47.9,45.9,0.31,2.31,2.0,86.57,87.66,1.09
606,10:06,858.4,840.9,827.1,827.1,840.9,A,0.9836,-2.08,-3.68,OK,45.9,46.0,47.9,46.0,0.12,2.02,1.9,86.54,87.63,1.09
607,10:07,861.4,843.0,829.1,829.1,843.0,A,0.9835,-2.08,-3.68,OK,45.9,46.5,48.4,46.5,0.56,2.46,1.9,86.51,87.61,1.1
608,10:08,866.2,844.2,833.5,833.5,844.2,A,0.9873,-2.1,-3.68,OK,46.1,46.7,48.5,46.7,0.62,2.42,1.8,86.48,87.58,1.1
609,10:09,870.6,850.9,834.7,834.7,850.9,A,0.981,-2.1,-3.7,OK,46.3,46.9,48.9,46.9,0.61,2.61,2.0,86.45,87.55,1.1
610,10:10,876.5,858.7,843.6,843.6,858.7,A,0.9824,-2.1,-3.69,OK,46.5,46.7,48.2,46.7,0.17,1.67,1.5,86.42,87.52,1.1
611,10:11,880.5,862.1,851.1,851.1,862.1,A,0.9872,-2.11,-3.69,OK,46.6,47.0,48.9,47.0,0.36,2.26,1.9,86.39,87.49,1.1
612,10:12,882.6,863.6,841.8,841.8,863.6,A,0.9748,-2.12,-3.71,OK,46.7,47.1,49.1,47.1,0.41,2.41,2.0,86.36,87.47,1.11
613,10:13,884.1,866.5,849.0,849.0,866.5,A,0.9798,-2.12,-3.7,OK,46.8,47.3,49.4,47.3,0.52,2.62,2.1,86.33,87.44,1.11
614,10:14,884.4,863.0,840.1,840.1,863.0,A,0.9735,-2.12,-3.69,OK,46.8,47.3,49.3,47.3,0.53,2.53,2.0,86.3,87.42,1.12
615,10:15,885.0,864.8,846.2,846.2,864.8,A,0.9785,-2.12,-3.69,OK,46.9,47.4,49.2,47.4,0.48,2.28,1.8,86.27,87.4,1.13
616,10:16,884.5,864.5,851.9,851.9,864.5,A,0.9854,-2.13,-3.69,OK,46.9,47.6,49.4,47.6,0.68,2.48,1.8,86.24,87.37,1.13
617,10:17,885.1,865.9,846.6,846.6,865.9,A,0.9777,-2.13,-3.71,OK,47.0,47.6,49.6,47.6,0.64,2.64,2.0,86.21,87.35,1.14
618,10:18,886.0,863.8,851.9,851.9,863.8,A,0.9862,-2.14,-3.71,OK,47.0,48.0,50.2,48.0,1.01,3.21,2.2,86.18,87.32,1.14
619,10:19,887.7,864.5,845.6,845.6,864.5,A,0.9781,-2.17,-3.76,OK,46.9,47.8,50.0,47.8,0.88,3.08,2.2,86.15,87.29,1.14
620,10:20,890.6,868.8,848.4,848.4,868.8,A,0.9765,-2.2,-3.83,OK,47.0,47.7,49.9,47.7,0.65,2.85,2.2,86.13,87.27,1.14
621,10:21,895.3,876.5,860.3,860.3,876.5,A,0.9815,-2.19,-3.83,OK,47.2,47.4,49.3,47.4,0.21,2.11,1.9,86.1,87.25,1.15
622,10:22,899.3,881.6,863.4,863.4,881.6,A,0.9794,-2.18,-3.82,OK,47.4,47.7,49.9,47.7,0.25,2.45,2.2,86.07,87.23,1.16
623,10:23,903.9,882.4,868.8,868.8,882.4,A,0.9846,-2.2,-3.84,OK,47.6,48.0,50.0,48.0,0.42,2.42,2.0,86.04,87.2,1.16
624,10:24,906.8,885.6,867.7,867.7,885.6,A,0.9798,-2.21,-3.86,OK,47.8,48.0,50.1,48.0,0.22,2.32,2.1,86.02,87.17,1.15
625,10:25,909.4,889.2,868.3,868.3,889.2,A,0.9765,-2.21,-3.89,OK,48.0,48.1,50.1,48.1,0.11,2.11,2.0,85.99,87.15,1.16
626,10:26,911.3,890.2,869.9,869.9,890.2,A,0.9772,-2.24,-3.95,OK,47.9,48.0,49.9,48.0,0.08,1.98,1.9,85.96,87.13,1.17
627,10:27,913.8,892.2,877.0,877.0,892.2,A,0.983,-2.25,-3.97,OK,48.0,47.9,50.1,47.9,-0.08,2.12,2.2,85.93,87.11,1.18
628,10:28,916.5,893.8,877.0,877.0,893.8,A,0.9812,-2.25,-3.95,OK,48.1,47.8,50.2,47.8,-0.33,2.07,2.4,85.91,87.09,1.18
629,10:29,918.5,898.9,878.9,878.9,898.9,A,0.9778,-2.25,-3.97,OK,48.4,47.7,49.9,47.7,-0.69,1.51,2.2,85.88,87.07,1.19
630,10:30,921.4,901.2,885.8,885.8,901.2,A,0.9829,-2.25,-3.99,OK,48.5,47.7,49.9,47.7,-0.76,1.44,2.2,85.86,87.04,1.18
631,10:31,925.4,901.3,882.7,882.7,901.3,A,0.9794,-2.27,-4.02,OK,48.6,47.9,49.9,47.9,-0.67,1.33,2.0,85.83,87.02,1.19
632,10:32,928.3,906.3,890.7,890.7,906.3,A,0.9828,-2.27,-4.04,OK,48.7,48.2,50.2,48.2,-0.52,1.48,2.0,85.81,87.0,1.19
633,10:33,932.0,908.5,891.1,891.1,908.5,A,0.9808,-2.29,-4.09,OK,48.8,48.0,50.3,48.0,-0.79,1.51,2.3,85.78,86.98,1.2
634,10:34,934.1,910.0,892.0,892.0,910.0,A,0.9802,-2.33,-4.13,OK,48.8,47.6,49.9,47.6,-1.24,1.06,2.3,85.76,86.95,1.19
635,10:35,936.8,914.1,895.1,895.1,914.1,A,0.9792,-2.32,-4.15,OK,49.0,47.7,49.6,47.7,-1.27,0.63,1.9,85.73,86.94,1.21
636,10:36,939.0,913.8,893.8,893.8,913.8,A,0.9781,-2.35,-4.2,OK,49.0,48.1,50.4,48.1,-0.86,1.44,2.3,85.71,86.92,1.21
637,10:37,942.4,918.3,899.4,899.4,918.3,A,0.9794,-2.37,-4.23,OK,49.2,48.0,50.3,48.0,-1.2,1.1,2.3,85.69,86.9,1.21
638,10:38,943.4,920.7,900.5,900.5,920.7,A,0.9781,-2.36,-4.26,OK,49.3,47.9,50.0,47.9,-1.37,0.73,2.1,85.66,86.88,1.22
639,10:39,946.4,923.6,904.3,904.3,923.6,A,0.9791,-2.37,-4.27,OK,49.4,48.0,50.2,48.0,-1.36,0.84,2.2,85.64,86.86,1.22
640,10:40,947.9,918.7,899.7,899.7,918.7,A,0.9793,-2.39,-4.3,OK,49.2,48.1,50.5,48.1,-1.11,1.29,2.4,85.62,86.84,1.22
641,10:41,949.1,925.2,901.4,901.4,925.2,A,0.9743,-2.41,-4.37,OK,49.3,48.2,50.5,48.2,-1.11,1.19,2.3,85.59,86.82,1.23
642,10:42,950.8,926.8,904.9,904.9,926.8,A,0.9764,-2.41,-4.38,OK,49.4,48.0,49.9,48.0,-1.36,0.54,1.9,85.57,86.81,1.24
643,10:43,953.8,930.0,908.1,908.1,930.0,A,0.9765,-2.42,-4.4,OK,49.6,48.3,50.4,48.3,-1.26,0.84,2.1,85.55,86.79,1.24
644,10:44,955.8,931.8,910.6,910.6,931.8,A,0.9772,-2.42,-4.41,OK,49.6,48.3,50.5,48.3,-1.32,0.88,2.2,85.53,86.77,1.24
645,10:45,960.1,935.4,914.7,914.7,935.4,A,0.9779,-2.42,-4.42,OK,49.8,48.6,50.8,48.6,-1.23,0.97,2.2,85.5,86.75,1.25
646,10:46,963.0,935.1,914.4,914.4,935.1,A,0.9779,-2.45,-4.47,OK,49.8,48.5,50.6,48.5,-1.32,0.78,2.1,85.48,86.73,1.25
647,10:47,966.8,943.8,927.7,927.7,943.8,A,0.9829,-2.45,-4.46,OK,50.1,48.4,50.7,48.4,-1.69,0.61,2.3,85.45,86.71,1.26
648,10:48,969.6,942.8,922.0,922.0,942.8,A,0.9779,-2.46,-4.49,OK,50.1,48.5,50.8,48.5,-1.56,0.74,2.3,85.43,86.69,1.26
649,10:49,972.7,948.3,928.3,928.3,948.3,A,0.9789,-2.46,-4.48,OK,50.2,49.0,51.1,49.0,-1.23,0.87,2.1,85.4,86.66,1.26
650,10:50,973.9,951.0,933.3,933.3,951.0,A,0.9814,-2.45,-4.47,OK,50.3,49.3,51.5,49.3,-1.02,1.18,2.2,85.38,86.64,1.26
651,10:51,975.7,953.0,934.9,934.9,953.0,A,0.981,-2.46,-4.47,OK,50.3,49.5,51.9,49.5,-0.78,1.62,2.4,85.35,86.61,1.26
652,10:52,977.7,951.9,929.4,929.4,951.9,A,0.9764,-2.48,-4.51,OK,50.2,49.6,52.2,49.6,-0.65,1.95,2.6,85.32,86.59,1.27
653,10:53,978.5,955.2,937.4,937.4,955.2,A,0.9814,-2.48,-4.52,OK,50.4,49.8,52.2,49.8,-0.55,1.85,2.4,85.3,86.57,1.27
654,10:54,980.0,956.2,933.1,933.1,956.2,A,0.9758,-2.49,-4.53,OK,50.5,49.6,51.9,49.6,-0.88,1.42,2.3,85.27,86.55,1.28
655,10:55,982.1,956.5,934.3,934.3,956.5,A,0.9768,-2.5,-4.54,OK,50.5,49.8,51.9,49.8,-0.69,1.41,2.1,85.24,86.52,1.28
656,10:56,983.1,961.9,940.7,940.7,961.9,A,0.978,-2.5,-4.54,OK,50.8,50.4,52.7,50.4,-0.36,1.94,2.3,85.21,86.5,1.29
657,10:57,984.4,961.3,940.7,940.7,961.3,A,0.9786,-2.49,-4.55,OK,50.7,50.2,52.9,50.2,-0.54,2.16,2.7,85.19,86.47,1.28
658,10:58,984.7,960.1,938.4,938.4,960.1,A,0.9774,-2.5,-4.56,OK,50.8,50.4,52.8,50.4,-0.4,2.0,2.4,85.16,86.45,1.29
659,10:59,984.9,963.5,939.1,939.1,963.5,A,0.9747,-2.5,-4.57,OK,51.0,50.9,53.2,50.9,-0.11,2.19,2.3,85.13,86.43,1.3
660,11:00,985.4,959.4,937.8,937.8,959.4,A,0.9775,-2.51,-4.61,OK,50.9,50.8,53.2,50.8,-0.08,2.32,2.4,85.1,86.4,1.3
661,11:01,985.4,962.7,944.2,944.2,962.7,A,0.9808,-2.5,-4.59,OK,51.1,50.8,53.1,50.8,-0.28,2.02,2.3,85.08,86.38,1.3
662,11:02,984.5,963.0,941.0,941.0,963.0,A,0.9772,-2.5,-4.6,OK,51.1,51.1,53.8,51.1,0.01,2.71,2.7,85.05,86.35,1.3
663,11:03,987.1,962.5,940.1,940.1,962.5,A,0.9767,-2.49,-4.62,OK,51.1,50.8,53.5,50.8,-0.28,2.42,2.7,85.02,86.33,1.31
664,11:04,987.6,962.9,941.4,941.4,962.9,A,0.9777,-2.49,-4.62,OK,51.1,50.9,53.2,50.9,-0.19,2.11,2.3,84.99,86.31,1.32
665,11:05,988.1,968.0,946.9,946.9,968.0,A,0.9782,-2.48,-4.61,OK,51.2,51.2,53.5,51.2,-0.05,2.25,2.3,84.97,86.28,1.31
666,11:06,988.6,967.3,945.8,945.8,967.3,A,0.9778,-2.46,-4.6,Dérive,51.1,50.9,53.3,50.9,-0.23,2.17,2.4,84.94,86.26,1.32
667,11:07,987.0,963.9,944.8,944.8,963.9,A,0.9802,-2.45,-4.59,Dérive,51.0,51.1,53.4,51.1,0.08,2.38,2.3,84.91,86.23,1.32
668,11:08,986.5,967.8,948.8,948.8,967.8,A,0.9804,-2.44,-4.56,Dérive,51.1,50.9,53.3,50.9,-0.24,2.16,2.4,84.88,86.21,1.33
669,11:09,988.0,962.8,941.6,941.6,962.8,A,0.978,-2.44,-4.57,Dérive,51.0,50.5,53.3,50.5,-0.49,2.31,2.8,84.86,86.19,1.33
670,11:10,989.2,968.7,943.0,943.0,968.7,A,0.9735,-2.41,-4.56,Dérive,51.3,51.0,53.2,51.0,-0.27,1.93,2.2,84.83,86.16,1.33
671,11:11,989.5,971.4,941.6,941.6,971.4,A,0.9693,-2.39,-4.55,Dérive,51.3,51.1,53.6,51.1,-0.16,2.34,2.5,84.8,86.14,1.34
672,11:12,991.9,971.5,953.4,953.4,971.5,A,0.9814,-2.38,-4.54,Dérive,51.3,51.2,53.5,51.2,-0.06,2.24,2.3,84.78,86.12,1.34
673,11:13,992.7,969.1,948.2,948.2,969.1,A,0.9784,-2.38,-4.53,Dérive,51.1,51.0,53.8,51.0,-0.08,2.72,2.8,84.75,86.09,1.34
674,11:14,993.4,973.9,948.4,948.4,973.9,A,0.9738,-2.37,-4.53,Dérive,51.2,51.1,53.7,51.1,-0.13,2.47,2.6,84.72,86.07,1.35
675,11:15,994.4,975.3,955.3,955.3,975.3,A,0.9795,-2.36,-4.52,Dérive,51.3,51.0,53.5,51.0,-0.28,2.22,2.5,84.69,86.04,1.35
676,11:16,996.9,977.6,954.0,954.0,977.6,A,0.9759,-2.34,-4.5,Dérive,51.4,51.6,54.2,51.6,0.15,2.75,2.6,84.66,86.02,1.36
677,11:17,998.4,977.7,951.9,951.9,977.7,A,0.9736,-2.34,-4.52,Dérive,51.5,51.6,54.3,51.6,0.15,2.85,2.7,84.63,85.99,1.36
678,11:18,998.9,981.5,954.6,954.6,981.5,A,0.9726,-2.32,-4.5,Dérive,51.6,51.7,54.4,51.7,0.13,2.83,2.7,84.6,85.97,1.37
679,11:19,999.3,978.5,953.2,953.2,978.5,A,0.9741,-2.31,-4.5,Dérive,51.5,51.6,54.0,51.6,0.12,2.52,2.4,84.57,85.94,1.37
680,11:20,1000.3,978.6,954.3,954.3,978.6,A,0.9752,-2.31,-4.51,Dérive,51.5,51.8,54.2,51.8,0.32,2.72,2.4,84.54,85.92,1.38
681,11:21,1000.4,978.4,957.0,957.0,978.4,A,0.9781,-2.31,-4.53,Dérive,51.5,51.6,54.5,51.6,0.13,3.03,2.9,84.52,85.89,1.37
682,11:22,1001.3,979.3,957.0,957.0,979.3,A,0.9772,-2.29,-4.51,Dérive,51.6,51.7,54.1,51.7,0.1,2.5,2.4,84.49,85.87,1.38
683,11:23,1002.3,985.8,964.7,964.7,985.8,A,0.9786,-2.29,-4.52,Dérive,51.8,52.0,54.6,52.0,0.19,2.79,2.6,84.46,85.84,1.38
684,11:24,1003.6,984.3,962.1,962.1,984.3,A,0.9774,-2.28,-4.51,Dérive,51.8,51.7,54.3,51.7,-0.06,2.54,2.6,84.43,85.81,1.38
685,11:25,970.9,984.2,961.2,961.2,984.2,A,0.9766,-2.26,-4.49,Dérive,51.9,51.9,54.5,51.9,0.04,2.64,2.6,84.4,85.78,1.38
686,11:26,905.0,985.9,960.8,960.8,985.9,A,0.9745,-2.27,-4.5,Dérive,52.0,52.1,54.9,52.1,0.09,2.89,2.8,84.37,85.76,1.39
687,11:27,807.3,823.1,803.5,803.5,823.1,A,0.9762,-2.26,-4.5,Dérive,46.9,46.9,49.4,46.9,-0.02,2.48,2.5,84.36,85.75,1.39
688,11:28,677.5,666.3,649.4,649.4,666.3,A,0.9746,-2.24,-4.49,Dérive,42.1,42.1,44.8,42.1,-0.02,2.68,2.7,84.36,85.75,1.39
689,11:29,546.4,507.3,491.9,491.9,507.3,A,0.9696,-2.25,-4.47,Dérive,37.2,37.3,40.2,37.3,0.15,3.05,2.9,84.36,85.76,1.4
690,11:30,448.5,346.3,335.8,335.8,346.3,A,0.9697,-2.21,-4.44,Dérive,32.1,32.3,34.8,32.3,0.18,2.68,2.5,84.36,85.76,1.4
691,11:31,383.1,344.5,336.3,336.3,344.5,A,0.9762,-2.21,-4.47,Dérive,32.1,32.2,34.9,32.2,0.13,2.83,2.7,84.37,85.77,1.4
692,11:32,350.1,343.3,334.6,334.6,343.3,A,0.9747,,,Dérive,32.1,32.2,35.0,32.2,0.07,2.87,2.8,84.37,85.77,1.4
693,11:33,349.9,344.1,336.1,336.1,344.1,A,0.9768,,,Dérive,32.3,32.2,34.9,32.2,-0.05,2.65,2.7,84.37,85.78,1.41
694,11:34,350.2,343.5,334.9,334.9,343.5,A,0.975,,,Dérive,32.2,31.8,34.7,31.8,-0.43,2.47,2.9,84.38,85.79,1.41
695,11:35,351.3,344.1,336.7,336.7,344.1,A,0.9785,,,Dérive,32.2,31.5,34.3,31.5,-0.65,2.15,2.8,84.38,85.79,1.41
696,11:36,351.5,345.2,335.7,335.7,345.2,A,0.9725,,,Dérive,32.2,31.5,34.3,31.5,-0.69,2.11,2.8,84.39,85.8,1.41
697,11:37,352.0,346.5,338.4,338.4,346.5,A,0.9766,,,Dérive,32.1,31.7,34.3,31.7,-0.43,2.17,2.6,84.39,85.8,1.41
698,11:38,352.6,346.3,336.6,336.6,346.3,A,0.972,,,Dérive,32.2,32.1,34.9,32.1,-0.12,2.68,2.8,84.39,85.81,1.42
699,11:39,353.0,347.6,340.0,340.0,347.6,A,0.9781,,,Dérive,32.3,32.0,34.9,32.0,-0.26,2.64,2.9,84.4,85.81,1.41
700,11:40,353.0,347.2,338.7,338.7,347.2,A,0.9755,,,Dérive,32.2,32.0,34.9,32.0,-0.25,2.65,2.9,84.4,85.82,1.42
701,11:41,352.8,345.8,338.1,338.1,345.8,A,0.9777,,,Dérive,32.2,31.9,34.7,31.9,-0.31,2.49,2.8,84.41,85.82,1.41
702,11:42,352.4,345.6,336.0,336.0,345.6,A,0.9722,,,Dérive,32.1,31.4,34.4,31.4,-0.7,2.3,3.0,84.41,85.83,1.42
703,11:43,384.3,345.8,336.0,336.0,345.8,A,0.9717,,,Dérive,32.2,31.9,34.4,31.9,-0.31,2.19,2.5,84.41,85.84,1.43
704,11:44,449.7,345.1,336.6,336.6,345.1,A,0.9754,,,Dérive,32.2,31.8,34.7,31.8,-0.38,2.52,2.9,84.42,85.84,1.42
705,11:45,547.3,504.8,492.9,492.9,504.8,A,0.9764,,,Dérive,37.2,37.1,39.9,37.1,-0.07,2.73,2.8,84.42,85.85,1.43
706,11:46,676.7,665.5,646.4,646.4,665.5,A,0.9713,,,Dérive,42.3,42.4,45.2,42.4,0.1,2.9,2.8,84.42,85.85,1.43
707,11:47,807.3,825.2,803.8,803.8,825.2,A,0.9741,,,Dérive,47.3,47.5,50.5,47.5,0.21,3.21,3.0,84.41,85.84,1.43
708,11:48,905.1,984.9,958.8,958.8,984.9,A,0.9735,,,Dérive,52.3,52.7,55.4,52.7,0.42,3.12,2.7,84.38,85.82,1.44
709,11:49,970.7,982.8,958.1,958.1,982.8,A,0.9749,,,Dérive,52.2,52.3,55.3,52.3,0.09,3.09,3.0,84.35,85.79,1.44
710,11:50,1004.2,982.7,960.4,960.4,982.7,A,0.9773,,,Dérive,52.2,52.3,54.9,52.3,0.09,2.69,2.6,84.33,85.77,1.44
711,11:51,1004.0,988.9,961.2,961.2,988.9,A,0.972,,,Dérive,52.4,52.3,54.9,52.3,-0.1,2.5,2.6,84.3,85.74,1.44
712,11:52,1004.7,987.3,966.2,966.2,987.3,A,0.9786,,,Dérive,52.4,52.3,55.2,52.3,-0.05,2.85,2.9,84.27,85.72,1.45
713,11:53,1005.8,989.2,959.9,959.9,989.2,A,0.9704,,,Dérive,52.5,52.3,55.2,52.3,-0.21,2.69,2.9,84.24,85.69,1.45
714,11:54,1006.7,989.3,963.3,963.3,989.3,A,0.9737,,,Dérive,52.5,52.1,55.2,52.1,-0.42,2.68,3.1,84.21,85.67,1.46
715,11:55,1007.5,991.8,970.5,970.5,991.8,A,0.9785,,,Dérive,52.6,51.9,54.6,51.9,-0.69,2.01,2.7,84.18,85.64,1.46
716,11:56,1008.9,989.2,958.9,958.9,989.2,A,0.9694,,,Dérive,52.4,51.8,54.5,51.8,-0.61,2.09,2.7,84.16,85.62,1.46
717,11:57,1009.1,988.3,961.8,961.8,988.3,A,0.9732,,,Dérive,52.5,52.1,55.1,52.1,-0.38,2.62,3.0,84.13,85.6,1.47
718,11:58,1008.4,990.7,965.3,965.3,990.7,A,0.9744,,,Dérive,52.5,52.4,55.3,52.4,-0.06,2.84,2.9,84.1,85.57,1.47
719,11:59,1007.4,986.9,966.8,966.8,986.9,A,0.9796,,,Dérive,52.3,51.8,54.9,51.8,-0.54,2.56,3.1,84.08,85.55,1.47
720,12:00,1005.9,987.7,959.6,959.6,987.7,A,0.9716,,,Dérive,52.3,51.5,54.4,51.5,-0.77,2.13,2.9,84.03,85.5,1.47
721,12:01,1004.0,987.0,958.8,958.8,987.0,A,0.9714,,,Dérive,52.2,51.7,54.5,51.7,-0.54,2.26,2.8,83.98,85.46,1.48
722,12:02,1003.9,983.2,955.7,955.7,983.2,A,0.972,,,Dérive,52.2,51.8,55.0,51.8,-0.43,2.77,3.2,83.94,85.42,1.48
723,12:03,1003.5,986.7,956.6,956.6,986.7,A,0.9695,,,Dérive,52.3,51.9,54.8,51.9,-0.43,2.47,2.9,83.9,85.39,1.49
724,12:04,1002.7,985.2,958.4,958.4,985.2,A,0.9728,,,Dérive,52.4,51.9,54.9,51.9,-0.49,2.51,3.0,83.86,85.35,1.49
725,12:05,1002.9,985.0,960.1,960.1,985.0,A,0.9747,,,Dérive,52.4,52.4,55.6,52.4,0.02,3.22,3.2,83.82,85.31,1.49
726,12:06,1002.1,980.1,949.7,949.7,980.1,A,0.969,,,Dérive,52.3,52.5,55.7,52.5,0.17,3.37,3.2,83.78,85.28,1.5
727,12:07,1001.8,985.8,960.7,960.7,985.8,A,0.9745,,,Dérive,52.5,52.7,55.6,52.7,0.19,3.09,2.9,83.75,85.25,1.5
728,12:08,1000.8,981.8,951.0,951.0,981.8,A,0.9686,,,Dérive,52.4,52.7,55.7,52.7,0.32,3.32,3.0,83.71,85.22,1.51
729,12:09,1001.3,978.3,947.3,947.3,978.3,A,0.9683,,,Dérive,52.3,52.6,55.9,52.6,0.33,3.63,3.3,83.68,85.19,1.51
730,12:10,999.5,980.1,952.1,952.1,980.1,A,0.9714,,,Dérive,52.3,52.6,55.6,52.6,0.27,3.27,3.0,83.65,85.16,1.51
731,12:11,997.3,983.1,956.3,956.3,983.1,A,0.9727,,,Dérive,52.4,52.6,55.8,52.6,0.18,3.38,3.2,83.61,85.13,1.52
732,12:12,996.5,978.5,948.1,948.1,978.5,A,0.9689,-1.84,-4.68,Dérive,52.3,52.4,55.5,52.4,0.12,3.22,3.1,83.58,85.1,1.52
733,12:13,995.0,977.2,948.5,948.5,977.2,A,0.9706,-1.83,-4.68,Dérive,52.2,52.2,55.5,52.2,-0.04,3.26,3.3,83.55,85.07,1.52
734,12:14,992.5,971.9,943.8,943.8,971.9,A,0.9711,-1.85,-4.7,Dérive,52.1,52.2,55.3,52.2,0.13,3.23,3.1,83.52,85.05,1.53
735,12:15,989.2,971.0,945.2,945.2,971.0,A,0.9734,-1.85,-4.68,Dérive,51.9,52.4,55.8,52.4,0.46,3.86,3.4,83.49,85.02,1.53
736,12:16,987.7,971.0,941.3,941.3,971.0,A,0.9694,-1.84,-4.68,Dérive,52.0,52.7,55.8,52.7,0.66,3.76,3.1,83.46,85.0,1.54
737,12:17,983.3,967.7,941.3,941.3,967.7,A,0.9727,-1.82,-4.65,Dérive,51.9,52.5,55.9,52.5,0.56,3.96,3.4,83.43,84.97,1.54
738,12:18,980.5,963.4,939.2,939.2,963.4,A,0.9749,-1.82,-4.62,Dérive,51.9,52.3,55.5,52.3,0.39,3.59,3.2,83.41,84.95,1.54
739,12:19,976.7,959.2,930.2,930.2,959.2,A,0.9698,-1.82,-4.63,Dérive,51.7,52.4,55.8,52.4,0.73,4.12,3.4,83.38,84.93,1.55
740,12:20,972.3,958.0,934.2,934.2,958.0,A,0.9752,-1.8,-4.59,Dérive,51.7,52.6,55.9,52.6,0.86,4.16,3.3,83.36,84.91,1.55
741,12:21,969.1,952.4,926.4,926.4,952.4,A,0.9727,-1.79,-4.58,Dérive,51.6,52.7,55.8,52.7,1.14,4.24,3.1,83.34,84.89,1.55
742,12:22,966.3,950.8,923.5,923.5,950.8,A,0.9713,-1.78,-4.57,Dérive,51.5,52.3,55.6,52.3,0.79,4.09,3.3,83.31,84.87,1.56
743,12:23,965.0,953.7,924.7,924.7,953.7,A,0.9696,-1.75,-4.56,Dérive,51.7,52.2,55.4,52.2,0.5,3.7,3.2,83.29,84.85,1.56
744,12:24,964.0,948.8,925.4,925.4,948.8,A,0.9753,-1.75,-4.53,Dérive,51.6,52.0,55.0,52.0,0.45,3.45,3.0,83.27,84.83,1.56
745,12:25,962.4,946.9,918.7,918.7,946.9,A,0.9702,-1.74,-4.53,Dérive,51.5,51.8,55.1,51.8,0.31,3.61,3.3,83.25,84.82,1.57
746,12:26,961.2,946.2,919.2,919.2,946.2,A,0.9715,-1.73,-4.52,Dérive,51.5,51.7,55.0,51.7,0.23,3.53,3.3,83.23,84.8,1.57
747,12:27,961.7,945.9,914.5,914.5,945.9,A,0.9668,-1.73,-4.54,Dérive,51.5,51.7,55.0,51.7,0.24,3.54,3.3,83.21,84.78,1.57
748,12:28,961.2,946.4,922.2,922.2,946.4,A,0.9744,-1.72,-4.52,Dérive,51.6,52.3,55.8,52.3,0.72,4.22,3.5,83.19,84.77,1.58
749,12:29,960.2,950.2,921.3,921.3,950.2,A,0.9696,-1.7,-4.5,Dérive,51.7,52.0,55.4,52.0,0.31,3.71,3.4,83.17,84.75,1.58
750,12:30,958.9,946.1,916.8,916.8,946.1,A,0.969,-1.68,-4.5,Dérive,51.6,51.9,55.4,51.9,0.33,3.83,3.5,83.15,84.73,1.58
751,12:31,958.0,943.3,916.6,916.6,943.3,A,0.9717,-1.68,-4.49,Dérive,51.6,51.9,55.4,51.9,0.32,3.82,3.5,83.13,84.72,1.59
752,12:32,954.8,942.4,918.3,918.3,942.4,A,0.9744,-1.67,-4.47,Dérive,51.6,52.0,55.4,52.0,0.35,3.75,3.4,83.11,84.7,1.59
753,12:33,953.7,942.6,911.9,911.9,942.6,A,0.9674,-1.65,-4.46,Dérive,51.6,51.8,55.3,51.8,0.24,3.74,3.5,83.09,84.69,1.6
754,12:34,953.3,939.0,915.7,915.7,939.0,A,0.9752,-1.64,-4.45,Dérive,51.4,51.6,54.8,51.6,0.16,3.36,3.2,83.08,84.67,1.59
755,12:35,952.2,941.6,911.6,911.6,941.6,A,0.9681,-1.62,-4.45,Dérive,51.5,51.6,55.0,51.6,0.07,3.47,3.4,83.06,84.66,1.6
756,12:36,952.5,939.3,914.3,914.3,939.3,A,0.9734,-1.59,-4.4,Dérive,51.4,51.5,54.9,51.5,0.15,3.55,3.4,83.04,84.64,1.6
757,12:37,951.9,936.5,904.7,904.7,936.5,A,0.966,-1.59,-4.43,Dérive,51.3,51.2,54.6,51.2,-0.07,3.33,3.4,83.02,84.63,1.61
758,12:38,950.3,939.9,911.2,911.2,939.9,A,0.9695,-1.57,-4.4,Dérive,51.5,51.4,54.7,51.4,-0.07,3.23,3.3,83.01,84.62,1.61
759,12:39,951.1,937.8,909.8,909.8,937.8,A,0.9701,-1.54,-4.37,Dérive,51.4,51.3,54.7,51.3,-0.11,3.29,3.4,82.99,84.6,1.61
760,12:40,952.2,939.1,914.0,914.0,939.1,A,0.9733,-1.52,-4.35,Dérive,51.4,51.4,55.0,51.4,-0.05,3.55,3.6,82.97,84.59,1.62
761,12:41,951.1,937.9,914.5,914.5,937.9,A,0.9751,-1.52,-4.34,Dérive,51.4,51.3,54.9,51.3,-0.11,3.49,3.6,82.96,84.57,1.61
762,12:42,950.2,937.8,908.0,908.0,937.8,A,0.9682,-1.5,-4.32,Dérive,51.4,51.7,55.2,51.7,0.29,3.79,3.5,82.94,84.56,1.62
763,12:43,949.1,933.8,911.1,911.1,933.8,A,0.9757,-1.49,-4.3,Dérive,51.3,51.4,54.8,51.4,0.12,3.52,3.4,82.92,84.55,1.63
764,12:44,947.4,931.3,904.4,904.4,931.3,A,0.9711,-1.48,-4.29,Dérive,51.2,51.5,54.7,51.5,0.3,3.5,3.2,82.91,84.53,1.62
765,12:45,945.1,931.8,907.8,907.8,931.8,A,0.9742,-1.47,-4.27,Dérive,51.2,51.5,55.2,51.5,0.28,3.98,3.7,82.89,84.52,1.63
766,12:46,944.4,927.8,900.9,900.9,927.8,A,0.971,-1.47,-4.27,Dérive,51.2,51.6,55.3,51.6,0.41,4.11,3.7,82.88,84.51,1.63
767,12:47,944.0,928.4,898.9,898.9,928.4,A,0.9682,-1.47,-4.29,Dérive,51.2,52.1,55.8,52.1,0.89,4.59,3.7,82.86,84.5,1.64
768,12:48,943.6,933.3,906.0,906.0,933.3,A,0.9707,-1.45,-4.28,Dérive,51.4,52.5,56.0,52.5,1.13,4.63,3.5,82.85,84.48,1.63
769,12:49,945.9,930.8,903.2,903.2,930.8,A,0.9703,-1.44,-4.27,Dérive,51.4,52.6,55.9,52.6,1.21,4.51,3.3,82.83,84.47,1.64
770,12:50,947.7,930.8,904.3,904.3,930.8,A,0.9715,-1.45,-4.29,Dérive,51.3,52.3,55.9,52.3,1.01,4.61,3.6,82.82,84.46,1.64
771,12:51,948.3,935.2,909.9,909.9,935.2,A,0.9729,-1.44,-4.28,Dérive,51.5,52.5,56.1,52.5,0.97,4.57,3.6,82.8,84.45,1.65
772,12:52,949.3,937.9,910.4,910.4,937.9,A,0.9707,-1.43,-4.27,Dérive,51.6,52.6,56.0,52.6,0.99,4.39,3.4,82.79,84.43,1.64
773,12:53,949.4,937.6,903.9,903.9,937.6,A,0.9641,-1.43,-4.29,Dérive,51.5,52.6,56.2,52.6,1.1,4.7,3.6,82.77,84.42,1.65
774,12:54,949.1,934.8,905.5,905.5,934.8,A,0.9687,-1.43,-4.31,Dérive,51.4,52.6,56.4,52.6,1.19,4.99,3.8,82.75,84.41,1.66
775,12:55,946.8,933.0,907.8,907.8,933.0,A,0.973,-1.42,-4.29,Dérive,51.5,52.5,56.0,52.5,1.04,4.54,3.5,82.74,84.4,1.66
776,12:56,945.1,934.0,903.6,903.6,934.0,A,0.9675,-1.41,-4.3,Dérive,51.5,52.8,56.3,52.8,1.31,4.81,3.5,82.72,84.38,1.66
777,12:57,942.8,929.8,901.6,901.6,929.8,A,0.9697,-1.4,-4.28,Dérive,51.4,52.8,56.2,52.8,1.44,4.84,3.4,82.71,84.37,1.66
778,12:58,942.2,927.9,898.3,898.3,927.9,A,0.9681,-1.4,-4.3,Dérive,51.3,52.7,56.5,52.7,1.4,5.2,3.8,82.69,84.36,1.67
779,12:59,939.8,929.2,899.7,899.7,929.2,A,0.9683,-1.4,-4.3,Dérive,51.3,52.9,56.4,52.9,1.56,5.06,3.5,82.68,84.35,1.67
780,13:00,939.5,928.7,900.9,900.9,928.7,A,0.9701,-1.4,-4.3,Dérive,51.2,52.8,56.4,52.8,1.58,5.18,3.6,82.68,84.35,1.67
781,13:01,937.7,925.8,899.7,899.7,925.8,A,0.9718,-1.39,-4.29,Dérive,51.1,52.8,56.4,52.8,1.67,5.27,3.6,82.67,84.35,1.68
782,13:02,935.7,922.9,891.0,891.0,922.9,A,0.9654,-1.39,-4.32,Dérive,51.0,52.6,56.2,52.6,1.56,5.16,3.6,82.67,84.35,1.68
783,13:03,934.2,921.8,891.9,891.9,921.8,A,0.9676,-1.4,-4.32,Dérive,50.9,52.4,55.8,52.4,1.49,4.89,3.4,82.67,84.35,1.68
784,13:04,932.8,917.7,891.7,891.7,917.7,A,0.9717,-1.4,-4.34,Dérive,50.9,52.0,55.4,52.0,1.12,4.52,3.4,82.66,84.35,1.69
785,13:05,931.3,919.3,890.0,890.0,919.3,A,0.9681,-1.41,-4.34,Dérive,50.9,52.1,55.7,52.1,1.17,4.77,3.6,82.66,84.35,1.69
786,13:06,928.8,920.6,889.9,889.9,920.6,A,0.9667,-1.39,-4.35,Dérive,51.0,52.4,55.7,52.4,1.43,4.73,3.3,82.66,84.35,1.69
787,13:07,926.5,917.2,888.5,888.5,917.2,A,0.9687,-1.37,-4.32,Dérive,50.9,52.5,56.2,52.5,1.64,5.34,3.7,82.65,84.35,1.7
788,13:08,923.5,910.9,879.9,879.9,910.9,A,0.966,-1.38,-4.34,Dérive,50.6,51.7,55.1,51.7,1.13,4.53,3.4,82.65,84.35,1.7
789,13:09,918.4,907.9,883.0,883.0,907.9,A,0.9726,-1.37,-4.33,Dérive,50.6,51.7,55.5,51.7,1.13,4.93,3.8,82.65,84.35,1.7
790,13:10,913.9,907.1,881.4,881.4,907.1,A,0.9717,-1.35,-4.31,Dérive,50.4,51.6,55.5,51.6,1.15,5.05,3.9,82.65,84.35,1.7
791,13:11,910.9,898.4,861.3,861.3,898.4,A,0.9587,-1.35,-4.36,Dérive,50.2,51.5,55.2,51.5,1.33,5.03,3.7,82.64,84.36,1.72
792,13:12,907.6,894.0,868.1,868.1,894.0,A,0.971,-1.35,-4.36,Dérive,49.9,51.3,55.0,51.3,1.36,5.06,3.7,82.64,84.36,1.72
793,13:13,903.7,894.8,868.1,868.1,894.8,A,0.9702,-1.33,-4.36,Dérive,50.1,51.4,54.9,51.4,1.34,4.84,3.5,82.64,84.36,1.72
794,13:14,901.9,894.6,864.9,864.9,894.6,A,0.9668,-1.3,-4.34,Dérive,50.1,51.3,54.8,51.3,1.24,4.74,3.5,82.64,84.36,1.72
795,13:15,900.5,892.1,861.5,861.5,892.1,A,0.9657,-1.29,-4.36,Dérive,49.9,51.2,54.9,51.2,1.32,5.02,3.7,82.63,84.36,1.73
796,13:16,898.8,890.6,857.1,857.1,890.6,A,0.9624,-1.26,-4.36,Dérive,49.8,50.9,54.7,50.9,1.07,4.87,3.8,82.63,84.36,1.73
797,13:17,897.7,891.1,863.5,863.5,891.1,A,0.969,-1.23,-4.33,Dérive,49.8,50.8,54.6,50.8,0.95,4.75,3.8,82.62,84.36,1.74
798,13:18,896.6,888.1,859.8,859.8,888.1,A,0.9681,-1.22,-4.33,Dérive,49.8,50.5,54.4,50.5,0.75,4.65,3.9,82.62,84.35,1.73
799,13:19,894.7,887.9,858.7,858.7,887.9,A,0.9671,-1.2,-4.31,Dérive,49.7,51.0,54.9,51.0,1.25,5.15,3.9,82.61,84.35,1.74
800,13:20,893.9,888.5,859.0,859.0,888.5,A,0.9668,-1.16,-4.29,Dérive,49.8,50.7,54.8,50.7,0.93,5.03,4.1,82.61,84.35,1.74
801,13:21,892.3,885.3,858.0,858.0,885.3,A,0.9692,-1.14,-4.28,Dérive,49.7,50.2,54.0,50.2,0.53,4.33,3.8,82.6,84.35,1.75
802,13:22,889.9,885.2,854.0,854.0,885.2,A,0.9648,-1.11,-4.28,Dérive,49.7,49.8,53.8,49.8,0.14,4.14,4.0,82.6,84.35,1.75
803,13:23,887.0,882.1,858.8,858.8,882.1,A,0.9736,-1.09,-4.23,Dérive,49.6,49.4,53.1,49.4,-0.17,3.53,3.7,82.6,84.35,1.75
804,13:24,885.0,879.6,849.5,849.5,879.6,A,0.9658,-1.06,-4.21,Dérive,49.5,49.4,53.3,49.4,-0.09,3.81,3.9,82.59,84.35,1.76
805,13:25,882.4,874.7,841.8,841.8,874.7,A,0.9624,-1.04,-4.22,Dérive,49.2,49.2,53.4,49.2,-0.03,4.17,4.2,82.59,84.35,1.76
806,13:26,879.6,873.2,843.5,843.5,873.2,A,0.966,-1.03,-4.22,Dérive,49.3,49.1,52.7,49.1,-0.19,3.41,3.6,82.59,84.35,1.76
807,13:27,877.6,870.2,839.1,839.1,870.2,A,0.9643,-1.01,-4.22,Dérive,49.2,49.1,53.0,49.1,-0.09,3.81,3.9,82.59,84.35,1.76
808,13:28,874.8,868.0,835.8,835.8,868.0,A,0.9629,-0.98,-4.21,Dérive,49.1,49.2,53.3,49.2,0.08,4.17,4.1,82.58,84.35,1.77
809,13:29,873.2,866.9,839.0,839.0,866.9,A,0.9678,-0.97,-4.2,Dérive,49.1,49.0,53.1,49.0,-0.09,4.01,4.1,82.58,84.35,1.77
810,13:30,871.7,861.8,838.5,838.5,861.8,A,0.973,-0.97,-4.19,Dérive,48.9,48.6,52.9,48.6,-0.33,3.97,4.3,82.58,84.35,1.77
811,13:31,869.7,861.3,832.3,832.3,861.3,A,0.9663,-0.96,-4.2,Dérive,49.0,49.0,53.1,49.0,-0.02,4.08,4.1,82.58,84.35,1.77
812,13:32,866.7,863.2,834.3,834.3,863.2,A,0.9665,-0.93,-4.16,Dérive,49.1,48.8,52.8,48.8,-0.28,3.72,4.0,82.57,84.35,1.78
813,13:33,865.7,859.8,832.1,832.1,859.8,A,0.9678,-0.91,-4.14,Dérive,49.1,48.7,52.6,48.7,-0.37,3.53,3.9,82.57,84.35,1.78
814,13:34,864.0,856.6,832.4,832.4,856.6,A,0.9717,-0.88,-4.13,Dérive,49.0,48.7,52.6,48.7,-0.27,3.63,3.9,82.57,84.35,1.78
815,13:35,859.6,855.9,832.4,832.4,855.9,A,0.9725,-0.87,-4.12,Dérive,48.9,49.1,53.0,49.1,0.15,4.05,3.9,82.57,84.35,1.78
816,13:36,857.2,852.0,823.9,823.9,852.0,A,0.967,-0.87,-4.12,Dérive,48.7,49.0,52.8,49.0,0.27,4.07,3.8,82.56,84.35,1.79
817,13:37,853.6,847.7,819.4,819.4,847.7,A,0.9666,-0.86,-4.12,Dérive,48.6,48.8,52.8,48.8,0.21,4.21,4.0,82.56,84.35,1.79
818,13:38,849.2,845.0,819.4,819.4,845.0,A,0.9697,-0.84,-4.09,Dérive,48.5,48.6,52.7,48.6,0.09,4.19,4.1,82.56,84.35,1.79
819,13:39,844.8,839.3,810.3,810.3,839.3,A,0.9654,-0.83,-4.1,Dérive,48.2,48.4,52.5,48.4,0.17,4.27,4.1,82.56,84.36,1.8
820,13:40,840.9,836.7,804.6,804.6,836.7,A,0.9616,-0.83,-4.13,Dérive,48.1,48.3,52.4,48.3,0.15,4.25,4.1,82.55,84.36,1.81
821,13:41,836.6,832.7,807.0,807.0,832.7,A,0.9691,-0.81,-4.07,Dérive,48.1,48.1,52.2,48.1,-0.02,4.08,4.1,82.55,84.36,1.81
822,13:42,833.4,830.2,801.8,801.8,830.2,A,0.9658,-0.78,-4.05,Dérive,48.0,47.8,51.3,47.8,-0.24,3.26,3.5,82.55,84.36,1.81
823,13:43,831.4,826.7,800.0,800.0,826.7,A,0.9677,-0.77,-4.06,Dérive,47.8,47.7,51.9,47.7,-0.13,4.07,4.2,82.55,84.36,1.81
824,13:44,828.3,826.8,800.9,800.9,826.8,A,0.9687,-0.76,-4.06,Dérive,47.8,47.8,51.9,47.8,-0.04,4.06,4.1,82.55,84.36,1.81
825,13:45,826.2,823.9,803.4,803.4,823.9,A,0.9751,-0.75,-4.04,Dérive,47.7,47.5,51.9,47.5,-0.25,4.15,4.4,82.55,84.36,1.81
826,13:46,823.7,821.0,796.2,796.2,821.0,A,0.9698,-0.74,-4.01,Dérive,47.7,47.3,51.4,47.3,-0.36,3.74,4.1,82.55,84.36,1.81
827,13:47,819.8,815.3,786.9,786.9,815.3,A,0.9652,-0.74,-4.02,Dérive,47.5,47.0,51.1,47.0,-0.48,3.62,4.1,82.55,84.37,1.82
828,13:48,813.9,813.6,787.6,787.6,813.6,A,0.968,-0.73,-4.01,Dérive,47.4,47.2,51.2,47.2,-0.22,3.78,4.0,82.55,84.37,1.82
829,13:49,807.8,805.5,780.9,780.9,805.5,A,0.9695,-0.73,-4.01,Dérive,47.2,46.9,51.0,46.9,-0.27,3.83,4.1,82.55,84.37,1.82
830,13:50,803.5,796.6,771.6,771.6,796.6,A,0.9686,-0.74,-4.02,Dérive,46.9,46.8,51.0,46.8,-0.09,4.11,4.2,82.55,84.37,1.82
831,13:51,797.9,792.9,763.5,763.5,792.9,A,0.9629,-0.73,-4.04,Dérive,46.9,46.8,50.5,46.8,-0.08,3.62,3.7,82.55,84.38,1.83
832,13:52,792.8,792.3,763.1,763.1,792.3,A,0.9631,-0.75,-4.04,Dérive,46.9,46.7,50.9,46.7,-0.16,4.04,4.2,82.55,84.38,1.83
833,13:53,788.9,787.6,762.4,762.4,787.6,A,0.968,-0.77,-4.12,Dérive,46.7,46.7,50.8,46.7,-0.01,4.09,4.1,82.55,84.38,1.83
834,13:54,785.4,782.4,752.3,752.3,782.4,A,0.9615,,,Dérive,46.4,46.5,50.6,46.5,0.05,4.15,4.1,82.55,84.38,1.83
835,13:55,781.8,779.6,755.2,755.2,779.6,A,0.9687,,,Dérive,46.5,46.6,50.8,46.6,0.14,4.34,4.2,82.55,84.39,1.84
836,13:56,779.4,776.8,746.9,746.9,776.8,A,0.9615,,,Dérive,46.4,46.8,50.7,46.8,0.42,4.33,3.9,82.55,84.39,1.84
837,13:57,776.2,774.3,749.3,749.3,774.3,A,0.9677,,,Dérive,46.3,46.9,50.9,46.9,0.6,4.6,4.0,82.54,84.39,1.85
838,13:58,774.6,772.0,744.0,744.0,772.0,A,0.9637,,,Dérive,46.2,46.9,51.4,46.9,0.67,5.17,4.5,82.54,84.39,1.85
839,13:59,773.1,766.0,741.5,741.5,766.0,A,0.968,,,Dérive,46.0,46.9,50.9,46.9,0.86,4.86,4.0,82.54,84.4,1.86
840,14:00,771.5,770.3,745.2,745.2,770.3,A,0.9674,,,Dérive,46.2,47.0,51.1,47.0,0.83,4.93,4.1,82.54,84.4,1.86
841,14:01,768.8,770.0,742.3,742.3,770.0,A,0.964,,,Dérive,46.2,46.8,51.0,46.8,0.64,4.84,4.2,82.54,84.4,1.86
842,14:02,766.8,765.7,739.6,739.6,765.7,A,0.9659,,,Dérive,46.0,46.5,51.0,46.5,0.47,4.97,4.5,82.54,84.4,1.86
843,14:03,762.3,761.1,732.0,732.0,761.1,A,0.9618,,,Dérive,45.9,46.9,51.2,46.9,1.02,5.32,4.3,82.54,84.41,1.87
844,14:04,756.7,754.9,726.9,726.9,754.9,A,0.9629,,,Dérive,45.6,46.7,50.9,46.7,1.11,5.31,4.2,82.54,84.41,1.87
845,14:05,751.7,748.4,719.5,719.5,748.4,A,0.9614,,,Dérive,45.4,46.6,50.8,46.6,1.21,5.41,4.2,82.54,84.41,1.87
846,14:06,745.7,742.2,714.1,714.1,742.2,A,0.9621,,,Dérive,45.2,46.1,50.4,46.1,0.91,5.21,4.3,82.54,84.42,1.88
847,14:07,741.1,737.3,710.8,710.8,737.3,A,0.9641,,,Dérive,45.0,45.6,49.5,45.6,0.56,4.46,3.9,82.54,84.42,1.88
848,14:08,736.9,733.4,707.4,707.4,733.4,A,0.9645,,,Dérive,45.0,45.7,49.8,45.7,0.68,4.78,4.1,82.54,84.42,1.88
849,14:09,732.1,728.8,701.1,701.1,728.8,A,0.962,,,Dérive,45.0,45.7,50.1,45.7,0.73,5.13,4.4,82.54,84.43,1.89
850,14:10,728.3,722.8,694.0,694.0,722.8,A,0.9602,,,Dérive,44.8,45.3,49.4,45.3,0.51,4.61,4.1,82.55,84.43,1.88
851,14:11,725.1,720.3,697.5,697.5,720.3,A,0.9683,,,Dérive,44.7,45.6,50.2,45.6,0.89,5.49,4.6,82.55,84.43,1.88
852,14:12,722.0,718.3,689.9,689.9,718.3,A,0.9605,,,Dérive,44.5,45.9,50.3,45.9,1.35,5.75,4.4,82.55,84.44,1.89
853,14:13,718.7,715.6,691.8,691.8,715.6,A,0.9667,,,Dérive,44.5,46.1,50.4,46.1,1.64,5.94,4.3,82.55,84.44,1.89
854,14:14,716.3,711.9,686.4,686.4,711.9,A,0.9642,,,Dérive,44.4,45.7,49.9,45.7,1.25,5.45,4.2,82.55,84.44,1.89
855,14:15,713.3,706.8,677.6,677.6,706.8,A,0.9587,,,Dérive,44.3,45.4,49.8,45.4,1.11,5.51,4.4,82.55,84.45,1.9
856,14:16,710.6,706.7,682.7,682.7,706.7,A,0.966,,,Dérive,44.3,45.2,49.6,45.2,0.92,5.32,4.4,82.55,84.45,1.9
857,14:17,708.6,705.4,679.0,679.0,705.4,A,0.9626,,,Dérive,44.3,45.2,49.6,45.2,0.86,5.26,4.4,82.55,84.45,1.9
858,14:18,707.4,702.2,675.3,675.3,702.2,A,0.9617,,,Dérive,44.1,44.9,49.2,44.9,0.76,5.06,4.3,82.55,84.46,1.91
859,14:19,705.8,699.5,675.1,675.1,699.5,A,0.9651,,,Dérive,44.1,44.4,48.7,44.4,0.34,4.64,4.3,82.55,84.46,1.91
860,14:20,703.7,699.8,,675.3,699.8,A,,,,Manquant,44.1,44.4,48.9,44.4,0.33,4.83,4.5,82.55,84.47,1.92
861,14:21,702.3,696.6,,672.2,696.6,A,,,,Manquant,44.0,44.2,48.7,44.2,0.23,4.73,4.5,82.56,84.47,1.91
862,14:22,701.5,696.0,,671.6,696.0,A,,,,Manquant,44.0,44.1,48.5,44.1,0.15,4.55,4.4,82.56,84.47,1.91
863,14:23,700.2,693.1,,668.8,693.1,A,,,,Manquant,43.9,44.0,48.4,44.0,0.14,4.54,4.4,82.56,84.48,1.92
864,14:24,698.8,694.2,,669.9,694.2,A,,,,Manquant,43.9,44.4,49.0,44.4,0.51,5.11,4.6,82.56,84.48,1.92
865,14:25,696.5,692.0,,667.8,692.0,A,,,,Manquant,43.8,43.9,48.3,43.9,0.07,4.47,4.4,82.56,84.49,1.93
866,14:26,694.2,690.4,,666.2,690.4,A,,,,Manquant,43.8,43.2,47.9,43.2,-0.57,4.12,4.7,82.56,84.49,1.93
867,14:27,692.2,687.4,,663.3,687.4,A,,,,Manquant,43.7,43.2,47.8,43.2,-0.48,4.12,4.6,82.57,84.49,1.92
868,14:28,689.9,685.9,,661.9,685.9,A,,,,Manquant,43.6,43.4,47.8,43.4,-0.23,4.17,4.4,82.57,84.5,1.93
869,14:29,686.8,683.3,,659.4,683.3,A,,,,Manquant,43.6,43.4,47.9,43.4,-0.15,4.35,4.5,82.57,84.5,1.93
870,14:30,684.1,679.1,,655.3,679.1,A,,,,Manquant,43.4,43.4,47.9,43.4,-0.02,4.48,4.5,82.57,84.51,1.94
871,14:31,680.4,676.3,,652.6,676.3,A,,,,Manquant,43.4,43.2,47.9,43.2,-0.23,4.47,4.7,82.57,84.51,1.94
872,14:32,675.7,672.8,,649.3,672.8,A,,,,Manquant,43.2,43.1,47.5,43.1,-0.12,4.28,4.4,82.58,84.52,1.94
873,14:33,671.2,668.0,,644.6,668.0,A,,,,Manquant,43.1,42.9,47.6,42.9,-0.18,4.52,4.7,82.58,84.52,1.94
874,14:34,666.1,661.2,,638.1,661.2,A,,,,Manquant,42.9,42.7,47.3,42.7,-0.16,4.44,4.6,82.58,84.52,1.94
875,14:35,661.5,656.3,,633.3,656.3,A,,,,Manquant,42.7,42.4,46.8,42.4,-0.31,4.09,4.4,82.58,84.53,1.95
876,14:36,655.8,651.6,,628.8,651.6,A,,,,Manquant,42.7,42.8,47.4,42.8,0.14,4.74,4.6,82.59,84.53,1.94
877,14:37,651.5,646.4,,623.8,646.4,A,,,,Manquant,42.5,42.4,47.1,42.4,-0.1,4.6,4.7,82.59,84.54,1.95
878,14:38,648.0,643.5,,621.0,643.5,A,,,,Manquant,42.4,42.2,46.9,42.2,-0.21,4.49,4.7,82.59,84.54,1.95
879,14:39,644.6,638.7,,616.3,638.7,A,,,,Manquant,42.4,41.6,46.0,41.6,-0.76,3.64,4.4,82.59,84.55,1.96
880,14:40,641.0,634.9,,612.7,634.9,A,,,,Manquant,42.2,41.4,46.2,41.4,-0.84,3.96,4.8,82.6,84.55,1.95
881,14:41,638.4,631.4,,609.3,631.4,A,,,,Manquant,42.1,41.0,45.5,41.0,-1.13,3.37,4.5,82.6,84.56,1.96
882,14:42,634.3,630.2,,608.1,630.2,A,,,,Manquant,42.0,40.6,45.0,40.6,-1.39,3.01,4.4,82.6,84.56,1.96
883,14:43,631.7,626.6,,604.7,626.6,A,,,,Manquant,41.9,40.6,45.2,40.6,-1.28,3.32,4.6,82.61,84.57,1.96
884,14:44,629.3,619.5,,597.8,619.5,A,,,,Manquant,41.7,40.7,45.3,40.7,-0.96,3.64,4.6,82.61,84.57,1.96
885,14:45,626.8,619.4,,597.7,619.4,A,,,,Manquant,41.7,40.5,45.2,40.5,-1.16,3.54,4.7,82.62,84.58,1.96
886,14:46,623.9,618.3,,596.7,618.3,A,,,,Manquant,41.6,40.3,44.8,40.3,-1.32,3.18,4.5,82.62,84.59,1.97
887,14:47,621.6,617.7,,596.1,617.7,A,,,,Manquant,41.6,40.5,44.9,40.5,-1.1,3.3,4.4,82.63,84.6,1.97
888,14:48,619.4,612.3,,590.9,612.3,A,,,,Manquant,41.4,40.6,45.3,40.6,-0.83,3.87,4.7,82.63,84.6,1.97
889,14:49,616.2,609.4,,588.1,609.4,A,,,,Manquant,41.3,40.6,45.2,40.6,-0.74,3.86,4.6,82.64,84.61,1.97
890,14:50,612.4,608.2,585.5,585.5,608.2,A,0.9627,,,Dérive,41.3,40.4,45.2,40.4,-0.91,3.89,4.8,82.64,84.62,1.98
891,14:51,609.8,601.2,577.8,577.8,601.2,A,0.9611,,,Dérive,41.1,40.2,44.8,40.2,-0.89,3.71,4.6,82.65,84.63,1.98
892,14:52,606.4,597.9,572.8,572.8,597.9,A,0.958,,,Dérive,41.0,40.3,44.9,40.3,-0.68,3.92,4.6,82.65,84.63,1.98
893,14:53,601.8,596.2,573.1,573.1,596.2,A,0.9613,,,Dérive,40.9,40.3,45.1,40.3,-0.63,4.17,4.8,82.66,84.64,1.98
894,14:54,598.4,591.8,567.5,567.5,591.8,A,0.9589,,,Dérive,40.8,39.6,44.2,39.6,-1.19,3.41,4.6,82.66,84.65,1.99
895,14:55,593.8,587.3,564.8,564.8,587.3,A,0.9617,,,Dérive,40.8,39.8,44.4,39.8,-0.95,3.65,4.6,82.67,84.66,1.99
896,14:56,589.9,584.0,560.7,560.7,584.0,A,0.9601,,,Dérive,40.6,39.5,44.2,39.5,-1.05,3.65,4.7,82.67,84.66,1.99
897,14:57,585.9,579.1,556.1,556.1,579.1,A,0.9603,,,Dérive,40.4,39.3,43.8,39.3,-1.1,3.4,4.5,82.68,84.67,1.99
898,14:58,581.9,576.2,550.3,550.3,576.2,A,0.9551,,,Dérive,40.2,38.9,43.6,38.9,-1.31,3.39,4.7,82.68,84.68,2.0
899,14:59,577.6,570.7,549.4,549.4,570.7,A,0.9627,,,Dérive,40.0,38.8,43.6,38.8,-1.23,3.57,4.8,82.69,84.69,2.0
900,15:00,573.9,565.2,541.6,541.6,565.2,A,0.9582,,,Dérive,39.8,38.9,43.5,38.9,-0.86,3.74,4.6,82.7,84.7,2.0
901,15:01,571.0,562.7,540.6,540.6,562.7,A,0.9607,,,Dérive,39.6,39.0,43.7,39.0,-0.58,4.12,4.7,82.7,84.7,2.0
902,15:02,567.2,560.2,536.9,536.9,560.2,A,0.9584,,,Dérive,39.5,39.0,43.8,39.0,-0.51,4.29,4.8,82.71,84.71,2.0
903,15:03,564.3,557.3,537.4,537.4,557.3,A,0.9643,,,Dérive,39.5,39.2,44.1,39.2,-0.32,4.58,4.9,82.71,84.72,2.01
904,15:04,561.5,555.3,531.8,531.8,555.3,A,0.9577,,,Dérive,39.5,39.1,43.9,39.1,-0.35,4.45,4.8,82.72,84.73,2.01
905,15:05,558.4,550.4,526.9,526.9,550.4,A,0.9573,,,Dérive,39.3,38.9,43.8,38.9,-0.4,4.5,4.9,82.72,84.73,2.01
906,15:06,554.7,547.4,525.4,525.4,547.4,A,0.9598,,,Dérive,39.2,39.3,44.2,39.3,0.09,4.99,4.9,82.73,84.74,2.01
907,15:07,550.8,543.2,521.7,521.7,543.2,A,0.9604,,,Dérive,39.1,39.2,44.0,39.2,0.12,4.92,4.8,82.73,84.75,2.02
908,15:08,546.9,539.6,516.9,516.9,539.6,A,0.9579,,,Dérive,39.0,39.0,44.1,39.0,0.04,5.14,5.1,82.74,84.76,2.02
909,15:09,543.4,535.3,510.6,510.6,535.3,A,0.9539,,,Dérive,38.8,38.9,43.7,38.9,0.07,4.87,4.8,82.74,84.76,2.02
910,15:10,540.1,533.1,510.3,510.3,533.1,A,0.9572,,,Dérive,38.8,38.6,43.5,38.6,-0.16,4.74,4.9,82.75,84.77,2.02
911,15:11,536.5,530.4,506.6,506.6,530.4,A,0.9551,,,Dérive,38.7,38.3,43.3,38.3,-0.38,4.62,5.0,82.75,84.78,2.03
912,15:12,533.0,525.8,502.9,502.9,525.8,A,0.9564,,,Dérive,38.5,38.2,42.9,38.2,-0.33,4.37,4.7,82.76,84.79,2.03
913,15:13,530.3,522.0,501.2,501.2,522.0,A,0.9602,,,Dérive,38.4,38.1,42.9,38.1,-0.31,4.49,4.8,82.76,84.79,2.03
914,15:14,527.1,520.0,500.5,500.5,520.0,A,0.9625,,,Dérive,38.2,38.2,43.3,38.2,-0.05,5.05,5.1,82.77,84.8,2.03
915,15:15,524.1,517.5,494.3,494.3,517.5,A,0.9552,,,Dérive,38.3,38.0,42.8,38.0,-0.27,4.53,4.8,82.77,84.81,2.04
916,15:16,520.6,515.0,494.1,494.1,515.0,A,0.9594,,,Dérive,38.2,37.9,43.0,37.9,-0.29,4.81,5.1,82.78,84.82,2.04
917,15:17,517.0,511.0,491.1,491.1,511.0,A,0.9611,,,Dérive,38.1,38.1,43.0,38.1,0.03,4.93,4.9,82.78,84.82,2.04
918,15:18,512.7,506.3,489.5,489.5,506.3,A,0.9668,,,Dérive,37.8,38.1,43.2,38.1,0.28,5.38,5.1,82.79,84.83,2.04
919,15:19,507.9,502.3,480.9,480.9,502.3,A,0.9574,,,Dérive,37.7,37.8,42.9,37.8,0.1,5.2,5.1,82.79,84.84,2.05
920,15:20,503.5,495.5,476.1,476.1,495.5,A,0.9608,,,Dérive,37.5,37.8,42.6,37.8,0.32,5.12,4.8,82.79,84.84,2.05
921,15:21,498.4,491.3,473.7,473.7,491.3,A,0.9642,,,Dérive,37.3,37.2,42.5,37.2,-0.05,5.25,5.3,82.8,84.85,2.05
922,15:22,493.9,487.1,466.4,466.4,487.1,A,0.9575,,,Dérive,37.2,36.9,41.7,36.9,-0.32,4.48,4.8,82.8,84.86,2.06
923,15:23,490.0,482.4,464.8,464.8,482.4,A,0.9635,,,Dérive,37.2,36.5,41.3,36.5,-0.67,4.12,4.8,82.81,84.86,2.05
924,15:24,485.8,480.5,462.6,462.6,480.5,A,0.9627,,,Dérive,37.1,35.9,41.2,35.9,-1.22,4.08,5.3,82.82,84.87,2.05
925,15:25,482.1,478.4,458.5,458.5,478.4,A,0.9584,,,Dérive,37.0,35.9,40.9,35.9,-1.15,3.85,5.0,82.82,84.88,2.06
926,15:26,478.5,474.0,455.4,455.4,474.0,A,0.9608,,,Dérive,36.9,35.8,41.0,35.8,-1.11,4.09,5.2,82.83,84.88,2.05
927,15:27,474.7,471.0,451.3,451.3,471.0,A,0.9582,,,Dérive,36.9,35.7,40.6,35.7,-1.22,3.68,4.9,82.83,84.89,2.06
928,15:28,470.1,465.0,446.7,446.7,465.0,A,0.9606,,,Dérive,36.7,35.5,40.6,35.5,-1.23,3.87,5.1,82.84,84.9,2.06
929,15:29,465.5,459.8,441.3,441.3,459.8,A,0.9598,,,Dérive,36.6,35.3,40.2,35.3,-1.27,3.63,4.9,82.84,84.91,2.07
930,15:30,460.0,456.4,437.6,437.6,456.4,A,0.9588,,,Dérive,36.4,35.1,40.3,35.1,-1.26,3.94,5.2,82.85,84.91,2.06
931,15:31,455.2,452.9,436.3,436.3,452.9,A,0.9633,,,Dérive,36.3,35.1,40.1,35.1,-1.15,3.85,5.0,82.85,84.92,2.07
932,15:32,451.3,446.4,428.4,428.4,446.4,A,0.9597,,,Dérive,36.2,35.2,40.1,35.2,-0.95,3.95,4.9,82.86,84.93,2.07
933,15:33,447.3,443.5,425.1,425.1,443.5,A,0.9585,,,Dérive,36.1,35.2,40.4,35.2,-0.86,4.34,5.2,82.86,84.93,2.07
934,15:34,443.3,439.4,422.8,422.8,439.4,A,0.9622,,,Dérive,35.9,34.9,40.0,34.9,-1.03,4.07,5.1,82.87,84.94,2.07
935,15:35,439.9,437.5,420.5,420.5,437.5,A,0.9611,,,Dérive,35.9,34.8,39.7,34.8,-1.07,3.83,4.9,82.87,84.95,2.08
936,15:36,435.8,432.8,415.7,415.7,432.8,A,0.9605,,,Dérive,35.7,34.5,39.6,34.5,-1.23,3.88,5.1,82.88,84.95,2.07
937,15:37,431.5,428.8,413.8,413.8,428.8,A,0.965,,,Dérive,35.7,34.5,39.9,34.5,-1.2,4.2,5.4,82.88,84.96,2.08
938,15:38,427.1,423.4,406.5,406.5,423.4,A,0.9601,,,Dérive,35.6,35.0,40.1,35.0,-0.63,4.47,5.1,82.89,84.97,2.08
939,15:39,422.6,418.8,401.5,401.5,418.8,A,0.9587,,,Dérive,35.4,34.9,40.3,34.9,-0.49,4.91,5.4,82.89,84.97,2.08
940,15:40,418.2,414.5,397.0,397.0,414.5,A,0.9578,,,Dérive,35.3,34.8,39.9,34.8,-0.45,4.65,5.1,82.9,84.98,2.08
941,15:41,413.4,409.2,389.2,389.2,409.2,A,0.9511,,,Dérive,35.1,34.9,39.9,34.9,-0.19,4.81,5.0,82.9,84.99,2.09
942,15:42,409.4,405.7,389.4,389.4,405.7,A,0.9598,,,Dérive,35.0,34.7,40.2,34.7,-0.28,5.22,5.5,82.9,84.99,2.09
943,15:43,405.1,400.2,384.4,384.4,400.2,A,0.9605,,,Dérive,34.7,34.2,39.8,34.2,-0.51,5.09,5.6,82.91,85.0,2.09
944,15:44,400.7,396.2,380.2,380.2,396.2,A,0.9596,,,Dérive,34.6,34.4,40.0,34.4,-0.18,5.42,5.6,82.91,85.0,2.09
945,15:45,396.6,392.9,377.2,377.2,392.9,A,0.96,,,Dérive,34.4,33.9,38.9,33.9,-0.48,4.52,5.0,82.92,85.01,2.09
946,15:46,392.9,388.4,372.6,372.6,388.4,A,0.9593,,,Dérive,34.2,33.9,38.8,33.9,-0.34,4.56,4.9,82.92,85.02,2.1
947,15:47,388.5,383.9,369.9,369.9,383.9,A,0.9635,,,Dérive,34.1,33.5,38.7,33.5,-0.6,4.6,5.2,82.93,85.02,2.09
948,15:48,383.4,381.1,366.0,366.0,381.1,A,0.9604,,,Dérive,34.0,33.4,39.0,33.4,-0.61,4.99,5.6,82.93,85.03,2.1
949,15:49,378.6,374.6,360.8,360.8,374.6,A,0.9632,,,Dérive,33.9,33.3,38.6,33.3,-0.61,4.69,5.3,82.94,85.03,2.09
950,15:50,374.2,369.6,353.7,353.7,369.6,A,0.957,,,Dérive,33.7,33.0,38.1,33.0,-0.65,4.45,5.1,82.94,85.04,2.1
951,15:51,369.0,365.1,350.0,350.0,365.1,A,0.9586,,,Dérive,33.5,32.9,38.0,32.9,-0.61,4.49,5.1,82.94,85.05,2.11
952,15:52,364.8,362.0,348.8,348.8,362.0,A,0.9635,,,Dérive,33.5,33.1,38.1,33.1,-0.41,4.59,5.0,82.95,85.05,2.1
953,15:53,360.6,356.9,341.2,341.2,356.9,A,0.956,,,Dérive,33.4,32.9,38.2,32.9,-0.45,4.85,5.3,82.95,85.06,2.11
954,15:54,356.5,352.7,337.6,337.6,352.7,A,0.9572,,,Dérive,33.2,32.8,38.1,32.8,-0.42,4.88,5.3,82.96,85.06,2.1
955,15:55,352.2,347.7,332.6,332.6,347.7,A,0.9566,,,Dérive,33.0,32.4,37.6,32.4,-0.57,4.63,5.2,82.96,85.07,2.11
956,15:56,348.1,345.6,331.8,331.8,345.6,A,0.9601,,,Dérive,32.9,32.2,37.6,32.2,-0.7,4.7,5.4,82.97,85.07,2.1
957,15:57,343.8,339.1,325.0,325.0,339.1,A,0.9584,,,Dérive,32.7,32.0,37.2,32.0,-0.7,4.5,5.2,82.97,85.08,2.11
958,15:58,339.5,335.8,323.5,323.5,335.8,A,0.9634,,,Dérive,32.6,31.7,37.2,31.7,-0.89,4.61,5.5,82.97,85.08,2.11
959,15:59,334.8,331.8,319.2,319.2,331.8,A,0.962,,,Dérive,32.5,31.9,37.2,31.9,-0.57,4.73,5.3,82.98,85.09,2.11
960,16:00,330.4,326.6,310.9,310.9,326.6,A,0.9519,,,Dérive,32.4,31.8,37.3,31.8,-0.61,4.89,5.5,82.98,85.1,2.12
961,16:01,326.5,322.6,309.6,309.6,322.6,A,0.9597,,,Dérive,32.3,31.9,37.3,31.9,-0.38,5.02,5.4,82.99,85.1,2.11
962,16:02,322.1,318.3,304.5,304.5,318.3,A,0.9566,,,Dérive,32.0,32.0,37.6,32.0,-0.05,5.55,5.6,82.99,85.11,2.12
963,16:03,318.1,315.6,302.6,302.6,315.6,A,0.9588,,,Dérive,32.0,32.2,37.8,32.2,0.24,5.84,5.6,82.99,85.11,2.12
964,16:04,314.2,311.3,299.8,299.8,311.3,A,0.9631,,,Dérive,31.8,31.9,37.3,31.9,0.07,5.47,5.4,83.0,85.12,2.12
965,16:05,310.0,306.8,294.6,294.6,306.8,A,0.9602,,,Dérive,31.6,31.7,37.0,31.7,0.11,5.41,5.3,83.0,85.12,2.12
966,16:06,305.6,302.1,288.4,288.4,302.1,A,0.9547,,,Dérive,31.4,31.9,37.3,31.9,0.46,5.86,5.4,83.01,85.13,2.12
967,16:07,301.6,297.8,286.1,286.1,297.8,A,0.9607,,,Dérive,31.3,31.6,37.2,31.6,0.29,5.89,5.6,83.01,85.13,2.12
968,16:08,297.4,294.3,282.8,282.8,294.3,A,0.9609,,,Dérive,31.2,31.4,36.6,31.4,0.2,5.4,5.2,83.01,85.14,2.13
969,16:09,293.2,290.4,278.7,278.7,290.4,A,0.9597,,,Dérive,31.1,31.2,36.8,31.2,0.12,5.72,5.6,83.02,85.14,2.12
970,16:10,289.4,286.6,276.6,276.6,286.6,A,0.9651,,,Dérive,31.0,31.3,36.6,31.3,0.34,5.64,5.3,83.02,85.14,2.12
971,16:11,285.3,282.6,271.5,271.5,282.6,A,0.9607,,,Dérive,30.8,31.5,37.0,31.5,0.67,6.17,5.5,83.02,85.15,2.13
972,16:12,281.2,279.0,268.1,268.1,279.0,A,0.9609,,,Dérive,30.7,31.3,37.2,31.3,0.58,6.48,5.9,83.03,85.15,2.12
973,16:13,277.1,273.9,262.1,262.1,273.9,A,0.9569,,,Dérive,30.6,31.0,36.4,31.0,0.44,5.84,5.4,83.03,85.16,2.13
974,16:14,272.6,270.0,259.0,259.0,270.0,A,0.9593,,,Dérive,30.3,30.5,35.7,30.5,0.16,5.36,5.2,83.03,85.16,2.13
975,16:15,268.1,265.8,255.7,255.7,265.8,A,0.962,,,Dérive,30.3,29.8,35.2,29.8,-0.51,4.89,5.4,83.04,85.17,2.13
976,16:16,263.8,261.1,250.2,250.2,261.1,A,0.9583,,,Dérive,30.2,29.6,35.3,29.6,-0.56,5.14,5.7,83.04,85.17,2.13
977,16:17,259.8,256.7,246.4,246.4,256.7,A,0.9599,,,Dérive,29.9,29.7,35.0,29.7,-0.22,5.08,5.3,83.04,85.18,2.14
978,16:18,255.5,253.4,243.7,243.7,253.4,A,0.9617,,,Dérive,29.8,29.8,35.2,29.8,-0.02,5.38,5.4,83.05,85.18,2.13
979,16:19,251.2,249.7,238.1,238.1,249.7,A,0.9535,,,Dérive,29.7,29.7,35.3,29.7,-0.0,5.6,5.6,83.05,85.18,2.13
980,16:20,246.7,243.9,235.3,235.3,243.9,A,0.9647,,,Dérive,29.5,29.2,34.7,29.2,-0.32,5.18,5.5,83.05,85.19,2.14
981,16:21,242.3,240.0,230.7,230.7,240.0,A,0.9612,,,Dérive,29.4,29.1,34.8,29.1,-0.3,5.4,5.7,83.06,85.19,2.13
982,16:22,237.2,234.5,225.2,225.2,234.5,A,0.9603,,,Dérive,29.1,28.8,34.3,28.8,-0.33,5.17,5.5,83.06,85.2,2.14
983,16:23,232.9,230.5,221.6,221.6,230.5,A,0.9614,,,Dérive,29.0,28.3,33.8,28.3,-0.7,4.8,5.5,83.06,85.2,2.14
984,16:24,228.6,226.5,217.7,217.7,226.5,A,0.9611,,,Dérive,28.9,28.1,33.7,28.1,-0.78,4.82,5.6,83.07,85.2,2.13
985,16:25,224.2,222.9,215.1,215.1,222.9,A,0.965,,,Dérive,28.8,28.1,34.1,28.1,-0.67,5.33,6.0,83.07,85.21,2.14
986,16:26,219.8,218.2,209.4,209.4,218.2,A,0.9597,,,Dérive,28.6,27.9,33.8,27.9,-0.72,5.18,5.9,83.07,85.21,2.14
987,16:27,215.3,214.4,205.7,205.7,214.4,A,0.9594,,,Dérive,28.5,27.8,33.7,27.8,-0.7,5.2,5.9,83.07,85.21,2.14
988,16:28,211.0,210.0,201.6,201.6,210.0,A,0.96,,,Dérive,28.3,28.0,33.7,28.0,-0.26,5.44,5.7,83.08,85.22,2.14
989,16:29,206.6,204.6,197.1,197.1,204.6,A,0.9633,,,Dérive,28.2,28.0,33.5,28.0,-0.19,5.31,5.5,83.08,85.22,2.14
990,16:30,202.2,200.3,191.5,191.5,200.3,A,0.9561,,,Dérive,28.0,28.1,33.6,28.1,0.14,5.64,5.5,83.08,85.23,2.15
991,16:31,198.0,196.3,187.9,187.9,196.3,A,,,,Dérive,27.8,27.9,33.7,27.9,0.07,5.87,5.8,83.09,85.23,2.14
992,16:32,193.9,192.8,185.5,185.5,192.8,A,,,,Dérive,27.7,28.0,33.7,28.0,0.27,5.98,5.7,83.09,85.23,2.14
993,16:33,189.9,188.8,181.6,181.6,188.8,A,,,,Dérive,27.5,27.6,33.4,27.6,0.1,5.9,5.8,83.09,85.24,2.15
994,16:34,185.7,184.8,177.6,177.6,184.8,A,,,,Dérive,27.4,27.5,33.3,27.5,0.12,5.92,5.8,83.09,85.24,2.15
995,16:35,181.5,180.4,173.4,173.4,180.4,A,,,,Dérive,27.2,27.3,32.9,27.3,0.06,5.66,5.6,83.09,85.24,2.15
996,16:36,177.7,176.2,169.4,169.4,176.2,A,,,,Dérive,27.0,27.1,33.1,27.1,0.09,6.09,6.0,83.1,85.24,2.14
997,16:37,173.6,172.0,165.2,165.2,172.0,A,,,,Dérive,26.9,26.6,32.5,26.6,-0.27,5.62,5.9,83.1,85.25,2.15
998,16:38,169.6,168.5,161.8,161.8,168.5,A,,,,Dérive,26.8,26.4,32.6,26.4,-0.37,5.83,6.2,83.1,85.25,2.15
999,16:39,165.7,164.5,158.2,158.2,164.5,A,,,,Dérive,26.6,26.3,32.3,26.3,-0.34,5.66,6.0,83.1,85.25,2.15
1000,16:40,161.9,161.0,153.9,153.9,161.0,A,,,,Dérive,26.4,26.2,31.8,26.2,-0.23,5.37,5.6,83.11,85.26,2.15
1001,16:41,158.0,156.9,150.3,150.3,156.9,A,,,,Dérive,26.2,25.9,31.4,25.9,-0.3,5.2,5.5,83.11,85.26,2.15
1002,16:42,154.2,153.5,147.4,147.4,153.5,A,,,,Dérive,26.1,25.6,31.3,25.6,-0.5,5.2,5.7,83.11,85.26,2.15
1003,16:43,150.6,149.9,144.1,144.1,149.9,A,,,,Dérive,25.9,25.7,31.6,25.7,-0.18,5.72,5.9,83.11,85.26,2.15
1004,16:44,146.8,146.0,139.9,139.9,146.0,A,,,,Dérive,25.8,25.5,31.2,25.5,-0.26,5.44,5.7,83.11,85.27,2.16
1005,16:45,143.1,142.2,136.7,136.7,142.2,A,,,,Dérive,25.6,25.3,31.1,25.3,-0.34,5.46,5.8,83.12,85.27,2.15
1006,16:46,139.4,138.5,133.6,133.6,138.5,A,,,,Dérive,25.4,25.1,30.9,25.1,-0.33,5.47,5.8,83.12,85.27,2.15
1007,16:47,135.6,135.0,130.0,130.0,135.0,A,,,,Dérive,25.3,25.1,31.0,25.1,-0.22,5.68,5.9,83.12,85.27,2.15
1008,16:48,132.1,131.3,126.2,126.2,131.3,A,,,,Dérive,25.1,24.7,30.5,24.7,-0.4,5.4,5.8,83.12,85.28,2.16
1009,16:49,128.5,127.7,123.1,123.1,127.7,A,,,,Dérive,24.9,24.4,30.0,24.4,-0.49,5.11,5.6,83.12,85.28,2.16
1010,16:50,124.9,124.6,119.2,119.2,124.6,A,,,,Dérive,24.8,24.2,30.1,24.2,-0.59,5.31,5.9,83.13,85.28,2.15
1011,16:51,121.1,120.9,116.4,116.4,120.9,A,,,,Dérive,24.7,24.4,30.5,24.4,-0.28,5.82,6.1,83.13,85.28,2.15
1012,16:52,117.5,117.4,112.6,112.6,117.4,A,,,,Dérive,24.6,24.4,30.1,24.4,-0.17,5.53,5.7,83.13,85.28,2.15
1013,16:53,113.7,113.3,108.8,108.8,113.3,A,,,,Dérive,24.4,24.5,30.4,24.5,0.06,5.96,5.9,83.13,85.29,2.16
1014,16:54,110.1,109.3,105.0,105.0,109.3,A,,,,Dérive,24.2,24.4,30.4,24.4,0.18,6.18,6.0,83.13,85.29,2.16
1015,16:55,106.3,105.9,102.0,102.0,105.9,A,,,,Dérive,24.1,24.2,30.2,24.2,0.09,6.09,6.0,83.13,85.29,2.16
1016,16:56,102.5,102.2,98.2,98.2,102.2,A,,,,Dérive,24.0,24.5,30.4,24.5,0.51,6.41,5.9,83.13,85.29,2.16
1017,16:57,98.9,98.6,95.0,95.0,98.6,A,,,,Dérive,23.9,24.7,30.5,24.7,0.82,6.62,5.8,83.14,85.29,2.15
1018,16:58,95.4,95.0,91.1,91.1,95.0,A,,,,Dérive,23.8,24.5,30.3,24.5,0.73,6.53,5.8,83.14,85.29,2.15
1019,16:59,91.9,91.3,87.9,87.9,91.3,A,,,,Dérive,23.7,24.2,30.0,24.2,0.55,6.35,5.8,83.14,85.3,2.16
1020,17:00,88.7,87.8,84.4,84.4,87.8,A,,,,Dérive,23.5,24.3,30.5,24.3,0.76,6.96,6.2,83.14,85.3,2.16
1021,17:01,85.4,85.1,81.5,81.5,85.1,A,,,,Dérive,23.5,24.0,30.0,24.0,0.54,6.54,6.0,83.14,85.3,2.16
1022,17:02,82.1,82.0,78.0,78.0,82.0,A,,,,Dérive,23.4,24.4,30.2,24.4,1.04,6.84,5.8,83.14,85.3,2.16
1023,17:03,78.8,78.5,75.9,75.9,78.5,A,,,,Dérive,23.2,24.0,30.2,24.0,0.85,7.05,6.2,83.14,85.3,2.16
1024,17:04,75.4,75.2,72.2,72.2,75.2,A,,,,Dérive,23.0,23.4,29.4,23.4,0.35,6.35,6.0,83.14,85.3,2.16
1025,17:05,72.1,71.8,68.8,68.8,71.8,A,,,,Dérive,22.9,23.7,29.5,23.7,0.76,6.56,5.8,83.14,85.3,2.16
1026,17:06,68.9,68.2,65.4,65.4,68.2,A,,,,Dérive,22.7,23.4,29.3,23.4,0.67,6.57,5.9,83.14,85.3,2.16
1027,17:07,65.7,65.3,62.8,62.8,65.3,A,,,,Dérive,22.6,23.4,29.3,23.4,0.76,6.66,5.9,83.15,85.31,2.16
1028,17:08,62.5,62.2,59.8,59.8,62.2,A,,,,Dérive,22.5,23.2,29.3,23.2,0.66,6.76,6.1,83.15,85.31,2.16
1029,17:09,59.4,59.1,56.8,56.8,59.1,A,,,,Dérive,22.3,23.3,29.3,23.3,0.95,6.95,6.0,83.15,85.31,2.16
1030,17:10,56.2,55.8,53.3,53.3,55.8,A,,,,Dérive,22.2,22.8,28.9,22.8,0.56,6.66,6.1,83.15,85.31,2.16
1031,17:11,53.1,52.7,50.7,50.7,52.7,A,,,,Dérive,22.0,22.5,28.6,22.5,0.45,6.55,6.1,83.15,85.31,2.16
1032,17:12,50.0,49.6,47.7,47.7,49.6,A,,,,Dérive,22.0,22.6,28.6,22.6,0.65,6.65,6.0,83.15,85.31,2.16
1033,17:13,47.0,46.7,44.8,44.8,46.7,A,,,,Dérive,21.9,22.6,28.4,22.6,0.74,6.54,5.8,83.15,85.31,2.16
1034,17:14,44.0,43.8,42.3,42.3,43.8,A,,,,Dérive,21.8,22.8,28.6,22.8,1.03,6.83,5.8,83.15,85.31,2.16
1035,17:15,41.1,40.7,38.9,38.9,40.7,A,,,,Dérive,21.7,22.6,28.8,22.6,0.93,7.13,6.2,83.15,85.31,2.16
1036,17:16,38.1,37.8,36.3,36.3,37.8,A,,,,Dérive,21.6,22.4,28.4,22.4,0.82,6.82,6.0,83.15,85.31,2.16
1037,17:17,35.1,34.9,33.6,33.6,34.9,A,,,,Dérive,21.4,22.4,28.3,22.4,1.01,6.91,5.9,83.15,85.31,2.16
1038,17:18,32.2,32.0,30.7,30.7,32.0,A,,,,Dérive,21.3,22.3,28.5,22.3,1.0,7.2,6.2,83.15,85.31,2.16
1039,17:19,29.3,29.1,27.9,27.9,29.1,A,,,,Dérive,21.2,21.9,28.0,21.9,0.69,6.79,6.1,83.15,85.31,2.16
1040,17:20,26.5,26.1,25.0,25.0,26.1,A,,,,Dérive,21.1,21.7,28.0,21.7,0.58,6.88,6.3,83.15,85.31,2.16
1041,17:21,23.7,23.3,22.3,22.3,23.3,A,,,,Dérive,21.0,21.5,27.4,21.5,0.47,6.37,5.9,83.15,85.31,2.16
1042,17:22,21.0,20.7,19.9,19.9,20.7,A,,,,Dérive,20.8,21.3,27.3,21.3,0.45,6.45,6.0,83.15,85.31,2.16
1043,17:23,18.3,18.1,17.4,17.4,18.1,A,,,,Dérive,20.8,20.8,26.8,20.8,0.03,6.03,6.0,83.15,85.31,2.16
1044,17:24,15.8,15.6,14.9,14.9,15.6,A,,,,Dérive,20.7,20.7,26.7,20.7,0.01,6.01,6.0,83.15,85.31,2.16
1045,17:25,13.3,13.1,12.6,12.6,13.1,A,,,,Dérive,20.5,20.5,26.5,20.5,-0.01,5.99,6.0,83.15,85.31,2.16
1046,17:26,11.0,10.7,10.3,10.3,10.7,A,,,,Dérive,20.5,20.5,26.4,20.5,-0.03,5.87,5.9,83.15,85.32,2.17
1047,17:27,7.8,8.5,8.1,8.1,8.5,A,,,,Dérive,20.4,20.4,26.8,20.4,0.03,6.43,6.4,83.15,85.32,2.17
1048,17:28,5.2,6.3,6.0,6.0,6.3,A,,,,Dérive,20.3,20.3,26.2,20.3,0.0,5.9,5.9,83.15,85.32,2.17
1049,17:29,0.0,0.0,0.0,0.0,0.0,,,,,OK,20.1,20.1,26.0,20.1,0.0,5.9,5.9,83.15,85.32,2.17
1050,17:30,0.0,0.0,0.0,0.0,0.0,,,,,OK,20.2,20.2,26.1,20.2,0.0,5.9,5.9,83.15,85.32,2.17
1051,17:31,0.0,0.0,0.0,0.0,0.0,,,,,OK,20.1,20.1,26.1,20.1,0.0,6.0,6.0,83.15,85.32,2.17
1052,17:32,0.0,0.0,0.0,0.0,0.0,,,,,OK,20.2,20.2,26.2,20.2,0.0,6.0,6.0,83.15,85.32,2.17
1053,17:33,0.0,0.0,0.0,0.0,0.0,,,,,OK,20.1,20.1,26.1,20.1,0.0,6.0,6.0,83.15,85.32,2.17
1054,17:34,0.0,0.0,0.0,0.0,0.0,,,,,OK,20.1,20.1,26.3,20.1,0.0,6.2,6.2,83.15,85.32,2.17
1055,17:35,0.0,0.0,0.0,0.0,0.0,,,,,OK,20.1,20.1,26.4,20.1,0.0,6.3,6.3,83.15,85.32,2.17
1056,17:36,0.0,0.0,0.0,0.0,0.0,,,,,OK,20.1,20.1,25.9,20.1,0.0,5.8,5.8,83.15,85.32,2.17
1057,17:37,0.0,0.0,0.0,0.0,0.0,,,,,OK,20.2,20.2,26.1,20.2,0.0,5.9,5.9,83.15,85.32,2.17
1058,17:38,0.0,0.0,0.0,0.0,0.0,,,,,OK,20.1,20.1,26.1,20.1,0.0,6.0,6.0,83.15,85.32,2.17
1059,17:39,0.0,0.0,0.0,0.0,0.0,,,,,OK,20.1,20.1,26.1,20.1,0.0,6.0,6.0,83.15,85.32,2.17
1060,17:40,0.0,0.0,0.0,0.0,0.0,,,,,OK,20.1,20.1,26.1,20.1,0.0,6.0,6.0,83.15,85.32,2.17
1061,17:41,0.0,0.0,0.0,0.0,0.0,,,,,OK,20.0,20.0,25.8,20.0,0.0,5.8,5.8,83.15,85.32,2.17
1062,17:42,0.0,0.0,0.0,0.0,0.0,,,,,OK,20.0,20.0,26.3,20.0,0.0,6.3,6.3,83.15,85.32,2.17
1063,17:43,0.0,0.0,0.0,0.0,0.0,,,,,OK,20.0,20.0,26.2,20.0,0.0,6.2,6.2,83.15,85.32,2.17
1064,17:44,0.0,0.0,0.0,0.0,0.0,,,,,OK,20.0,20.0,26.3,20.0,0.0,6.3,6.3,83.15,85.32,2.17
1065,17:45,0.0,0.0,0.0,0.0,0.0,,,,,OK,19.9,19.9,25.8,19.9,0.0,5.9,5.9,83.15,85.32,2.17
1066,17:46,0.0,0.0,0.0,0.0,0.0,,,,,OK,19.9,19.9,25.9,19.9,0.0,6.0,6.0,83.15,85.32,2.17
1067,17:47,0.0,0.0,0.0,0.0,0.0,,,,,OK,19.8,19.8,25.6,19.8,0.0,5.8,5.8,83.15,85.32,2.17
1068,17:48,0.0,0.0,0.0,0.0,0.0,,,,,OK,19.8,19.8,25.8,19.8,0.0,6.0,6.0,83.15,85.32,2.17
1069,17:49,0.0,0.0,0.0,0.0,0.0,,,,,OK,19.7,19.7,25.6,19.7,0.0,5.9,5.9,83.15,85.32,2.17
1070,17:50,0.0,0.0,0.0,0.0,0.0,,,,,OK,19.8,19.8,25.8,19.8,0.0,6.0,6.0,83.15,85.32,2.17
1071,17:51,0.0,0.0,0.0,0.0,0.0,,,,,OK,19.7,19.7,25.7,19.7,0.0,6.0,6.0,83.15,85.32,2.17
1072,17:52,0.0,0.0,0.0,0.0,0.0,,,,,OK,19.7,19.7,25.5,19.7,0.0,5.8,5.8,83.15,85.32,2.17
1073,17:53,0.0,0.0,0.0,0.0,0.0,,,,,OK,19.7,19.7,25.8,19.7,0.0,6.1,6.1,83.15,85.32,2.17
1074,17:54,0.0,0.0,0.0,0.0,0.0,,,,,OK,19.7,19.7,25.7,19.7,0.0,6.0,6.0,83.15,85.32,2.17
1075,17:55,0.0,0.0,0.0,0.0,0.0,,,,,OK,19.7,19.7,25.7,19.7,0.0,6.0,6.0,83.15,85.32,2.17
1076,17:56,0.0,0.0,0.0,0.0,0.0,,,,,OK,19.6,19.6,25.3,19.6,0.0,5.7,5.7,83.15,85.32,2.17
1077,17:57,0.0,0.0,0.0,0.0,0.0,,,,,OK,19.6,19.6,26.1,19.6,0.0,6.5,6.5,83.15,85.32,2.17
1078,17:58,0.0,0.0,0.0,0.0,0.0,,,,,OK,19.6,19.6,25.6,19.6,0.0,6.0,6.0,83.15,85.32,2.17
1079,17:59,0.0,0.0,0.0,0.0,0.0,,,,,OK,19.6,19.6,25.9,19.6,0.0,6.3,6.3,83.15,85.32,2.17
1080,18:00,0.0,0.0,0.0,0.0,0.0,,,,,OK,19.6,19.6,25.6,19.6,0.0,6.0,6.0,83.15,85.32,2.17
1081,18:01,0.0,0.0,0.0,0.0,0.0,,,,,OK,19.5,19.5,25.5,19.5,0.0,6.0,6.0,83.15,85.32,2.17
1082,18:02,0.0,0.0,0.0,0.0,0.0,,,,,OK,19.4,19.4,25.3,19.4,0.0,5.9,5.9,83.15,85.32,2.17
1083,18:03,0.0,0.0,0.0,0.0,0.0,,,,,OK,19.4,19.4,25.4,19.4,0.0,6.0,6.0,83.15,85.32,2.17
1084,18:04,0.0,0.0,0.0,0.0,0.0,,,,,OK,19.4,19.4,25.4,19.4,0.0,6.0,6.0,83.15,85.32,2.17
1085,18:05,0.0,0.0,0.0,0.0,0.0,,,,,OK,19.4,19.4,25.2,19.4,0.0,5.8,5.8,83.15,85.32,2.17
1086,18:06,0.0,0.0,0.0,0.0,0.0,,,,,OK,19.4,19.4,25.2,19.4,0.0,5.8,5.8,83.15,85.32,2.17
1087,18:07,0.0,0.0,0.0,0.0,0.0,,,,,OK,19.4,19.4,25.5,19.4,0.0,6.1,6.1,83.15,85.32,2.17
1088,18:08,0.0,0.0,0.0,0.0,0.0,,,,,OK,19.4,19.4,25.5,19.4,0.0,6.1,6.1,83.15,85.32,2.17
1089,18:09,0.0,0.0,0.0,0.0,0.0,,,,,OK,19.4,19.4,25.4,19.4,0.0,6.0,6.0,83.15,85.32,2.17
1090,18:10,0.0,0.0,0.0,0.0,0.0,,,,,OK,19.3,19.3,25.4,19.3,0.0,6.1,6.1,83.15,85.32,2.17
1091,18:11,0.0,0.0,0.0,0.0,0.0,,,,,OK,19.4,19.4,25.5,19.4,0.0,6.1,6.1,83.15,85.32,2.17
1092,18:12,0.0,0.0,0.0,0.0,0.0,,,,,OK,19.4,19.4,25.2,19.4,0.0,5.8,5.8,83.15,85.32,2.17
1093,18:13,0.0,0.0,0.0,0.0,0.0,,,,,OK,19.4,19.4,25.4,19.4,0.0,6.0,6.0,83.15,85.32,2.17
1094,18:14,0.0,0.0,0.0,0.0,0.0,,,,,OK,19.4,19.4,25.5,19.4,0.0,6.1,6.1,83.15,85.32,2.17
1095,18:15,0.0,0.0,0.0,0.0,0.0,,,,,OK,19.3,19.3,25.3,19.3,0.0,6.0,6.0,83.15,85.32,2.17
1096,18:16,0.0,0.0,0.0,0.0,0.0,,,,,OK,19.2,19.2,25.4,19.2,0.0,6.2,6.2,83.15,85.32,2.17
1097,18:17,0.0,0.0,0.0,0.0,0.0,,,,,OK,19.1,19.1,25.3,19.1,0.0,6.2,6.2,83.15,85.32,2.17
1098,18:18,0.0,0.0,0.0,0.0,0.0,,,,,OK,19.0,19.0,24.8,19.0,0.0,5.8,5.8,83.15,85.32,2.17
1099,18:19,0.0,0.0,0.0,0.0,0.0,,,,,OK,19.0,19.0,25.3,19.0,0.0,6.3,6.3,83.15,85.32,2.17
1100,18:20,0.0,0.0,0.0,0.0,0.0,,,,,OK,19.0,19.0,24.9,19.0,0.0,5.9,5.9,83.15,85.32,2.17
1101,18:21,0.0,0.0,0.0,0.0,0.0,,,,,OK,19.0,19.0,25.1,19.0,0.0,6.1,6.1,83.15,85.32,2.17
1102,18:22,0.0,0.0,0.0,0.0,0.0,,,,,OK,19.0,19.0,24.9,19.0,0.0,5.9,5.9,83.15,85.32,2.17
1103,18:23,0.0,0.0,0.0,0.0,0.0,,,,,OK,19.0,19.0,25.2,19.0,0.0,6.2,6.2,83.15,85.32,2.17
1104,18:24,0.0,0.0,0.0,0.0,0.0,,,,,OK,19.0,19.0,25.1,19.0,0.0,6.1,6.1,83.15,85.32,2.17
1105,18:25,0.0,0.0,0.0,0.0,0.0,,,,,OK,19.0,19.0,25.1,19.0,0.0,6.1,6.1,83.15,85.32,2.17
1106,18:26,0.0,0.0,0.0,0.0,0.0,,,,,OK,19.0,19.0,25.0,19.0,0.0,6.0,6.0,83.15,85.32,2.17
1107,18:27,0.0,0.0,0.0,0.0,0.0,,,,,OK,19.0,19.0,25.0,19.0,0.0,6.0,6.0,83.15,85.32,2.17
1108,18:28,0.0,0.0,0.0,0.0,0.0,,,,,OK,18.9,18.9,24.9,18.9,0.0,6.0,6.0,83.15,85.32,2.17
1109,18:29,0.0,0.0,0.0,0.0,0.0,,,,,OK,18.9,18.9,24.8,18.9,0.0,5.9,5.9,83.15,85.32,2.17
1110,18:30,0.0,0.0,0.0,0.0,0.0,,,,,OK,18.9,18.9,25.2,18.9,0.0,6.3,6.3,83.15,85.32,2.17
1111,18:31,0.0,0.0,0.0,0.0,0.0,,,,,OK,18.9,18.9,24.9,18.9,0.0,6.0,6.0,83.15,85.32,2.17
1112,18:32,0.0,0.0,0.0,0.0,0.0,,,,,OK,18.8,18.8,24.9,18.8,0.0,6.1,6.1,83.15,85.32,2.17
1113,18:33,0.0,0.0,0.0,0.0,0.0,,,,,OK,18.9,18.9,24.8,18.9,0.0,5.9,5.9,83.15,85.32,2.17
1114,18:34,0.0,0.0,0.0,0.0,0.0,,,,,OK,18.9,18.9,24.9,18.9,0.0,6.0,6.0,83.15,85.32,2.17
1115,18:35,0.0,0.0,0.0,0.0,0.0,,,,,OK,18.8,18.8,24.9,18.8,0.0,6.1,6.1,83.15,85.32,2.17
1116,18:36,0.0,0.0,0.0,0.0,0.0,,,,,OK,18.7,18.7,24.9,18.7,0.0,6.2,6.2,83.15,85.32,2.17
1117,18:37,0.0,0.0,0.0,0.0,0.0,,,,,OK,18.7,18.7,24.9,18.7,0.0,6.2,6.2,83.15,85.32,2.17
1118,18:38,0.0,0.0,0.0,0.0,0.0,,,,,OK,18.7,18.7,24.7,18.7,0.0,6.0,6.0,83.15,85.32,2.17
1119,18:39,0.0,0.0,0.0,0.0,0.0,,,,,OK,18.7,18.7,24.4,18.7,0.0,5.7,5.7,83.15,85.32,2.17
1120,18:40,0.0,0.0,0.0,0.0,0.0,,,,,OK,18.7,18.7,24.7,18.7,0.0,6.0,6.0,83.15,85.32,2.17
1121,18:41,0.0,0.0,0.0,0.0,0.0,,,,,OK,18.7,18.7,24.9,18.7,0.0,6.2,6.2,83.15,85.32,2.17
1122,18:42,0.0,0.0,0.0,0.0,0.0,,,,,OK,18.6,18.6,24.8,18.6,0.0,6.2,6.2,83.15,85.32,2.17
1123,18:43,0.0,0.0,0.0,0.0,0.0,,,,,OK,18.6,18.6,24.6,18.6,0.0,6.0,6.0,83.15,85.32,2.17
1124,18:44,0.0,0.0,0.0,0.0,0.0,,,,,OK,18.5,18.5,24.2,18.5,0.0,5.7,5.7,83.15,85.32,2.17
1125,18:45,0.0,0.0,0.0,0.0,0.0,,,,,OK,18.5,18.5,24.7,18.5,0.0,6.2,6.2,83.15,85.32,2.17
1126,18:46,0.0,0.0,0.0,0.0,0.0,,,,,OK,18.4,18.4,24.2,18.4,0.0,5.8,5.8,83.15,85.32,2.17
1127,18:47,0.0,0.0,0.0,0.0,0.0,,,,,OK,18.4,18.4,24.3,18.4,0.0,5.9,5.9,83.15,85.32,2.17
1128,18:48,0.0,0.0,0.0,0.0,0.0,,,,,OK,18.4,18.4,24.6,18.4,0.0,6.2,6.2,83.15,85.32,2.17
1129,18:49,0.0,0.0,0.0,0.0,0.0,,,,,OK,18.4,18.4,24.4,18.4,0.0,6.0,6.0,83.15,85.32,2.17
1130,18:50,0.0,0.0,0.0,0.0,0.0,,,,,OK,18.4,18.4,24.5,18.4,0.0,6.1,6.1,83.15,85.32,2.17
1131,18:51,0.0,0.0,0.0,0.0,0.0,,,,,OK,18.3,18.3,24.2,18.3,0.0,5.9,5.9,83.15,85.32,2.17
1132,18:52,0.0,0.0,0.0,0.0,0.0,,,,,OK,18.3,18.3,24.2,18.3,0.0,5.9,5.9,83.15,85.32,2.17
1133,18:53,0.0,0.0,0.0,0.0,0.0,,,,,OK,18.2,18.2,24.0,18.2,0.0,5.8,5.8,83.15,85.32,2.17
1134,18:54,0.0,0.0,0.0,0.0,0.0,,,,,OK,18.2,18.2,24.1,18.2,0.0,5.9,5.9,83.15,85.32,2.17
1135,18:55,0.0,0.0,0.0,0.0,0.0,,,,,OK,18.2,18.2,24.1,18.2,0.0,5.9,5.9,83.15,85.32,2.17
1136,18:56,0.0,0.0,0.0,0.0,0.0,,,,,OK,18.3,18.3,24.4,18.3,0.0,6.1,6.1,83.15,85.32,2.17
1137,18:57,0.0,0.0,0.0,0.0,0.0,,,,,OK,18.3,18.3,24.4,18.3,0.0,6.1,6.1,83.15,85.32,2.17
1138,18:58,0.0,0.0,0.0,0.0,0.0,,,,,OK,18.2,18.2,24.1,18.2,0.0,5.9,5.9,83.15,85.32,2.17
1139,18:59,0.0,0.0,0.0,0.0,0.0,,,,,OK,18.3,18.3,24.4,18.3,0.0,6.1,6.1,83.15,85.32,2.17
1140,19:00,0.0,0.0,0.0,0.0,0.0,,,,,OK,18.2,18.2,24.2,18.2,0.0,6.0,6.0,83.15,85.32,2.17
1141,19:01,0.0,0.0,0.0,0.0,0.0,,,,,OK,18.2,18.2,24.4,18.2,0.0,6.2,6.2,83.15,85.32,2.17
1142,19:02,0.0,0.0,0.0,0.0,0.0,,,,,OK,18.2,18.2,23.9,18.2,0.0,5.7,5.7,83.15,85.32,2.17
1143,19:03,0.0,0.0,0.0,0.0,0.0,,,,,OK,18.3,18.3,24.5,18.3,0.0,6.2,6.2,83.15,85.32,2.17
1144,19:04,0.0,0.0,0.0,0.0,0.0,,,,,OK,18.3,18.3,24.4,18.3,0.0,6.1,6.1,83.15,85.32,2.17
1145,19:05,0.0,0.0,0.0,0.0,0.0,,,,,OK,18.3,18.3,24.2,18.3,0.0,5.9,5.9,83.15,85.32,2.17
1146,19:06,0.0,0.0,0.0,0.0,0.0,,,,,OK,18.3,18.3,24.3,18.3,0.0,6.0,6.0,83.15,85.32,2.17
1147,19:07,0.0,0.0,0.0,0.0,0.0,,,,,OK,18.3,18.3,24.1,18.3,0.0,5.8,5.8,83.15,85.32,2.17
1148,19:08,0.0,0.0,0.0,0.0,0.0,,,,,OK,18.2,18.2,24.2,18.2,0.0,6.0,6.0,83.15,85.32,2.17
1149,19:09,0.0,0.0,0.0,0.0,0.0,,,,,OK,18.1,18.1,24.3,18.1,0.0,6.2,6.2,83.15,85.32,2.17
1150,19:10,0.0,0.0,0.0,0.0,0.0,,,,,OK,18.1,18.1,23.9,18.1,0.0,5.8,5.8,83.15,85.32,2.17
1151,19:11,0.0,0.0,0.0,0.0,0.0,,,,,OK,18.1,18.1,24.0,18.1,0.0,5.9,5.9,83.15,85.32,2.17
1152,19:12,0.0,0.0,0.0,0.0,0.0,,,,,OK,18.1,18.1,24.4,18.1,0.0,6.3,6.3,83.15,85.32,2.17
1153,19:13,0.0,0.0,0.0,0.0,0.0,,,,,OK,18.1,18.1,24.1,18.1,0.0,6.0,6.0,83.15,85.32,2.17
1154,19:14,0.0,0.0,0.0,0.0,0.0,,,,,OK,18.1,18.1,24.3,18.1,0.0,6.2,6.2,83.15,85.32,2.17
1155,19:15,0.0,0.0,0.0,0.0,0.0,,,,,OK,18.0,18.0,24.0,18.0,0.0,6.0,6.0,83.15,85.32,2.17
1156,19:16,0.0,0.0,0.0,0.0,0.0,,,,,OK,18.0,18.0,23.9,18.0,0.0,5.9,5.9,83.15,85.32,2.17
1157,19:17,0.0,0.0,0.0,0.0,0.0,,,,,OK,18.0,18.0,24.2,18.0,0.0,6.2,6.2,83.15,85.32,2.17
1158,19:18,0.0,0.0,0.0,0.0,0.0,,,,,OK,18.0,18.0,23.8,18.0,0.0,5.8,5.8,83.15,85.32,2.17
1159,19:19,0.0,0.0,0.0,0.0,0.0,,,,,OK,18.0,18.0,23.7,18.0,0.0,5.7,5.7,83.15,85.32,2.17
1160,19:20,0.0,0.0,0.0,0.0,0.0,,,,,OK,17.9,17.9,23.9,17.9,0.0,6.0,6.0,83.15,85.32,2.17
1161,19:21,0.0,0.0,0.0,0.0,0.0,,,,,OK,17.9,17.9,23.6,17.9,0.0,5.7,5.7,83.15,85.32,2.17
1162,19:22,0.0,0.0,0.0,0.0,0.0,,,,,OK,17.8,17.8,23.9,17.8,0.0,6.1,6.1,83.15,85.32,2.17
1163,19:23,0.0,0.0,0.0,0.0,0.0,,,,,OK,17.8,17.8,23.8,17.8,0.0,6.0,6.0,83.15,85.32,2.17
1164,19:24,0.0,0.0,0.0,0.0,0.0,,,,,OK,17.8,17.8,23.8,17.8,0.0,6.0,6.0,83.15,85.32,2.17
1165,19:25,0.0,0.0,0.0,0.0,0.0,,,,,OK,17.8,17.8,23.7,17.8,0.0,5.9,5.9,83.15,85.32,2.17
1166,19:26,0.0,0.0,0.0,0.0,0.0,,,,,OK,17.8,17.8,23.6,17.8,0.0,5.8,5.8,83.15,85.32,2.17
1167,19:27,0.0,0.0,0.0,0.0,0.0,,,,,OK,17.7,17.7,23.7,17.7,0.0,6.0,6.0,83.15,85.32,2.17
1168,19:28,0.0,0.0,0.0,0.0,0.0,,,,,OK,17.8,17.8,23.6,17.8,0.0,5.8,5.8,83.15,85.32,2.17
1169,19:29,0.0,0.0,0.0,0.0,0.0,,,,,OK,17.8,17.8,23.6,17.8,0.0,5.8,5.8,83.15,85.32,2.17
1170,19:30,0.0,0.0,0.0,0.0,0.0,,,,,OK,17.8,17.8,23.6,17.8,0.0,5.8,5.8,83.15,85.32,2.17
1171,19:31,0.0,0.0,0.0,0.0,0.0,,,,,OK,17.8,17.8,23.8,17.8,0.0,6.0,6.0,83.15,85.32,2.17
1172,19:32,0.0,0.0,0.0,0.0,0.0,,,,,OK,17.8,17.8,23.8,17.8,0.0,6.0,6.0,83.15,85.32,2.17
1173,19:33,0.0,0.0,0.0,0.0,0.0,,,,,OK,17.8,17.8,23.7,17.8,0.0,5.9,5.9,83.15,85.32,2.17
1174,19:34,0.0,0.0,0.0,0.0,0.0,,,,,OK,17.8,17.8,23.9,17.8,0.0,6.1,6.1,83.15,85.32,2.17
1175,19:35,0.0,0.0,0.0,0.0,0.0,,,,,OK,17.7,17.7,23.7,17.7,0.0,6.0,6.0,83.15,85.32,2.17
1176,19:36,0.0,0.0,0.0,0.0,0.0,,,,,OK,17.7,17.7,23.7,17.7,0.0,6.0,6.0,83.15,85.32,2.17
1177,19:37,0.0,0.0,0.0,0.0,0.0,,,,,OK,17.7,17.7,23.3,17.7,0.0,5.6,5.6,83.15,85.32,2.17
1178,19:38,0.0,0.0,0.0,0.0,0.0,,,,,OK,17.7,17.7,23.8,17.7,0.0,6.1,6.1,83.15,85.32,2.17
1179,19:39,0.0,0.0,0.0,0.0,0.0,,,,,OK,17.8,17.8,23.9,17.8,0.0,6.1,6.1,83.15,85.32,2.17
1180,19:40,0.0,0.0,0.0,0.0,0.0,,,,,OK,17.7,17.7,23.5,17.7,0.0,5.8,5.8,83.15,85.32,2.17
1181,19:41,0.0,0.0,0.0,0.0,0.0,,,,,OK,17.7,17.7,23.6,17.7,0.0,5.9,5.9,83.15,85.32,2.17
1182,19:42,0.0,0.0,0.0,0.0,0.0,,,,,OK,17.6,17.6,23.8,17.6,0.0,6.2,6.2,83.15,85.32,2.17
1183,19:43,0.0,0.0,0.0,0.0,0.0,,,,,OK,17.6,17.6,23.6,17.6,0.0,6.0,6.0,83.15,85.32,2.17
1184,19:44,0.0,0.0,0.0,0.0,0.0,,,,,OK,17.6,17.6,23.5,17.6,0.0,5.9,5.9,83.15,85.32,2.17
1185,19:45,0.0,0.0,0.0,0.0,0.0,,,,,OK,17.5,17.5,23.6,17.5,0.0,6.1,6.1,83.15,85.32,2.17
1186,19:46,0.0,0.0,0.0,0.0,0.0,,,,,OK,17.5,17.5,23.3,17.5,0.0,5.8,5.8,83.15,85.32,2.17
1187,19:47,0.0,0.0,0.0,0.0,0.0,,,,,OK,17.5,17.5,23.7,17.5,0.0,6.2,6.2,83.15,85.32,2.17
1188,19:48,0.0,0.0,0.0,0.0,0.0,,,,,OK,17.4,17.4,23.7,17.4,0.0,6.3,6.3,83.15,85.32,2.17
1189,19:49,0.0,0.0,0.0,0.0,0.0,,,,,OK,17.5,17.5,23.6,17.5,0.0,6.1,6.1,83.15,85.32,2.17
1190,19:50,0.0,0.0,0.0,0.0,0.0,,,,,OK,17.4,17.4,23.3,17.4,0.0,5.9,5.9,83.15,85.32,2.17
1191,19:51,0.0,0.0,0.0,0.0,0.0,,,,,OK,17.4,17.4,23.6,17.4,0.0,6.2,6.2,83.15,85.32,2.17
1192,19:52,0.0,0.0,0.0,0.0,0.0,,,,,OK,17.3,17.3,23.3,17.3,0.0,6.0,6.0,83.15,85.32,2.17
1193,19:53,0.0,0.0,0.0,0.0,0.0,,,,,OK,17.2,17.2,23.2,17.2,0.0,6.0,6.0,83.15,85.32,2.17
1194,19:54,0.0,0.0,0.0,0.0,0.0,,,,,OK,17.2,17.2,23.2,17.2,0.0,6.0,6.0,83.15,85.32,2.17
1195,19:55,0.0,0.0,0.0,0.0,0.0,,,,,OK,17.1,17.1,23.0,17.1,0.0,5.9,5.9,83.15,85.32,2.17
1196,19:56,0.0,0.0,0.0,0.0,0.0,,,,,OK,17.1,17.1,23.0,17.1,0.0,5.9,5.9,83.15,85.32,2.17
1197,19:57,0.0,0.0,0.0,0.0,0.0,,,,,OK,17.1,17.1,23.1,17.1,0.0,6.0,6.0,83.15,85.32,2.17
1198,19:58,0.0,0.0,0.0,0.0,0.0,,,,,OK,17.1,17.1,22.7,17.1,0.0,5.6,5.6,83.15,85.32,2.17
1199,19:59,0.0,0.0,0.0,0.0,0.0,,,,,OK,17.1,17.1,23.0,17.1,0.0,5.9,5.9,83.15,85.32,2.17
1200,20:00,0.0,0.0,0.0,0.0,0.0,,,,,OK,17.1,17.1,23.2,17.1,0.0,6.1,6.1,83.15,85.32,2.17
1201,20:01,0.0,0.0,0.0,0.0,0.0,,,,,OK,17.1,17.1,23.2,17.1,0.0,6.1,6.1,83.15,85.32,2.17
1202,20:02,0.0,0.0,0.0,0.0,0.0,,,,,OK,17.1,17.1,23.0,17.1,0.0,5.9,5.9,83.15,85.32,2.17
1203,20:03,0.0,0.0,0.0,0.0,0.0,,,,,OK,17.1,17.1,23.1,17.1,0.0,6.0,6.0,83.15,85.32,2.17
1204,20:04,0.0,0.0,0.0,0.0,0.0,,,,,OK,17.1,17.1,23.3,17.1,0.0,6.2,6.2,83.15,85.32,2.17
1205,20:05,0.0,0.0,0.0,0.0,0.0,,,,,OK,17.1,17.1,23.1,17.1,0.0,6.0,6.0,83.15,85.32,2.17
1206,20:06,0.0,0.0,0.0,0.0,0.0,,,,,OK,17.1,17.1,23.1,17.1,0.0,6.0,6.0,83.15,85.32,2.17
1207,20:07,0.0,0.0,0.0,0.0,0.0,,,,,OK,17.1,17.1,23.0,17.1,0.0,5.9,5.9,83.15,85.32,2.17
1208,20:08,0.0,0.0,0.0,0.0,0.0,,,,,OK,17.0,17.0,22.7,17.0,0.0,5.7,5.7,83.15,85.32,2.17
1209,20:09,0.0,0.0,0.0,0.0,0.0,,,,,OK,17.1,17.1,23.2,17.1,0.0,6.1,6.1,83.15,85.32,2.17
1210,20:10,0.0,0.0,0.0,0.0,0.0,,,,,OK,17.0,17.0,22.8,17.0,0.0,5.8,5.8,83.15,85.32,2.17
1211,20:11,0.0,0.0,0.0,0.0,0.0,,,,,OK,17.0,17.0,23.2,17.0,0.0,6.2,6.2,83.15,85.32,2.17
1212,20:12,0.0,0.0,0.0,0.0,0.0,,,,,OK,16.9,16.9,23.1,16.9,0.0,6.2,6.2,83.15,85.32,2.17
1213,20:13,0.0,0.0,0.0,0.0,0.0,,,,,OK,16.8,16.8,22.8,16.8,0.0,6.0,6.0,83.15,85.32,2.17
1214,20:14,0.0,0.0,0.0,0.0,0.0,,,,,OK,16.8,16.8,23.1,16.8,0.0,6.3,6.3,83.15,85.32,2.17
1215,20:15,0.0,0.0,0.0,0.0,0.0,,,,,OK,16.8,16.8,22.9,16.8,0.0,6.1,6.1,83.15,85.32,2.17
1216,20:16,0.0,0.0,0.0,0.0,0.0,,,,,OK,16.8,16.8,22.6,16.8,0.0,5.8,5.8,83.15,85.32,2.17
1217,20:17,0.0,0.0,0.0,0.0,0.0,,,,,OK,16.7,16.7,22.8,16.7,0.0,6.1,6.1,83.15,85.32,2.17
1218,20:18,0.0,0.0,0.0,0.0,0.0,,,,,OK,16.7,16.7,22.8,16.7,0.0,6.1,6.1,83.15,85.32,2.17
1219,20:19,0.0,0.0,0.0,0.0,0.0,,,,,OK,16.7,16.7,22.7,16.7,0.0,6.0,6.0,83.15,85.32,2.17
1220,20:20,0.0,0.0,0.0,0.0,0.0,,,,,OK,16.7,16.7,22.8,16.7,0.0,6.1,6.1,83.15,85.32,2.17
1221,20:21,0.0,0.0,0.0,0.0,0.0,,,,,OK,16.7,16.7,22.7,16.7,0.0,6.0,6.0,83.15,85.32,2.17
1222,20:22,0.0,0.0,0.0,0.0,0.0,,,,,OK,16.8,16.8,22.8,16.8,0.0,6.0,6.0,83.15,85.32,2.17
1223,20:23,0.0,0.0,0.0,0.0,0.0,,,,,OK,16.7,16.7,22.7,16.7,0.0,6.0,6.0,83.15,85.32,2.17
1224,20:24,0.0,0.0,0.0,0.0,0.0,,,,,OK,16.7,16.7,22.5,16.7,0.0,5.8,5.8,83.15,85.32,2.17
1225,20:25,0.0,0.0,0.0,0.0,0.0,,,,,OK,16.7,16.7,22.7,16.7,0.0,6.0,6.0,83.15,85.32,2.17
1226,20:26,0.0,0.0,0.0,0.0,0.0,,,,,OK,16.6,16.6,22.6,16.6,0.0,6.0,6.0,83.15,85.32,2.17
1227,20:27,0.0,0.0,0.0,0.0,0.0,,,,,OK,16.5,16.5,22.4,16.5,0.0,5.9,5.9,83.15,85.32,2.17
1228,20:28,0.0,0.0,0.0,0.0,0.0,,,,,OK,16.5,16.5,22.8,16.5,0.0,6.3,6.3,83.15,85.32,2.17
1229,20:29,0.0,0.0,0.0,0.0,0.0,,,,,OK,16.5,16.5,22.4,16.5,0.0,5.9,5.9,83.15,85.32,2.17
1230,20:30,0.0,0.0,0.0,0.0,0.0,,,,,OK,16.5,16.5,22.3,16.5,0.0,5.8,5.8,83.15,85.32,2.17
1231,20:31,0.0,0.0,0.0,0.0,0.0,,,,,OK,16.4,16.4,22.3,16.4,0.0,5.9,5.9,83.15,85.32,2.17
1232,20:32,0.0,0.0,0.0,0.0,0.0,,,,,OK,16.4,16.4,22.6,16.4,0.0,6.2,6.2,83.15,85.32,2.17
1233,20:33,0.0,0.0,0.0,0.0,0.0,,,,,OK,16.3,16.3,22.3,16.3,0.0,6.0,6.0,83.15,85.32,2.17
1234,20:34,0.0,0.0,0.0,0.0,0.0,,,,,OK,16.3,16.3,22.3,16.3,0.0,6.0,6.0,83.15,85.32,2.17
1235,20:35,0.0,0.0,0.0,0.0,0.0,,,,,OK,16.2,16.2,22.2,16.2,0.0,6.0,6.0,83.15,85.32,2.17
1236,20:36,0.0,0.0,0.0,0.0,0.0,,,,,OK,16.1,16.1,22.1,16.1,0.0,6.0,6.0,83.15,85.32,2.17
1237,20:37,0.0,0.0,0.0,0.0,0.0,,,,,OK,16.1,16.1,22.2,16.1,0.0,6.1,6.1,83.15,85.32,2.17
1238,20:38,0.0,0.0,0.0,0.0,0.0,,,,,OK,16.1,16.1,22.1,16.1,0.0,6.0,6.0,83.15,85.32,2.17
1239,20:39,0.0,0.0,0.0,0.0,0.0,,,,,OK,16.0,16.0,22.1,16.0,0.0,6.1,6.1,83.15,85.32,2.17
1240,20:40,0.0,0.0,0.0,0.0,0.0,,,,,OK,16.0,16.0,21.9,16.0,0.0,5.9,5.9,83.15,85.32,2.17
1241,20:41,0.0,0.0,0.0,0.0,0.0,,,,,OK,16.1,16.1,21.9,16.1,0.0,5.8,5.8,83.15,85.32,2.17
1242,20:42,0.0,0.0,0.0,0.0,0.0,,,,,OK,16.1,16.1,22.2,16.1,0.0,6.1,6.1,83.15,85.32,2.17
1243,20:43,0.0,0.0,0.0,0.0,0.0,,,,,OK,16.1,16.1,22.3,16.1,0.0,6.2,6.2,83.15,85.32,2.17
1244,20:44,0.0,0.0,0.0,0.0,0.0,,,,,OK,15.9,15.9,22.0,15.9,0.0,6.1,6.1,83.15,85.32,2.17
1245,20:45,0.0,0.0,0.0,0.0,0.0,,,,,OK,15.9,15.9,21.8,15.9,0.0,5.9,5.9,83.15,85.32,2.17
1246,20:46,0.0,0.0,0.0,0.0,0.0,,,,,OK,15.9,15.9,22.1,15.9,0.0,6.2,6.2,83.15,85.32,2.17
1247,20:47,0.0,0.0,0.0,0.0,0.0,,,,,OK,16.0,16.0,22.2,16.0,0.0,6.2,6.2,83.15,85.32,2.17
1248,20:48,0.0,0.0,0.0,0.0,0.0,,,,,OK,16.0,16.0,22.0,16.0,0.0,6.0,6.0,83.15,85.32,2.17
1249,20:49,0.0,0.0,0.0,0.0,0.0,,,,,OK,15.9,15.9,22.0,15.9,0.0,6.1,6.1,83.15,85.32,2.17
1250,20:50,0.0,0.0,0.0,0.0,0.0,,,,,OK,15.8,15.8,21.8,15.8,0.0,6.0,6.0,83.15,85.32,2.17
1251,20:51,0.0,0.0,0.0,0.0,0.0,,,,,OK,15.8,15.8,21.5,15.8,0.0,5.7,5.7,83.15,85.32,2.17
1252,20:52,0.0,0.0,0.0,0.0,0.0,,,,,OK,15.7,15.7,22.0,15.7,0.0,6.3,6.3,83.15,85.32,2.17
1253,20:53,0.0,0.0,0.0,0.0,0.0,,,,,OK,15.7,15.7,21.5,15.7,0.0,5.8,5.8,83.15,85.32,2.17
1254,20:54,0.0,0.0,0.0,0.0,0.0,,,,,OK,15.6,15.6,21.4,15.6,0.0,5.8,5.8,83.15,85.32,2.17
1255,20:55,0.0,0.0,0.0,0.0,0.0,,,,,OK,15.5,15.5,21.5,15.5,0.0,6.0,6.0,83.15,85.32,2.17
1256,20:56,0.0,0.0,0.0,0.0,0.0,,,,,OK,15.5,15.5,21.1,15.5,0.0,5.6,5.6,83.15,85.32,2.17
1257,20:57,0.0,0.0,0.0,0.0,0.0,,,,,OK,15.4,15.4,21.3,15.4,0.0,5.9,5.9,83.15,85.32,2.17
1258,20:58,0.0,0.0,0.0,0.0,0.0,,,,,OK,15.4,15.4,21.5,15.4,0.0,6.1,6.1,83.15,85.32,2.17
1259,20:59,0.0,0.0,0.0,0.0,0.0,,,,,OK,15.4,15.4,21.6,15.4,0.0,6.2,6.2,83.15,85.32,2.17
1260,21:00,0.0,0.0,0.0,0.0,0.0,,,,,OK,15.4,15.4,21.2,15.4,0.0,5.8,5.8,83.15,85.32,2.17
1261,21:01,0.0,0.0,0.0,0.0,0.0,,,,,OK,15.3,15.3,21.4,15.3,0.0,6.1,6.1,83.15,85.32,2.17
1262,21:02,0.0,0.0,0.0,0.0,0.0,,,,,OK,15.3,15.3,21.3,15.3,0.0,6.0,6.0,83.15,85.32,2.17
1263,21:03,0.0,0.0,0.0,0.0,0.0,,,,,OK,15.3,15.3,21.4,15.3,0.0,6.1,6.1,83.15,85.32,2.17
1264,21:04,0.0,0.0,0.0,0.0,0.0,,,,,OK,15.3,15.3,21.5,15.3,0.0,6.2,6.2,83.15,85.32,2.17
1265,21:05,0.0,0.0,0.0,0.0,0.0,,,,,OK,15.2,15.2,21.3,15.2,0.0,6.1,6.1,83.15,85.32,2.17
1266,21:06,0.0,0.0,0.0,0.0,0.0,,,,,OK,15.2,15.2,21.5,15.2,0.0,6.3,6.3,83.15,85.32,2.17
1267,21:07,0.0,0.0,0.0,0.0,0.0,,,,,OK,15.1,15.1,21.2,15.1,0.0,6.1,6.1,83.15,85.32,2.17
1268,21:08,0.0,0.0,0.0,0.0,0.0,,,,,OK,15.1,15.1,21.3,15.1,0.0,6.2,6.2,83.15,85.32,2.17
1269,21:09,0.0,0.0,0.0,0.0,0.0,,,,,OK,15.1,15.1,21.4,15.1,0.0,6.3,6.3,83.15,85.32,2.17
1270,21:10,0.0,0.0,0.0,0.0,0.0,,,,,OK,15.1,15.1,21.3,15.1,0.0,6.2,6.2,83.15,85.32,2.17
1271,21:11,0.0,0.0,0.0,0.0,0.0,,,,,OK,15.1,15.1,21.3,15.1,0.0,6.2,6.2,83.15,85.32,2.17
1272,21:12,0.0,0.0,0.0,0.0,0.0,,,,,OK,15.1,15.1,21.1,15.1,0.0,6.0,6.0,83.15,85.32,2.17
1273,21:13,0.0,0.0,0.0,0.0,0.0,,,,,OK,15.1,15.1,21.1,15.1,0.0,6.0,6.0,83.15,85.32,2.17
1274,21:14,0.0,0.0,0.0,0.0,0.0,,,,,OK,15.0,15.0,21.1,15.0,0.0,6.1,6.1,83.15,85.32,2.17
1275,21:15,0.0,0.0,0.0,0.0,0.0,,,,,OK,15.0,15.0,20.8,15.0,0.0,5.8,5.8,83.15,85.32,2.17
1276,21:16,0.0,0.0,0.0,0.0,0.0,,,,,OK,14.9,14.9,21.1,14.9,0.0,6.2,6.2,83.15,85.32,2.17
1277,21:17,0.0,0.0,0.0,0.0,0.0,,,,,OK,14.9,14.9,20.9,14.9,0.0,6.0,6.0,83.15,85.32,2.17
1278,21:18,0.0,0.0,0.0,0.0,0.0,,,,,OK,14.9,14.9,20.9,14.9,0.0,6.0,6.0,83.15,85.32,2.17
1279,21:19,0.0,0.0,0.0,0.0,0.0,,,,,OK,14.8,14.8,21.0,14.8,0.0,6.2,6.2,83.15,85.32,2.17
1280,21:20,0.0,0.0,0.0,0.0,0.0,,,,,OK,14.8,14.8,20.9,14.8,0.0,6.1,6.1,83.15,85.32,2.17
1281,21:21,0.0,0.0,0.0,0.0,0.0,,,,,OK,14.7,14.7,20.8,14.7,0.0,6.1,6.1,83.15,85.32,2.17
1282,21:22,0.0,0.0,0.0,0.0,0.0,,,,,OK,14.7,14.7,20.5,14.7,0.0,5.8,5.8,83.15,85.32,2.17
1283,21:23,0.0,0.0,0.0,0.0,0.0,,,,,OK,14.7,14.7,20.5,14.7,0.0,5.8,5.8,83.15,85.32,2.17
1284,21:24,0.0,0.0,0.0,0.0,0.0,,,,,OK,14.6,14.6,20.5,14.6,0.0,5.9,5.9,83.15,85.32,2.17
1285,21:25,0.0,0.0,0.0,0.0,0.0,,,,,OK,14.6,14.6,20.4,14.6,0.0,5.8,5.8,83.15,85.32,2.17
1286,21:26,0.0,0.0,0.0,0.0,0.0,,,,,OK,14.5,14.5,20.3,14.5,0.0,5.8,5.8,83.15,85.32,2.17
1287,21:27,0.0,0.0,0.0,0.0,0.0,,,,,OK,14.5,14.5,20.6,14.5,0.0,6.1,6.1,83.15,85.32,2.17
1288,21:28,0.0,0.0,0.0,0.0,0.0,,,,,OK,14.4,14.4,20.4,14.4,0.0,6.0,6.0,83.15,85.32,2.17
1289,21:29,0.0,0.0,0.0,0.0,0.0,,,,,OK,14.4,14.4,20.3,14.4,0.0,5.9,5.9,83.15,85.32,2.17
1290,21:30,0.0,0.0,0.0,0.0,0.0,,,,,OK,14.4,14.4,20.5,14.4,0.0,6.1,6.1,83.15,85.32,2.17
1291,21:31,0.0,0.0,0.0,0.0,0.0,,,,,OK,14.5,14.5,20.9,14.5,0.0,6.4,6.4,83.15,85.32,2.17
1292,21:32,0.0,0.0,0.0,0.0,0.0,,,,,OK,14.4,14.4,20.2,14.4,0.0,5.8,5.8,83.15,85.32,2.17
1293,21:33,0.0,0.0,0.0,0.0,0.0,,,,,OK,14.4,14.4,20.5,14.4,0.0,6.1,6.1,83.15,85.32,2.17
1294,21:34,0.0,0.0,0.0,0.0,0.0,,,,,OK,14.4,14.4,20.3,14.4,0.0,5.9,5.9,83.15,85.32,2.17
1295,21:35,0.0,0.0,0.0,0.0,0.0,,,,,OK,14.4,14.4,20.2,14.4,0.0,5.8,5.8,83.15,85.32,2.17
1296,21:36,0.0,0.0,0.0,0.0,0.0,,,,,OK,14.4,14.4,20.3,14.4,0.0,5.9,5.9,83.15,85.32,2.17
1297,21:37,0.0,0.0,0.0,0.0,0.0,,,,,OK,14.4,14.4,20.5,14.4,0.0,6.1,6.1,83.15,85.32,2.17
1298,21:38,0.0,0.0,0.0,0.0,0.0,,,,,OK,14.4,14.4,20.5,14.4,0.0,6.1,6.1,83.15,85.32,2.17
1299,21:39,0.0,0.0,0.0,0.0,0.0,,,,,OK,14.3,14.3,20.4,14.3,0.0,6.1,6.1,83.15,85.32,2.17
1300,21:40,0.0,0.0,0.0,0.0,0.0,,,,,OK,14.3,14.3,20.3,14.3,0.0,6.0,6.0,83.15,85.32,2.17
1301,21:41,0.0,0.0,0.0,0.0,0.0,,,,,OK,14.3,14.3,20.3,14.3,0.0,6.0,6.0,83.15,85.32,2.17
1302,21:42,0.0,0.0,0.0,0.0,0.0,,,,,OK,14.2,14.2,20.3,14.2,0.0,6.1,6.1,83.15,85.32,2.17
1303,21:43,0.0,0.0,0.0,0.0,0.0,,,,,OK,14.1,14.1,20.2,14.1,0.0,6.1,6.1,83.15,85.32,2.17
1304,21:44,0.0,0.0,0.0,0.0,0.0,,,,,OK,14.1,14.1,20.2,14.1,0.0,6.1,6.1,83.15,85.32,2.17
1305,21:45,0.0,0.0,0.0,0.0,0.0,,,,,OK,14.1,14.1,20.2,14.1,0.0,6.1,6.1,83.15,85.32,2.17
1306,21:46,0.0,0.0,0.0,0.0,0.0,,,,,OK,14.1,14.1,19.9,14.1,0.0,5.8,5.8,83.15,85.32,2.17
1307,21:47,0.0,0.0,0.0,0.0,0.0,,,,,OK,14.2,14.2,20.1,14.2,0.0,5.9,5.9,83.15,85.32,2.17
1308,21:48,0.0,0.0,0.0,0.0,0.0,,,,,OK,14.1,14.1,20.3,14.1,0.0,6.2,6.2,83.15,85.32,2.17
1309,21:49,0.0,0.0,0.0,0.0,0.0,,,,,OK,14.0,14.0,20.0,14.0,0.0,6.0,6.0,83.15,85.32,2.17
1310,21:50,0.0,0.0,0.0,0.0,0.0,,,,,OK,14.0,14.0,20.1,14.0,0.0,6.1,6.1,83.15,85.32,2.17
1311,21:51,0.0,0.0,0.0,0.0,0.0,,,,,OK,14.0,14.0,20.0,14.0,0.0,6.0,6.0,83.15,85.32,2.17
1312,21:52,0.0,0.0,0.0,0.0,0.0,,,,,OK,14.0,14.0,19.8,14.0,0.0,5.8,5.8,83.15,85.32,2.17
1313,21:53,0.0,0.0,0.0,0.0,0.0,,,,,OK,13.9,13.9,20.0,13.9,0.0,6.1,6.1,83.15,85.32,2.17
1314,21:54,0.0,0.0,0.0,0.0,0.0,,,,,OK,14.0,14.0,20.1,14.0,0.0,6.1,6.1,83.15,85.32,2.17
1315,21:55,0.0,0.0,0.0,0.0,0.0,,,,,OK,13.9,13.9,19.8,13.9,0.0,5.9,5.9,83.15,85.32,2.17
1316,21:56,0.0,0.0,0.0,0.0,0.0,,,,,OK,13.8,13.8,20.2,13.8,0.0,6.4,6.4,83.15,85.32,2.17
1317,21:57,0.0,0.0,0.0,0.0,0.0,,,,,OK,13.8,13.8,20.0,13.8,0.0,6.2,6.2,83.15,85.32,2.17
1318,21:58,0.0,0.0,0.0,0.0,0.0,,,,,OK,13.8,13.8,19.9,13.8,0.0,6.1,6.1,83.15,85.32,2.17
1319,21:59,0.0,0.0,0.0,0.0,0.0,,,,,OK,13.9,13.9,19.9,13.9,0.0,6.0,6.0,83.15,85.32,2.17
1320,22:00,0.0,0.0,0.0,0.0,0.0,,,,,OK,13.8,13.8,19.7,13.8,0.0,5.9,5.9,83.15,85.32,2.17
1321,22:01,0.0,0.0,0.0,0.0,0.0,,,,,OK,13.8,13.8,19.6,13.8,0.0,5.8,5.8,83.15,85.32,2.17
1322,22:02,0.0,0.0,0.0,0.0,0.0,,,,,OK,13.8,13.8,19.8,13.8,0.0,6.0,6.0,83.15,85.32,2.17
1323,22:03,0.0,0.0,0.0,0.0,0.0,,,,,OK,13.8,13.8,19.9,13.8,0.0,6.1,6.1,83.15,85.32,2.17
1324,22:04,0.0,0.0,0.0,0.0,0.0,,,,,OK,13.8,13.8,20.0,13.8,0.0,6.2,6.2,83.15,85.32,2.17
1325,22:05,0.0,0.0,0.0,0.0,0.0,,,,,OK,13.9,13.9,19.8,13.9,0.0,5.9,5.9,83.15,85.32,2.17
1326,22:06,0.0,0.0,0.0,0.0,0.0,,,,,OK,13.9,13.9,19.8,13.9,0.0,5.9,5.9,83.15,85.32,2.17
1327,22:07,0.0,0.0,0.0,0.0,0.0,,,,,OK,13.9,13.9,20.0,13.9,0.0,6.1,6.1,83.15,85.32,2.17
1328,22:08,0.0,0.0,0.0,0.0,0.0,,,,,OK,13.9,13.9,19.9,13.9,0.0,6.0,6.0,83.15,85.32,2.17
1329,22:09,0.0,0.0,0.0,0.0,0.0,,,,,OK,13.8,13.8,19.8,13.8,0.0,6.0,6.0,83.15,85.32,2.17
1330,22:10,0.0,0.0,0.0,0.0,0.0,,,,,OK,13.7,13.7,19.7,13.7,0.0,6.0,6.0,83.15,85.32,2.17
1331,22:11,0.0,0.0,0.0,0.0,0.0,,,,,OK,13.7,13.7,20.0,13.7,0.0,6.3,6.3,83.15,85.32,2.17
1332,22:12,0.0,0.0,0.0,0.0,0.0,,,,,OK,13.7,13.7,19.5,13.7,0.0,5.8,5.8,83.15,85.32,2.17
1333,22:13,0.0,0.0,0.0,0.0,0.0,,,,,OK,13.7,13.7,19.6,13.7,0.0,5.9,5.9,83.15,85.32,2.17
1334,22:14,0.0,0.0,0.0,0.0,0.0,,,,,OK,13.6,13.6,19.8,13.6,0.0,6.2,6.2,83.15,85.32,2.17
1335,22:15,0.0,0.0,0.0,0.0,0.0,,,,,OK,13.6,13.6,19.9,13.6,0.0,6.3,6.3,83.15,85.32,2.17
1336,22:16,0.0,0.0,0.0,0.0,0.0,,,,,OK,13.5,13.5,19.5,13.5,0.0,6.0,6.0,83.15,85.32,2.17
1337,22:17,0.0,0.0,0.0,0.0,0.0,,,,,OK,13.4,13.4,19.5,13.4,0.0,6.1,6.1,83.15,85.32,2.17
1338,22:18,0.0,0.0,0.0,0.0,0.0,,,,,OK,13.3,13.3,19.2,13.3,0.0,5.9,5.9,83.15,85.32,2.17
1339,22:19,0.0,0.0,0.0,0.0,0.0,,,,,OK,13.4,13.4,19.3,13.4,0.0,5.9,5.9,83.15,85.32,2.17
1340,22:20,0.0,0.0,0.0,0.0,0.0,,,,,OK,13.4,13.4,19.6,13.4,0.0,6.2,6.2,83.15,85.32,2.17
1341,22:21,0.0,0.0,0.0,0.0,0.0,,,,,OK,13.3,13.3,19.3,13.3,0.0,6.0,6.0,83.15,85.32,2.17
1342,22:22,0.0,0.0,0.0,0.0,0.0,,,,,OK,13.3,13.3,19.3,13.3,0.0,6.0,6.0,83.15,85.32,2.17
1343,22:23,0.0,0.0,0.0,0.0,0.0,,,,,OK,13.4,13.4,19.5,13.4,0.0,6.1,6.1,83.15,85.32,2.17
1344,22:24,0.0,0.0,0.0,0.0,0.0,,,,,OK,13.3,13.3,19.3,13.3,0.0,6.0,6.0,83.15,85.32,2.17
1345,22:25,0.0,0.0,0.0,0.0,0.0,,,,,OK,13.3,13.3,19.3,13.3,0.0,6.0,6.0,83.15,85.32,2.17
1346,22:26,0.0,0.0,0.0,0.0,0.0,,,,,OK,13.4,13.4,19.5,13.4,0.0,6.1,6.1,83.15,85.32,2.17
1347,22:27,0.0,0.0,0.0,0.0,0.0,,,,,OK,13.3,13.3,19.2,13.3,0.0,5.9,5.9,83.15,85.32,2.17
1348,22:28,0.0,0.0,0.0,0.0,0.0,,,,,OK,13.3,13.3,19.4,13.3,0.0,6.1,6.1,83.15,85.32,2.17
1349,22:29,0.0,0.0,0.0,0.0,0.0,,,,,OK,13.3,13.3,19.3,13.3,0.0,6.0,6.0,83.15,85.32,2.17
1350,22:30,0.0,0.0,0.0,0.0,0.0,,,,,OK,13.2,13.2,19.3,13.2,0.0,6.1,6.1,83.15,85.32,2.17
1351,22:31,0.0,0.0,0.0,0.0,0.0,,,,,OK,13.2,13.2,19.3,13.2,0.0,6.1,6.1,83.15,85.32,2.17
1352,22:32,0.0,0.0,0.0,0.0,0.0,,,,,OK,13.2,13.2,19.3,13.2,0.0,6.1,6.1,83.15,85.32,2.17
1353,22:33,0.0,0.0,0.0,0.0,0.0,,,,,OK,13.1,13.1,19.2,13.1,0.0,6.1,6.1,83.15,85.32,2.17
1354,22:34,0.0,0.0,0.0,0.0,0.0,,,,,OK,13.1,13.1,19.0,13.1,0.0,5.9,5.9,83.15,85.32,2.17
1355,22:35,0.0,0.0,0.0,0.0,0.0,,,,,OK,13.0,13.0,19.0,13.0,0.0,6.0,6.0,83.15,85.32,2.17
1356,22:36,0.0,0.0,0.0,0.0,0.0,,,,,OK,13.0,13.0,18.6,13.0,0.0,5.6,5.6,83.15,85.32,2.17
1357,22:37,0.0,0.0,0.0,0.0,0.0,,,,,OK,13.0,13.0,19.1,13.0,0.0,6.1,6.1,83.15,85.32,2.17
1358,22:38,0.0,0.0,0.0,0.0,0.0,,,,,OK,13.0,13.0,18.9,13.0,0.0,5.9,5.9,83.15,85.32,2.17
1359,22:39,0.0,0.0,0.0,0.0,0.0,,,,,OK,12.9,12.9,19.2,12.9,0.0,6.3,6.3,83.15,85.32,2.17
1360,22:40,0.0,0.0,0.0,0.0,0.0,,,,,OK,12.8,12.8,18.6,12.8,0.0,5.8,5.8,83.15,85.32,2.17
1361,22:41,0.0,0.0,0.0,0.0,0.0,,,,,OK,12.8,12.8,18.8,12.8,0.0,6.0,6.0,83.15,85.32,2.17
1362,22:42,0.0,0.0,0.0,0.0,0.0,,,,,OK,12.8,12.8,18.9,12.8,0.0,6.1,6.1,83.15,85.32,2.17
1363,22:43,0.0,0.0,0.0,0.0,0.0,,,,,OK,12.7,12.7,18.7,12.7,0.0,6.0,6.0,83.15,85.32,2.17
1364,22:44,0.0,0.0,0.0,0.0,0.0,,,,,OK,12.7,12.7,18.8,12.7,0.0,6.1,6.1,83.15,85.32,2.17
1365,22:45,0.0,0.0,0.0,0.0,0.0,,,,,OK,12.7,12.7,18.6,12.7,0.0,5.9,5.9,83.15,85.32,2.17
1366,22:46,0.0,0.0,0.0,0.0,0.0,,,,,OK,12.7,12.7,18.7,12.7,0.0,6.0,6.0,83.15,85.32,2.17
1367,22:47,0.0,0.0,0.0,0.0,0.0,,,,,OK,12.7,12.7,18.8,12.7,0.0,6.1,6.1,83.15,85.32,2.17
1368,22:48,0.0,0.0,0.0,0.0,0.0,,,,,OK,12.6,12.6,18.6,12.6,0.0,6.0,6.0,83.15,85.32,2.17
1369,22:49,0.0,0.0,0.0,0.0,0.0,,,,,OK,12.6,12.6,18.5,12.6,0.0,5.9,5.9,83.15,85.32,2.17
1370,22:50,0.0,0.0,0.0,0.0,0.0,,,,,OK,12.6,12.6,18.6,12.6,0.0,6.0,6.0,83.15,85.32,2.17
1371,22:51,0.0,0.0,0.0,0.0,0.0,,,,,OK,12.7,12.7,18.8,12.7,0.0,6.1,6.1,83.15,85.32,2.17
1372,22:52,0.0,0.0,0.0,0.0,0.0,,,,,OK,12.6,12.6,18.8,12.6,0.0,6.2,6.2,83.15,85.32,2.17
1373,22:53,0.0,0.0,0.0,0.0,0.0,,,,,OK,12.6,12.6,18.7,12.6,0.0,6.1,6.1,83.15,85.32,2.17
1374,22:54,0.0,0.0,0.0,0.0,0.0,,,,,OK,12.6,12.6,18.6,12.6,0.0,6.0,6.0,83.15,85.32,2.17
1375,22:55,0.0,0.0,0.0,0.0,0.0,,,,,OK,12.6,12.6,18.7,12.6,0.0,6.1,6.1,83.15,85.32,2.17
1376,22:56,0.0,0.0,0.0,0.0,0.0,,,,,OK,12.6,12.6,18.6,12.6,0.0,6.0,6.0,83.15,85.32,2.17
1377,22:57,0.0,0.0,0.0,0.0,0.0,,,,,OK,12.4,12.4,18.6,12.4,0.0,6.2,6.2,83.15,85.32,2.17
1378,22:58,0.0,0.0,0.0,0.0,0.0,,,,,OK,12.4,12.4,18.5,12.4,0.0,6.1,6.1,83.15,85.32,2.17
1379,22:59,0.0,0.0,0.0,0.0,0.0,,,,,OK,12.4,12.4,18.2,12.4,0.0,5.8,5.8,83.15,85.32,2.17
1380,23:00,0.0,0.0,0.0,0.0,0.0,,,,,OK,12.4,12.4,18.4,12.4,0.0,6.0,6.0,83.15,85.32,2.17
1381,23:01,0.0,0.0,0.0,0.0,0.0,,,,,OK,12.4,12.4,18.3,12.4,0.0,5.9,5.9,83.15,85.32,2.17
1382,23:02,0.0,0.0,0.0,0.0,0.0,,,,,OK,12.3,12.3,18.3,12.3,0.0,6.0,6.0,83.15,85.32,2.17
1383,23:03,0.0,0.0,0.0,0.0,0.0,,,,,OK,12.3,12.3,18.6,12.3,0.0,6.3,6.3,83.15,85.32,2.17
1384,23:04,0.0,0.0,0.0,0.0,0.0,,,,,OK,12.2,12.2,18.2,12.2,0.0,6.0,6.0,83.15,85.32,2.17
1385,23:05,0.0,0.0,0.0,0.0,0.0,,,,,OK,12.3,12.3,18.2,12.3,0.0,5.9,5.9,83.15,85.32,2.17
1386,23:06,0.0,0.0,0.0,0.0,0.0,,,,,OK,12.3,12.3,18.4,12.3,0.0,6.1,6.1,83.15,85.32,2.17
1387,23:07,0.0,0.0,0.0,0.0,0.0,,,,,OK,12.3,12.3,18.4,12.3,0.0,6.1,6.1,83.15,85.32,2.17
1388,23:08,0.0,0.0,0.0,0.0,0.0,,,,,OK,12.3,12.3,18.4,12.3,0.0,6.1,6.1,83.15,85.32,2.17
1389,23:09,0.0,0.0,0.0,0.0,0.0,,,,,OK,12.3,12.3,18.4,12.3,0.0,6.1,6.1,83.15,85.32,2.17
1390,23:10,0.0,0.0,0.0,0.0,0.0,,,,,OK,12.3,12.3,18.5,12.3,0.0,6.2,6.2,83.15,85.32,2.17
1391,23:11,0.0,0.0,0.0,0.0,0.0,,,,,OK,12.3,12.3,18.5,12.3,0.0,6.2,6.2,83.15,85.32,2.17
1392,23:12,0.0,0.0,0.0,0.0,0.0,,,,,OK,12.3,12.3,18.4,12.3,0.0,6.1,6.1,83.15,85.32,2.17
1393,23:13,0.0,0.0,0.0,0.0,0.0,,,,,OK,12.2,12.2,18.4,12.2,0.0,6.2,6.2,83.15,85.32,2.17
1394,23:14,0.0,0.0,0.0,0.0,0.0,,,,,OK,12.1,12.1,18.3,12.1,0.0,6.2,6.2,83.15,85.32,2.17
1395,23:15,0.0,0.0,0.0,0.0,0.0,,,,,OK,12.1,12.1,18.0,12.1,0.0,5.9,5.9,83.15,85.32,2.17
1396,23:16,0.0,0.0,0.0,0.0,0.0,,,,,OK,12.1,12.1,17.9,12.1,0.0,5.8,5.8,83.15,85.32,2.17
1397,23:17,0.0,0.0,0.0,0.0,0.0,,,,,OK,12.0,12.0,17.9,12.0,0.0,5.9,5.9,83.15,85.32,2.17
1398,23:18,0.0,0.0,0.0,0.0,0.0,,,,,OK,12.0,12.0,17.9,12.0,0.0,5.9,5.9,83.15,85.32,2.17
1399,23:19,0.0,0.0,0.0,0.0,0.0,,,,,OK,12.0,12.0,18.1,12.0,0.0,6.1,6.1,83.15,85.32,2.17
1400,23:20,0.0,0.0,0.0,0.0,0.0,,,,,OK,12.0,12.0,18.0,12.0,0.0,6.0,6.0,83.15,85.32,2.17
1401,23:21,0.0,0.0,0.0,0.0,0.0,,,,,OK,12.0,12.0,17.9,12.0,0.0,5.9,5.9,83.15,85.32,2.17
1402,23:22,0.0,0.0,0.0,0.0,0.0,,,,,OK,12.0,12.0,18.2,12.0,0.0,6.2,6.2,83.15,85.32,2.17
1403,23:23,0.0,0.0,0.0,0.0,0.0,,,,,OK,12.1,12.1,18.0,12.1,0.0,5.9,5.9,83.15,85.32,2.17
1404,23:24,0.0,0.0,0.0,0.0,0.0,,,,,OK,12.1,12.1,18.2,12.1,0.0,6.1,6.1,83.15,85.32,2.17
1405,23:25,0.0,0.0,0.0,0.0,0.0,,,,,OK,12.0,12.0,18.1,12.0,0.0,6.1,6.1,83.15,85.32,2.17
1406,23:26,0.0,0.0,0.0,0.0,0.0,,,,,OK,12.0,12.0,18.1,12.0,0.0,6.1,6.1,83.15,85.32,2.17
1407,23:27,0.0,0.0,0.0,0.0,0.0,,,,,OK,12.0,12.0,18.0,12.0,0.0,6.0,6.0,83.15,85.32,2.17
1408,23:28,0.0,0.0,0.0,0.0,0.0,,,,,OK,12.0,12.0,18.3,12.0,0.0,6.3,6.3,83.15,85.32,2.17
1409,23:29,0.0,0.0,0.0,0.0,0.0,,,,,OK,12.0,12.0,18.1,12.0,0.0,6.1,6.1,83.15,85.32,2.17
1410,23:30,0.0,0.0,0.0,0.0,0.0,,,,,OK,12.0,12.0,17.7,12.0,0.0,5.7,5.7,83.15,85.32,2.17
1411,23:31,0.0,0.0,0.0,0.0,0.0,,,,,OK,12.0,12.0,18.1,12.0,0.0,6.1,6.1,83.15,85.32,2.17
1412,23:32,0.0,0.0,0.0,0.0,0.0,,,,,OK,12.1,12.1,18.0,12.1,0.0,5.9,5.9,83.15,85.32,2.17
1413,23:33,0.0,0.0,0.0,0.0,0.0,,,,,OK,12.0,12.0,18.1,12.0,0.0,6.1,6.1,83.15,85.32,2.17
1414,23:34,0.0,0.0,0.0,0.0,0.0,,,,,OK,12.0,12.0,18.0,12.0,0.0,6.0,6.0,83.15,85.32,2.17
1415,23:35,0.0,0.0,0.0,0.0,0.0,,,,,OK,12.0,12.0,18.2,12.0,0.0,6.2,6.2,83.15,85.32,2.17
1416,23:36,0.0,0.0,0.0,0.0,0.0,,,,,OK,11.9,11.9,17.6,11.9,0.0,5.7,5.7,83.15,85.32,2.17
1417,23:37,0.0,0.0,0.0,0.0,0.0,,,,,OK,11.8,11.8,17.9,11.8,0.0,6.1,6.1,83.15,85.32,2.17
1418,23:38,0.0,0.0,0.0,0.0,0.0,,,,,OK,11.8,11.8,17.9,11.8,0.0,6.1,6.1,83.15,85.32,2.17
1419,23:39,0.0,0.0,0.0,0.0,0.0,,,,,OK,11.8,11.8,17.8,11.8,0.0,6.0,6.0,83.15,85.32,2.17
1420,23:40,0.0,0.0,0.0,0.0,0.0,,,,,OK,11.8,11.8,18.0,11.8,0.0,6.2,6.2,83.15,85.32,2.17
1421,23:41,0.0,0.0,0.0,0.0,0.0,,,,,OK,11.7,11.7,17.3,11.7,0.0,5.6,5.6,83.15,85.32,2.17
1422,23:42,0.0,0.0,0.0,0.0,0.0,,,,,OK,11.7,11.7,17.8,11.7,0.0,6.1,6.1,83.15,85.32,2.17
1423,23:43,0.0,0.0,0.0,0.0,0.0,,,,,OK,11.7,11.7,17.5,11.7,0.0,5.8,5.8,83.15,85.32,2.17
1424,23:44,0.0,0.0,0.0,0.0,0.0,,,,,OK,11.6,11.6,17.7,11.6,0.0,6.1,6.1,83.15,85.32,2.17
1425,23:45,0.0,0.0,0.0,0.0,0.0,,,,,OK,11.6,11.6,17.5,11.6,0.0,5.9,5.9,83.15,85.32,2.17
1426,23:46,0.0,0.0,0.0,0.0,0.0,,,,,OK,11.6,11.6,17.5,11.6,0.0,5.9,5.9,83.15,85.32,2.17
1427,23:47,0.0,0.0,0.0,0.0,0.0,,,,,OK,11.5,11.5,17.5,11.5,0.0,6.0,6.0,83.15,85.32,2.17
1428,23:48,0.0,0.0,0.0,0.0,0.0,,,,,OK,11.5,11.5,17.5,11.5,0.0,6.0,6.0,83.15,85.32,2.17
1429,23:49,0.0,0.0,0.0,0.0,0.0,,,,,OK,11.4,11.4,17.5,11.4,0.0,6.1,6.1,83.15,85.32,2.17
1430,23:50,0.0,0.0,0.0,0.0,0.0,,,,,OK,11.4,11.4,17.5,11.4,0.0,6.1,6.1,83.15,85.32,2.17
1431,23:51,0.0,0.0,0.0,0.0,0.0,,,,,OK,11.5,11.5,17.5,11.5,0.0,6.0,6.0,83.15,85.32,2.17
1432,23:52,0.0,0.0,0.0,0.0,0.0,,,,,OK,11.5,11.5,17.8,11.5,0.0,6.3,6.3,83.15,85.32,2.17
1433,23:53,0.0,0.0,0.0,0.0,0.0,,,,,OK,11.5,11.5,17.8,11.5,0.0,6.3,6.3,83.15,85.32,2.17
1434,23:54,0.0,0.0,0.0,0.0,0.0,,,,,OK,11.4,11.4,17.6,11.4,0.0,6.2,6.2,83.15,85.32,2.17
1435,23:55,0.0,0.0,0.0,0.0,0.0,,,,,OK,11.5,11.5,17.8,11.5,0.0,6.3,6.3,83.15,85.32,2.17
1436,23:56,0.0,0.0,0.0,0.0,0.0,,,,,OK,11.4,11.4,17.5,11.4,0.0,6.1,6.1,83.15,85.32,2.17
1437,23:57,0.0,0.0,0.0,0.0,0.0,,,,,OK,11.4,11.4,17.3,11.4,0.0,5.9,5.9,83.15,85.32,2.17
1438,23:58,0.0,0.0,0.0,0.0,0.0,,,,,OK,11.4,11.4,17.4,11.4,0.0,6.0,6.0,83.15,85.32,2.17
1439,23:59,0.0,0.0,0.0,0.0,0.0,,,,,OK,11.4,11.4,17.6,11.4,0.0,6.2,6.2,83.15,85.32,2.17
